stock_code,description,median_price,line_count
10002,INFLATABLE POLITICAL GLOBE,0.85,395
10002R,ROBOT PENCIL SHARPNER,5.17,3
10080,GROOVY CACTUS INFLATABLE,0.39,31
10109,BENDY COLOUR PENCILS,0.21,2
10120,DOGGY RUBBER,0.21,78
10123C,HEARTS WRAPPING TAPE,0.65,68
10123G,ARMY CAMO WRAPPING TAPE,0.65,21
10124A,SPOTS ON RED BOOKCOVER TAPE,0.42,20
10124C,UNKNOWN ITEM,0.0,1
10124G,ARMY CAMO BOOKCOVER TAPE,0.42,11
10125,MINI FUNKY DESIGN TAPES,0.85,178
10133,COLOURING PENCILS BROWN TUBE,0.83,300
10134,COLOURING PENCILS BROWN TUBE,1.25,57
10135,COLOURING PENCILS BROWN TUBE,1.25,339
10138,ASSORTED COLOUR JUMBO PEN,0.42,28
11001,ASSTD DESIGN RACING CAR PEN,1.69,274
15002,rex use,0.0,1
15030,FAN BLACK FRAME,0.29,28
15034,PAPER POCKET TRAVELING FAN,0.14,268
15036,ASSORTED COLOURS SILK FAN,0.83,1020
15039,SANDALWOOD FAN,0.85,315
15044A,PINK PAPER PARASOL,2.95,252
15044B,BLUE PAPER PARASOL,2.95,194
15044C,PURPLE PAPER PARASOL,2.95,238
15044D,RED PAPER PARASOL,2.95,234
15056BL,EDWARDIAN PARASOL BLACK,5.95,992
15056N,EDWARDIAN PARASOL NATURAL,5.95,1197
15056P,EDWARDIAN PARASOL PINK,5.95,399
15058A,BLUE POLKADOT GARDEN PARASOL,7.95,157
15058B,PINK POLKADOT GARDEN PARASOL,7.95,162
15058C,ICE CREAM DESIGN GARDEN PARASOL,7.95,125
15059A,ENGLISH ROSE EDWARDIAN PARASOL,13.0,5
15060A,UNKNOWN ITEM,0.0,1
15060B,FAIRY CAKE DESIGN UMBRELLA,3.75,475
16008,SMALL FOLDING SCISSOR(POINTED EDGE),0.12,87
16010,FOLDING CAMPING SCISSOR W/KNIF & S,0.12,6
16011,ANIMAL STICKERS,0.21,115
16012,FOOD/DRINK SPONGE STICKERS,0.21,85
16014,SMALL CHINESE STYLE SCISSOR,0.42,97
16015,MEDIUM CHINESE STYLE SCISSOR,0.5,70
16016,LARGE CHINESE STYLE SCISSOR,0.85,110
16020C,CLEAR STATIONERY BOX SET,0.85,43
16033,MINI HIGHLIGHTER PENS,0.12,57
16043,POP ART PUSH DOWN RUBBER,0.42,17
16044,POP-ART FLUORESCENT PENS,0.03,6
16045,POPART WOODEN PENCILS ASST,0.04,77
16046,TEATIME PEN CASE & PENS,0.85,66
16047,POP ART PEN CASE & PENS,0.85,34
16048,TEATIME ROUND PENCIL SHARPENER,0.12,106
16049,TEATIME GEL PENS ASST,0.42,35
16050,TEATIME PENCIL WITH RUBBER,0.25,9
16051,TEATIME PENCIL W STAMP ASST,0.24,6
16052,TEATIME PUSH DOWN RUBBER,0.42,39
16053,POPART COL BALLPOINT PEN ASST,0.21,13
16054,POPART RECT PENCIL SHARPENER ASST,0.12,40
16065A,UNKNOWN ITEM,0.0,1
16119,FUNKY GIRL ADDRESS BOOK,1.25,9
16131,UNKNOWN ITEM,0.0,1
16132,UNKNOWN ITEM,0.0,1
16151A,FLOWERS HANDBAG blue and orange,1.25,8
16155H,UNKNOWN ITEM,0.0,1
16156A,UNKNOWN ITEM,0.0,1
16156L,"WRAP, CAROUSEL",0.42,36
16156N,"WRAP, FRIENDSHIP ON GREEN",0.42,58
16156S,WRAP PINK FAIRY CAKES,0.42,427
16161C,UNKNOWN ITEM,0.0,5
16161E,WRAP BOUDOIR,0.1,10
16161G,WRAP BAD HAIR DAY,0.1,33
16161M,WRAP  PINK FLOCK,0.42,43
16161N,UNKNOWN ITEM,0.0,1
16161P,WRAP ENGLISH ROSE,0.42,444
16161U,WRAP SUKI AND FRIENDS,0.42,323
16162L,THE KING GIFT BAG,0.65,34
16162M,THE KING GIFT BAG 25x24x12cm,0.42,16
16168M,FUNKY MONKEY GIFT BAG MEDIUM,0.42,105
16168S,FUNKY MONKEY GIFT BAG SMALL,0.29,13
16169A,UNKNOWN ITEM,0.21,2
16169C,WRAP BLUE REINDEER,0.42,44
16169D,WRAP WINTER FOREST,0.42,11
16169E,WRAP 50'S  CHRISTMAS,0.42,153
16169F,WRAP BLIZZARD,0.42,35
16169G,UNKNOWN ITEM,0.21,2
16169H,UNKNOWN ITEM,0.0,1
16169K,WRAP FOLK ART,0.42,62
16169M,WRAP DAISY CARPET,0.42,60
16169N,WRAP BLUE RUSSIAN FOLKART,0.42,58
16169P,WRAP GREEN RUSSIAN FOLKART,0.42,51
16192,PINK BALLET OPENING CUBE BOX,2.15,2
16195,UNKNOWN ITEM,0.0,1
16200A,UNKNOWN ITEM,0.0,1
16201A,PASTEL PINK PHOTO ALBUM,1.95,11
16201B,PASTEL BLUE PHOTO ALBUM,2.69,6
16201C,UNKNOWN ITEM,0.0,1
16202A,PASTEL PINK PHOTO ALBUM,5.55,25
16202B,PASTEL BLUE PHOTO ALBUM,1.95,29
16202C,BEIGE PHOTO ALBUM,1.95,14
16202E,BLACK PHOTO ALBUM,1.95,18
16206B,RED PURSE WITH PINK HEART,1.25,17
16207A,PINK STRAWBERRY HANDBAG,2.95,80
16207B,PINK HEART RED HANDBAG,2.51,49
16210,UNKNOWN ITEM,0.0,1
16212,FUNKY GIRLZ ASST MAGNETIC MEMO PAD,0.65,45
16215,FUNKY GIRLZ MAGNETIC TO DO LIST,0.65,4
16216,LETTER SHAPE PENCIL SHARPENER,0.16,92
16218,CARTOON  PENCIL SHARPENERS,0.16,101
16219,HOUSE SHAPE PENCIL SHARPENER,0.21,130
16222B,UNKNOWN ITEM,0.0,1
16225,RATTLE SNAKE EGGS,1.25,171
16235,RECYCLED PENCIL WITH RABBIT ERASER,0.21,328
16236,KITTY PENCIL ERASERS,0.21,272
16237,SLEEPING CAT ERASERS,0.21,606
16238,PARTY TIME PENCIL ERASERS,0.21,246
16239,BALLERINA HEART DECORATION.,2.95,22
16240,UNKNOWN ITEM,0.0,1
16243A,UNKNOWN ITEM,0.0,1
16243B,BROWN COZY SQUARE PHOTO ALBUM,6.04,8
16244A,MAXWELL 2 TONE PINK 60 PAGE PHOTO A,4.21,29
16244B,MAXWELL 2 TONE BLUE 60 PAGE PHOTO A,4.21,31
16245A,PINK MINI STATIONERY SET W CASE,1.25,9
16245B,UNKNOWN ITEM,0.0,1
16248A,UNKNOWN ITEM,0.0,1
16248B,BLUE HOLE PUNCH,1.25,14
16249B,UNKNOWN ITEM,0.0,1
16254,TRANSPARENT ACRYLIC TAPE DISPENSER,0.85,45
16255,UNKNOWN ITEM,0.0,1
16256B,FLOWER PENCIL/RUBBER+5 MINI PENCILS,0.42,37
16256C,HEARTS PENCIL/RUBBER+5 MINI PENCILS,0.42,13
16258A,SWIRLY CIRCULAR RUBBERS IN BAG,0.42,107
16258B,DAISY ERASERS IN BAG,0.19,17
16259,PIECE OF CAMO STATIONERY SET,0.21,60
17001,HEAVENS SCENT FRAGRANCE OILS ASSTD,0.29,26
17003,BROCADE RING PURSE,0.29,482
17007B,S/3 POT POURI CUSHIONS BLUE COLOURS,2.1,9
17010S,UNKNOWN ITEM,0.0,1
17011A,ORIGAMI VANILLA INCENSE+FLOWER,2.1,13
17011B,ORIGAMI JASMINE INCENSE+FLOWER,0.15,4
17011C,ORIGAMI LAVENDER INCENSE+FLOWER,0.65,3
17011D,ORIGAMI ROSE INCENSE+FLOWER,0.475,6
17011E,ORIGAMI OPIUM SCENT INCENSE+FLOWER,0.325,2
17011F,ORIGAMI SANDLEWOOD INCENSE+FLOWER,2.1,22
17012A,ORIGAMI VANILLA INCENSE/CANDLE SET,2.46,101
17012B,ORIGAMI JASMINE INCENSE/CANDLE SET,2.46,133
17012C,ORIGAMI LAVENDER INCENSE/CANDL SET,2.46,118
17012D,ORIGAMI ROSE INCENSE/CANDLE SET,2.46,118
17012E,ORIGAMI OPIUM INCENSE/CANDLE SET,2.51,35
17012F,ORIGAMI SANDLEWOOD INCENSE/CAND SET,2.46,113
17013A,UNKNOWN ITEM,0.0,1
17013B,ORIGAMI JASMINE INCENSE IN TUBE,0.845,4
17013C,ORIGAMI LAVENDER INCENSE IN TUBE,0.42,5
17013D,ORIGAMI ROSE INCENSE IN TUBE,1.65,35
17013E,UNKNOWN ITEM,0.0,1
17013F,ORIGAMI SANDLEWOOD INCENSE IN TUBE,1.65,7
17014A,ORIGAMI VANILLA INCENSE CONES,0.5,21
17014B,UNKNOWN ITEM,0.0,1
17014C,ORIGAMI LAVENDER INCENSE CONES,0.42,3
17014D,ORIGAMI ROSE INCENSE CONES,1.65,10
17014E,ORIGAMI OPIUM INCENSE CONES,1.65,7
17014F,ORIGAMI SANDLEWOOD INCENSE CONES,0.3,7
17017,UNKNOWN ITEM,0.0,1
17021,NAMASTE SWAGAT INCENSE,0.3,89
17027A,INCENSE BAZAAR CANNABIS,0.145,4
17028J,INCENSE BAZAAR PEACH,0.42,1
17033,"BROCADE PURSE,SMALL ARCH BUTTON",0.29,73
17038,PORCELAIN BUDAH INCENSE HOLDER,0.1,57
17039,INLAID WOOD INCENSE HOLDER,0.29,44
17061,ASSORTED SHAPED STENCIL FOR HENNA,0.02,2
17084A,TRANQUILITY MASALA INCENSE,0.21,19
17084F,UNKNOWN ITEM,0.0,1
17084G,MOON INCENSE,0.21,3
17084J,LOVE POTION MASALA INCENSE,0.21,22
17084N,FAIRY DREAMS INCENSE,0.42,191
17084P,DRAGONS BLOOD INCENSE,0.42,72
17084R,ASSORTED INCENSE PACK,0.21,67
17090A,LAVENDER INCENSE 40 CONES IN TIN,1.25,28
17090D,VANILLA INCENSE 40 CONES IN TIN,1.25,33
17091A,LAVENDER INCENSE IN TIN,1.25,122
17091B,JASMINE TEA INCENSE IN TIN,1.25,52
17091F,SANDALWOOD INCENSE IN TIN,1.25,9
17091J,VANILLA INCENSE IN TIN,0.38,189
17096,ASSORTED LAQUERED INCENSE HOLDERS,0.42,79
17107D,"FLOWER FAIRY,5 SUMMER B'DRAW LINERS",2.55,92
17108D,FLOWER FAIRY SUMMER BOUQUET SACHET,0.42,25
17109A,FLOWER FAIRY INCENSE LILY,1.69,15
17109B,FLOWER FAIRY INCENSE LAVENDER,1.69,19
17109C,FLOWER FAIRY INCENSE ROSE,1.69,18
17109D,FLOWER FAIRY INCENSE BOUQUET,1.69,43
17120,UNKNOWN ITEM,0.0,1
17129C,SKY BLUE COLOUR GLASS GEMS IN BAG,0.85,14
17129D,CLEAR COLOUR GLASS GEMS IN BAG,0.85,44
17129F,BLUE GLASS GEMS IN BAG,1.63,153
17136A,BLUE STONES ON WIRE FOR CANDLE,0.08,35
17160,UNKNOWN ITEM,0.0,1
17164B,ASS COL SMALL SAND GECKO P'WEIGHT,0.42,86
17164D,ASS COL SMALL SAND FROG P'WEIGHT,0.42,33
17165B,ASS COL LARGE SAND GECKO P'WEIGHT,1.05,66
17165D,ASS COL LARGE SAND FROG P'WEIGHT,1.05,100
17174,ASSTD RASTA KEY-CHAINS,0.42,7
17178,FLAT PALM T-LIGHT HOLDER,1.25,26
17181,CIRCLE OF FRIENDS CANDLE HOLDER,5.06,69
17191A,ROSE FLOWER CANDLE+INCENSE 16X16CM,3.75,12
18007,ESSENTIAL BALM 3.5g TIN IN ENVELOPE,0.18,80
18010,ASSORTED FRAGRANCE BATH CONFETTI,0.42,11
18033,UNKNOWN ITEM,0.0,1
18094A,UNKNOWN ITEM,0.0,1
18094C,WHITE AND BLUE CERAMIC OIL BURNER,2.46,102
18096B,UNKNOWN ITEM,0.0,1
18096C,WHITE ROUND PORCELAIN TLIGHT HOLDER,2.55,30
18097A,PINK TALL PORCELAIN T-LIGHT HOLDER,2.55,14
18097B,BLUE TALL PORCELAIN T-LIGHT HOLDER,2.55,7
18097C,WHITE TALL PORCELAIN T-LIGHT HOLDER,2.55,221
18098A,PINK PORCELAIN B'FLY OIL BURNER,2.95,3
18098B,BLUE PORCELAIN B'FLY OIL BURNER,2.95,4
18098C,PORCELAIN BUTTERFLY OIL BURNER,2.95,402
20615,BLUE POLKADOT PASSPORT COVER,2.1,207
20616,CHERRY BLOSSOM PASSPORT COVER,1.66,124
20617,FIRST CLASS PASSPORT COVER,2.1,107
20618,QUEEN OF THE SKIES PASSPORT COVER,2.1,139
20619,TROPICAL PASSPORT COVER,2.1,197
20620,RED SPOTTY PASSPORT COVER,4.21,16
20621,ECONOMY PASSPORT COVER,2.1,35
20622,VIPPASSPORT COVER,2.1,132
20652,BLUE POLKADOT LUGGAGE TAG,1.25,180
20653,CHERRY BLOSSOM LUGGAGE TAG,1.25,84
20654,FIRST CLASS LUGGAGE TAG,1.25,121
20655,QUEEN OF SKIES LUGGAGE TAG,1.25,197
20657,TROPICAL LUGGAGE TAG,1.25,122
20658,RED SPOTTY LUGGAGE TAG,1.25,372
20659,ECONOMY LUGGAGE TAG,1.25,142
20660,VIP LUGGAGE TAG,1.25,29
20661,BLUE SPOTTY PURSE,2.51,129
20662,FIRST CLASS HOLIDAY PURSE,2.51,52
20663,QUEEN OF THE SKIES HOLIDAY PURSE,2.51,49
20664,TROPICAL HOLIDAY PURSE,2.705,32
20665,RED RETROSPOT PURSE,2.95,370
20666,ECONOMY HOLIDAY PURSE,2.51,49
20667,CHERRY BLOSSOM PURSE,2.46,24
20668,DISCO BALL CHRISTMAS DECORATION,0.12,395
20669,RED HEART LUGGAGE TAG,1.25,229
20670,VIP HOLIDAY PURSE,2.51,52
20671,BLUE TEATIME PRINT BOWL,1.25,147
20672,PINK TEATIME PRINT BOWL,1.25,39
20673,STRAWBERRIES PRINT BOWL,1.25,3
20674,GREEN POLKADOT BOWL,1.25,475
20675,BLUE POLKADOT BOWL,1.25,715
20676,RED RETROSPOT BOWL,1.25,1001
20677,PINK POLKADOT BOWL,1.25,783
20678,LARGE BLACK DIAMANTE HAIRSLIDE,1.65,1
20679,EDWARDIAN PARASOL RED,5.95,747
20680,PINK FLOWERS CHILDS UMBRELLA,3.25,6
20681,PINK SPOTTY CHILDS UMBRELLA,3.25,370
20682,RED RETROSPOT CHILDRENS UMBRELLA,3.25,630
20683,UNKNOWN ITEM,0.0,3
20684,STRAWBERRY DREAM CHILDS UMBRELLA,3.25,190
20685,DOORMAT RED RETROSPOT,7.95,1782
20686,DOLLY MIXTURE CHILDREN'S UMBRELLA,3.25,199
20688,BEAUTY SPEED EXPRESSO CUPS,5.95,13
20689,RETRO SISTERS EXPRESSO CUPS,5.95,44
20690,UNKNOWN ITEM,0.0,1
20691,UNKNOWN ITEM,0.0,1
20692,FLORAL ELEPHANT SOFT TOY,4.25,145
20693,FLORAL DINOSAUR GREEN,4.25,21
20694,FLORAL PINK MONSTER,3.75,57
20695,FLORAL BLUE MONSTER,4.25,65
20696,FLORAL SOFT CAR TOY,3.75,62
20697,LITTLE GREEN MONSTER SOFT TOY,2.55,23
20698,LITTLE PINK MONSTER SOFT TOY,2.55,23
20699,MOUSEY LONG LEGS SOFT TOY,2.55,95
20700,GREEN CAT FLORAL CUSHION COVER,4.13,107
20701,PINK CAT FLORAL CUSHION COVER,4.13,52
20702,PINK PADDED MOBILE,4.25,257
20703,BLUE PADDED SOFT MOBILE,4.25,186
20704,MR ROBOT SOFT TOY,6.95,81
20705,MRS ROBOT SOFT TOY,6.95,54
20707,CRAZY DAISY HEART DECORATION,0.83,205
20710,UNKNOWN ITEM,0.0,1
20711,JUMBO BAG TOYS,1.95,1081
20712,JUMBO BAG WOODLAND ANIMALS,2.08,1465
20713,JUMBO BAG OWLS,1.95,1376
20714,POSY SHOPPER BAG,0.87,30
20715,LITTLE FLOWER SHOPPER BAG,1.06,3
20716,PARTY FOOD SHOPPER BAG,1.25,257
20717,STRAWBERRY SHOPPER BAG,1.25,782
20718,RED RETROSPOT SHOPPER BAG,1.25,1238
20719,WOODLAND CHARLOTTE BAG,0.85,1625
20720,UNKNOWN ITEM,0.0,1
20721,OWLS CHARLOTTE BAG,0.425,2
20723,STRAWBERRY CHARLOTTE BAG,0.85,1431
20724,RED RETROSPOT CHARLOTTE BAG,0.85,2126
20725,LUNCH BAG RED RETROSPOT,1.65,3220
20726,LUNCH BAG WOODLAND,1.65,2024
20727,LUNCH BAG  BLACK SKULL.,1.65,2485
20728,LUNCH BAG CARS BLUE,1.65,2162
20729,RED SPOTTY CANDY BAG,1.25,126
20730,STRAWBERRY CANDY BAG,0.87,106
20731,POSY CANDY BAG,1.25,80
20733,GOLD MINI TAPE MEASURE,0.85,307
20734,SILVER MINI TAPE MEASURE,0.85,128
20735,BLACK MINI TAPE MEASURE,0.85,216
20736,PINK MINI TAPE MEASURE,0.85,21
20737,RED MINI TAPE MEASURE,0.85,2
20738,GREEN MINI TAPE MEASURE,0.85,76
20739,*USB Office Glitter Lamp,8.65,1
20743,UNKNOWN ITEM,0.0,1
20747,PICCADILLY TEA SET,14.95,117
20748,KENSINGTON COFFEE SET,12.75,190
20749,ASSORTED COLOUR MINI CASES,7.95,803
20750,RED RETROSPOT MINI CASES,7.95,946
20751,FUNKY WASHING UP GLOVES ASSORTED,2.1,513
20752,BLUE POLKADOT WASHING UP GLOVES,2.1,375
20753,RETRO PINK SPOT WASHING UP GLOVES,2.1,59
20754,RETROSPOT RED WASHING UP GLOVES,2.1,888
20755,BLUE PAISLEY POCKET BOOK,0.85,127
20756,GREEN FERN POCKET BOOK,0.85,66
20757,RED DAISY POCKET BOOK,0.85,84
20758,ABSTRACT CIRCLES POCKET BOOK,0.85,102
20759,CHRYSANTHEMUM POCKET BOOK,0.85,67
20760,GARDEN PATH POCKET BOOK,0.85,87
20761,BLUE PAISLEY SKETCHBOOK,3.75,153
20762,GREEN FERN SKETCHBOOK,3.75,143
20763,DAISY SKETCHBOOK,3.75,77
20764,ABSTRACT CIRCLES SKETCHBOOK,3.75,200
20765,CHRYSANTHEMUM SKETCHBOOK,3.75,154
20766,GARDEN PATH SKETCHBOOK,3.75,163
20767,BLUE PAISLEY JOURNAL,2.55,183
20768,GREEN FERN JOURNAL,2.55,151
20769,DAISY JOURNAL,2.55,82
20770,ABSTRACT CIRCLE JOURNAL,2.55,211
20771,CHRYSANTHEMUM  JOURNAL,2.55,143
20772,GARDEN PATH JOURNAL,2.55,169
20773,BLUE PAISLEY NOTEBOOK,1.65,130
20774,GREEN FERN NOTEBOOK,1.65,131
20775,DAISY NOTEBOOK,1.65,119
20776,ABSTRACT CIRCLES NOTEBOOK,1.65,87
20777,CHRYSANTHEMUM NOTEBOOK,1.65,178
20778,GARDEN PATH NOTEBOOK,1.65,98
20779,PINK EAR MUFF HEADPHONES,5.07,2
20780,BLACK EAR MUFF HEADPHONES,5.49,106
20781,GOLD EAR MUFF HEADPHONES,5.49,66
20782,CAMOUFLAGE EAR MUFF HEADPHONES,5.49,92
20783,HEART EAR MUFF HEADPHONES,5.49,61
20784,RED RETRO BAR STOOL,34.0,42
20785,FUSCHIA RETRO BAR STOOL,34.0,41
20786,BLACK RETRO BAR STOOL,34.0,38
20787,BLUE RETRO BAR STOOL,34.0,38
20791,BLUE TILED SET OF 3 DRAWERS,6.375,4
20793,BLUE TILED TRAY,6.75,25
20794,BLUE  TILE HOOK,2.55,54
20795,LARGE BLUE PROVENCAL CERAMIC BALL,2.1,32
20796,SMALL BLUE PROVENCAL CERAMIC BALL,1.65,22
20798,CLEAR MILKSHAKE GLASS,2.1,106
20799,PINK MILKSHAKE GLASS,2.1,31
20800,LARGE GLASS SUNDAE DISH CLEAR,3.8049999999999997,6
20801,LARGE PINK GLASS SUNDAE DISH,2.46,119
20802,SMALL GLASS SUNDAE DISH CLEAR,1.65,123
20803,SMALL PINK GLASS SUNDAE DISH,1.65,90
20804,GLASS CHICKEN BUTTER DISH,3.36,65
20812,EMBOSSED FLOWER TRELLIS PHOTO FRAME,2.55,4
20814,SILVER FINCH DECORATION,1.25,16
20816,GOLD FLOWER CUSHION COVER,6.75,9
20818,GOLD TEDDY BEAR,3.75,31
20819,SILVER TEDDY BEAR,3.75,66
20820,SILVER LOOKING MIRROR,4.95,11
20821,GOLDIE LOOKING MIRROR,4.95,31
20822,SILVER WINE GOBLET,4.65,3
20823,GOLD WINE GOBLET,4.25,21
20824,UNKNOWN ITEM,0.0,1
20825,GOLD WINE GLASS,3.75,11
20826,SILVER APERITIF GLASS,1.04,16
20827,GOLD APERITIF GLASS,1.905,10
20828,GLITTER BUTTERFLY CLIPS,2.55,641
20829,GLITTER HANGING BUTTERFLY STRING,2.1,515
20830,SILVER PHOTO FRAME,2.1,88
20831,GOLD PHOTO FRAME,2.1,81
20832,RED FLOCK LOVE HEART PHOTO FRAME,0.85,168
20833,SHAKER THROW  QUILTED,12.75,7
20835,FRENCH LATTICE CUSHION COVER,0.83,11
20836,FRENCH PAISLEY CUSHION COVER,0.83,24
20837,FRENCH FLORAL CUSHION COVER,0.83,18
20838,FRENCH LATTICE CUSHION COVER,0.85,64
20839,FRENCH PAISLEY CUSHION COVER,2.95,122
20840,FRENCH FLORAL CUSHION COVER,1.7,99
20844,UNKNOWN ITEM,0.0,1
20845,ZINC HEART LATTICE 2 WALL PLANTER,6.35,26
20846,ZINC HEART LATTICE T-LIGHT HOLDER,1.25,177
20847,ZINC HEART LATTICE CHARGER LARGE,3.75,29
20848,ZINC HEART LATTICE CHARGER SMALL,2.95,13
20849,ZINC HEART LATTICE DOUBLE PLANTER,3.75,28
20850,ZINC HEART LATTICE PLANTER BOWL,2.95,24
20851,ZINC HEART LATTICE TRAY OVAL,5.95,32
20852,given away,0.0,5
20854,BLUE PATCH PURSE PINK HEART,1.65,118
20855,PINK PATCH PURSE BLUE HEART,1.65,50
20856,DENIM PATCH PURSE PINK BUTTERFLY,1.65,130
20857,BLUE ROSE PATCH PURSE PINK BUTTERFL,1.65,82
20858,SILVER PURSE GOLD PINK BUTTERFLY,0.825,2
20859,UNKNOWN ITEM,0.0,1
20860,GOLD COSMETICS BAG WITH BUTTERFLY,2.1,14
20861,GOLD COSMETIC BAG PINK STAR,2.1,20
20862,PINK PATCH PENCIL CASE BLUE HEART,2.1,40
20863,BLUE PATCH PENCIL CASE PINK HEART,2.1,54
20864,DENIM PATCH PENCIL CASE BUTTERFLY,2.1,33
20865,PATCHWORK PENCIL CASE BUTTERFLY,2.1,36
20866,BLUE ROSE FABRIC MIRROR,1.25,197
20867,PINK ROSE FABRIC MIRROR,1.25,161
20868,SILVER FABRIC MIRROR,0.85,71
20869,GOLD FABRIC MIRROR,0.85,54
20870,OPULENT VELVET CANDLE IN BOX,2.1,10
20871,OPULENT VELVET SET/3 CANDLES,2.1,132
20877,MODERN CHRISTMAS BAUBLE CANDLE,0.42,6
20878,SET/9 CHRISTMAS T-LIGHTS SCENTED,1.25,97
20879,TREE OF NOAH FESTIVE SCENTED CANDLE,0.65,16
20880,UNKNOWN ITEM,0.0,1
20881,MODERN CHRISTMAS TREE CANDLE,0.85,3
20882,MODERN CHRISTMAS TREE CANDLE,2.95,3
20883,UNKNOWN ITEM,0.0,1
20884,MODERN CHRISTMAS TREE CANDLE,2.1,5
20885,BOX OF 3 PEBBLE CANDLES,2.95,3
20886,BOX OF 9 PEBBLE CANDLES,1.95,323
20887,BOX OF 6 PEBBLE CANDLES,3.45,10
20888,SET 3 JARDIN DE FEMME SCENT CANDLES,3.75,20
20889,JARDIN DE FEMME SCENTED CANDLE,2.95,14
20890,SMALL GLASS ROSE SCENTED CANDLE,0.3,5
20891,LARGE GLASS ROSE SCENTED CANDLE,4.125,4
20892,SET/3 TALL GLASS CANDLE HOLDER PINK,12.75,51
20893,HANGING BAUBLE T-LIGHT HOLDER SMALL,2.55,87
20894,HANGING BAUBLE T-LIGHT HOLDER LARGE,2.95,85
20895,VINTAGE NOTEBOOK FRENCH LETTER,2.95,5
20896,VINTAGE NOTEBOOK PINK FLOWER,2.95,17
20897,VINTAGE NOTEBOOK PARIS DAYS,2.95,82
20898,VINTAGE NOTEBOOK TRAVELOGUE,2.95,58
20899,VINTAGE NOTEBOOK RED ROSE,2.95,15
20900,UNKNOWN ITEM,0.0,1
20901,VINTAGE KEEPSAKE BOX PINK FLOWER,12.72,68
20902,VINTAGE KEEPSAKE BOX PARIS DAYS,12.72,122
20903,VINTAGE KEEPSAKE BOX TRAVELOGUE,6.35,89
20904,UNKNOWN ITEM,0.0,1
20905,VINTAGE KEEPSAKE BOX BEAUTY GIRL,6.35,5
20906,VINTAGE NOTEBOOK BEAUTY GIRL,2.95,51
20910,VINTAGE PHOTO ALBUM PARIS DAYS,6.35,50
20911,UNKNOWN ITEM,0.0,1
20913,SET/5 BLUE SPOTTY LID GLASS BOWLS,2.95,46
20914,SET/5 RED RETROSPOT LID GLASS BOWLS,2.95,2187
20931,BLUE POT PLANT CANDLE,3.75,169
20932,PINK POT PLANT CANDLE,3.75,87
20933,YELLOW POT PLANT CANDLE,3.75,55
20934,SET/3 POT PLANT CANDLES,5.45,86
20935,ROUND CACTUS CANDLE,2.95,49
20936,FORKED CACTUS CANDLE,2.95,82
20937,UNKNOWN ITEM,0.0,1
20938,UNKNOWN ITEM,0.0,1
20939,ORANGE CANDLE,0.425,2
20940,SET/6 GARDEN GNOME T-LIGHT CANDLES,2.95,26
20941,FROG CANDLE,1.25,134
20942,SET/6 GINGERBREAD TREE T-LIGHTS,1.25,6
20943,SET/6 GINGERBREAD STAR T-LIGHTS,1.25,74
20944,UNKNOWN ITEM,0.0,1
20946,UNKNOWN ITEM,0.0,1
20950,SET/6  ANGEL T-LIGHTS WHITE/GOLD,0.42,87
20951,UNKNOWN ITEM,0.0,1
20952,PORCELAIN CHERUB BELL SMALL,0.42,29
20953,PORCELAIN CHERUB BELL LARGE,1.65,10
20954,*USB Office Mirror Ball,8.47,5
20955,UNKNOWN ITEM,0.0,1
20956,PORCELAIN T-LIGHT HOLDERS ASSORTED,1.25,263
20957,PORCELAIN HANGING BELL SMALL,1.45,18
20958,PORCELAIN HANGING BELL LARGE,1.95,12
20959,UNKNOWN ITEM,0.0,1
20960,WATERMELON BATH SPONGE,1.25,224
20961,STRAWBERRY BATH SPONGE,1.25,540
20963,APPLE BATH SPONGE,1.25,541
20964,POLYESTER FILLER PAD 60x40cm,2.55,7
20965,UNKNOWN ITEM,0.0,1
20966,SANDWICH BATH SPONGE,1.25,457
20967,GREY FLORAL FELTCRAFT SHOULDER BAG,3.75,328
20968,GREEN FLORAL FELTCRAFT SHOULDER BAG,3.75,22
20969,RED FLORAL FELTCRAFT SHOULDER BAG,3.75,639
20970,PINK FLORAL FELTCRAFT SHOULDER BAG,3.75,601
20971,PINK BLUE FELT CRAFT TRINKET BOX,1.25,1205
20972,PINK CREAM FELT CRAFT TRINKET BOX,1.25,1456
20973,12 PENCIL SMALL TUBE WOODLAND,0.65,710
20974,12 PENCILS SMALL TUBE SKULL,0.65,886
20975,12 PENCILS SMALL TUBE RED RETROSPOT,0.65,982
20976,12 PENCILS SMALL TUBE POSY,0.65,79
20977,36 PENCILS TUBE WOODLAND,1.25,502
20978,36 PENCILS TUBE SKULLS,1.25,577
20979,36 PENCILS TUBE RED RETROSPOT,1.25,745
20980,36 PENCILS TUBE POSY,1.25,63
20981,12 PENCILS TALL TUBE WOODLAND,0.85,534
20982,12 PENCILS TALL TUBE SKULLS,0.85,602
20983,12 PENCILS TALL TUBE RED RETROSPOT,0.85,668
20984,12 PENCILS TALL TUBE POSY,0.29,260
20985,HEART CALCULATOR,1.25,311
20986,BLUE CALCULATOR RULER,1.25,215
20987,GEISHA GIRL CHOPSTICKS SET/5,1.95,24
20988,TRELLIS FLOWER CHOPSTICKS SET/5,1.95,10
20989,URBAN CHIC CHOPSTICKS SET/5,1.95,61
20990,SPRING FLOWER CHOPSTICKS SET/5,1.95,109
20991,JAZZ HEARTS MAGNETIC MEMO PAD,0.65,33
20992,JAZZ HEARTS PURSE NOTEBOOK,0.83,459
20993,JAZZ HEARTS MEMO PAD,0.85,33
20994,JAZZ HEARTS SPIRAL NOTEPAD,0.85,13
20995,UNKNOWN ITEM,0.0,1
20996,JAZZ HEARTS ADDRESS BOOK,0.42,343
20997,ROSE DU SUD CUSHION COVER,4.21,83
20998,ROSE DU SUD OVEN GLOVE,2.95,133
21000,ROSE DU SUD COSMETICS BAG,3.36,100
21001,ROSE DU SUD WASHBAG,4.21,95
21002,ROSE DU SUD DRAWSTRING BAG,3.36,190
21003,ROSE DU SUD CUSHION COVER,5.79,64
21004,ROSE DU SUD CHILDS APRON,4.25,73
21005,UNKNOWN ITEM,0.0,1
21007,ETCHED GLASS DROPLET DECORATION,0.38,50
21008,ETCHED GLASS HEART TREE DECORATION,1.255,2
21009,ETCHED GLASS STAR TREE DECORATION,1.25,111
21010,ETCHED GLASS BIRD TREE DECORATION,1.25,88
21011,GLITTER SNOW PEAR TREE DECORATION,1.45,131
21012,ANTIQUE ALL GLASS CANDLESTICK,2.46,314
21014,SWISS CHALET TREE DECORATION,0.85,207
21015,DARK BIRD HOUSE TREE DECORATION,0.83,195
21016,LIGHT BIRD HOUSE TREE DECORATION,0.85,91
21017,RED BIRD HOUSE TREE DECORATION,1.28,89
21018,BIRD BOX CHRISTMAS TREE DECORATION,0.85,51
21019,UNKNOWN ITEM,0.0,1
21020,UNKNOWN ITEM,0.0,1
21021,UNKNOWN ITEM,0.0,1
21022,UNKNOWN ITEM,0.0,1
21023,UNKNOWN ITEM,0.0,1
21024,UNKNOWN ITEM,0.0,1
21025,SPACE FROG,1.25,84
21026,SPACE OWL,1.25,129
21027,NINJA RABBIT PINK,1.25,86
21028,NINJA RABBIT BLACK,1.25,93
21029,UNKNOWN ITEM,0.0,1
21030,SPACE CADET RED,1.25,53
21031,SPACE CADET BLACK,1.25,42
21032,SPACE CADET WHITE,1.25,52
21033,JUMBO BAG CHARLIE AND LOLA TOYS,2.95,591
21034,REX CASH+CARRY JUMBO SHOPPER,0.95,2052
21035,SET/2 RED RETROSPOT TEA TOWELS,3.25,964
21036,SET/2 TEA TOWELS MODERN VINTAGE,1.275,2
21038,SET/4 MODERN VINTAGE COTTON NAPKINS,2.95,57
21039,RED RETROSPOT SHOPPING BAG,2.55,237
21040,MODERN VINTAGE COTTON SHOPPING BAG,2.55,74
21041,RED RETROSPOT OVEN GLOVE DOUBLE,2.95,561
21042,RED RETROSPOT APRON,5.95,425
21043,APRON MODERN VINTAGE COTTON,4.13,144
21047,UNKNOWN ITEM,0.0,1
21048,UNKNOWN ITEM,0.0,1
21051,RIBBONS PURSE,2.1,137
21052,UNKNOWN ITEM,0.0,1
21053,UNKNOWN ITEM,2.125,2
21054,NURSE'S BAG SOFT TOY,8.95,190
21055,TOOL BOX SOFT TOY,8.95,233
21056,DOCTOR'S BAG SOFT TOY,8.95,202
21057,UNKNOWN ITEM,0.0,1
21058,PARTY INVITES WOODLAND,0.85,283
21059,PARTY INVITES DINOSAURS,0.85,226
21060,PARTY INVITES BALLOON GIRL,0.85,152
21061,PARTY INVITES FOOTBALL,0.85,169
21062,PARTY INVITES SPACEMAN,0.85,139
21063,PARTY INVITES JAZZ HEARTS,0.85,242
21064,BOOM BOX SPEAKER BOYS,5.95,184
21065,BOOM BOX SPEAKER GIRLS,4.21,126
21066,VINTAGE RED MUG,1.25,135
21067,VINTAGE RED TEATIME MUG,1.25,281
21068,VINTAGE BILLBOARD LOVE/HATE MUG,1.25,406
21069,VINTAGE BILLBOARD TEA MUG,1.25,297
21070,VINTAGE BILLBOARD MUG,1.25,238
21071,VINTAGE BILLBOARD DRINK ME MUG,1.25,513
21076,SET/20 COLLAGE PAPER NAPKIN,0.85,96
21077,SET/20 WOODLAND PAPER NAPKINS,0.85,197
21078,SET/20 STRAWBERRY PAPER NAPKINS,0.85,764
21080,SET/20 RED RETROSPOT PAPER NAPKINS,0.85,2209
21081,SET/20 POSIES PAPER NAPKINS,0.85,5
21082,SET/20 FRUIT SALAD PAPER NAPKINS,0.85,170
21083,UNKNOWN ITEM,0.0,1
21084,SET/6 COLLAGE PAPER CUPS,0.65,228
21085,SET/6 WOODLAND PAPER CUPS,0.65,70
21086,SET/6 RED SPOTTY PAPER CUPS,0.65,875
21087,SET/6 POSIES PAPER CUPS,0.65,35
21088,SET/6 FRUIT SALAD PAPER CUPS,0.19,139
21089,SET/6 GREEN SPRING PAPER CUPS,0.19,42
21090,SET/6 COLLAGE PAPER PLATES,0.83,284
21091,SET/6 WOODLAND PAPER PLATES,0.85,49
21092,SET/6 STRAWBERRY PAPER PLATES,0.85,31
21094,SET/6 RED SPOTTY PAPER PLATES,0.85,1011
21095,SET/6 POSIES PAPER PLATES,0.85,45
21096,SET/6 FRUIT SALAD  PAPER PLATES,0.83,144
21097,SET/6 GREEN SPRING  PAPER PLATE,0.85,9
21098,CHRISTMAS TOILET ROLL,1.25,666
21099,SET/6 STRAWBERRY PAPER CUPS,0.65,38
21100,CHARLIE AND LOLA CHARLOTTE BAG,1.65,282
21102,"CANDLE IN JAR COLLAGE , VANILLA",2.55,22
21104,UNKNOWN ITEM,0.0,1
21106,CREAM SLICE FLANNEL CHOCOLATE SPOT,2.95,175
21107,CREAM SLICE FLANNEL PINK SPOT,2.95,330
21108,FAIRY CAKE FLANNEL ASSORTED COLOUR,2.55,638
21109,"LARGE CAKE TOWEL, CHOCOLATE SPOTS",6.75,235
21110,LARGE CAKE TOWEL PINK SPOTS,6.75,344
21111,"SWISS ROLL TOWEL, CHOCOLATE  SPOTS",2.95,227
21112,"SWISS ROLL TOWEL, PINK  SPOTS",2.95,199
21113,UNKNOWN ITEM,0.0,1
21114,LAVENDER SCENTED FABRIC HEART,1.25,519
21115,ROSE CARAVAN DOORSTOP,6.75,441
21116,OWL DOORSTOP,8.29,568
21117,BLOND DOLL DOORSTOP,1.25,26
21118,SHOPPING BAG DOORSTOP,1.25,8
21119,Glow In The Dark Shot Glasses,13.57,4
21120,*Boombox Ipod Classic,16.98,3
21121,SET/10 RED POLKADOT PARTY CANDLES,1.25,906
21122,SET/10 PINK POLKADOT PARTY CANDLES,1.25,834
21123,SET/10 IVORY POLKADOT PARTY CANDLES,1.25,261
21124,SET/10 BLUE SPOTTY PARTY CANDLES,1.25,651
21125,SET 6 FOOTBALL CELEBRATION CANDLES,1.25,262
21126,SET OF 6 GIRLS CELEBRATION CANDLES,1.25,294
21127,COLOURFUL FISHING GNOME,5.95,52
21128,GOLD FISHING GNOME,12.46,59
21129,SILVER FISHING GNOME,6.95,63
21130,COLOURFUL STANDING GNOME,3.45,51
21131,GOLD STANDING GNOME,4.25,50
21132,SILVER STANDING GNOME,4.25,48
21133,PAINTED BIRD ASSORTED CHRISTMAS,1.69,46
21134,VICTORIAN METAL POSTCARD CHRISTMAS,1.65,53
21135,VICTORIAN  METAL POSTCARD SPRING,1.69,431
21136,PAINTED METAL PEARS ASSORTED,1.69,767
21137,BLACK RECORD COVER FRAME,3.75,657
21143,ANTIQUE GLASS HEART DECORATION,1.95,213
21144,PINK POODLE HANGING DECORATION,0.38,64
21145,ANTIQUE GLASS PLACE SETTING,1.25,54
21146,ANTIQUE GLASS RIDGED HANGING BALL,1.95,61
21147,JINGLE BELLS TREE DECORATION,2.1,132
21148,UNKNOWN ITEM,0.0,1
21153,RED SPOTTY TABLECLOTH,10.65,143
21154,RED RETROSPOT OVEN GLOVE,1.25,957
21155,RED RETROSPOT PEG BAG,2.55,1014
21156,RETROSPOT CHILDRENS APRON,1.95,975
21157,RED SPOTTY WASHBAG,2.1,187
21158,MOODY GIRL DOOR HANGER,1.45,331
21159,MOODY BOY  DOOR HANGER,1.45,256
21160,KEEP OUT GIRLS DOOR HANGER,1.45,63
21161,KEEP OUT BOYS DOOR HANGER,1.45,223
21162,TOXIC AREA  DOOR HANGER,1.45,291
21163,DO NOT TOUCH MY STUFF DOOR HANGER,1.45,274
21164,HOME SWEET HOME METAL SIGN,2.95,741
21165,BEWARE OF THE CAT METAL SIGN,1.69,1015
21166,COOK WITH WINE METAL SIGN,1.95,1487
21167,WHITE SAGE INCENSE,0.42,119
21169,YOU'RE CONFUSING ME METAL SIGN,1.69,821
21170,UNKNOWN ITEM,0.0,1
21171,BATHROOM METAL SIGN,1.45,265
21172,PARTY METAL SIGN,1.45,1005
21173,LOO ROLL  METAL SIGN,1.65,81
21174,POTTERING IN THE SHED METAL SIGN,2.08,1175
21175,GIN + TONIC DIET METAL SIGN,2.1,1715
21176,UNKNOWN ITEM,0.0,1
21177,UNKNOWN ITEM,0.0,1
21179,NO JUNK MAIL METAL SIGN,1.25,523
21181,PLEASE ONE PERSON METAL SIGN,2.1,1900
21182,UNKNOWN ITEM,0.0,1
21183,UNKNOWN ITEM,0.0,1
21185,HOME SWEET HOME  BLACKBOARD,6.35,49
21186,WHITE DOVE HONEYCOMB PAPER GARLAND,1.65,379
21187,WHITE BELL HONEYCOMB PAPER GARLAND,1.65,159
21188,3D HEARTS  HONEYCOMB PAPER GARLAND,2.95,137
21189,WHITE HONEYCOMB PAPER GARLAND,2.4699999999999998,130
21190,PINK HEARTS PAPER GARLAND,1.65,122
21191,LARGE WHITE HONEYCOMB PAPER BELL,2.1,215
21192,WHITE BELL HONEYCOMB PAPER,1.65,244
21193,WHITE HONEYCOMB PAPER FAN,2.1,25
21194,PINK  HONEYCOMB PAPER FAN,2.1,100
21195,PINK  HONEYCOMB PAPER BALL,2.1,158
21196,ROUND WHITE CONFETTI IN TUBE,1.65,23
21197,MULTICOLOUR  CONFETTI IN TUBE,1.65,49
21198,WHITE HEART CONFETTI IN TUBE,1.65,122
21199,PINK  HEART CONFETTI IN TUBE,1.65,151
21200,MULTICOLOUR HONEYCOMB PAPER GARLAND,1.65,129
21201,TROPICAL  HONEYCOMB PAPER GARLAND,2.55,248
21202,DOLLY HONEYCOMB GARLAND,1.65,70
21203,BUTTERFLIES  HONEYCOMB GARLAND,1.65,151
21204,DAISIES  HONEYCOMB GARLAND,1.65,210
21205,MULTICOLOUR 3D BALLS GARLAND,2.55,157
21206,STRAWBERRY HONEYCOMB  GARLAND,1.65,246
21207,SKULL AND CROSSBONES  GARLAND,1.65,290
21208,PASTEL COLOUR HONEYCOMB FAN,1.65,129
21209,MULTICOLOUR HONEYCOMB FAN,1.65,145
21210,SET OF 72 RETROSPOT PAPER  DOILIES,1.45,1197
21211,SET OF 72 SKULL PAPER  DOILIES,1.45,242
21212,PACK OF 72 RETROSPOT CAKE CASES,0.55,3267
21213,PACK OF 72 SKULL CAKE CASES,0.55,1529
21214,SET OF 72 IVORY PAPER DOILIES,1.45,206
21215,IVORY PAPER CUP CAKE CASES,0.55,300
21216,"SET 3 RETROSPOT TEA,COFFEE,SUGAR",4.95,844
21217,RED RETROSPOT ROUND CAKE TINS,9.95,989
21218,RED SPOTTY BISCUIT TIN,3.75,949
21219,SET/4 BADGES BALLOON GIRL,1.25,184
21220,SET/4 BADGES DOGS,1.25,163
21221,SET/4 BADGES CUTE CREATURES,1.25,111
21222,SET/4 BADGES BEETLES,1.25,136
21223,SET/4 BADGES WOODLAND ANIMAL,1.25,45
21224,SET/4 SKULL BADGES,1.25,327
21225,POCKET MIRROR BUTTERFLY,1.25,3
21226,POCKET MIRROR WOODLAND,1.25,40
21227,UNKNOWN ITEM,0.0,1
21228,"POCKET MIRROR ""GLAMOROUS""",1.25,34
21231,SWEETHEART CERAMIC TRINKET BOX,1.25,1613
21232,STRAWBERRY CERAMIC TRINKET BOX,1.25,2704
21236,UNKNOWN ITEM,0.0,1
21238,RED RETROSPOT CUP,0.85,952
21239,PINK  POLKADOT CUP,0.85,778
21240,BLUE POLKADOT CUP,0.85,789
21241,GREEN SPOTTY CUP,0.85,263
21242,RED RETROSPOT PLATE,1.69,673
21243,PINK  POLKADOT PLATE,1.69,512
21244,BLUE POLKADOT PLATE,1.69,466
21245,GREEN POLKADOT PLATE,1.69,312
21246,RED RETROSPOT BIG BOWL,4.95,216
21247,SET OF RED SALAD SERVERS,1.49,83
21248,DOOR HANGER  MUM + DADS ROOM,1.45,163
21249,WOODLAND  HEIGHT CHART STICKERS,2.95,270
21250,SET OF SKULL WALL STICKERS,2.95,61
21251,DINOSAUR HEIGHT CHART STICKER SET,2.95,134
21252,SET OF MEADOW  FLOWER STICKERS,2.95,24
21253,SET OF PICTURE FRAME  STICKERS,5.79,126
21254,SET OF KITCHEN WALL  STICKERS,1.475,2
21255,"FRENCH BOTTLE , LAVENDER",1.65,101
21256,"FRENCH BOTTLE, BRASSERIE DES ARTIST",1.65,67
21257,VICTORIAN SEWING BOX MEDIUM,7.95,568
21258,VICTORIAN SEWING BOX LARGE,12.75,610
21259,VICTORIAN SEWING BOX SMALL,5.95,698
21260,FIRST AID TIN,3.25,558
21261,GREEN GOOSE FEATHER CHRISTMAS TREE,7.46,84
21262,WHITE GOOSE FEATHER CHRISTMAS TREE,2.95,148
21263,GREEN GOOSE FEATHER TREE 60CM,1.95,61
21264,WHITE GOOSE FEATHER TREE 60CM,1.95,71
21265,PINK GOOSE FEATHER TREE 60CM,1.95,39
21266,VINTAGE SILVER TINSEL REEL,4.3,10
21267,VINTAGE PINK TINSEL REEL,4.3,11
21268,VINTAGE BLUE TINSEL REEL,0.42,57
21269,ANTIQUE CREAM CUTLERY SHELF,8.5,69
21270,ANTIQUE CREAM CUTLERY CUPBOARD,12.75,52
21272,SALLE DE BAIN HOOK,1.25,362
21273,UNKNOWN ITEM,0.0,1
21274,EMBOSSED HEART 3 DRAWER SHELF,12.75,109
21275,ZINC TOP  2 DOOR WOODEN SHELF,16.95,70
21276,TWO EMBOSSED HEART MINI DRAWERS,1.95,33
21277,FRENCH STYLE EMBOSSED HEART CABINET,21.95,53
21278,VINTAGE KITCHEN PRINT PUDDINGS,2.55,125
21279,VINTAGE KITCHEN PRINT FRUITS,2.55,111
21280,VINTAGE KITCHEN PRINT VEGETABLES,2.55,72
21281,VINTAGE KITCHEN PRINT SEAFOOD,2.55,74
21282,NATURAL BARK CANDLE LARGE,4.25,72
21283,NATURAL BARK CANDLE SMALL,3.25,85
21284,RETROSPOT CANDLE  SMALL,1.69,146
21285,RETROSPOT CANDLE  MEDIUM,2.1,104
21286,RETROSPOT CANDLE  LARGE,2.55,104
21287,SCENTED VELVET LOUNGE CANDLE,0.38,96
21288,STRIPEY CHOCOLATE NESTING BOXES,2.95,230
21289,LARGE STRIPES CHOCOLATE GIFT BAG,1.25,106
21290,LARGE SPOTTY CHOCOLATE GIFT BAG,0.625,2
21291,SMALL POLKADOT CHOCOLATE GIFT BAG,0.85,165
21292,SMALL STRIPES CHOCOLATE GIFT BAG,0.85,94
21293,MIRRORED DOVE WALL DECORATION,3.36,87
21294,ETCHED GLASS COASTER,1.25,146
21295,UNKNOWN ITEM,0.0,1
21298,EDWARDIAN 2 DRAWER WALL CABINET,12.75,22
21299,EDWARDIAN TOILET ROLL UNIT,12.75,39
21300,ANTIQUE EDWARDIAN DRESSER,12.75,16
21301,UNKNOWN ITEM,0.0,1
21303,FILIGREE WALL MIRROR  ANTIQUE WHITE,16.95,37
21304,ARCHED GREY MIRROR,12.75,19
21306,SET/4 DAISY MIRROR MAGNETS,2.1,73
21307,SET/4 BUTTERFLY MIRROR MAGNETS,2.1,76
21308,LOUVRE VANITY MIRROR,7.95,8
21309,LOUVRE CHALKBOARD,9.95,8
21310,CAPIZ CHANDELIER,29.95,5
21311,SET/4 BIRD MIRROR MAGNETS,2.1,102
21312,LARGE CHUNKY GLASS ROMAN BOWL,6.75,31
21313,GLASS HEART T-LIGHT HOLDER,0.85,444
21314,SMALL GLASS HEART TRINKET POT,2.1,1164
21315,LARGE GLASS HEART TRINKET POT,4.25,1
21316,SMALL CHUNKY GLASS ROMAN  BOWL,2.95,52
21317,GLASS SPHERE CANDLE STAND MEDIUM,5.45,80
21318,GLASS CHALICE BLUE SMALL,1.65,107
21319,GLASS CHALICE GREEN  SMALL,1.65,72
21320,GLASS CHALICE GREEN  LARGE,2.55,67
21321,GLASS CHALICE BLUE  LARGE,2.55,24
21322,GLASS SPHERE CANDLE STAND LARGE,3.8,16
21323,HANGING MEDINA LANTERN LARGE,4.25,83
21324,HANGING MEDINA LANTERN SMALL,2.95,187
21325,UNKNOWN ITEM,0.0,1
21326,AGED GLASS SILVER T-LIGHT HOLDER,0.65,686
21327,SKULLS WRITING SET,1.65,517
21328,BALLOONS  WRITING SET,1.65,673
21329,DINOSAURS  WRITING SET,1.65,578
21330,WOODLAND ANIMAL  WRITING SET,1.65,207
21331,MOROCCAN BEATEN METAL DISH LARGE,12.75,32
21332,MOROCCAN BEATEN METAL MIRROR,12.75,56
21333,CLASSIC WHITE FRAME,2.95,239
21335,LIBRARY LAMP,21.95,35
21336,GOLD WASHBAG,2.95,47
21337,SILVER WASHBAG,2.95,13
21338,MARAKESH LANTERN SMALL,5.95,16
21339,MARAKESH LANTERN LARGE,19.95,15
21340,CLASSIC METAL BIRDCAGE PLANT HOLDER,12.75,449
21341,KASBAH LANTERN WITH GLASS,4.65,31
21342,UNKNOWN ITEM,0.0,1
21343,GOLD JEWELERY BOX,3.95,6
21344,MOROCCAN BEATEN METAL DISH,9.95,28
21345,UNKNOWN ITEM,0.0,1
21346,LARGE SILVER BALUSTRADE CANDLESTICK,5.95,1
21347,GOTHIC CARRIAGE LANTERN,5.95,6
21348,PINK SPOTS CHOCOLATE NESTING BOXES,2.95,141
21349,IVY HEART WREATH,6.75,185
21350,GINGHAM HEART WREATH,2.95,48
21351,CINAMMON & ORANGE WREATH,6.75,191
21352,EUCALYPTUS & PINECONE  WREATH,5.91,176
21353,SILVER SLEIGHBELL  WREATH,7.95,11
21354,TOAST ITS - BEST MUM,1.25,226
21355,TOAST ITS - I LOVE YOU,1.25,361
21356,TOAST ITS - FAIRY FLOWER,1.25,367
21357,TOAST ITS - DINOSAUR,1.25,224
21358,TOAST ITS - HAPPY BIRTHDAY,1.25,227
21359,RELAX LARGE WOOD LETTERS,15.95,82
21360,JOY LARGE WOOD LETTERS,9.95,105
21361,LOVE LARGE WOOD LETTERS,12.75,310
21362,UNKNOWN ITEM,0.0,1
21363,HOME SMALL WOOD LETTERS,4.95,432
21364,PEACE SMALL WOOD LETTERS,6.75,173
21365,MIRRORED WALL ART STARS,2.95,81
21366,MIRRORED WALL ART PHOTO FRAMES,4.25,82
21367,MIRRORED WALL ART GENTS,2.55,64
21368,MIRRORED WALL ART LADIES,0.75,47
21369,MIRRORED WALL ART SPLODGES,2.5,24
21370,MIRRORED WALL ART FOXY,6.35,23
21371,MIRRORED WALL ART POPPIES,2.55,64
21372,MIRRORED WALL ART TABLE LAMP,2.95,53
21373,MIRRORED WALL ART SNOWFLAKES,0.75,62
21374,MIRRORED WALL ART SKULLS,1.25,72
21375,LARGE CAMPHOR WOOD FIELD MUSHROOM,10.79,64
21376,LARGE  TALL CAMPHOR WOOD TOADSTOOL,5.45,47
21377,SMALL CAMPHOR WOOD FIELD  MUSHROOM,3.29,102
21378,SMALL TALL CAMPHOR WOOD TOADSTOOL,1.65,88
21379,CAMPHOR WOOD PORTOBELLO MUSHROOM,2.46,128
21380,WOODEN HAPPY BIRTHDAY GARLAND,2.95,669
21381,MINI WOODEN HAPPY BIRTHDAY GARLAND,1.69,555
21382,SET/4 SPRING FLOWER DECORATION,1.63,156
21383,PACK OF 12 STICKY BUNNIES,0.65,336
21384,IVORY HANGING DECORATION  BUTTERFLY,0.85,155
21385,IVORY HANGING DECORATION  HEART,0.85,724
21386,IVORY HANGING DECORATION  EGG,0.85,110
21387,IVORY HANGING DECORATION  RABBIT,0.85,7
21388,IVORY HANGING DECORATION  CHICKEN,0.85,30
21389,IVORY HANGING DECORATION  BIRD,0.85,276
21390,FILIGRIS HEART WITH BUTTERFLY,1.25,611
21391,FRENCH LAVENDER SCENT HEART,2.1,184
21392,RED SPOTTY PUDDING BOWL,2.1,54
21393,BLUE  SPOTTY PUDDING BOWL,2.1,51
21394,RED POLKADOT BEAKER,0.39,157
21395,BLUE POLKADOT BEAKER,0.39,120
21396,RED SPOTTY EGG CUP,1.25,82
21397,BLUE  SPOTTY EGG CUP,1.25,185
21398,RED POLKADOT COFFEE  MUG,2.1,131
21399,BLUE POLKADOT COFFEE MUG,1.63,125
21400,RED PUDDING SPOON,0.42,92
21401,BLUE PUDDING SPOON,0.42,125
21402,RED  EGG  SPOON,0.42,154
21403,BLUE EGG  SPOON,0.42,159
21406,SPOTTY CAT DOORSTOP,4.325,2
21407,BROWN CHECK CAT DOORSTOP,4.25,470
21408,SPOTTY PINK DUCK DOORSTOP,4.25,249
21409,SPOTTY COCKEREL DOORSTOP,2.125,2
21410,COUNTRY COTTAGE  DOORSTOP GREEN,4.25,154
21411,GINGHAM HEART  DOORSTOP RED,4.25,644
21412,VINTAGE GOLD TINSEL REEL,0.42,78
21413,PERIWINKLE T-LIGHT HOLDER,1.25,57
21414,SCALLOP SHELL SOAP DISH,2.1,41
21415,CLAM SHELL SMALL,2.1,84
21416,CLAM SHELL LARGE,3.75,25
21417,COCKLE SHELL DISH,2.1,122
21418,STARFISH SOAP DISH,2.55,68
21419,CONCH SHELL,3.75,20
21420,OYSTER TRINKET BOX,3.25,32
21421,PORCELAIN ROSE LARGE,1.25,115
21422,PORCELAIN ROSE SMALL,0.85,155
21424,WOODLAND STORAGE BOX LARGE,5.91,153
21425,SKULLS STORAGE BOX LARGE,2.95,103
21426,WOODLAND STORAGE BOX SMALL,2.1,112
21427,SKULLS STORAGE BOX SMALL,2.1,135
21428,SET3 BOOK BOX GREEN GINGHAM FLOWER,4.25,487
21429,RED GINGHAM ROSE JEWELLERY BOX,1.65,1068
21430,SET/3 RED GINGHAM ROSE STORAGE BOX,3.75,858
21431,GREEN GINGHAM FLOWER JEWELLERY BOX,1.65,283
21432,SET OF 3 CASES WOODLAND DESIGN,5.95,253
21437,24 HANGING EASTER EGGS FLORAL TUB,3.75,118
21438,TUB 24 HANGING EASTER EGGS SPOTTY,3.75,39
21439,BASKET OF TOADSTOOLS,1.25,250
21440,12 MINI TOADSTOOL PEGS,1.25,99
21441,BLUE BIRDHOUSE DECORATION,0.85,136
21442,GREEN BIRDHOUSE DECORATION,0.85,137
21443,OLIVE CHALET BIRDFEEDER,3.75,29
21444,BLUE CHALET BIRDFEEDER,3.75,38
21445,12 PINK ROSE PEG PLACE SETTINGS,1.25,154
21446,12 RED ROSE PEG PLACE SETTINGS,1.25,247
21447,12 IVORY ROSE PEG PLACE SETTINGS,1.25,349
21448,12 DAISY PEGS IN WOOD BOX,1.65,219
21450,DISTRESSED CANDLE STICK WHITE,5.95,6
21452,TOADSTOOL MONEY BOX,2.95,452
21454,PAINTED PINK RABBIT,0.85,198
21455,PAINTED YELLOW WOODEN DAISY,0.85,173
21456,2 PICTURE BOOK EGGS EASTER CHICKS,1.25,67
21457,2 PICTURE BOOK EGGS EASTER DUCKS,1.25,65
21458,2 PICTURE BOOK EGGS EASTER BUNNY,1.25,88
21459,YELLOW EASTER EGG HUNT START POST,1.95,49
21460,GREEN EASTER EGG HUNT START POST,1.95,29
21461,BLUE EASTER EGG HUNT START POST,1.95,26
21462,"NURSERY A,B,C PAINTED LETTERS",6.75,181
21463,MIRRORED DISCO BALL,5.95,336
21464,DISCO BALL ROTATOR BATTERY OPERATED,4.25,231
21465,PINK FLOWER CROCHET FOOD COVER,3.75,190
21466,RED FLOWER CROCHET FOOD COVER,3.75,280
21467,CHERRY CROCHET FOOD COVER,3.75,265
21468,BUTTERFLY CROCHET FOOD COVER,3.75,149
21469,POLKA DOT RAFFIA FOOD COVER,3.75,216
21470,FLOWER VINE RAFFIA FOOD COVER,3.75,333
21471,STRAWBERRY RAFFIA FOOD COVER,3.75,325
21472,LADYBIRD + BEE RAFFIA FOOD COVER,3.75,294
21473,SWEETHEART CREAM STEEL TABLE RECT,19.95,93
21474,SWEETHEART CREAM STEEL FOLDIN BENCH,19.95,100
21475,SWEETHEART CREAM STEEL FOLDIN CHAIR,14.95,3
21476,STEEL SWEETHEART ROUND TABLE CREAM,14.95,87
21477,STRING OF 20 ROSE LIGHTS,12.75,56
21478,SILVER SKULL HOT WATER BOTTLE,3.75,100
21479,WHITE SKULL HOT WATER BOTTLE,3.75,1040
21480,PINK STRIPE HOT WATER BOTTLE,2.95,60
21481,FAWN BLUE HOT WATER BOTTLE,2.95,1137
21482,MUSHROOM BLUE HOT WATER BOTTLE,2.95,189
21484,CHICK GREY HOT WATER BOTTLE,3.45,924
21485,RETROSPOT HEART HOT WATER BOTTLE,4.95,1482
21486,PINK HEART DOTS HOT WATER BOTTLE,3.75,311
21487,UNKNOWN ITEM,0.0,1
21488,RED WHITE SCARF  HOT WATER BOTTLE,3.95,381
21489,BLUE WHITE SCARF HOT WATER BOTTLE,3.95,18
21490,SET OF THREE 50'S GIFT WRAPS,1.95,64
21491,SET OF THREE VINTAGE GIFT WRAPS,1.95,257
21492,UNKNOWN ITEM,0.0,1
21493,VINTAGE DESIGN GIFT TAGS,0.85,35
21494,ROTATING LEAVES T-LIGHT HOLDER,1.66,530
21495,SKULLS AND CROSSBONES WRAP,0.42,379
21496,WOODLAND CREATURES  WRAP,0.42,3
21497,FANCY FONTS BIRTHDAY WRAP,0.42,488
21498,RED RETROSPOT WRAP,0.42,815
21499,BLUE POLKADOT WRAP,0.42,469
21500,PINK POLKADOT WRAP,0.42,497
21502,UNKNOWN ITEM,0.0,2
21503,TOYBOX  WRAP,0.42,67
21504,SKULLS GREETING CARD,0.42,337
21505,UNKNOWN ITEM,0.0,1
21506,"FANCY FONT BIRTHDAY CARD,",0.42,689
21507,"ELEPHANT, BIRTHDAY CARD,",0.42,591
21508,VINTAGE KID DOLLY CARD,0.42,548
21509,COWBOYS AND INDIANS BIRTHDAY CARD,0.42,637
21510,UNKNOWN ITEM,0.0,1
21511,VINTAGE COLLAGE  GREETING  CARD,0.42,3
21512,UNKNOWN ITEM,0.0,1
21514,UNKNOWN ITEM,0.0,1
21518,BANK ACCOUNT  GREETING  CARD,0.42,111
21519,GIN & TONIC DIET GREETING CARD,0.42,565
21520,BOOZE & WOMEN GREETING CARD,0.42,114
21523,DOORMAT FANCY FONT HOME SWEET HOME,7.95,1157
21524,DOORMAT SPOTTY HOME SWEET HOME,7.95,1179
21525,BEWARE OF THE CAT DOORMAT,6.75,4
21527,RED RETROSPOT TRADITIONAL TEAPOT,7.95,981
21528,DAIRY MAID TRADITIONAL TEAPOT,6.95,284
21529,RETRO SPOT CERAMIC TOASTRACK,3.45,159
21530,DAIRY MAID TOASTRACK,2.95,180
21531,RED RETROSPOT SUGAR JAM BOWL,2.55,819
21532,DAIRY MAID SUGAR JAM BOWL,2.1,102
21533,RETRO SPOT LARGE MILK JUG,4.95,1009
21534,DAIRY MAID LARGE MILK JUG,4.95,369
21535,RED RETROSPOT SMALL MILK JUG,2.55,1187
21536,DAIRY MAID  SMALL  MILK JUG,2.1,71
21537,RED RETROSPOT PUDDING BOWL,4.25,283
21538,DAIRY MAID  PUDDING BOWL,3.75,57
21539,RED RETROSPOT BUTTER DISH,4.95,787
21540,DAIRY MAID CERAMIC BUTTER DISH,4.25,98
21541,DINOSAURS WATER TRANSFER TATTOOS,0.85,207
21542,WOODLAND WATER TRANSFER TATTOOS,0.85,200
21543,BUTTERFLY WATER TRANSFER TATTOOS,0.85,26
21544,SKULLS  WATER TRANSFER TATTOOS,0.85,524
21545,CERAMIC BIRDHOUSE BUTTERFLY SMALL,2.95,87
21547,CERAMIC BIRDHOUSE CRESTED TIT SMALL,2.95,126
21548,CERAMIC BIRDHOUSE FINCH BLUE ROOF,2.95,113
21549,CERAMIC BIRDHOUSE RED ROOF SMALL,2.95,57
21550,CERAMIC BIRDHOUSE CRESTED TIT LARGE,5.95,69
21551,CERAMIC BIRDHOUSE BUTTERFLY LARGE,5.95,25
21552,CERAMIC BIRDHOUSE BLACK ROSE  LARGE,5.95,41
21553,CERAMIC BIRDHOUSE FINCH BLUE  LARGE,5.95,43
21554,CERAMIC BIRDHOUSE RED ROOF LARGE,5.95,26
21555,CERAMIC STRAWBERRY TRINKET TRAY,2.55,137
21556,CERAMIC STRAWBERRY MONEY BOX,2.55,310
21557,SET OF 6 FUNKY BEAKERS,2.95,314
21558,SKULL LUNCH BOX WITH CUTLERY,2.55,807
21559,STRAWBERRY LUNCH BOX WITH CUTLERY,2.55,1287
21560,TOADSTOOL  LUNCHBOX WITH CUTLERY,2.55,6
21561,DINOSAUR LUNCH BOX WITH CUTLERY,2.55,532
21562,HAWAIIAN GRASS SKIRT,1.25,74
21563,RED HEART SHAPE LOVE BUCKET,2.95,380
21564,PINK  HEART SHAPE LOVE BUCKET,2.95,307
21576,LETS GO SHOPPING COTTON TOTE BAG,2.25,213
21577,SAVE THE PLANET COTTON TOTE BAG,2.25,484
21578,WOODLAND DESIGN  COTTON TOTE BAG,2.25,397
21579,LOLITA  DESIGN  COTTON TOTE BAG,2.25,146
21580,RABBIT  DESIGN  COTTON TOTE BAG,2.25,176
21581,SKULLS  DESIGN  COTTON TOTE BAG,2.25,216
21582,KINGS CHOICE SMALL TUBE MATCHES,1.65,18
21583,UNKNOWN ITEM,0.0,1
21584,RETROSPOT SMALL TUBE MATCHES,1.65,382
21585,UNKNOWN ITEM,0.0,3
21586,KINGS CHOICE GIANT TUBE MATCHES,2.55,259
21587,COSY HOUR GIANT TUBE MATCHES,2.55,290
21588,RETROSPOT GIANT TUBE MATCHES,2.55,301
21589,SWALLOW GIANT TUBE MATCHES,2.55,92
21590,KINGS CHOICE CIGAR BOX MATCHES,1.25,298
21591,COSY HOUR CIGAR BOX MATCHES,1.25,397
21592,RETROSPOT CIGAR BOX MATCHES,1.25,502
21593,SWALLOW CIGAR BOX MATCHES,1.25,98
21594,Dr. Jam's Arouzer Stress Ball,4.21,7
21595,Dad's Cab Electronic Meter,8.47,13
21596,Hypochondriac Pill Stress Ball,4.3,9
21601,UNKNOWN ITEM,0.0,1
21602,UNKNOWN ITEM,0.0,1
21609,SET 12 LAVENDER  BOTANICAL T-LIGHTS,2.95,227
21610,SET 12 PEAR BOTANICAL T-LIGHTS,2.95,101
21611,SET OF 12 LILY BOTANICAL T-LIGHTS,2.95,154
21612,SET 12 WILDFLOWER BOTANICAL T-LIGHT,2.95,116
21613,S/12 VANILLA  BOTANICAL T-LIGHTS,2.95,150
21614,SET OF 12 ROSE BOTANICAL T-LIGHTS,2.95,206
21615,4 LAVENDER BOTANICAL DINNER CANDLES,2.46,174
21616,4 PEAR BOTANICAL DINNER CANDLES,2.51,199
21617,4 LILY  BOTANICAL DINNER CANDLES,3.75,175
21618,4 WILDFLOWER BOTANICAL CANDLES,3.29,150
21619,4 VANILLA BOTANICAL CANDLES,2.46,215
21620,SET OF 4 ROSE BOTANICAL CANDLES,2.46,232
21621,VINTAGE UNION JACK BUNTING,8.5,1333
21622,VINTAGE UNION JACK CUSHION COVER,4.95,657
21623,VINTAGE UNION JACK MEMOBOARD,9.95,564
21624,VINTAGE UNION JACK DOORSTOP,5.95,415
21625,VINTAGE UNION JACK APRON,6.95,349
21626,VINTAGE UNION JACK PENNANT,1.95,222
21627,ELEPHANT CARNIVAL POUFFE,29.17,122
21628,TRIANGULAR POUFFE VINTAGE,29.17,91
21629,SQUARE FLOOR CUSHION VINTAGE RED,7.95,108
21630,FLOOR CUSHION ELEPHANT CARNIVAL,8.95,103
21631,HIPPY CHIC DECORATIVE PARASOL,12.75,54
21632,VINTAGE PINK DECORATIVE PARASOL,12.75,57
21633,SUNFLOWER DECORATIVE PARASOL,12.75,74
21634,ASSORTED MINI MADRAS NOTEBOOK,1.25,77
21635,MADRAS NOTEBOOK LARGE,3.75,48
21636,MADRAS NOTEBOOK MEDIUM,0.75,103
21637,ASSORTED SANSKRIT MINI NOTEBOOK,1.25,95
21638,ASSORTED TUTTI FRUTTI NOTEBOOK,2.1,152
21639,ASSORTED TUTTI FRUTTI KEYRING,0.85,18
21640,ASSORTED TUTTI FRUTTI  FOB NOTEBOOK,0.85,217
21641,ASSORTED TUTTI FRUTTI KEYRING BALL,1.63,117
21642,ASSORTED TUTTI FRUTTI PEN,0.85,281
21643,ASSORTED TUTTI FRUTTI MIRROR,1.25,214
21644,ASSORTED TUTTI FRUTTI HEART BOX,1.25,151
21645,ASSORTED TUTTI FRUTTI ROUND BOX,1.65,140
21646,UNKNOWN ITEM,0.0,1
21647,ASSORTED TUTTI FRUTTI LARGE PURSE,2.1,154
21648,ASSORTED TUTTI FRUTTI SMALL PURSE,1.25,251
21649,ASSORTED TUTTI FRUTTI PHOTO FRAME,2.95,32
21650,ASSORTED TUTTI FRUTTI BRACELET,0.65,214
21651,HANGING GLASS ETCHED TEALIGHT,1.65,134
21652,GLASS ETCHED T-LIGHT HOLDER MEDIUM,1.95,84
21653,GLASS ETCHED T-LIGHT HOLDER LARGE,2.1,120
21654,RIDGED GLASS FINGER BOWL,1.45,85
21655,HANGING RIDGE GLASS T-LIGHT HOLDER,1.69,97
21656,RIDGED GLASS POSY VASE,1.45,144
21657,MILK BOTTLE WITH GLASS STOPPER,6.95,127
21658,GLASS  BEURRE DISH,3.95,597
21659,GLASS CAKE STAND,14.95,72
21661,VINTAGE GLASS TEA CADDY,5.95,108
21662,VINTAGE GLASS COFFEE CADDY,5.95,117
21663,VINTAGE GLASS SUGAR CADDY,5.95,41
21664,RIDGED GLASS STORAGE JAR CREAM LID,3.75,77
21665,TRIANGULAR RIDGED GLASS POSY HOLDER,0.65,79
21666,RIDGED GLASS T-LIGHT HOLDER,0.65,89
21667,GLASS CAKE COVER AND PLATE,16.95,180
21668,RED STRIPE CERAMIC DRAWER KNOB,1.25,853
21669,BLUE STRIPE CERAMIC DRAWER KNOB,1.25,844
21670,BLUE SPOT CERAMIC DRAWER KNOB,1.25,794
21671,RED SPOT CERAMIC DRAWER KNOB,1.25,760
21672,WHITE SPOT RED CERAMIC DRAWER KNOB,1.25,843
21673,WHITE SPOT BLUE CERAMIC DRAWER KNOB,1.25,792
21674,RIDGED GLASS PENDANT LAMPSHADE,16.95,11
21675,BUTTERFLIES STICKERS,0.85,277
21676,FLOWERS  STICKERS,0.85,162
21677,HEARTS  STICKERS,0.85,291
21678,PAISLEY PATTERN  STICKERS,0.85,83
21679,SKULLS  STICKERS,0.85,382
21680,WOODLAND  STICKERS,0.85,278
21681,GIANT MEDINA STAMPED METAL BOWL,9.95,84
21682,LARGE MEDINA STAMPED METAL BOWL,4.95,159
21683,MEDIUM MEDINA STAMPED METAL BOWL,2.95,159
21684,SMALL MEDINA STAMPED METAL BOWL,0.85,112
21685,MEDINA STAMPED METAL TRAY,14.95,4
21686,MEDINA STAMPED METAL STOOL,39.95,38
21687,SILVER PLATE CANDLE BOWL LARGE,3.75,109
21688,SILVER PLATE CANDLE BOWL SMALL,2.95,151
21689,SILVER VANILLA  FLOWER CANDLE POT,3.75,64
21690,SILVER  CANDLEPOT JARDIN,3.75,99
21691,SILVER VANILLA FLOWER CANDLE POT,3.75,80
21692,SILVER LATTICE VANILLA CANDLE POT,3.75,127
21693,SMALL HAMMERED SILVER CANDLEPOT,2.95,127
21694,SMALL REGAL  SILVER CANDLEPOT,2.95,73
21695,SMALL SILVER FLOWER CANDLE POT,2.95,105
21696,SMALL SILVER TRELLIS CANDLEPOT,2.95,116
21697,SET 5 MINI DOUGHNUT FRIDGE MAGNET,1.69,8
21698,MOCK LOBSTER FRIDGE MAGNET,1.63,121
21699,SET 5 MINI CHOCOLATE FRIDGE MAGNETS,0.995,4
21700,BIG DOUGHNUT FRIDGE MAGNETS,0.85,552
21701,No Stock,0.845,2
21702,SET 5 MINI GATEAUX  FRIDGE MAGNETS,1.69,9
21703,BAG 125g SWIRLY MARBLES,0.42,594
21704,BAG 250g SWIRLY MARBLES,0.85,594
21705,BAG 500g SWIRLY MARBLES,1.65,241
21706,FOLDING UMBRELLA RED/WHITE POLKADOT,4.95,264
21707,FOLDING UMBRELLA BLACKBLUE POLKADOT,4.95,172
21708,FOLDING UMBRELLA CREAM POLKADOT,4.95,133
21709,FOLDING UMBRELLA CHOCOLATE POLKADOT,4.95,119
21710,FOLDING UMBRELLA PINKWHITE POLKADOT,4.95,118
21711,FOLDING UMBRELLA WHITE/RED POLKADOT,4.95,73
21713,CITRONELLA CANDLE FLOWERPOT,2.1,419
21714,CITRONELLA CANDLE GARDEN POT,1.25,539
21715,GIRLS VINTAGE TIN SEASIDE BUCKET,2.55,496
21716,BOYS VINTAGE TIN SEASIDE BUCKET,2.55,507
21717,EASTER TIN BUCKET,2.55,181
21718,RED METAL BEACH SPADE,1.25,478
21719,LOVELY BONBON STICKER SHEET,0.85,152
21720,CAKE SHOP  STICKER SHEET,0.85,115
21721,CANDY SHOP  STICKER SHEET,0.85,156
21722,SWEET PUDDING STICKER SHEET,0.85,86
21723,ALPHABET HEARTS STICKER SHEET,0.85,143
21724,PANDA AND BUNNIES STICKER SHEET,0.85,189
21725,SWEETIES  STICKERS,0.85,182
21726,MULTI HEARTS  STICKERS,0.85,166
21728,METAL MEDINA LANTERN,12.75,44
21729,SMALL MARAKESH METAL  LANTERN,3.25,33
21730,GLASS STAR FROSTED T-LIGHT HOLDER,4.95,350
21731,RED TOADSTOOL LED NIGHT LIGHT,1.65,1611
21732,RED HANGING METAL STAR TLIGHT HLDR,3.75,62
21733,RED HANGING HEART T-LIGHT HOLDER,2.95,1876
21734,SMALL MARAKESH LANTERN ON STICK,3.75,35
21735,TWO DOOR CURIO CABINET,12.75,309
21736,GOLD SCROLL GLASS T-LIGHT HOLDER,2.1,34
21737,SET 3 WICKER LOG BASKETS,19.95,165
21738,COSY SLIPPER SHOES SMALL  RED,2.95,150
21739,COSY SLIPPER SHOES SMALL GREEN,2.95,183
21740,COSY SLIPPER SHOES LARGE RED,2.95,69
21741,COSY SLIPPER SHOES LARGE GREEN,2.95,198
21742,LARGE ROUND WICKER PLATTER,5.95,197
21743,STAR PORTABLE TABLE LIGHT,2.95,206
21744,SNOWFLAKE PORTABLE TABLE LIGHT,2.95,231
21745,GAOLERS KEYS DECORATIVE GARDEN,3.75,500
21746,SMALL RED RETROSPOT WINDMILL,1.25,508
21747,SMALL SKULL WINDMILL,1.25,157
21749,LARGE RED RETROSPOT WINDMILL,2.1,298
21750,LARGE SKULL WINDMILL,2.1,64
21752,GLASS CAKE STAND MIRRORED BASE,14.95,46
21753,UNKNOWN ITEM,0.0,1
21754,HOME BUILDING BLOCK WORD,5.95,2150
21755,LOVE BUILDING BLOCK WORD,5.95,1756
21756,BATH BUILDING BLOCK WORD,5.95,604
21757,LIGHTHOUSE PRINTED METAL SIGN,4.95,45
21758,VINTAGE SHELLS PRINT,6.45,83
21759,METAL WALL SHELF UNIT WITH HOOKS,49.95,15
21760,FRENCH STYLE WALL DRESSER,125.0,18
21761,WOOD AND GLASS MEDICINE CABINET,29.95,29
21763,VINTAGE WOODEN BAR STOOL,25.95,24
21764,VINTAGE WOODEN PLATE RACK,39.95,13
21765,HANGING METAL BIRD BATH,7.95,151
21766,VINTAGE WOOD ORGANISER,16.95,1
21767,UNKNOWN ITEM,0.0,4
21768,WALL MOUNTED VINTAGE ORGANISER,14.95,173
21769,VINTAGE POST OFFICE CABINET,79.95,55
21770,OPEN CLOSED METAL SIGN,4.95,661
21772,UNKNOWN ITEM,6.375,2
21773,DECORATIVE ROSE BATHROOM BOTTLE,2.46,320
21774,DECORATIVE CATS BATHROOM BOTTLE,2.46,382
21775,DECORATIVE FLORE BATHROOM BOTTLE,2.46,285
21776,UNKNOWN ITEM,0.0,1
21777,RECIPE BOX WITH METAL HEART,7.95,390
21778,UNKNOWN ITEM,0.0,1
21779,MA CAMPAGNE MINI WOODEN CHEST,2.95,27
21780,MA CAMPAGNE 4 DRAWER WALL SHELF,11.02,33
21781,MA CAMPAGNE CUTLERY BOX,14.95,394
21784,SHOE SHINE BOX,9.95,195
21785,RAIN PONCHO,0.85,106
21786,POLKADOT RAIN HAT,0.79,482
21787,RAIN PONCHO RETROSPOT,0.85,489
21788,KIDS RAIN MAC BLUE,0.85,220
21789,KIDS RAIN MAC PINK,0.85,229
21790,VINTAGE SNAP CARDS,0.85,1965
21791,VINTAGE HEADS AND TAILS CARD GAME,1.25,1381
21792,CLASSIC FRENCH STYLE BASKET GREEN,6.75,149
21793,CLASSIC FRENCH STYLE BASKET BROWN,3.95,104
21794,CLASSIC FRENCH STYLE BASKET NATURAL,6.75,187
21795,SET OF 3 BLUE STRIPE BASKET,12.75,82
21796,SET OF 3 RED STRIPE BASKETS,12.75,68
21801,CHRISTMAS TREE DECORATION WITH BELL,0.42,279
21802,CHRISTMAS TREE HEART DECORATION,0.42,344
21803,CHRISTMAS TREE STAR DECORATION,0.42,343
21804,WHITE CHRISTMAS GARLAND STARS TREES,3.75,155
21805,WHITE CHRISTMAS TREE DECORATION,0.42,106
21806,WHITE CHRISTMAS HEART DECORATION,0.42,134
21807,WHITE CHRISTMAS STAR DECORATION,0.42,193
21808,"CHRISTMAS GARLAND STARS,TREES",3.75,154
21809,CHRISTMAS HANGING TREE WITH BELL,1.25,223
21810,CHRISTMAS HANGING STAR WITH BELL,0.83,376
21811,HANGING HEART WITH BELL,1.25,418
21812,GARLAND WITH HEARTS AND BELLS,4.95,218
21813,GARLAND WITH STARS AND BELLS,4.95,203
21814,HEART T-LIGHT HOLDER,1.45,105
21815,STAR  T-LIGHT HOLDER,1.45,108
21816,CHRISTMAS TREE T-LIGHT HOLDER,1.45,53
21817,GLITTER CHRISTMAS TREE,0.85,144
21818,GLITTER CHRISTMAS HEART,0.85,320
21819,GLITTER CHRISTMAS STAR,0.85,263
21820,GLITTER HEART GARLAND WITH BELLS,3.75,197
21821,GLITTER STAR GARLAND WITH BELLS,3.75,167
21822,GLITTER CHRISTMAS TREE WITH BELLS,1.63,153
21823,PAINTED METAL HEART WITH HOLLY BELL,1.45,237
21824,PAINTED METAL STAR WITH HOLLY BELLS,1.45,227
21825,PAINTED METAL TREE WITH HOLLY BELLS,1.45,83
21826,EIGHT PIECE DINOSAUR SET,1.25,270
21827,EIGHT PIECE CREEPY CRAWLIE SET,1.25,147
21828,EIGHT PIECE SNAKE  SET,1.25,189
21829,DINOSAUR KEYRINGS ASSORTED,0.21,428
21830,ASSORTED CREEPY CRAWLIES,0.42,285
21832,CHOCOLATE CALCULATOR,1.65,485
21833,CAMOUFLAGE LED TORCH,1.69,471
21835,UNKNOWN ITEM,0.0,1
21836,GINGHAM OVEN GLOVE RED HEART,3.75,107
21837,CROSS STITCH ALPHABET CUSHION COVER,5.95,96
21838,DADDY MOUSE RED GINGHAM BOW TIE,2.725,2
21839,MUMMY MOUSE RED GINGHAM RIBBON,5.45,86
21841,BABY MOUSE RED GINGHAM DRESS,4.25,139
21842,PINK HEART CANDY BUTTON CALCULATOR,2.55,48
21843,RED RETROSPOT CAKE STAND,10.95,1730
21844,RED RETROSPOT MUG,2.95,531
21845,DAIRY MAID STRIPE MUG,2.95,171
21846,PINK DIAMANTE PEN IN GIFT BOX,4.21,277
21847,GREEN  DIAMANTE PEN IN GIFT BOX,2.57,73
21849,SILVER DIAMANTE PEN IN GIFT BOX,4.21,144
21850,BLUE  DIAMANTE PEN IN GIFT BOX,4.21,114
21851,LILAC DIAMANTE PEN IN GIFT BOX,4.21,158
21852,EMPIRE TEDDY,6.95,3
21853,GUMBALL CUSTOM CARS TOP TRUMPS GAME,5.115,4
21854,EURO FOOTBALL STARS TOP TRUMPS GAME,2.585,2
21855,UNKNOWN ITEM,0.0,1
21857,STAR WARS TOP TRUMPS GAME,5.06,3
21858,HIGH SCHOOL MUSICAL 3 TOP TRUMPS,0.0,5
21859,UNKNOWN ITEM,0.0,1
21860,DR WHO TOP TRUMPS GAME,5.17,1
21862,UNKNOWN ITEM,0.0,1
21863,UNKNOWN ITEM,0.0,1
21864,UNION JACK FLAG PASSPORT COVER,2.1,429
21865,PINK UNION JACK  PASSPORT COVER,2.1,308
21866,UNION JACK FLAG LUGGAGE TAG,1.25,474
21867,PINK UNION JACK  LUGGAGE TAG,1.25,311
21868,POTTING SHED TEA MUG,1.25,943
21869,POTTING SHED COFFEE MUG,1.25,119
21870,I CAN ONLY PLEASE ONE PERSON MUG,1.25,680
21871,SAVE THE PLANET MUG,1.25,843
21872,GLAMOROUS  MUG,1.25,343
21873,IF YOU CAN'T STAND THE HEAT MUG,1.25,207
21874,GIN AND TONIC MUG,1.25,654
21875,KINGS CHOICE MUG,1.25,437
21876,POTTERING MUG,1.25,660
21877,HOME SWEET HOME MUG,1.25,796
21878,PACK OF 6 SANDCASTLE FLAGS ASSORTED,0.85,416
21879,HEARTS GIFT TAPE,0.65,157
21880,RED RETROSPOT TAPE,0.65,337
21881,CUTE CATS TAPE,0.65,120
21882,SKULLS TAPE,0.65,125
21883,STARS GIFT TAPE,0.65,233
21884,CAKES AND BOWS GIFT  TAPE,0.65,166
21888,BINGO SET,3.75,869
21889,WOODEN BOX OF DOMINOES,1.25,1194
21890,S/6 WOODEN SKITTLES IN COTTON BAG,2.95,586
21891,TRADITIONAL WOODEN SKIPPING ROPE,1.25,904
21892,TRADITIONAL WOODEN CATCH CUP GAME,1.25,877
21893,POTTING SHED SEED TIN,4.25,23
21894,POTTING SHED SEED ENVELOPES,1.25,258
21895,POTTING SHED SOW 'N' GROW SET,4.25,91
21896,POTTING SHED TWINE,2.1,304
21897,POTTING SHED CANDLE CITRONELLA,2.95,112
21898,POTTING SHED ROSE CANDLE,2.95,120
21899,"KEY FOB , GARAGE DESIGN",0.65,653
21900,"KEY FOB , SHED",0.65,870
21901,"KEY FOB , BACK DOOR",0.65,727
21902,"KEY FOB , FRONT  DOOR",0.65,504
21903,MAN FLU METAL SIGN,2.1,427
21904,HOUSE WRECKING METAL SIGN,2.1,153
21905,MORE BUTTER METAL SIGN,1.68,268
21906,PHARMACIE FIRST AID TIN,6.75,450
21907,I'M ON HOLIDAY METAL SIGN,2.1,794
21908,CHOCOLATE THIS WAY METAL SIGN,2.1,1008
21909,UNKNOWN ITEM,0.0,1
21910,WAY OUT METAL SIGN,1.65,114
21911,GARDEN METAL SIGN,1.65,356
21912,VINTAGE SNAKES & LADDERS,3.75,855
21913,VINTAGE SEASIDE JIGSAW PUZZLES,3.75,312
21914,BLUE HARMONICA IN BOX,1.25,1016
21915,RED  HARMONICA IN BOX,1.25,1085
21916,SET 12 RETRO WHITE CHALK STICKS,0.42,747
21917,SET 12 KIDS  WHITE CHALK STICKS,0.42,486
21918,SET 12 KIDS COLOUR  CHALK STICKS,0.42,827
21919,Electronic Talking Breath-A-Loser,5.06,6
21920,UNKNOWN ITEM,0.0,1
21922,UNION STRIPE WITH FRINGE  HAMMOCK,7.95,400
21923,RED/CREAM STRIPE FRINGE HAMMOCK,7.95,124
21924,BLUE/CREAM STRIPE FRINGE HAMMOCK,7.95,130
21925,UNION STRIPE CUSHION COVER,1.25,175
21926,RED/CREAM STRIPE CUSHION COVER,1.25,150
21927,BLUE/CREAM STRIPE CUSHION COVER,1.25,207
21928,JUMBO BAG SCANDINAVIAN PAISLEY,1.95,1598
21929,JUMBO BAG PINK VINTAGE PAISLEY,1.95,1674
21930,JUMBO STORAGE BAG SKULLS,1.95,1370
21931,JUMBO STORAGE BAG SUKI,1.95,2422
21932,SCANDINAVIAN PAISLEY PICNIC BAG,2.46,663
21933,PINK VINTAGE PAISLEY PICNIC BAG,2.46,647
21934,SKULL SHOULDER BAG,1.65,741
21935,SUKI  SHOULDER BAG,1.65,953
21936,RED RETROSPOT PICNIC BAG,2.95,1086
21937,STRAWBERRY   PICNIC BAG,2.95,686
21942,SKULLS DESIGN FLANNEL,1.63,235
21943,CAKES AND RABBITS DESIGN FLANNEL,0.85,151
21944,KITTENS DESIGN FLANNEL,0.85,211
21945,STRAWBERRIES  DESIGN FLANNEL,1.63,254
21946,PARTY TIME DESIGN FLANNEL,0.85,67
21947,SET OF 6 HEART CHOPSTICKS,1.25,309
21948,SET OF 6 CAKE CHOPSTICKS,2.46,278
21949,SET OF 6 STRAWBERRY CHOPSTICKS,1.25,282
21950,SET OF 6 DOTS CHOPSTICKS,2.57,22
21955,DOORMAT UNION JACK GUNS AND ROSES,7.49,758
21967,PACK OF 12 SKULL TISSUES,0.29,510
21972,SET OF 36 DINOSAUR PAPER DOILIES,1.45,173
21973,SET OF 36 MUSHROOM PAPER DOILIES,1.45,215
21974,SET OF 36 PAISLEY FLOWER DOILIES,1.45,828
21975,PACK OF 60 DINOSAUR CAKE CASES,0.55,1346
21976,PACK OF 60 MUSHROOM CAKE CASES,0.55,982
21977,PACK OF 60 PINK PAISLEY CAKE CASES,0.55,2067
21980,PACK OF 12 RED RETROSPOT TISSUES,0.29,701
21981,PACK OF 12 WOODLAND TISSUES,0.29,585
21982,PACK OF 12 SUKI TISSUES,0.29,761
21983,PACK OF 12 BLUE PAISLEY TISSUES,0.29,340
21984,PACK OF 12 PINK PAISLEY TISSUES,0.29,462
21985,PACK OF 12 HEARTS DESIGN TISSUES,0.29,954
21986,PACK OF 12 PINK POLKADOT TISSUES,0.29,484
21987,PACK OF 6 SKULL PAPER CUPS,0.65,399
21988,PACK OF 6 SKULL PAPER PLATES,0.85,428
21989,PACK OF 20 SKULL PAPER NAPKINS,0.85,669
21990,MODERN FLORAL STATIONERY SET,2.46,514
21991,BOHEMIAN COLLAGE STATIONERY SET,2.46,302
21992,VINTAGE PAISLEY STATIONERY SET,2.46,682
21993,FLORAL FOLK STATIONERY SET,2.46,596
22003,UNKNOWN ITEM,3.375,2
22016,UNKNOWN ITEM,0.0,3
22021,BLUE FELT EASTER EGG BASKET,1.65,241
22022,UNKNOWN ITEM,0.0,1
22023,EMPIRE BIRTHDAY CARD,0.42,439
22024,RAINY LADIES BIRTHDAY CARD,0.42,452
22025,RING OF ROSES BIRTHDAY CARD,0.42,293
22026,BANQUET BIRTHDAY  CARD,0.42,370
22027,TEA PARTY BIRTHDAY CARD,0.42,865
22028,PENNY FARTHING BIRTHDAY CARD,0.42,520
22029,SPACEBOY BIRTHDAY CARD,0.42,1121
22030,SWALLOWS GREETING CARD,0.42,704
22031,BOTANICAL LAVENDER BIRTHDAY CARD,0.42,144
22032,BOTANICAL LILY GREETING CARD,0.42,111
22033,BOTANICAL ROSE GREETING CARD,0.42,130
22034,ROBIN CHRISTMAS CARD,0.42,102
22035,VINTAGE CARAVAN GREETING CARD,0.42,372
22036,DINOSAUR BIRTHDAY CARD,0.42,138
22037,ROBOT BIRTHDAY CARD,0.42,650
22038,BOTANICAL LAVENDER GIFT WRAP,0.42,45
22039,BOTANICAL LILY GIFT WRAP,0.42,31
22040,BOTANICAL ROSE GIFT WRAP,0.42,94
22041,"RECORD FRAME 7"" SINGLE SIZE",2.55,582
22042,CHRISTMAS CARD SINGING ANGEL,0.42,141
22043,CHRISTMAS CARD SCREEN PRINT,0.42,134
22044,CHRISTMAS CARD STACK OF PRESENTS,0.42,97
22045,SPACEBOY GIFT WRAP,0.42,482
22046,TEA PARTY  WRAPPING PAPER,0.42,210
22047,EMPIRE GIFT WRAP,0.42,264
22048,BIRTHDAY BANQUET GIFT WRAP,0.42,104
22049,WRAP CHRISTMAS SCREEN PRINT,0.19,120
22050,PINK PAISLEY ROSE GIFT WRAP,0.42,120
22051,BLUE SCANDINAVIAN PAISLEY WRAP,0.42,118
22052,VINTAGE CARAVAN GIFT WRAP,0.42,135
22053,EMPIRE DESIGN ROSETTE,1.25,89
22054,MINI CAKE STAND HANGING HEARTS,1.65,83
22055,MINI CAKE STAND  HANGING STRAWBERY,1.65,767
22056,CERAMIC PLATE LOVE HEART DESIGN,1.49,36
22057,CERAMIC PLATE STRAWBERRY DESIGN,1.49,274
22058,CERAMIC LOVE HEARTS DESIGN MUG,1.49,117
22059,CERAMIC STRAWBERRY DESIGN MUG,1.49,507
22060,LARGE CAKE STAND HANGING HEARTS,9.95,176
22061,LARGE CAKE STAND  HANGING STRAWBERY,9.95,591
22062,CERAMIC BOWL WITH LOVE HEART DESIGN,2.46,138
22063,CERAMIC BOWL WITH STRAWBERRY DESIGN,2.95,376
22064,PINK DOUGHNUT TRINKET POT,1.65,759
22065,CHRISTMAS PUDDING TRINKET POT,1.45,504
22066,LOVE HEART TRINKET POT,1.45,285
22067,CHOC TRUFFLE GOLD TRINKET POT,1.65,270
22068,BLACK PIRATE TREASURE CHEST,1.65,290
22069,BROWN  PIRATE TREASURE CHEST,3.36,278
22070,SMALL RED RETROSPOT MUG IN BOX,3.75,340
22071,SMALL WHITE RETROSPOT MUG IN BOX,3.75,277
22072,RED RETROSPOT TEA CUP AND SAUCER,3.75,562
22073,RED RETROSPOT STORAGE JAR,3.75,526
22074,6 RIBBONS SHIMMERING PINKS,1.65,296
22075,6 RIBBONS ELEGANT CHRISTMAS,1.65,382
22076,6 RIBBONS EMPIRE,1.65,390
22077,6 RIBBONS RUSTIC CHARM,1.65,1840
22078,RIBBON REEL LACE DESIGN,2.1,500
22079,RIBBON REEL HEARTS DESIGN,1.65,703
22080,RIBBON REEL SPOTS DESIGN,1.65,541
22081,RIBBON REEL FLORA + FAUNA,1.65,317
22082,RIBBON REEL STRIPES DESIGN,1.65,1011
22083,PAPER CHAIN KIT RETROSPOT,2.95,1459
22084,PAPER CHAIN KIT EMPIRE,2.95,848
22085,PAPER CHAIN KIT SKULLS,2.95,237
22086,PAPER CHAIN KIT 50'S CHRISTMAS,2.95,2187
22087,PAPER BUNTING WHITE LACE,2.95,898
22088,PAPER BUNTING COLOURED LACE,2.95,639
22089,PAPER BUNTING VINTAGE PAISLEY,2.95,567
22090,PAPER BUNTING RETROSPOT,2.95,1745
22091,EMPIRE TISSUE BOX,1.25,335
22092,BLUE PAISLEY TISSUE BOX,0.39,144
22093,MOTORING TISSUE BOX,1.25,285
22094,RED RETROSPOT TISSUE BOX,1.25,357
22095,LADS ONLY TISSUE BOX,1.25,319
22096,PINK PAISLEY SQUARE TISSUE BOX,0.39,191
22097,SWALLOW SQUARE TISSUE BOX,1.25,258
22098,BOUDOIR SQUARE TISSUE BOX,1.25,337
22099,CARAVAN SQUARE TISSUE BOX,1.25,309
22100,SKULLS SQUARE TISSUE BOX,1.25,138
22101,MIRROR MOSAIC VOTIVE HOLDER,2.46,123
22102,MIRROR MOSAIC T-LIGHT HOLDER,1.65,61
22103,MIRROR MOSAIC T-LIGHT HOLDER ROUND,1.65,75
22104,MIRROR MOSAIC CANDLE PLATE,1.63,101
22105,MIRROR MOSAIC GOBLET CANDLE HOLDER,4.21,59
22106,MIRROR MOSAIC HURRICANE LAMP,5.06,85
22107,PIZZA PLATE IN BOX,3.75,403
22108,PING! MICROWAVE PLATE,3.36,134
22109,FULL ENGLISH BREAKFAST PLATE,3.75,690
22110,BIRD HOUSE HOT WATER BOTTLE,2.55,549
22111,SCOTTIE DOG HOT WATER BOTTLE,4.95,1818
22112,CHOCOLATE HOT WATER BOTTLE,4.95,1825
22113,GREY HEART HOT WATER BOTTLE,3.75,1083
22114,HOT WATER BOTTLE TEA AND SYMPATHY,3.95,1695
22115,METAL SIGN EMPIRE TEA,2.95,512
22116,METAL SIGN HIS DINNER IS SERVED,1.63,204
22117,METAL SIGN HER DINNER IS SERVED,2.95,236
22118,JOY WOODEN BLOCK LETTERS,4.95,288
22119,PEACE WOODEN BLOCK LETTERS,6.95,362
22120,WELCOME  WOODEN BLOCK LETTERS,9.95,378
22121,NOEL WOODEN BLOCK LETTERS,5.95,475
22122,SET OF 2 FANCY FONT TEA TOWELS,2.95,198
22123,PING MICROWAVE APRON,4.13,172
22124,SET OF 2 TEA TOWELS PING MICROWAVE,2.51,134
22125,UNION JACK HOT WATER BOTTLE,5.95,195
22126,given away,0.0,3
22127,PARTY CONES CARNIVAL ASSORTED,1.25,168
22128,PARTY CONES CANDY ASSORTED,1.25,205
22129,PARTY CONES CANDY TREE DECORATION,0.85,177
22130,PARTY CONE CHRISTMAS DECORATION,0.85,466
22131,FOOD CONTAINER SET 3 LOVE HEART,1.95,729
22132,RED LOVE HEART SHAPE CUP,0.85,397
22133,PINK LOVE HEART SHAPE CUP,0.85,339
22134,MINI LADLE LOVE HEART RED,0.83,307
22135,MINI LADLE LOVE HEART PINK,0.83,331
22136,LOVE HEART SOCK HANGER,1.65,280
22137,BATHROOM SET LOVE HEART DESIGN,2.95,46
22138,BAKING SET 9 PIECE RETROSPOT,4.95,2141
22139,RETROSPOT TEA SET CERAMIC 11 PC,4.95,2176
22141,CHRISTMAS CRAFT TREE TOP ANGEL,2.1,631
22142,CHRISTMAS CRAFT WHITE FAIRY,1.45,548
22143,CHRISTMAS CRAFT HEART DECORATIONS,2.1,78
22144,CHRISTMAS CRAFT LITTLE FRIENDS,2.1,775
22145,CHRISTMAS CRAFT HEART STOCKING,2.1,210
22146,EASTER CRAFT IVY WREATH WITH CHICK,1.95,116
22147,FELTCRAFT BUTTERFLY HEARTS,1.45,1226
22148,EASTER CRAFT 4 CHICKS,1.95,313
22149,FELTCRAFT 6 FLOWER FRIENDS,2.1,1469
22150,3 STRIPEY MICE FELTCRAFT,1.95,995
22151,PLACE SETTING WHITE HEART,0.42,756
22152,PLACE SETTING WHITE STAR,0.42,259
22153,ANGEL DECORATION STARS ON DRESS,0.42,311
22154,ANGEL DECORATION 3 BUTTONS,0.42,361
22155,STAR DECORATION RUSTIC,0.42,376
22156,HEART DECORATION WITH PEARLS,0.85,633
22157,ANGEL DECORATION WITH LACE PADDED,0.85,133
22158,3 HEARTS HANGING DECORATION RUSTIC,2.95,786
22161,HEART DECORATION RUSTIC HANGING,0.79,521
22162,HEART GARLAND RUSTIC PADDED,2.95,284
22163,HEART STRING MEMO HOLDER HANGING,2.95,214
22164,STRING OF STARS CARD HOLDER,2.95,54
22165,"DIAMANTE HEART SHAPED WALL MIRROR,",11.02,289
22166,WALL MIRROR RECTANGLE DIAMANTE PINK,15.79,171
22167,OVAL WALL MIRROR DIAMANTE,9.95,327
22168,ORGANISER WOOD ANTIQUE WHITE,8.5,359
22169,FAMILY ALBUM WHITE PICTURE FRAME,8.5,753
22170,PICTURE FRAME WOOD TRIPLE PORTRAIT,6.75,612
22171,3 HOOK PHOTO SHELF ANTIQUE WHITE,8.5,713
22172,METAL SHELF WITH RAIL,8.5,191
22173,METAL 4 HOOK HANGER FRENCH CHATEAU,2.95,1046
22174,PHOTO CUBE,1.65,598
22175,PINK OWL SOFT TOY,2.95,380
22176,BLUE OWL SOFT TOY,2.95,275
22177,5 HOOK BLACKBOARD ORGANISER,9.95,136
22178,VICTORIAN GLASS HANGING T-LIGHT,1.25,1909
22179,SET 10 LIGHTS NIGHT OWL,6.75,598
22180,RETROSPOT LAMP,9.95,455
22181,SNOWSTORM PHOTO FRAME FRIDGE MAGNET,0.85,151
22182,CAKE STAND VICTORIAN FILIGREE SMALL,4.21,181
22183,CAKE STAND VICTORIAN FILIGREE MED,5.91,226
22184,CAKE STAND VICTORIAN FILIGREE LARGE,8.5,167
22185,SLATE TILE NATURAL HANGING,1.65,476
22186,RED STAR CARD HOLDER,2.95,370
22187,GREEN CHRISTMAS TREE CARD HOLDER,4.25,404
22188,BLACK HEART CARD HOLDER,3.95,589
22189,CREAM HEART CARD HOLDER,3.95,1343
22190,LOCAL CAFE MUG,2.1,260
22191,IVORY DINER WALL CLOCK,8.5,659
22192,BLUE DINER WALL CLOCK,8.5,577
22193,RED DINER WALL CLOCK,8.5,651
22194,BLACK DINER WALL CLOCK,8.5,171
22195,LARGE HEART MEASURING SPOONS,1.65,853
22196,SMALL HEART MEASURING SPOONS,0.85,1044
22197,SMALL POPCORN HOLDER,0.85,2535
22198,LARGE POPCORN HOLDER,1.65,756
22199,FRYING PAN RED RETROSPOT,4.25,421
22200,FRYING PAN PINK POLKADOT,4.25,372
22201,FRYING PAN BLUE POLKADOT,4.25,171
22202,MILK PAN PINK RETROSPOT,3.75,290
22203,MILK PAN RED RETROSPOT,3.75,413
22204,MILK PAN BLUE POLKADOT,3.75,175
22206,"MUG , DOTCOMGIFTSHOP.COM",0.85,10
22207,FRYING PAN UNION FLAG,4.25,501
22208,WOOD STAMP SET THANK YOU,1.65,454
22209,WOOD STAMP SET HAPPY BIRTHDAY,1.65,264
22210,WOOD STAMP SET BEST WISHES,1.63,304
22211,WOOD STAMP SET FLOWERS,1.65,302
22212,FOUR HOOK  WHITE LOVEBIRDS,2.1,873
22213,UNKNOWN ITEM,0.0,1
22214,CANDLE PLATE LACE WHITE,2.55,92
22215,CAKE STAND WHITE TWO TIER LACE,8.5,393
22216,T-LIGHT HOLDER WHITE LACE,0.85,123
22217,T-LIGHT HOLDER HANGING LACE,1.25,222
22218,CAKE STAND LACE WHITE,4.25,280
22219,LOVEBIRD HANGING DECORATION WHITE,0.85,1197
22220,CAKE STAND LOVEBIRD 2 TIER WHITE,9.95,299
22221,CAKE STAND LOVEBIRD 2 TIER PINK,9.95,167
22222,CAKE PLATE LOVEBIRD WHITE,4.95,411
22223,CAKE PLATE LOVEBIRD PINK,4.95,179
22224,WHITE LOVEBIRD LANTERN,2.95,421
22227,HANGING HEART MIRROR DECORATION,0.65,681
22228,BUNNY WOODEN PAINTED WITH BIRD,0.85,285
22229,BUNNY WOODEN PAINTED WITH FLOWER,0.85,196
22230,JIGSAW TREE WITH WATERING CAN,0.85,205
22231,JIGSAW TREE WITH BIRDHOUSE,1.45,324
22232,JIGSAW TOADSTOOLS 3 PIECE,1.65,166
22233,JIGSAW RABBIT AND BIRDHOUSE,1.65,179
22236,CAKE STAND 3 TIER MAGIC GARDEN,12.75,474
22241,GARLAND WOODEN HAPPY EASTER,1.25,485
22242,"HOOK, 5 HANGER , MAGIC TOADSTOOL",1.65,391
22243,5 HOOK HANGER RED MAGIC TOADSTOOL,1.65,419
22244,3 HOOK HANGER MAGIC GARDEN,1.95,459
22245,"HOOK, 1 HANGER ,MAGIC GARDEN",0.85,435
22246,MAGIC GARDEN FELT GARLAND,1.95,196
22247,BUNNY DECORATION MAGIC GARDEN,0.85,188
22248,DECORATION  PINK CHICK MAGIC GARDEN,0.85,183
22249,DECORATION WHITE CHICK MAGIC GARDEN,0.85,249
22250,DECORATION  BUTTERFLY  MAGIC GARDEN,0.85,265
22251,BIRDHOUSE DECORATION MAGIC GARDEN,1.25,308
22252,BIRDCAGE DECORATION TEALIGHT HOLDER,1.25,119
22253,6 CROCHET STRAWBERRIES,1.25,90
22254,FELT TOADSTOOL LARGE,1.25,158
22255,FELT TOADSTOOL  SMALL,0.85,155
22256,FELT FARM ANIMAL CHICKEN,1.25,125
22257,FELT FARM ANIMAL SHEEP,1.25,60
22258,FELT FARM ANIMAL RABBIT,1.25,136
22259,FELT FARM ANIMAL HEN,1.25,75
22260,FELT EGG COSY BLUE RABBIT,1.63,255
22261,FELT EGG COSY WHITE RABBIT,0.85,260
22262,FELT EGG COSY CHICKEN,0.85,330
22263,FELT EGG COSY LADYBIRD,0.85,108
22264,FELT FARM ANIMAL WHITE BUNNY,0.85,172
22265,EASTER DECORATION NATURAL CHICK,0.65,179
22266,EASTER DECORATION HANGING BUNNY,0.65,172
22267,EASTER DECORATION EGG BUNNY,1.25,122
22268,EASTER DECORATION SITTING BUNNY,0.85,254
22269,EGG CUP NATURAL CHICKEN,1.25,217
22270,HAPPY EASTER HANGING DECORATION,3.75,165
22271,FELTCRAFT DOLL ROSIE,2.95,818
22272,FELTCRAFT DOLL MARIA,2.95,320
22273,FELTCRAFT DOLL MOLLY,2.95,847
22274,FELTCRAFT DOLL EMILY,2.95,688
22275,WEEKEND BAG VINTAGE ROSE PAISLEY,8.5,326
22276,WASH BAG VINTAGE ROSE PAISLEY,2.55,393
22277,COSMETIC BAG VINTAGE ROSE PAISLEY,2.1,258
22278,OVERNIGHT BAG VINTAGE ROSE PAISLEY,4.95,416
22279,POCKET BAG BLUE PAISLEY RED SPOT,1.25,220
22280,POCKET BAG PINK PAISELY BROWN SPOT,1.25,163
22281,EASTER TREE YELLOW BIRDS,5.95,153
22282,12 EGG HOUSE PAINTED WOOD,12.75,221
22283,6 EGG HOUSE PAINTED WOOD,7.95,394
22284,HEN HOUSE DECORATION,1.65,311
22285,"DECORATION HEN ON NEST, HANGING",1.65,276
22286,"DECORATION , WOBBLY RABBIT , METAL",1.65,196
22287,"DECORATION , WOBBLY CHICKEN, METAL",1.65,122
22288,HANGING METAL RABBIT DECORATION,1.25,129
22289,"DECORATION , HANGING METAL CHICKEN",1.25,78
22290,STANDING METAL RABBIT WITH EGG,2.1,82
22291,"SPRING DEC , HANGING CHICK CREAM",1.45,271
22292,HANGING CHICK  YELLOW DECORATION,1.45,232
22293,HANGING CHICK GREEN DECORATION,1.45,233
22294,HEART FILIGREE DOVE  SMALL,1.25,925
22295,HEART FILIGREE DOVE LARGE,1.65,748
22296,HEART IVORY TRELLIS LARGE,1.65,876
22297,HEART IVORY TRELLIS SMALL,1.25,1021
22299,PIG KEYRING WITH LIGHT & SOUND,1.25,214
22300,COFFEE MUG DOG + BALL DESIGN,2.55,567
22301,COFFEE MUG CAT + BIRD DESIGN,2.55,697
22302,COFFEE MUG PEARS  DESIGN,2.55,414
22303,COFFEE MUG APPLES DESIGN,2.55,570
22304,COFFEE MUG BLUE PAISLEY DESIGN,2.55,182
22305,COFFEE MUG PINK PAISLEY DESIGN,2.55,153
22306,SILVER MUG BONE CHINA TREE OF LIFE,1.25,175
22307,GOLD MUG BONE CHINA TREE OF LIFE,1.65,133
22308,TEA COSY BLUE STRIPE,4.96,220
22309,TEA COSY RED  STRIPE,2.55,277
22310,IVORY KNITTED MUG COSY,3.29,243
22311,OFFICE MUG WARMER BLACK+SILVER,2.95,320
22312,OFFICE MUG WARMER POLKADOT,2.95,289
22313,OFFICE MUG WARMER PINK,2.95,145
22314,OFFICE MUG WARMER CHOC+BLUE,4.95,272
22315,200 RED + WHITE BENDY STRAWS,1.25,402
22316,200 BENDY SKULL STRAWS,1.25,123
22317,FIVE CATS HANGING DECORATION,2.95,169
22318,FIVE HEART HANGING DECORATION,2.95,410
22319,HAIRCLIPS FORTIES FABRIC ASSORTED,0.65,183
22320,BIRDS MOBILE VINTAGE DESIGN,5.95,191
22321,BIRD DECORATION RED RETROSPOT,0.85,315
22322,BIRD DECORATION GREEN POLKADOT,0.85,279
22323,PINK POLKADOT KIDS BAG,1.95,123
22324,BLUE POLKADOT KIDS BAG,4.13,159
22325,MOBILE VINTAGE HEARTS,4.95,244
22326,ROUND SNACK BOXES SET OF4 WOODLAND,2.95,1458
22327,ROUND SNACK BOXES SET OF 4 SKULLS,2.95,693
22328,ROUND SNACK BOXES SET OF 4 FRUITS,2.95,1218
22329,ROUND CONTAINER SET OF 5 RETROSPOT,1.65,623
22330,72 ROUND PINK DOILIES,1.45,25
22331,WOODLAND PARTY BAG + STICKER SET,1.65,460
22332,SKULLS PARTY BAG + STICKER SET,1.65,395
22333,RETROSPOT PARTY BAG + STICKER SET,1.65,739
22334,DINOSAUR PARTY BAG + STICKER SET,1.65,274
22335,HEART DECORATION PAINTED ZINC,0.65,546
22336,DOVE DECORATION PAINTED ZINC,0.65,235
22337,ANGEL DECORATION PAINTED ZINC,0.65,156
22338,STAR DECORATION PAINTED ZINC,0.63,283
22339,CHRISTMAS TREE PAINTED ZINC,0.65,163
22340,NOEL GARLAND PAINTED ZINC,0.83,187
22341,LOVE GARLAND PAINTED ZINC,1.65,254
22342,HOME GARLAND PAINTED ZINC,1.65,239
22343,PARTY PIZZA DISH RED RETROSPOT,0.85,192
22344,PARTY PIZZA DISH PINK POLKADOT,0.85,135
22345,PARTY PIZZA DISH BLUE POLKADOT,0.85,134
22346,PARTY PIZZA DISH GREEN POLKADOT,0.85,105
22347,PIZZA SLICE DISH,1.25,118
22348,TEA BAG PLATE RED RETROSPOT,0.85,997
22349,DOG BOWL CHASING BALL DESIGN,3.75,384
22350,ILLUSTRATED CAT BOWL,2.55,350
22351,DOTCOMGIFTSHOP TEA TOWEL,2.4699999999999998,4
22352,LUNCH BOX WITH CUTLERY RETROSPOT,2.55,1164
22353,LUNCH BOX WITH CUTLERY FAIRY CAKES,2.55,508
22354,RETROSPOT PADDED SEAT CUSHION,3.75,288
22355,CHARLOTTE BAG SUKI DESIGN,0.85,1817
22356,CHARLOTTE BAG PINK POLKADOT,0.85,1651
22357,KINGS CHOICE BISCUIT TIN,4.25,495
22358,KINGS CHOICE TEA CADDY,2.95,639
22359,GLASS JAR KINGS CHOICE,2.95,229
22360,GLASS JAR ENGLISH CONFECTIONERY,2.95,482
22361,GLASS JAR DAISY FRESH COTTON WOOL,2.95,539
22362,GLASS JAR PEACOCK BATH SALTS,2.95,275
22363,GLASS JAR MARMALADE,2.95,191
22364,GLASS JAR DIGESTIVE BISCUITS,2.95,386
22365,DOORMAT RESPECTABLE HOUSE,7.95,461
22366,DOORMAT AIRMAIL,7.95,589
22367,CHILDRENS APRON SPACEBOY DESIGN,1.95,1201
22371,AIRLINE BAG VINTAGE TOKYO 78,4.25,731
22372,AIRLINE BAG VINTAGE WORLD CHAMPION,4.25,309
22374,AIRLINE BAG VINTAGE JET SET RED,4.25,449
22375,AIRLINE BAG VINTAGE JET SET BROWN,4.25,302
22376,AIRLINE BAG VINTAGE JET SET WHITE,4.25,262
22377,BOTTLE BAG RETROSPOT,2.1,444
22378,WALL TIDY RETROSPOT,2.1,563
22379,RECYCLING BAG RETROSPOT,2.1,1616
22380,TOY TIDY SPACEBOY,2.1,711
22381,TOY TIDY PINK POLKADOT,2.1,1131
22382,LUNCH BAG SPACEBOY DESIGN,1.65,2223
22383,LUNCH BAG SUKI  DESIGN,1.65,2505
22384,LUNCH BAG PINK POLKADOT,1.65,2196
22385,JUMBO BAG SPACEBOY DESIGN,1.95,1289
22386,JUMBO BAG PINK POLKADOT,1.95,2328
22389,PAPERWEIGHT SAVE THE PLANET,2.55,95
22390,PAPERWEIGHT CHILDHOOD MEMORIES,2.55,85
22391,PAPERWEIGHT HOME SWEET HOME,2.55,66
22393,PAPERWEIGHT VINTAGE COLLAGE,2.55,127
22394,PAPERWEIGHT KINGS CHOICE,2.55,57
22395,PAPERWEIGHT VINTAGE PAISLEY,2.55,56
22396,MAGNETS PACK OF 4 RETRO PHOTO,1.06,191
22398,MAGNETS PACK OF 4 SWALLOWS,1.25,455
22399,MAGNETS PACK OF 4 CHILDHOOD MEMORY,1.25,286
22400,MAGNETS PACK OF 4 HOME SWEET HOME,1.25,240
22402,MAGNETS PACK OF 4 VINTAGE COLLAGE,1.25,260
22403,MAGNETS PACK OF 4 VINTAGE LABELS,1.25,218
22405,MONEY BOX POCKET MONEY DESIGN,1.25,230
22406,MONEY BOX KINGS CHOICE DESIGN,1.25,227
22407,MONEY BOX FIRST ADE DESIGN,1.25,76
22408,MONEY BOX CONFECTIONERY DESIGN,1.25,99
22409,MONEY BOX BISCUITS DESIGN,1.25,176
22410,MONEY BOX HOUSEKEEPING DESIGN,1.25,199
22411,JUMBO SHOPPER VINTAGE RED PAISLEY,1.95,2273
22412,METAL SIGN NEIGHBOURHOOD WITCH,2.1,413
22413,METAL SIGN TAKE IT OR LEAVE IT,2.95,911
22414,DOORMAT NEIGHBOURHOOD WITCH,7.95,230
22415,WHITE TISSUE REAM,7.95,211
22416,SET OF 36 DOILIES SPACEBOY DESIGN,1.45,179
22417,PACK OF 60 SPACEBOY CAKE CASES,0.55,1143
22418,10 COLOUR SPACEBOY PEN,0.85,626
22419,LIPSTICK PEN RED,0.42,539
22420,LIPSTICK PEN BABY PINK,0.42,246
22421,LIPSTICK PEN FUSCHIA,0.42,433
22422,TOOTHPASTE TUBE PEN,1.25,376
22423,REGENCY CAKESTAND 3 TIER,12.75,4403
22424,ENAMEL BREAD BIN CREAM,12.75,781
22425,ENAMEL COLANDER CREAM,4.95,318
22426,ENAMEL WASH BOWL CREAM,3.75,395
22427,ENAMEL FLOWER JUG CREAM,5.95,846
22428,ENAMEL FIRE BUCKET CREAM,6.95,216
22429,ENAMEL MEASURING JUG CREAM,4.25,675
22430,ENAMEL WATERING CAN CREAM,4.95,383
22431,WATERING CAN BLUE ELEPHANT,1.95,643
22432,WATERING CAN PINK BUNNY,1.95,536
22433,WATERING CAN GREEN DINOSAUR,1.95,437
22434,BALLOON PUMP WITH 10 BALLOONS,1.95,294
22435,SET OF 9 HEART SHAPED BALLOONS,1.25,563
22436,12 COLOURED PARTY BALLOONS,0.65,304
22437,SET OF 9 BLACK SKULL BALLOONS,0.85,464
22438,BALLOON ART MAKE YOUR OWN FLOWERS,1.95,184
22439,6 ROCKET BALLOONS,0.65,383
22440,BALLOON WATER BOMB PACK OF 35,0.42,310
22441,GROW YOUR OWN BASIL IN ENAMEL MUG,2.1,500
22442,GROW YOUR OWN FLOWERS SET OF 3,7.95,192
22443,GROW YOUR OWN HERBS SET OF 3,7.95,280
22444,GROW YOUR OWN PLANT IN A CAN,1.25,487
22445,PENCIL CASE LIFE IS BEAUTIFUL,2.95,293
22446,PIN CUSHION BABUSHKA PINK,2.51,193
22447,PIN CUSHION BABUSHKA BLUE,3.35,85
22448,PIN CUSHION BABUSHKA RED,3.35,125
22449,SILK PURSE BABUSHKA PINK,3.35,329
22450,SILK PURSE BABUSHKA BLUE,3.35,204
22451,SILK PURSE BABUSHKA RED,3.35,273
22452,MEASURING TAPE BABUSHKA PINK,2.95,266
22453,MEASURING TAPE BABUSHKA BLUE,2.95,154
22454,MEASURING TAPE BABUSHKA RED,2.95,197
22456,NATURAL SLATE CHALKBOARD LARGE,4.95,905
22457,NATURAL SLATE HEART CHALKBOARD,2.95,2138
22458,CAST IRON HOOK GARDEN FORK,2.55,181
22459,CAST IRON HOOK GARDEN TROWEL,2.55,185
22460,EMBOSSED GLASS TEALIGHT HOLDER,1.25,393
22461,SAVOY ART DECO CLOCK,12.75,185
22464,HANGING METAL HEART LANTERN,1.65,835
22465,HANGING METAL STAR LANTERN,1.65,508
22466,FAIRY TALE COTTAGE NIGHTLIGHT,1.95,418
22467,GUMBALL COAT RACK,2.55,1216
22468,BABUSHKA LIGHTS STRING OF 10,6.75,437
22469,HEART OF WICKER SMALL,1.65,2303
22470,HEART OF WICKER LARGE,2.95,2091
22471,TV DINNER TRAY AIR HOSTESS,4.95,190
22472,TV DINNER TRAY DOLLY GIRL,4.95,263
22473,TV DINNER TRAY VINTAGE PAISLEY,4.95,221
22474,SPACEBOY TV DINNER TRAY,4.95,270
22475,SKULL DESIGN TV DINNER TRAY,4.95,269
22476,EMPIRE UNION JACK TV DINNER TRAY,4.95,287
22477,WATERING CAN GARDEN MARKER,1.25,284
22478,BIRDHOUSE GARDEN MARKER,1.25,323
22479,DAISY GARDEN MARKER,1.25,218
22480,RED TEA TOWEL CLASSIC DESIGN,1.25,281
22481,BLACK TEA TOWEL CLASSIC DESIGN,1.25,228
22482,BLUE TEA TOWEL CLASSIC DESIGN,1.25,229
22483,RED GINGHAM TEDDY BEAR,2.95,364
22485,SET OF 2 WOODEN MARKET CRATES,12.75,431
22486,PLASMATRONIC LAMP,12.75,48
22487,WHITE WOOD GARDEN PLANT LADDER,9.95,948
22488,NATURAL SLATE RECTANGLE CHALKBOARD,1.65,839
22489,PACK OF 12 TRADITIONAL CRAYONS,0.42,816
22491,PACK OF 12 COLOURED PENCILS,0.85,406
22492,MINI PAINT SET VINTAGE,0.65,761
22493,PAINT YOUR OWN CANVAS SET,1.65,444
22494,EMERGENCY FIRST AID TIN,1.25,498
22495,SET OF 2 ROUND TINS CAMEMBERT,2.95,244
22496,SET OF 2 ROUND TINS DUTCH CHEESE,2.95,198
22497,SET OF 2 TINS VINTAGE BATHROOM,4.25,293
22498,WOODEN REGATTA BUNTING,5.95,385
22499,WOODEN UNION JACK BUNTING,5.95,789
22500,SET OF 2 TINS JARDIN DE PROVENCE,4.95,204
22501,PICNIC BASKET WICKER LARGE,9.95,833
22502,PICNIC BASKET WICKER SMALL,5.95,984
22503,CABIN BAG VINTAGE PAISLEY,29.95,63
22504,CABIN BAG VINTAGE RETROSPOT,29.95,126
22505,MEMO BOARD COTTAGE DESIGN,4.95,781
22507,MEMO BOARD RETROSPOT  DESIGN,4.95,930
22508,DOORSTOP RETROSPOT HEART,3.75,728
22509,SEWING BOX RETROSPOT DESIGN,16.95,195
22510,GINGHAM BABUSHKA DOORSTOP,3.75,92
22511,RETROSPOT BABUSHKA DOORSTOP,3.75,117
22512,DOORSTOP RACING CAR DESIGN,3.75,74
22513,DOORSTOP FOOTBALL DESIGN,3.75,175
22514,CHILDS GARDEN SPADE BLUE,2.1,246
22515,CHILDS GARDEN SPADE PINK,2.1,221
22516,CHILDS GARDEN RAKE BLUE,2.1,170
22517,CHILDS GARDEN RAKE PINK,2.1,154
22518,CHILDS GARDEN BRUSH BLUE,2.1,279
22519,CHILDS GARDEN BRUSH PINK,2.1,276
22520,CHILDS GARDEN TROWEL BLUE,0.85,383
22521,CHILDS GARDEN TROWEL PINK,0.85,383
22522,CHILDS GARDEN FORK BLUE,0.85,343
22523,CHILDS GARDEN FORK PINK,0.85,365
22524,CHILDRENS GARDEN GLOVES BLUE,1.25,311
22525,CHILDRENS GARDEN GLOVES PINK,1.25,347
22526,WHEELBARROW FOR CHILDREN,12.75,219
22528,GARDENERS KNEELING PAD,1.25,572
22529,MAGIC DRAWING SLATE GO TO THE FAIR,0.42,161
22530,MAGIC DRAWING SLATE DOLLY GIRL,0.42,493
22531,MAGIC DRAWING SLATE CIRCUS PARADE,0.42,430
22532,MAGIC DRAWING SLATE LEAP FROG,0.42,186
22533,MAGIC DRAWING SLATE BAKE A CAKE,0.42,250
22534,MAGIC DRAWING SLATE SPACEBOY,0.42,628
22535,MAGIC DRAWING SLATE BUNNIES,0.42,309
22536,MAGIC DRAWING SLATE PURDEY,0.42,393
22537,MAGIC DRAWING SLATE DINOSAUR,0.42,370
22538,MINI JIGSAW GO TO THE FAIR,0.42,87
22539,MINI JIGSAW DOLLY GIRL,0.42,262
22540,MINI JIGSAW CIRCUS PARADE,0.42,200
22541,MINI JIGSAW LEAP FROG,0.42,68
22543,MINI JIGSAW BAKE A CAKE,0.42,123
22544,MINI JIGSAW SPACEBOY,0.42,358
22545,MINI JIGSAW BUNNIES,0.42,192
22546,MINI JIGSAW PURDEY,0.42,185
22547,MINI JIGSAW DINOSAUR,0.42,199
22548,HEADS AND TAILS SPORTING FUN,1.25,460
22549,PICTURE DOMINOES,1.45,746
22550,HOLIDAY FUN LUDO,3.75,452
22551,PLASTERS IN TIN SPACEBOY,1.65,1373
22553,PLASTERS IN TIN SKULLS,1.65,1160
22554,PLASTERS IN TIN WOODLAND ANIMALS,1.65,1336
22555,PLASTERS IN TIN STRONGMAN,1.65,1014
22556,PLASTERS IN TIN CIRCUS PARADE,1.65,1265
22557,PLASTERS IN TIN VINTAGE PAISLEY,1.65,1201
22558,CLOTHES PEGS RETROSPOT PACK 24,1.49,1264
22559,SEASIDE FLYING DISC,1.25,210
22560,TRADITIONAL MODELLING CLAY,1.25,780
22561,WOODEN SCHOOL COLOURING SET,1.65,950
22562,MONSTERS STENCIL CRAFT,1.25,405
22563,HAPPY STENCIL CRAFT,1.25,558
22564,ALPHABET STENCIL CRAFT,1.25,360
22565,FELTCRAFT HAIRBANDS PINK AND WHITE,0.85,292
22566,FELTCRAFT HAIRBAND PINK AND PURPLE,0.85,314
22567,20 DOLLY PEGS RETROSPOT,1.25,538
22568,FELTCRAFT CUSHION OWL,3.75,931
22569,FELTCRAFT CUSHION BUTTERFLY,3.75,841
22570,FELTCRAFT CUSHION RABBIT,3.75,862
22571,ROCKING HORSE RED CHRISTMAS,0.85,549
22572,ROCKING HORSE GREEN CHRISTMAS,0.85,396
22573,STAR WOODEN CHRISTMAS DECORATION,0.85,433
22574,HEART WOODEN CHRISTMAS DECORATION,0.85,444
22575,METAL MERRY CHRISTMAS WREATH,1.95,363
22576,SWALLOW WOODEN CHRISTMAS DECORATION,0.85,365
22577,WOODEN HEART CHRISTMAS SCANDINAVIAN,0.84,882
22578,WOODEN STAR CHRISTMAS SCANDINAVIAN,0.83,825
22579,WOODEN TREE CHRISTMAS SCANDINAVIAN,0.85,597
22580,ADVENT CALENDAR GINGHAM SACK,5.95,518
22581,WOOD STOCKING CHRISTMAS SCANDISPOT,0.85,410
22582,PACK OF 6 SWEETIE GIFT BOXES,2.55,315
22583,PACK OF 6 HANDBAG GIFT BOXES,2.55,377
22584,PACK OF 6 PANNETONE GIFT BOXES,2.55,611
22585,PACK OF 6 BIRDY GIFT TAGS,1.25,1183
22586,FELTCRAFT HAIRBAND PINK AND BLUE,0.85,314
22587,FELTCRAFT HAIRBAND RED AND BLUE,0.85,329
22588,CARD HOLDER GINGHAM HEART,2.55,511
22589,CARDHOLDER GINGHAM STAR,2.55,255
22591,CARDHOLDER GINGHAM CHRISTMAS TREE,2.55,226
22592,CARDHOLDER HOLLY WREATH METAL,3.75,317
22593,CHRISTMAS GINGHAM STAR,0.85,438
22594,CHRISTMAS GINGHAM TREE,0.85,431
22595,GINGHAM HEART DECORATION,0.85,837
22596,CHRISTMAS STAR WISH LIST CHALKBOARD,1.25,457
22597,MUSICAL ZINC HEART DECORATION,0.85,305
22598,CHRISTMAS MUSICAL ZINC TREE,0.83,149
22599,CHRISTMAS MUSICAL ZINC STAR,0.83,195
22600,CHRISTMAS RETROSPOT STAR WOOD,0.85,453
22601,CHRISTMAS RETROSPOT ANGEL WOOD,0.85,447
22602,CHRISTMAS RETROSPOT HEART WOOD,0.85,568
22603,CHRISTMAS RETROSPOT TREE WOOD,0.85,417
22604,SET OF 4 NAPKIN CHARMS CUTLERY,2.55,261
22605,WOODEN CROQUET GARDEN SET,12.75,666
22606,WOODEN SKITTLES GARDEN SET,15.95,400
22607,WOODEN ROUNDERS GARDEN SET,8.5,768
22608,PENS ASSORTED FUNKY JEWELED,0.42,173
22609,PENS ASSORTED SPACEBALL,0.21,209
22610,PENS ASSORTED FUNNY FACE,0.21,292
22611,VINTAGE UNION JACK SHOPPING BAG,4.95,203
22612,TEA COSY VINTAGE UNION JACK,3.75,113
22613,PACK OF 20 SPACEBOY NAPKINS,0.85,284
22614,PACK OF 12 SPACEBOY TISSUES,0.29,389
22615,PACK OF 12 CIRCUS PARADE TISSUES,0.29,195
22616,PACK OF 12 LONDON TISSUES,0.29,875
22617,BAKING SET SPACEBOY DESIGN,4.95,1033
22618,COOKING SET RETROSPOT,9.95,296
22619,SET OF 6 SOLDIER SKITTLES,3.75,748
22620,4 TRADITIONAL SPINNING TOPS,1.45,888
22621,TRADITIONAL KNITTING NANCY,1.65,914
22622,BOX OF VINTAGE ALPHABET BLOCKS,9.95,608
22623,BOX OF VINTAGE JIGSAW BLOCKS,4.95,569
22624,IVORY KITCHEN SCALES,8.5,1275
22625,RED KITCHEN SCALES,8.5,1016
22626,BLACK KITCHEN SCALES,8.5,364
22627,MINT KITCHEN SCALES,8.5,694
22628,PICNIC BOXES SET OF 3 RETROSPOT,4.95,368
22629,SPACEBOY LUNCH BOX,1.95,1430
22630,DOLLY GIRL LUNCH BOX,1.95,1404
22631,CIRCUS PARADE LUNCH BOX,1.95,696
22632,HAND WARMER RED RETROSPOT,2.1,906
22633,HAND WARMER UNION JACK,2.1,1004
22634,CHILDS BREAKFAST SET SPACEBOY,9.95,570
22635,CHILDS BREAKFAST SET DOLLY GIRL,9.95,531
22636,CHILDS BREAKFAST SET CIRCUS PARADE,8.5,532
22637,PIGGY BANK RETROSPOT,2.55,656
22638,SET OF 4 NAPKIN CHARMS CROWNS,2.55,81
22639,SET OF 4 NAPKIN CHARMS HEARTS,2.55,292
22640,SET OF 4 NAPKIN CHARMS 3 KEYS,2.55,93
22641,SET OF 4 NAPKIN CHARMS INSTRUMENT,2.55,73
22642,SET OF 4 NAPKIN CHARMS STARS,2.55,150
22643,SET OF 4 NAPKIN CHARMS LEAVES,2.55,99
22644,CERAMIC CHERRY CAKE MONEY BANK,1.45,655
22645,CERAMIC HEART FAIRY CAKE MONEY BANK,1.45,789
22646,CERAMIC STRAWBERRY CAKE MONEY BANK,1.45,956
22647,CERAMIC LOVE HEART MONEY BANK,1.45,88
22649,STRAWBERRY FAIRY CAKE TEAPOT,4.95,551
22650,CERAMIC PIRATE CHEST MONEY BANK,1.45,302
22651,GENTLEMAN SHIRT REPAIR KIT,0.85,289
22652,TRAVEL SEWING KIT,1.65,886
22653,BUTTON BOX,1.95,401
22654,DELUXE SEWING KIT,5.95,654
22655,VINTAGE RED KITCHEN CABINET,125.0,69
22656,VINTAGE BLUE KITCHEN CABINET,125.0,54
22657,HEN & 2 CHICKS IN BASKET,0.85,9
22659,LUNCH BOX I LOVE LONDON,1.95,1169
22660,DOORMAT I LOVE LONDON,7.95,201
22661,CHARLOTTE BAG DOLLY GIRL DESIGN,0.85,656
22662,LUNCH BAG DOLLY GIRL DESIGN,1.65,1032
22663,JUMBO BAG DOLLY GIRL DESIGN,2.08,703
22664,TOY TIDY DOLLY GIRL DESIGN,2.1,276
22665,RECIPE BOX BLUE SKETCHBOOK DESIGN,2.95,754
22666,RECIPE BOX PANTRY YELLOW DESIGN,2.95,1789
22667,RECIPE BOX RETROSPOT,2.95,928
22668,PINK BABY BUNTING,2.95,591
22669,RED BABY BUNTING,2.95,460
22670,FRENCH WC SIGN BLUE METAL,1.25,448
22671,FRENCH LAUNDRY SIGN BLUE METAL,1.65,255
22672,FRENCH BATHROOM SIGN BLUE METAL,1.65,386
22673,FRENCH GARDEN SIGN BLUE METAL,1.25,203
22674,FRENCH TOILET SIGN BLUE METAL,1.25,307
22675,FRENCH KITCHEN SIGN BLUE METAL,1.25,280
22676,FRENCH BLUE METAL DOOR SIGN 1,1.25,323
22677,FRENCH BLUE METAL DOOR SIGN 2,1.25,291
22678,FRENCH BLUE METAL DOOR SIGN 3,1.25,264
22679,FRENCH BLUE METAL DOOR SIGN 4,1.25,241
22680,FRENCH BLUE METAL DOOR SIGN 5,1.25,243
22681,FRENCH BLUE METAL DOOR SIGN 6,1.25,204
22682,FRENCH BLUE METAL DOOR SIGN 7,1.25,194
22683,FRENCH BLUE METAL DOOR SIGN 8,1.25,206
22684,FRENCH BLUE METAL DOOR SIGN 9,1.25,177
22685,FRENCH BLUE METAL DOOR SIGN 0,1.25,169
22686,FRENCH BLUE METAL DOOR SIGN No,1.25,234
22687,DOORMAT CHRISTMAS VILLAGE,7.95,155
22688,DOORMAT PEACE ON EARTH BLUE,7.95,102
22689,DOORMAT MERRY CHRISTMAS RED,7.95,278
22690,DOORMAT HOME SWEET HOME BLUE,7.95,452
22691,DOORMAT WELCOME SUNRISE,7.95,223
22692,DOORMAT WELCOME TO OUR HOME,7.95,620
22693,GROW A FLYTRAP OR SUNFLOWER IN TIN,1.25,354
22694,WICKER STAR,2.1,921
22695,WICKER WREATH SMALL,1.45,244
22696,WICKER WREATH LARGE,1.95,312
22697,GREEN REGENCY TEACUP AND SAUCER,2.95,1467
22698,PINK REGENCY TEACUP AND SAUCER,2.95,1091
22699,ROSES REGENCY TEACUP AND SAUCER,2.95,1538
22700,BLACK AND WHITE DOG BOWL,2.95,106
22701,PINK DOG BOWL,2.95,166
22702,BLACK AND WHITE CAT BOWL,2.1,99
22703,PINK CAT BOWL,1.63,166
22704,WRAP RED APPLES,0.42,302
22705,WRAP GREEN PEARS,0.42,157
22706,WRAP COWBOYS,0.42,129
22707,WRAP MONSTER FUN,0.42,83
22708,WRAP DOLLY GIRL,0.42,162
22709,WRAP WEDDING DAY,0.42,78
22710,WRAP I LOVE LONDON,0.42,179
22711,WRAP CIRCUS PARADE,0.42,183
22712,CARD DOLLY GIRL,0.42,528
22713,CARD I LOVE LONDON,0.42,381
22714,CARD BIRTHDAY COWBOY,0.42,368
22715,CARD WEDDING DAY,0.42,220
22716,CARD CIRCUS PARADE,0.42,460
22717,CARD DOG AND BALL,0.42,221
22718,CARD CAT AND TREE,0.42,271
22719,GUMBALL MONOCHROME COAT RACK,1.25,265
22720,SET OF 3 CAKE TINS PANTRY DESIGN,4.95,1469
22721,SET OF 3 CAKE TINS SKETCHBOOK,4.95,298
22722,SET OF 6 SPICE TINS PANTRY DESIGN,3.95,863
22723,SET OF 6 HERB TINS SKETCHBOOK,3.95,300
22725,ALARM CLOCK BAKELIKE CHOCOLATE,3.75,592
22726,ALARM CLOCK BAKELIKE GREEN,3.75,1368
22727,ALARM CLOCK BAKELIKE RED,3.75,1463
22728,ALARM CLOCK BAKELIKE PINK,3.75,1033
22729,ALARM CLOCK BAKELIKE ORANGE,3.75,669
22730,ALARM CLOCK BAKELIKE IVORY,3.75,797
22731,3D CHRISTMAS STAMPS STICKERS,1.25,289
22732,3D VINTAGE CHRISTMAS STICKERS,1.25,358
22733,3D TRADITIONAL CHRISTMAS STICKERS,1.25,363
22734,SET OF 6 RIBBONS VINTAGE CHRISTMAS,2.89,799
22735,RIBBON REEL SOCKS AND MITTENS,1.65,254
22736,RIBBON REEL MAKING SNOWMEN,1.65,442
22737,RIBBON REEL CHRISTMAS PRESENT,1.65,531
22738,RIBBON REEL SNOWY VILLAGE,1.65,534
22739,RIBBON REEL CHRISTMAS SOCK BAUBLE,1.65,644
22740,POLKADOT PEN,0.85,317
22741,FUNKY DIVA PEN,0.85,302
22742,MAKE YOUR OWN PLAYTIME CARD KIT,2.95,189
22743,MAKE YOUR OWN FLOWERPOWER CARD KIT,2.95,372
22744,MAKE YOUR OWN MONSOON CARD KIT,2.95,323
22745,POPPY'S PLAYHOUSE BEDROOM,2.1,753
22746,POPPY'S PLAYHOUSE LIVINGROOM,2.1,598
22747,POPPY'S PLAYHOUSE BATHROOM,2.1,425
22748,POPPY'S PLAYHOUSE KITCHEN,2.1,793
22749,FELTCRAFT PRINCESS CHARLOTTE DOLL,3.75,723
22750,FELTCRAFT PRINCESS LOLA DOLL,3.75,681
22751,FELTCRAFT PRINCESS OLIVIA DOLL,3.75,490
22752,SET 7 BABUSHKA NESTING BOXES,8.5,778
22753,SMALL YELLOW BABUSHKA NOTEBOOK,0.85,426
22754,SMALL RED BABUSHKA NOTEBOOK,0.85,518
22755,SMALL PURPLE BABUSHKA NOTEBOOK,0.85,526
22756,LARGE YELLOW BABUSHKA NOTEBOOK,1.25,226
22757,LARGE RED BABUSHKA NOTEBOOK,1.25,329
22758,LARGE PURPLE BABUSHKA NOTEBOOK,1.25,336
22759,SET OF 3 NOTEBOOKS IN PARCEL,1.65,846
22760,"TRAY, BREAKFAST IN BED",12.75,132
22761,CHEST 7 DRAWER MA CAMPAGNE,24.95,40
22762,CUPBOARD 3 DRAWER MA CAMPAGNE,14.95,146
22763,KEY CABINET MA CAMPAGNE,9.95,146
22764,"RUSTIC WOODEN CABINET, GLASS DOORS",24.95,29
22765,NEWSPAPER STAND,14.95,60
22766,PHOTO FRAME CORNICE,2.95,684
22767,TRIPLE PHOTO FRAME CORNICE,9.95,327
22768,FAMILY PHOTO FRAME CORNICE,9.95,400
22769,CHALKBOARD KITCHEN ORGANISER,24.95,57
22770,MIRROR CORNICE,14.95,79
22771,CLEAR DRAWER KNOB ACRYLIC EDWARDIAN,1.25,537
22772,PINK DRAWER KNOB ACRYLIC EDWARDIAN,1.25,333
22773,GREEN DRAWER KNOB ACRYLIC EDWARDIAN,1.25,243
22774,RED DRAWER KNOB ACRYLIC EDWARDIAN,1.25,198
22775,PURPLE DRAWERKNOB ACRYLIC EDWARDIAN,1.25,306
22776,SWEETHEART CAKESTAND 3 TIER,9.95,763
22777,GLASS CLOCHE LARGE,8.5,116
22778,GLASS CLOCHE SMALL,3.95,235
22779,WOODEN OWLS LIGHT GARLAND,4.25,211
22780,LIGHT GARLAND BUTTERFILES PINK,4.25,196
22781,GUMBALL MAGAZINE RACK,7.65,334
22782,SET 3 WICKER STORAGE BASKETS,24.95,84
22783,SET 3 WICKER OVAL BASKETS W LIDS,19.95,50
22784,LANTERN CREAM GAZEBO,4.95,423
22785,SQUARECUSHION COVER PINK UNION FLAG,6.75,131
22786,CUSHION COVER PINK UNION JACK,5.95,99
22788,BROCANTE COAT RACK,9.95,97
22789,T-LIGHT HOLDER SWEETHEART HANGING,1.95,204
22790,"MIRROR, ARCHED GEORGIAN",19.42,1
22791,T-LIGHT GLASS FLUTED ANTIQUE,1.25,472
22792,FLUTED ANTIQUE CANDLE HOLDER,0.85,279
22794,SWEETHEART WIRE MAGAZINE RACK,7.95,221
22795,SWEETHEART RECIPE BOOK STAND,6.75,535
22796,PHOTO FRAME 3 CLASSIC HANGING,9.95,351
22797,CHEST OF DRAWERS GINGHAM HEART,16.95,163
22798,ANTIQUE GLASS DRESSING TABLE POT,2.95,403
22799,SWEETHEART WIRE FRUIT BOWL,8.5,110
22800,ANTIQUE TALL SWIRLGLASS TRINKET POT,3.75,296
22801,ANTIQUE GLASS PEDESTAL BOWL,3.75,343
22802,FAUX FUR CHOCOLATE THROW,19.95,67
22803,IVORY EMBROIDERED QUILT,35.75,45
22804,CANDLEHOLDER PINK HANGING HEART,2.95,715
22805,BLUE DRAWER KNOB ACRYLIC EDWARDIAN,1.25,244
22806,SET OF 6 T-LIGHTS WEDDING CAKE,2.95,62
22807,SET OF 6 T-LIGHTS TOADSTOOLS,2.95,313
22808,SET OF 6 T-LIGHTS EASTER CHICKS,2.95,86
22809,SET OF 6 T-LIGHTS SANTA,2.95,405
22810,SET OF 6 T-LIGHTS SNOWMEN,2.95,364
22811,SET OF 6 T-LIGHTS CACTI,2.95,150
22812,PACK 3 BOXES CHRISTMAS PANNETONE,1.95,517
22813,PACK 3 BOXES BIRD PANNETONE,1.95,400
22814,CARD PARTY GAMES,0.42,300
22815,CARD PSYCHEDELIC APPLES,0.42,346
22816,CARD MOTORBIKE SANTA,0.42,468
22817,CARD SUKI BIRTHDAY,0.42,359
22818,CARD CHRISTMAS VILLAGE,0.42,432
22819,"BIRTHDAY CARD, RETRO SPOT",0.42,333
22820,GIFT BAG BIRTHDAY,0.65,113
22821,GIFT BAG PSYCHEDELIC APPLES,0.65,192
22822,CREAM WALL PLANTER HEART SHAPED,5.95,194
22823,CHEST NATURAL WOOD 20 DRAWERS,110.0,20
22824,3 TIER SWEETHEART GARDEN SHELF,35.95,51
22825,DECORATIVE PLANT POT WITH FRIEZE,7.95,44
22826,LOVE SEAT ANTIQUE WHITE METAL,85.0,45
22827,RUSTIC  SEVENTEEN DRAWER SIDEBOARD,165.0,43
22828,REGENCY MIRROR WITH SHUTTERS,145.0,13
22829,SWEETHEART WIRE WALL TIDY,9.95,127
22830,UTILTY CABINET WITH HOOKS,26.95,24
22831,WHITE BROCANTE SOAP DISH,2.95,143
22832,BROCANTE SHELF WITH HOOKS,10.75,93
22833,HALL CABINET WITH 3 DRAWERS,49.95,18
22834,HAND WARMER BABUSHKA DESIGN,2.1,681
22835,HOT WATER BOTTLE I AM SO POORLY,4.65,1076
22837,HOT WATER BOTTLE BABUSHKA,4.65,540
22838,3 TIER CAKE TIN RED AND CREAM,14.95,304
22839,3 TIER CAKE TIN GREEN AND CREAM,14.95,288
22840,ROUND CAKE TIN VINTAGE RED,7.95,437
22841,ROUND CAKE TIN VINTAGE GREEN,7.95,331
22842,BISCUIT TIN VINTAGE RED,6.75,261
22843,BISCUIT TIN VINTAGE GREEN,6.75,199
22844,VINTAGE CREAM DOG FOOD CONTAINER,8.5,521
22845,VINTAGE CREAM CAT FOOD CONTAINER,6.35,418
22846,BREAD BIN DINER STYLE RED,16.95,377
22847,BREAD BIN DINER STYLE IVORY,16.95,534
22848,BREAD BIN DINER STYLE PINK,16.95,170
22849,BREAD BIN DINER STYLE MINT,16.95,180
22850,BREAD BIN DINER STYLE BLACK,14.95,6
22851,SET 20 NAPKINS FAIRY CAKES DESIGN,0.85,548
22852,DOG BOWL VINTAGE CREAM,4.25,162
22853,CAT BOWL VINTAGE CREAM,3.25,148
22854,CREAM SWEETHEART EGG HOLDER,4.95,260
22855,FINE WICKER HEART,1.25,451
22856,ASSORTED EASTER DECORATIONS  BELLS,1.25,35
22857,ASSORTED EASTER GIFT TAGS,0.85,67
22858,EASTER TIN KEEPSAKE,1.65,143
22859,EASTER TIN BUNNY BOUQUET,1.65,178
22860,EASTER TIN CHICKS PINK DAISY,1.65,115
22861,EASTER TIN CHICKS IN GARDEN,1.65,50
22862,LOVE HEART NAPKIN BOX,4.25,241
22863,SOAP DISH BROCANTE,2.95,183
22864,MUG AND COASTER SET RED CIRCLES,0.21,4
22865,HAND WARMER OWL DESIGN,2.1,1355
22866,HAND WARMER SCOTTY DOG DESIGN,2.1,1224
22867,HAND WARMER BIRD DESIGN,2.1,1199
22868,NUMBER TILE COTTAGE GARDEN 0,1.95,27
22869,NUMBER TILE COTTAGE GARDEN 1,1.95,59
22870,NUMBER TILE COTTAGE GARDEN 2,4.13,48
22871,NUMBER TILE COTTAGE GARDEN 3,4.13,30
22872,NUMBER TILE COTTAGE GARDEN 4,4.13,39
22873,NUMBER TILE COTTAGE GARDEN 5,1.95,32
22874,NUMBER TILE COTTAGE GARDEN 6,1.95,29
22875,NUMBER TILE COTTAGE GARDEN 7,1.95,31
22876,NUMBER TILE COTTAGE GARDEN 8,1.95,26
22877,NUMBER TILE COTTAGE GARDEN 9,1.95,31
22878,NUMBER TILE COTTAGE GARDEN No,4.13,47
22879,NUMBER TILE VINTAGE FONT 0,4.13,21
22880,NUMBER TILE VINTAGE FONT 1,4.13,38
22881,NUMBER TILE VINTAGE FONT 2,4.13,36
22882,NUMBER TILE VINTAGE FONT 3,2.17,52
22883,NUMBER TILE VINTAGE FONT 4,4.13,36
22884,NUMBER TILE VINTAGE FONT 5,4.13,41
22885,NUMBER TILE VINTAGE FONT 6,4.13,37
22886,NUMBER TILE VINTAGE FONT 7,2.17,29
22887,NUMBER TILE VINTAGE FONT 8,3.15,28
22888,NUMBER TILE VINTAGE FONT 9,4.13,23
22889,NUMBER TILE VINTAGE FONT No,4.13,42
22890,NOVELTY BISCUITS CAKE STAND 3 TIER,9.95,298
22891,TEA FOR ONE POLKADOT,4.25,270
22892,SET OF SALT AND PEPPER TOADSTOOLS,1.25,321
22893,MINI CAKE STAND T-LIGHT HOLDER,0.42,193
22894,TABLECLOTH RED APPLES DESIGN,9.95,200
22895,SET OF 2 TEA TOWELS APPLE AND PEARS,3.25,432
22896,PEG BAG APPLES DESIGN,2.55,380
22897,OVEN MITT APPLES DESIGN,1.45,312
22898,CHILDRENS APRON APPLES DESIGN,1.95,493
22899,CHILDREN'S APRON DOLLY GIRL,2.1,448
22900,SET 2 TEA TOWELS I LOVE LONDON,3.25,798
22902,TOTE BAG I LOVE LONDON,2.1,216
22903,CALENDAR FAMILY FAVOURITES,2.95,86
22904,CALENDAR PAPER CUT DESIGN,2.95,486
22905,CALENDAR IN SEASON DESIGN,2.95,199
22906,12 MESSAGE CARDS WITH ENVELOPES,1.65,486
22907,PACK OF 20 NAPKINS PANTRY DESIGN,0.85,869
22908,PACK OF 20 NAPKINS RED APPLES,0.85,509
22909,SET OF 20 VINTAGE CHRISTMAS NAPKINS,0.85,1187
22910,PAPER CHAIN KIT VINTAGE CHRISTMAS,2.95,1551
22911,PAPER CHAIN KIT LONDON,2.95,178
22912,YELLOW COAT RACK PARIS FASHION,4.95,121
22913,RED COAT RACK PARIS FASHION,4.95,133
22914,BLUE COAT RACK PARIS FASHION,4.95,188
22915,ASSORTED BOTTLE TOP  MAGNETS,0.42,211
22916,HERB MARKER THYME,0.65,269
22917,HERB MARKER ROSEMARY,0.65,267
22918,HERB MARKER PARSLEY,0.65,268
22919,HERB MARKER MINT,0.65,265
22920,HERB MARKER BASIL,0.65,271
22921,HERB MARKER CHIVES,0.65,235
22922,FRIDGE MAGNETS US DINER ASSORTED,0.85,122
22923,FRIDGE MAGNETS LES ENFANTS ASSORTED,0.85,105
22924,FRIDGE MAGNETS LA VIE EN ROSE,0.85,109
22925,BLUE GIANT GARDEN THERMOMETER,5.95,209
22926,IVORY GIANT GARDEN THERMOMETER,5.95,252
22927,GREEN GIANT GARDEN THERMOMETER,5.95,189
22928,YELLOW GIANT GARDEN THERMOMETER,5.95,125
22929,SCHOOL DESK AND CHAIR,65.0,19
22930,BAKING MOULD HEART MILK CHOCOLATE,2.55,198
22931,BAKING MOULD HEART WHITE CHOCOLATE,2.55,135
22932,BAKING MOULD TOFFEE CUP CHOCOLATE,2.55,77
22933,BAKING MOULD EASTER EGG MILK CHOC,2.95,126
22934,BAKING MOULD EASTER EGG WHITE CHOC,2.95,79
22935,BAKING MOULD ROSE MILK CHOCOLATE,3.25,69
22936,BAKING MOULD ROSE WHITE CHOCOLATE,3.25,55
22937,BAKING MOULD CHOCOLATE CUPCAKES,2.55,172
22938,CUPCAKE LACE PAPER SET 6,1.95,290
22939,APRON APPLE DELIGHT,4.95,189
22940,FELTCRAFT CHRISTMAS FAIRY,4.25,646
22941,CHRISTMAS LIGHTS 10 REINDEER,8.5,547
22942,CHRISTMAS LIGHTS 10 SANTAS,8.5,281
22943,CHRISTMAS LIGHTS 10 VINTAGE BAUBLES,4.95,409
22944,CHRISTMAS METAL POSTCARD WITH BELLS,0.97,171
22945,CHRISTMAS METAL TAGS ASSORTED,0.85,376
22946,WOODEN ADVENT CALENDAR CREAM,16.95,300
22947,WOODEN ADVENT CALENDAR RED,16.63,234
22948,METAL DECORATION NAUGHTY CHILDREN,0.85,199
22949,36 DOILIES DOLLY GIRL,1.45,185
22950,36 DOILIES VINTAGE CHRISTMAS,1.45,371
22951,60 CAKE CASES DOLLY GIRL DESIGN,0.55,668
22952,60 CAKE CASES VINTAGE CHRISTMAS,0.55,1232
22953,BIRTHDAY PARTY CORDON BARRIER TAPE,1.25,129
22954,HEN PARTY CORDON BARRIER TAPE,1.25,51
22955,36 FOIL STAR CAKE CASES,2.1,202
22956,36 FOIL HEART CAKE CASES,2.1,290
22957,SET 3 PAPER VINTAGE CHICK PAPER EGG,2.95,220
22959,WRAP CHRISTMAS VILLAGE,0.42,296
22960,JAM MAKING SET WITH JARS,4.25,1305
22961,JAM MAKING SET PRINTED,1.45,1297
22962,JAM JAR WITH PINK LID,0.85,403
22963,JAM JAR WITH GREEN LID,0.85,364
22964,3 PIECE SPACEBOY COOKIE CUTTER SET,2.1,438
22965,3 TRADITIONAl BISCUIT CUTTERS  SET,2.1,278
22966,GINGERBREAD MAN COOKIE CUTTER,1.25,782
22967,SET 3 SONG BIRD PAPER EGGS ASSORTED,2.95,142
22968,ROSE COTTAGE KEEPSAKE BOX,9.95,349
22969,HOMEMADE JAM SCENTED CANDLES,1.45,761
22970,LONDON BUS COFFEE MUG,2.55,322
22971,QUEENS GUARD COFFEE MUG,2.55,279
22972,CHILDREN'S SPACEBOY MUG,1.65,273
22973,CHILDREN'S CIRCUS PARADE MUG,1.65,173
22974,CHILDRENS DOLLY GIRL MUG,1.65,241
22975,SPACEBOY CHILDRENS EGG CUP,1.25,211
22976,CIRCUS PARADE CHILDRENS EGG CUP,1.25,164
22977,DOLLY GIRL CHILDRENS EGG CUP,1.25,154
22978,PANTRY ROLLING PIN,3.75,250
22979,PANTRY WASHING UP BRUSH,1.45,388
22980,PANTRY SCRUBBING BRUSH,1.65,300
22981,PANTRY APPLE CORER,1.45,110
22982,PANTRY PASTRY BRUSH,1.25,214
22983,CARD BILLBOARD FONT,0.42,572
22984,CARD GINGHAM ROSE,0.42,217
22985,"WRAP, BILLBOARD FONTS DESIGN",0.42,138
22986,GINGHAM ROSE WRAP,0.42,207
22987,"WRAP , SUMMER ROSE DESIGN",0.42,11
22988,SOLDIERS EGG CUP,1.25,498
22989,SET 2 PANTRY DESIGN TEA TOWELS,3.25,382
22990,COTTON APRON PANTRY DESIGN,4.95,177
22991,GIRAFFE WOODEN RULER,1.95,285
22992,REVOLVER WOODEN RULER,1.95,364
22993,SET OF 4 PANTRY JELLY MOULDS,1.25,1099
22994,TRAVEL CARD WALLET RETROSPOT,0.42,225
22995,TRAVEL CARD WALLET SUKI,0.42,271
22996,TRAVEL CARD WALLET VINTAGE TICKET,0.42,419
22997,TRAVEL CARD WALLET UNION JACK,0.42,231
22998,TRAVEL CARD WALLET KEEP CALM,0.42,549
22999,TRAVEL CARD WALLET VINTAGE LEAF,0.42,227
23000,TRAVEL CARD WALLET TRANSPORT,0.42,283
23001,TRAVEL CARD WALLET DOTCOMGIFTSHOP,0.0,1
23002,TRAVEL CARD WALLET SKULLS,0.42,202
23003,TRAVEL CARD WALLET VINTAGE ROSE,0.42,55
23004,TRAVEL CARD WALLET PANTRY,0.42,228
23005,TRAVEL CARD WALLET I LOVE LONDON,0.42,247
23006,TRAVEL CARD WALLET FLOWER MEADOW,0.42,178
23007,SPACEBOY BABY GIFT SET,16.95,187
23008,DOLLY GIRL BABY GIFT SET,16.95,137
23009,I LOVE LONDON BABY GIFT SET,16.95,103
23010,CIRCUS PARADE BABY GIFT SET,16.95,113
23012,GLASS APOTHECARY BOTTLE PERFUME,3.95,253
23013,GLASS APOTHECARY BOTTLE TONIC,3.95,227
23014,GLASS APOTHECARY BOTTLE ELIXIR,3.95,214
23015,CORDIAL GLASS JUG,8.25,22
23016,GLASS TWIST BON BON JAR,7.85,25
23017,APOTHECARY MEASURING JAR,12.5,23
23018,LARGE APOTHECARY MEASURING JAR,12.5,21
23019,SMALL APOTHECARY MEASURING JAR,8.25,28
23020,GLASS  SONGBIRD STORAGE JAR,12.5,83
23021,GLASS BONNE JAM JAR,4.15,27
23022,SMALL BONNE JAM JAR  T-LIGHT HOLDER,2.08,26
23023,RIDGED BONNE JAM JAR T-LIGHT HOLDER,1.65,26
23024,LARGE BONNE JAM JAR  T-LIGHT HOLDER,2.89,12
23025,DRAWER KNOB VINTAGE GLASS BALL,2.08,55
23026,DRAWER KNOB VINTAGE GLASS STAR,2.08,66
23027,DRAWER KNOB VINTAGE GLASS HEXAGON,2.08,30
23028,DRAWER KNOB CRACKLE GLAZE BLUE,1.65,142
23029,DRAWER KNOB CRACKLE GLAZE GREEN,1.65,165
23031,DRAWER KNOB CRACKLE GLAZE PINK,1.65,164
23032,DRAWER KNOB CRACKLE GLAZE IVORY,1.65,215
23033,DRAWER KNOB CERAMIC RED,1.45,74
23034,DRAWER KNOB CERAMIC BLACK,1.45,91
23035,DRAWER KNOB CERAMIC IVORY,1.45,195
23036,T-LIGHT HOLDER SILVER PETIT FOUR,1.25,16
23037,CANDLE HOLDER SILVER MADELINE,1.65,20
23038,T-LIGHT HOLDER SILVER SAUCER,1.63,8
23039,T-LIGHT HOLDER SILVER HEART HANDLE,1.95,30
23040,PAPER LANTERN 9 POINT SNOW STAR,5.75,43
23041,PAPER LANTERN 9 POINT SNOW STAR,4.15,55
23042,PAPER LANTERN 7 POINT SNOW STAR,6.65,29
23043,PAPER LANTERN 9 POINT HOLLY STAR L,6.25,23
23044,PAPER LANTERN 9 POINT HOLLY STAR S,4.15,26
23045,PAPER LANTERN 5 POINT STAR MOON,4.15,26
23046,PAPER LANTERN 9 POINT DELUXE STAR,6.65,36
23047,PAPER LANTERN 5 POINT SEQUIN STAR,5.75,26
23048,SET OF 10 LANTERNS FAIRY LIGHT STAR,4.15,107
23049,RECYCLED ACAPULCO MAT RED,8.25,188
23050,RECYCLED ACAPULCO MAT GREEN,8.25,206
23051,RECYCLED ACAPULCO MAT BLUE,8.25,164
23052,RECYCLED ACAPULCO MAT TURQUOISE,8.25,279
23053,RECYCLED ACAPULCO MAT PINK,8.25,165
23054,RECYCLED ACAPULCO MAT LAVENDER,8.25,131
23055,IVORY CHANDELIER T-LIGHT HOLDER,6.25,46
23056,FLOWERS CHANDELIER T-LIGHT HOLDER,6.25,48
23057,BEADED CHANDELIER T-LIGHT HOLDER,4.95,52
23058,CHRISTMAS HANGING SNOWFLAKE,0.79,48
23059,Thrown away-rusty,0.0,1
23060,HEART BEADED TRELLIS DECORATION,2.08,44
23061,VINTAGE EMBOSSED HEART,1.25,118
23064,CINDERELLA CHANDELIER,49.95,34
23065,LARGE DECO JEWELLERY STAND,12.5,101
23066,SMALL DECO JEWELLERY STAND,8.25,87
23067,HANGING ENGRAVED METAL HEART,4.15,82
23068,ALUMINIUM STAMPED HEART,2.49,138
23069,EDWARDIAN PHOTO FRAME,6.25,32
23070,EDWARDIAN HEART PHOTO FRAME,4.15,44
23071,MARIE ANTOINETTE TRINKET BOX GOLD,12.5,25
23072,MARIE ANTOINETTE TRINKET BOX SILVER,12.5,33
23073,GEORGIAN TRINKET BOX,12.5,62
23074,EMBOSSED HEART TRINKET BOX,2.08,49
23075,PARLOUR CERAMIC WALL HOOK,4.15,86
23076,ICE CREAM SUNDAE LIP GLOSS,1.25,279
23077,DOUGHNUT LIP GLOSS,1.25,347
23078,ICE CREAM PEN LIP GLOSS,1.25,259
23079,TOADSTOOL BEDSIDE LIGHT,8.95,114
23080,RED METAL BOX TOP SECRET,8.25,268
23081,GREEN METAL BOX ARMY SUPPLIES,8.25,142
23082,SET 6 PAPER TABLE LANTERN HEARTS,3.75,309
23083,SET 6 PAPER TABLE LANTERN STARS,3.75,252
23084,RABBIT NIGHT LIGHT,2.08,1048
23085,ANTIQUE SILVER BAUBLE LAMP,10.4,89
23086,ZINC  STAR T-LIGHT HOLDER,1.25,48
23087,ZINC  HEART T-LIGHT HOLDER,1.25,70
23088,ZINC HEART FLOWER T-LIGHT HOLDER,1.25,79
23089,GLASS BON BON JAR,1.95,235
23090,VINTAGE GLASS T-LIGHT HOLDER,0.83,154
23091,ZINC HERB GARDEN CONTAINER,6.25,216
23092,LARGE ANTIQUE WHITE PHOTO FRAME,7.9,144
23093,SMALL PARISIENNE HEART PHOTO FRAME,2.49,144
23094,LE GRAND TRAY CHIC SET,12.5,81
23096,PETIT TRAY CHIC,1.65,146
23099,FRENCH CARRIAGE LANTERN,6.65,63
23100,SILVER BELLS TABLE DECORATION,1.25,264
23101,SILVER STARS TABLE DECORATION,0.83,214
23102,SILVER HEARTS TABLE DECORATION,0.83,159
23103,JINGLE BELL HEART DECORATION,1.65,379
23104,IVORY CAFE HANGING LAMP,12.5,46
23106,ZINC HEARTS PLANT POT HOLDER,2.89,54
23107,WHITE HEARTS WIRE PLANT POT HOLDER,2.89,73
23108,SET OF 10 LED DOLLY LIGHTS,6.25,391
23109,PACK OF SIX LED TEA LIGHTS,2.89,273
23110,PARISIENNE KEY CABINET,5.75,284
23111,PARISIENNE SEWING BOX,12.5,155
23112,PARISIENNE CURIO CABINET,7.5,260
23113,PANTRY CHOPPING BOARD,4.95,64
23114,VINTAGE LEAF CHOPPING BOARD,4.95,48
23115,RED APPLES CHOPPING BOARD,4.95,46
23116,VEGETABLE GARDEN CHOPPING BOARD,4.95,23
23117,POPPY FIELDS CHOPPING BOARD,4.95,47
23118,PARISIENNE JEWELLERY DRAWER,7.5,278
23119,PACK OF 6 LARGE FRUIT STRAWS,0.62,153
23120,PACK OF 6 SMALL FRUIT STRAWS,0.42,107
23121,PACK OF 6 COCKTAIL PARASOL STRAWS,0.42,116
23122,PARTY CHARMS 50 PIECES,0.83,138
23123,COCKTAIL SWORDS 50 PIECES,0.83,97
23124,18PC WOODEN CUTLERY SET DISPOSABLE,1.25,43
23125,6PC WOOD PLATE SET DISPOSABLE,2.46,38
23126,FELTCRAFT GIRL AMELIE KIT,4.95,299
23127,FELTCRAFT GIRL NICOLE KIT,4.95,199
23128,FELTCRAFT BOY JEAN-PAUL KIT,4.95,141
23129,HEART SHAPED HOLLY WREATH,4.15,173
23130,MISTLETOE HEART WREATH GREEN,4.15,186
23131,MISTLETOE HEART WREATH CREAM,4.15,121
23132,SMALL IVORY HEART WALL ORGANISER,5.75,155
23133,LARGE IVORY HEART WALL ORGANISER,8.25,156
23134,LARGE ZINC HEART WALL ORGANISER,8.25,40
23135,SMALL ZINC HEART WALL ORGANISER,5.75,48
23136,IVORY WIRE SWEETHEART LETTER TRAY,3.75,49
23137,ZINC WIRE SWEETHEART LETTER TRAY,3.75,23
23138,SINGLE WIRE HOOK IVORY HEART,1.45,85
23139,SINGLE WIRE HOOK PINK HEART,1.45,29
23140,TRIPLE WIRE HOOK IVORY HEART,4.15,53
23141,TRIPLE WIRE HOOK PINK HEART,4.15,25
23142,IVORY WIRE KITCHEN ORGANISER,10.4,42
23143,ZINC WIRE KITCHEN ORGANISER,10.4,16
23144,ZINC T-LIGHT HOLDER STARS SMALL,0.83,278
23145,ZINC T-LIGHT HOLDER STAR LARGE,0.95,172
23146,TRIPLE HOOK ANTIQUE IVORY ROSE,3.29,253
23147,SINGLE ANTIQUE ROSE HOOK IVORY,1.45,271
23148,MINIATURE ANTIQUE ROSE HOOK IVORY,0.83,261
23149,ANTIQUE IVORY WIRE BOWL SMALL,2.49,23
23150,IVORY SWEETHEART SOAP DISH,2.49,50
23151,ZINC SWEETHEART SOAP DISH,2.49,21
23152,IVORY SWEETHEART WIRE LETTER RACK,3.75,164
23153,ZINC SWEETHEART WIRE LETTER RACK,3.75,91
23154,SET OF 4 JAM JAR MAGNETS,2.08,243
23155,KNICKERBOCKERGLORY MAGNET ASSORTED,0.83,150
23156,SET OF 5 MINI GROCERY MAGNETS,2.08,209
23157,SET OF 6 NATIVITY MAGNETS,2.08,172
23158,SET OF 5 LUCKY CAT MAGNETS,2.08,258
23159,SET OF 5 PANCAKE DAY MAGNETS,2.08,228
23160,REGENCY TEA SPOON,1.25,78
23161,REGENCY CAKE FORK,1.25,99
23162,REGENCY TEA STRAINER,3.75,176
23163,REGENCY SUGAR TONGS,2.49,211
23164,REGENCY CAKE SLICE,4.95,93
23165,LARGE CERAMIC TOP STORAGE JAR,1.65,301
23166,MEDIUM CERAMIC TOP STORAGE JAR,1.25,260
23167,SMALL CERAMIC TOP STORAGE JAR,0.83,247
23168,CLASSIC CAFE SUGAR DISPENSER,1.25,360
23169,CLASSIC GLASS COOKIE JAR,4.15,351
23170,REGENCY TEA PLATE ROSES,1.65,457
23171,REGENCY TEA PLATE GREEN,1.65,388
23172,REGENCY TEA PLATE PINK,1.65,314
23173,REGENCY TEAPOT ROSES,9.95,434
23174,REGENCY SUGAR BOWL GREEN,4.15,341
23175,REGENCY MILK JUG PINK,3.25,344
23176,ABC TREASURE BOOK BOX,2.25,237
23177,TREASURE ISLAND BOOK BOX,2.25,275
23178,JAM CLOCK MAGNET,2.89,71
23179,CLOCK MAGNET MUM'S KITCHEN,2.89,53
23180,MUM'S KITCHEN CLOCK,4.95,50
23181,BULL DOG BOTTLE TOP WALL CLOCK,8.25,86
23182,TOILET SIGN OCCUPIED OR VACANT,0.83,443
23183,MOTHER'S KITCHEN SPOON REST,3.75,88
23184,BULL DOG BOTTLE OPENER,4.95,270
23185,FRENCH STYLE STORAGE JAR JAM,0.29,32
23186,FRENCH STYLE STORAGE JAR CAFE,0.29,73
23187,FRENCH STYLE STORAGE JAR BONBONS,0.29,80
23188,VINTAGE  2 METER FOLDING RULER,1.65,340
23189,SET OF 12 FORK CANDLES,2.89,143
23190,BUNDLE OF 3 SCHOOL EXERCISE BOOKS,1.65,205
23191,BUNDLE OF 3 RETRO NOTE BOOKS,1.65,289
23192,BUNDLE OF 3 ALPHABET EXERCISE BOOKS,1.65,353
23193,BUFFALO BILL TREASURE BOOK BOX,2.25,181
23194,GYMKHANA TREASURE BOOK BOX,2.25,225
23196,VINTAGE LEAF MAGNETIC NOTEPAD,1.45,308
23197,SKETCHBOOK MAGNETIC SHOPPING LIST,1.45,257
23198,PANTRY MAGNETIC  SHOPPING LIST,1.45,499
23199,JUMBO BAG APPLES,2.08,1007
23200,JUMBO BAG PEARS,2.08,605
23201,JUMBO BAG ALPHABET,2.08,925
23202,JUMBO BAG VINTAGE LEAF,2.08,893
23203,JUMBO BAG VINTAGE DOILY,2.08,1260
23204,CHARLOTTE BAG APPLES DESIGN,0.85,594
23205,CHARLOTTE BAG VINTAGE ALPHABET,0.85,478
23206,LUNCH BAG APPLE DESIGN,1.65,1066
23207,LUNCH BAG ALPHABET DESIGN,1.65,769
23208,LUNCH BAG VINTAGE LEAF DESIGN,1.65,681
23209,LUNCH BAG VINTAGE DOILY,1.65,1126
23210,WHITE ROCKING HORSE HAND PAINTED,1.25,206
23211,RED ROCKING HORSE HAND PAINTED,1.25,163
23212,HEART WREATH DECORATION WITH BELL,1.25,194
23213,STAR WREATH DECORATION WITH BELL,1.25,156
23214,JINGLE BELL HEART ANTIQUE GOLD,2.08,104
23215,JINGLE BELL HEART ANTIQUE SILVER,2.08,214
23216,LAUREL HEART ANTIQUE GOLD,1.25,45
23217,LAUREL HEART ANTIQUE SILVER,1.25,99
23218,LAUREL STAR ANTIQUE GOLD,1.25,40
23219,LAUREL STAR ANTIQUE SILVER,1.25,64
23220,REINDEER HEART DECORATION GOLD,0.83,105
23221,REINDEER HEART DECORATION SILVER,0.83,153
23222,CHRISTMAS TREE HANGING GOLD,0.83,79
23223,CHRISTMAS TREE HANGING SILVER,0.83,90
23224,CHERUB HEART DECORATION GOLD,0.83,73
23225,CHERUB HEART DECORATION SILVER,0.83,92
23226,FILIGREE HEART DAISY WHITE,1.25,100
23227,FILIGREE HEART BUTTERFLY WHITE,1.25,119
23228,FILIGREE HEART BIRD WHITE,1.25,127
23229,VINTAGE DONKEY TAIL GAME,3.75,261
23230,WRAP ALPHABET DESIGN,0.42,238
23231,WRAP DOILEY DESIGN,0.42,260
23232,WRAP VINTAGE LEAF DESIGN,0.42,242
23233,WRAP POPPIES  DESIGN,0.42,160
23234,BISCUIT TIN VINTAGE CHRISTMAS,2.89,284
23235,STORAGE TIN VINTAGE LEAF,2.89,112
23236,STORAGE TIN VINTAGE DOILY,2.89,347
23237,SET OF 4 KNICK KNACK TINS LEAF,4.15,187
23238,SET OF 4 KNICK KNACK TINS LONDON,4.15,286
23239,SET OF 4 KNICK KNACK TINS POPPIES,4.15,190
23240,SET OF 4 KNICK KNACK TINS DOILY,4.15,563
23241,TREASURE TIN GYMKHANA DESIGN,2.08,371
23242,TREASURE TIN BUFFALO BILL,2.08,220
23243,SET OF TEA COFFEE SUGAR TINS PANTRY,4.95,506
23244,ROUND STORAGE TIN VINTAGE LEAF,1.95,117
23245,SET OF 3 REGENCY CAKE TINS,4.95,913
23247,BISCUIT TIN 50'S CHRISTMAS,2.89,314
23249,VINTAGE RED ENAMEL TRIM PLATE,1.65,88
23250,VINTAGE RED TRIM ENAMEL BOWL,1.25,118
23251,VINTAGE RED ENAMEL TRIM MUG,1.25,125
23252,VINTAGE RED ENAMEL TRIM JUG,3.75,145
23253,16 PIECE CUTLERY SET PANTRY DESIGN,15.95,72
23254,CHILDRENS CUTLERY DOLLY GIRL,4.15,309
23255,CHILDRENS CUTLERY CIRCUS PARADE,4.15,161
23256,CHILDRENS CUTLERY SPACEBOY,4.15,380
23263,SET OF 3 WOODEN HEART DECORATIONS,1.25,479
23264,SET OF 3 WOODEN SLEIGH DECORATIONS,1.25,315
23265,SET OF 3 WOODEN TREE DECORATIONS,1.25,307
23266,SET OF 3 WOODEN STOCKING DECORATION,1.25,338
23267,SET OF 4 SANTA PLACE SETTINGS,1.25,112
23268,SET OF 2 CERAMIC CHRISTMAS REINDEER,1.45,96
23269,SET OF 2 CERAMIC CHRISTMAS TREES,1.45,96
23270,SET OF 2 CERAMIC PAINTED HEARTS,1.45,131
23271,CHRISTMAS TABLE SILVER CANDLE SPIKE,0.83,106
23272,TREE T-LIGHT HOLDER WILLIE WINKIE,1.65,44
23273,HEART T-LIGHT HOLDER WILLIE WINKIE,1.65,117
23274,STAR T-LIGHT HOLDER WILLIE WINKIE,1.65,123
23275,SET OF 3 HANGING OWLS OLLIE BEAK,1.25,338
23280,FOLDING BUTTERFLY MIRROR HOT PINK,0.83,159
23281,FOLDING BUTTERFLY MIRROR RED,0.83,104
23282,FOLDING BUTTERFLY MIRROR IVORY,0.83,137
23283,DOORMAT VINTAGE LEAF,7.95,236
23284,DOORMAT KEEP CALM AND COME IN,7.95,743
23285,PINK VINTAGE SPOT BEAKER,0.85,193
23286,BLUE VINTAGE SPOT BEAKER,0.85,225
23287,RED VINTAGE SPOT BEAKER,0.85,202
23288,GREEN VINTAGE SPOT BEAKER,0.85,191
23289,DOLLY GIRL CHILDRENS BOWL,1.25,196
23290,SPACEBOY CHILDRENS BOWL,1.25,216
23291,DOLLY GIRL CHILDRENS CUP,1.25,199
23292,SPACEBOY CHILDRENS CUP,1.25,229
23293,SET OF 12 FAIRY CAKE BAKING CASES,0.83,559
23294,SET OF 6 SNACK LOAF BAKING CASES,0.83,362
23295,SET OF 12 MINI LOAF BAKING CASES,0.83,455
23296,SET OF 6 TEA TIME BAKING CASES,1.25,388
23297,SET 40 HEART SHAPE PETIT FOUR CASES,1.65,167
23298,SPOTTY BUNTING,4.95,1175
23299,FOOD COVER WITH BEADS SET 2,3.75,148
23300,GARDENERS KNEELING PAD CUP OF TEA,1.65,773
23301,GARDENERS KNEELING PAD KEEP CALM,1.65,931
23302,KNEELING MAT HOUSEWORK  DESIGN,1.65,238
23303,SET 4 PICNIC CUTLERY FONDANT,1.95,6
23304,SET 4 PICNIC CUTLERY CHERRY,1.95,9
23305,SET 4 PICNIC CUTLERY BLUEBERRY,1.95,9
23306,SET OF 36 DOILIES PANTRY DESIGN,1.45,285
23307,SET OF 60 PANTRY DESIGN CAKE CASES,0.55,646
23308,SET OF 60 VINTAGE LEAF CAKE CASES,0.55,389
23309,SET OF 60 I LOVE LONDON CAKE CASES,0.55,426
23310,BUBBLEGUM RING ASSORTED,0.42,246
23311,VINTAGE CHRISTMAS STOCKING,2.55,351
23312,VINTAGE CHRISTMAS GIFT SACK,4.15,219
23313,VINTAGE CHRISTMAS BUNTING,4.95,410
23314,VINTAGE CHRISTMAS TABLECLOTH,12.5,120
23315,IVORY REFECTORY CLOCK,9.95,87
23316,RED REFECTORY CLOCK,9.95,111
23317,BLUE REFECTORY CLOCK,9.95,82
23318,BOX OF 6 MINI VINTAGE CRACKERS,2.49,389
23319,BOX OF 6 MINI 50'S CRACKERS,2.49,417
23320,GIANT 50'S CHRISTMAS CRACKER,2.89,340
23321,SMALL WHITE HEART OF WICKER,1.65,648
23322,LARGE WHITE HEART OF WICKER,2.95,583
23323,WHITE WICKER STAR,2.1,305
23324,RUSTIC STRAWBERRY JAM POT LARGE,2.08,46
23325,RUSTIC STRAWBERRY JAM POT SMALL,1.65,38
23326,HANGING MINI COLOURED BOTTLES,0.63,76
23327,HANGING CLEAR MINI BOTTLE,0.63,44
23328,SET 6 SCHOOL MILK BOTTLES IN CRATE,3.75,414
23329,DECORATIVE WICKER HEART LARGE,1.65,251
23330,DECORATIVE WICKER HEART MEDIUM,1.25,224
23331,DECORATIVE WICKER HEART SMALL,0.63,114
23332,IVORY WICKER HEART LARGE,1.65,297
23333,IVORY WICKER HEART MEDIUM,1.25,244
23334,IVORY WICKER HEART SMALL,0.63,136
23335,EGG FRYING PAN IVORY,2.08,99
23336,EGG FRYING PAN PINK,2.08,86
23337,EGG FRYING PAN MINT,2.08,69
23338,EGG FRYING PAN RED,2.08,110
23339,EGG FRYING PAN BLUE,2.08,76
23340,VINTAGE CHRISTMAS CAKE FRILL,1.65,152
23341,PINK DINER WALL CLOCK,8.5,121
23342,MINT DINER WALL CLOCK,8.5,164
23343,JUMBO BAG VINTAGE CHRISTMAS,2.08,498
23344,JUMBO BAG 50'S CHRISTMAS,2.08,729
23345,DOLLY GIRL BEAKER,1.25,178
23346,SPACEBOY BEAKER,1.25,187
23347,I LOVE LONDON BEAKER,1.25,101
23348,CHILDRENS TOY COOKING UTENSIL SET,2.08,185
23349,ROLL WRAP VINTAGE CHRISTMAS,1.25,345
23350,ROLL WRAP VINTAGE SPOT,1.25,313
23351,ROLL WRAP 50'S CHRISTMAS,1.25,361
23352,ROLL WRAP 50'S RED CHRISTMAS,1.25,214
23353,6 GIFT TAGS VINTAGE CHRISTMAS,0.83,333
23354,6 GIFT TAGS 50'S CHRISTMAS,0.83,333
23355,HOT WATER BOTTLE KEEP CALM,4.95,804
23356,LOVE HOT WATER BOTTLE,5.95,488
23357,HOT WATER BOTTLE SEX BOMB,4.95,103
23358,HOT STUFF HOT WATER BOTTLE,3.75,91
23359,SET OF 12 T-LIGHTS VINTAGE DOILY,1.95,79
23360,SET 8 CANDLES VINTAGE DOILY,1.95,116
23365,SET 12 COLOUR PENCILS LOVE LONDON,0.65,173
23366,SET 12 COLOURING PENCILS DOILY,0.65,198
23367,SET 12 COLOUR PENCILS SPACEBOY,0.65,286
23368,SET 12 COLOUR PENCILS DOLLY GIRL,0.65,238
23369,SET 36 COLOUR PENCILS LOVE LONDON,1.25,129
23370,SET 36 COLOURING PENCILS DOILY,1.25,154
23371,SET 36 COLOUR PENCILS SPACEBOY,1.25,186
23372,SET 36 COLOUR PENCILS DOLLY GIRL,1.25,152
23373,VINTAGE CHRISTMAS PAPER GIFT BAG,0.82,100
23374,RED SPOT PAPER GIFT BAG,0.82,134
23375,50'S CHRISTMAS PAPER GIFT BAG,0.82,104
23376,PACK OF 12 VINTAGE CHRISTMAS TISSUE,0.39,160
23377,PACK OF 12 DOLLY GIRL TISSUES,0.39,135
23378,PACK OF 12 50'S CHRISTMAS TISSUES,0.39,183
23379,PACK OF 12 RED APPLE TISSUES,0.39,77
23380,PACK OF 12 VINTAGE DOILY TISSUES,0.39,125
23381,PACK OF 12 VINTAGE LEAF TISSUES,0.39,81
23382,BOX OF 6 CHRISTMAS CAKE DECORATIONS,3.75,224
23388,WOODLAND MINI BACKPACK,4.15,154
23389,SPACEBOY MINI BACKPACK,4.15,240
23390,DOLLY GIRL MINI BACKPACK,4.15,167
23391,I LOVE LONDON MINI BACKPACK,4.15,88
23392,SPACEBOY ROCKET LOLLY MAKERS,2.08,115
23393,HOME SWEET HOME CUSHION COVER,3.75,237
23394,POSTE FRANCE CUSHION COVER,3.75,152
23395,BELLE JARDINIERE CUSHION COVER,3.75,217
23396,LE JARDIN BOTANIQUE CUSHION COVER,3.75,202
23397,FOOT STOOL HOME SWEET HOME,9.95,223
23398,HANGING HEART BONHEUR,0.85,76
23399,HOME SWEET HOME HANGING HEART,0.85,234
23400,SHELF WITH 4 HOOKS HOME SWEET HOME,6.25,111
23401,RUSTIC MIRROR WITH LACE HEART,6.25,86
23402,HOME SWEET HOME 3 PEG HANGER,3.75,68
23403,LETTER HOLDER HOME SWEET HOME,3.75,138
23404,HOME SWEET HOME BLACKBOARD,4.95,184
23405,HOME SWEET HOME 2 DRAWER CABINET,4.95,72
23406,HOME SWEET HOME KEY HOLDER,6.25,115
23407,SET OF 2 TRAYS HOME SWEET HOME,9.95,138
23408,PHOTO FRAME LINEN AND LACE SMALL,2.08,62
23409,PHOTO FRAME LINEN AND LACE LARGE,3.75,45
23410,CURIO CABINET LINEN AND LACE,8.15,19
23411,TRELLIS COAT RACK,4.95,58
23412,HEART MIRROR ANTIQUE WHITE,7.5,81
23413,VINTAGE COFFEE GRINDER BOX,4.95,59
23414,ZINC BOX SIGN HOME,9.95,65
23415,HOME SWEET HOME HOOK,1.65,48
23416,CHAMBRE HOOK,1.65,25
23417,BATHROOM HOOK,1.65,28
23418,LAVENDER TOILETTE BOTTLE,2.08,79
23419,HOME SWEET HOME BOTTLE,2.08,87
23420,PANTRY HOOK TEA STRAINER,2.08,32
23421,PANTRY HOOK SPATULA,2.08,33
23422,PANTRY HOOK BALLOON WHISK,2.08,47
23423,PANTRY 3 HOOK ROLLING PIN HANGER,3.75,69
23424,GINGHAM RECIPE BOOK BOX,4.95,136
23425,STORAGE TIN HOME SWEET HOME,2.49,59
23426,METAL SIGN DROP YOUR PANTS,2.89,209
23427,STOOL HOME SWEET HOME,12.5,118
23428,IVORY RETRO KITCHEN WALL CLOCK,8.15,34
23429,RED RETRO KITCHEN WALL CLOCK,8.15,23
23430,BLUE RETRO KITCHEN WALL CLOCK,8.15,18
23431,NATURAL HANGING QUILTED HEARTS,0.83,77
23432,PRETTY HANGING QUILTED HEARTS,0.83,74
23433,HANGING QUILTED PATCHWORK APPLES,0.83,92
23434,3 RAFFIA RIBBONS 50'S CHRISTMAS,0.79,201
23435,3 RAFFIA RIBBONS VINTAGE CHRISTMAS,0.83,99
23436,VINTAGE CHRISTMAS GIFT BAG LARGE,1.25,116
23437,50'S CHRISTMAS GIFT BAG LARGE,1.25,132
23438,RED SPOT GIFT BAG LARGE,1.25,109
23439,HAND WARMER RED LOVE HEART,2.1,412
23440,PAINT YOUR OWN EGGS IN CRATE,2.08,5
23441,HAND PAINTED HANGING EASTER EGG,0.42,3
23442,12 HANGING EGGS HAND PAINTED,2.08,8
23444,Next Day Carriage,15.0,81
23445,ICE CREAM BUBBLES,0.83,103
23446,BLUE BUNNY EASTER EGG BASKET,1.65,3
23447,PINK BUNNY EASTER EGG BASKET,1.65,4
23448,CREAM BUNNY EASTER EGG BASKET,1.65,3
23449,SET OF 6 EASTER RAINBOW CHICKS,1.25,1
23451,SQUARE MINI PORTRAIT FRAME,1.95,53
23452,HEART MINI PORTRAIT FRAME,1.95,88
23453,OVAL  MINI PORTRAIT FRAME,1.95,49
23454,THREE MINI HANGING FRAMES,4.15,56
23455,SMALL PARLOUR PICTURE FRAME,2.89,36
23456,MEDIUM PARLOUR PICTURE FRAME,4.15,37
23457,LARGE PARLOUR PICTURE FRAME,4.95,31
23458,DOLLY CABINET 3 DRAWERS,14.95,34
23459,DOLLY CABINET 2 DRAWERS,12.5,21
23460,SWEETHEART WALL TIDY,9.95,47
23461,SWEETHEART BIRD HOUSE,4.15,101
23462,ROCOCO WALL MIRROR WHITE,19.95,59
23463,VINTAGE ZINC WATERING CAN,9.95,8
23464,VINTAGE ZINC WATERING CAN SMALL,4.95,8
23465,TUSCAN VILLA BIRD FEEDER,8.25,16
23466,TUSCAN VILLA DOVECOTE BIRD FEEDER,8.25,28
23467,VINTAGE ZINC PLANTER,3.29,11
23468,TUSCAN VILLA BIRD TABLE,8.25,11
23469,CARD HOLDER LOVE BIRD SMALL,4.15,74
23470,CARD HOLDER LOVE BIRD LARGE,6.25,92
23471,SIX DRAWER OFFICE TIDY,9.95,27
23472,NINE DRAWER OFFICE TIDY,14.95,33
23473,WOODLAND SMALL RED FELT HEART,0.83,51
23474,WOODLAND SMALL BLUE FELT HEART,0.83,38
23475,WOODLAND SMALL PINK FELT HEART,0.83,31
23476,WOODLAND LARGE RED FELT HEART,1.25,22
23477,WOODLAND LARGE BLUE FELT HEART,1.25,13
23478,WOODLAND LARGE PINK FELT HEART,1.25,13
23479,WIRE EGG BASKET,7.85,44
23480,MINI LIGHTS WOODLAND MUSHROOMS,3.75,221
23481,PEARLISED IVORY HEART SMALL,1.25,32
23482,PEARLISED IVORY HEART LARGE,1.65,39
23483,HANGING  BUTTERFLY T-LIGHT HOLDER,1.25,78
23484,HEART TRELLIS TRIPLE T-LIGHT HOLDER,2.89,36
23485,BOTANICAL GARDENS WALL CLOCK,25.0,96
23486,ANTIQUE HEART SHELF UNIT,16.65,80
23487,SWEET HEART CAKE CARRIER,9.95,50
23489,VINTAGE BELLS GARLAND,2.89,165
23490,T-LIGHT HOLDER HANGING LOVE BIRD,3.75,102
23491,VINTAGE JINGLE BELLS HEART,8.25,80
23492,VINTAGE JINGLE BELLS WREATH,8.25,28
23493,VINTAGE DOILY TRAVEL SEWING KIT,1.95,427
23494,VINTAGE DOILY DELUXE SEWING KIT,5.95,217
23495,SET OF 3 PANTRY WOODEN SPOONS,1.25,41
23496,PANTRY KITCHEN THERMOMETER,1.25,31
23497,CLASSIC CHROME BICYCLE BELL,1.45,201
23498,CLASSIC BICYCLE CLIPS,1.45,102
23499,SET 12 VINTAGE DOILY CHALK,0.42,113
23500,KEY RING BASEBALL BOOT ASSORTED,1.25,102
23501,KEY RING BASEBALL BOOT UNION JACK,1.25,114
23502,PLAYING CARDS VINTAGE DOILY,1.25,95
23503,PLAYING CARDS KEEP CALM & CARRY ON,1.25,344
23504,PLAYING CARDS JUBILEE UNION JACK,1.25,217
23505,PLAYING CARDS I LOVE LONDON,1.25,117
23506,MINI PLAYING CARDS SPACEBOY,0.42,151
23507,MINI PLAYING CARDS BUFFALO BILL,0.42,127
23508,MINI PLAYING CARDS DOLLY GIRL,0.42,129
23509,MINI PLAYING CARDS FUN FAIR,0.42,66
23510,MINI PLAYING CARDS GYMKHANA,0.42,125
23511,EMBROIDERED RIBBON REEL EMILY,2.08,100
23512,EMBROIDERED RIBBON REEL ROSIE,2.08,57
23513,EMBROIDERED RIBBON REEL SUSIE,2.08,71
23514,EMBROIDERED RIBBON REEL SALLY,2.08,75
23515,EMBROIDERED RIBBON REEL DAISY,2.08,72
23516,EMBROIDERED RIBBON REEL SOPHIE,3.75,44
23517,EMBROIDERED RIBBON REEL REBECCA,2.89,63
23518,EMBROIDERED RIBBON REEL RACHEL,2.89,45
23519,EMBROIDERED RIBBON REEL CLAIRE,3.75,24
23520,EMBROIDERED RIBBON REEL RUBY,3.75,32
23521,WALL ART CAT AND BIRD,4.34,44
23522,WALL ART DOG AND BALL,2.89,32
23523,WALL ART TREASURE AHOY,3.75,42
23524,WALL ART HORSE & PONY,3.75,64
23525,WALL ART BUFFALO BILL,3.75,54
23526,WALL ART DOG LICENCE,5.95,146
23527,WALL ART ANIMALS AND NATURE,3.75,50
23528,WALL ART SPACEBOY,3.75,50
23529,WALL ART DOLLY GIRL,3.75,37
23530,WALL ART ONLY ONE PERSON,4.95,87
23531,WALL ART BIG LOVE,6.95,113
23532,WALL ART WORK REST AND PLAY,4.95,31
23533,WALL ART GARDEN HAVEN,5.95,36
23534,WALL ART STOP FOR TEA,5.95,263
23535,WALL ART BICYCLE SAFETY,5.95,217
23536,WALL ART VILLAGE SHOW,5.95,86
23537,WALL ART I LOVE LONDON,4.95,34
23538,WALL ART VINTAGE HEART,4.95,32
23539,WALL ART LOVES' SECRET,5.95,42
23540,WALL ART THE MAGIC FOREST,6.95,14
23541,WALL ART CLASSIC PUDDINGS,8.25,154
23542,WALL ART 70'S ALPHABET,8.25,92
23543,WALL ART KEEP CALM,8.25,105
23544,WALL ART MID CENTURY MODERN,8.25,21
23545,WRAP RED VINTAGE DOILY,0.42,85
23546,WRAP PAISLEY PARK,0.42,120
23547,WRAP FLOWER SHOP,0.42,62
23548,WRAP MAGIC FOREST,0.42,43
23549,WRAP BIRD GARDEN,0.42,52
23550,WRAP ALPHABET POSTER,0.42,64
23551,PACK OF 12 PAISLEY PARK TISSUES,0.39,138
23552,BICYCLE PUNCTURE REPAIR KIT,2.08,123
23553,LANDMARK FRAME CAMDEN TOWN,12.5,68
23554,LANDMARK FRAME OXFORD STREET,12.5,57
23555,LANDMARK FRAME NOTTING HILL,12.5,51
23556,LANDMARK FRAME COVENT GARDEN,12.5,54
23557,LANDMARK FRAME BAKER STREET,12.5,32
23558,LANDMARK FRAME LONDON BRIDGE,12.5,52
23559,WOODLAND BUNNIES LOLLY MAKERS,2.08,124
23560,SET OF 6 RIBBONS COUNTRY STYLE,2.89,26
23561,SET OF 6 RIBBONS PARTY,2.89,16
23562,SET OF 6 RIBBONS PERFECTLY PRETTY,2.89,43
23564,EGG CUP MILKMAID INGRID,1.25,76
23565,EGG CUP MILKMAID HELGA,1.25,65
23566,EGG CUP MILKMAID HEIDI,1.25,84
23567,EGG CUP HENRIETTA HEN PINK,1.25,39
23568,EGG CUP HENRIETTA HEN CREAM,1.25,49
23569,TRADTIONAL ALPHABET STAMP SET,4.95,197
23570,TRADITIONAL PICK UP STICKS GAME,1.25,286
23571,TRADITIONAL NAUGHTS & CROSSES,1.65,262
23574,PACKING CHARGE,7.5,17
23575,SNACK TRAY PAISLEY PARK,1.95,34
23576,SNACK TRAY RED VINTAGE DOILY,1.95,38
23578,SNACK TRAY RED GINGHAM,1.95,14
23579,SNACK TRAY I LOVE LONDON,1.95,38
23580,SNACK TRAY HAPPY FOREST,1.95,25
23581,JUMBO BAG PAISLEY PARK,2.08,349
23582,VINTAGE DOILY JUMBO BAG RED,2.08,265
23583,LUNCH BAG PAISLEY PARK,1.65,333
23595,adjustment,0.0,2
23597,PAPER BUNTING PAISLEY PARK,2.95,32
23598,PAPER BUNTING VINTAGE PARTY,2.95,47
23601,SET 10 CARDS SNOWY SNOWDROPS  17100,2.49,4
23602,SET 10 CARDS 3 WISE MEN 17107,2.91,1
23603,SET 10 CARD KRAFT REINDEER 17084,2.49,14
23604,SET 10 MINI SANTA & SNOWMAN  17087,1.66,2
23605,SET 10 CARDS 12 DAYS OF XMAS 17059,2.91,1
23607,SET 10 CARDS HATS & STOCKINGS 17081,1.66,7
23608,SET 10 CARDS RUDOLPHS NOSE 17097,2.91,3
23609,SET 10 CARDS SNOWY ROBIN 17099,2.91,1
23610,SET 10 CARDS CHRISTMAS ROBIN 17095,2.08,3
23611,SET 10 CARDS RED RIDING HOOD 17214,2.49,16
23612,SET 10 MINICARDS CUTE SNOWMAN 17071,1.66,2
23613,SET 10 XMAS CARDS & BADGES 17070,2.49,6
23614,SET 10 CARDS 12 DAYS WRAP  17058,3.33,11
23615,SET 10 CARDS PRINTED GRAPHIC 17219,2.49,4
23616,SET 10 CARDS JINGLE BELLS 17217,2.49,7
23617,SET 10 CARDS SWIRLY XMAS TREE 17104,2.91,1
23619,SET 10 CARDS POINSETTIA 17093,2.49,2
23620,SET 10 CARDS PERFECT POST 17090,2.49,7
23621,SET 10 CARDS DAVID'S MADONNA 17074,2.49,4
23623,SET 10 CARD CHRISTMAS WELCOME 17112,2.91,6
23624,SET 10 CARD PERFECT NATIVITY 17089,2.49,4
23625,SET 6 CARDS SPARKLY REINDEER 17262,4.99,4
23626,SET 10 CARDS DINKY TREE 17076,2.49,16
23627,SET 10 CARDS XMAS GRAPHIC  17218,2.49,2
23628,SET 10 CARDS TRIANGLE ICONS  17220,2.91,1
23629,SET 10 CARDS DRESSING UP 17077,2.49,10
23630,SET 10 CARDS HANGING BAUBLES 17080,2.99,3
23632,SET 10 CARDS CHEERFUL ROBIN 17065,2.08,10
23633,SET 10 CARDS WORLD CHILDREN 17067,2.49,3
23634,SET 10 CARDS XMAS CHOIR 17068,2.91,5
23635,SET 10 CARDS CHRISTMAS HOLLY  17259,4.16,3
23636,SET 10 CARDS WISHING TREE 17116,2.91,7
23637,SET 10 CARDS OUT OF ORDER 17216,2.49,9
23638,SET 10 CARDS ROBIN WATERPUMP  17096,2.91,2
23639,SET 10 CARDS MAGICAL TREE 17086,3.33,4
23640,SET 10 CARDS SCOTTIE DOG 17211,2.49,8
23643,SET 10 CARDS CHRISTMAS BAUBLE 16954,3.33,1
23644,SET 10 CARDS CHRISTMAS TREE 16955,3.33,5
23645,SET 10 CHRISTMAS CARDS HOHOHO 16956,2.49,4
23646,SET 10 CARDS JINGLE BELLS 16957,2.49,5
23649,SET 10 CARDS DECK THE HALLS 16960,2.49,2
23650,SET 10 CARDS FILIGREE BAUBLE 16961,2.49,4
23652,SET 10 CARD CHRISTMAS STAMPS 16963,2.91,1
23654,SET 10 CARD SNOWMAN 16965,2.49,4
23660,HENRIETTA HEN MUG,1.65,46
23661,MILK MAIDS MUG,1.65,38
23664,FLOWER SHOP DESIGN MUG,1.65,1
23681,LUNCH BAG RED VINTAGE DOILY,1.65,133
23691,WRAP KEEP CALM BIRTHDAY,0.42,38
23692,WRAP A PRETTY THANK YOU,0.42,2
23694,PAISLEY PARK CARD,0.42,41
23695,DOILY THANK YOU CARD,0.42,57
23697,A PRETTY THANK YOU CARD,0.42,36
23702,High Resolution Image,2.25,4
23843,"PAPER CRAFT , LITTLE BIRDIE",2.08,2
30086C,ASSORTED FRUIT STRAWS,1.7,1
35001B,HAND OPEN SHAPE BLACK,3.49,9
35001C,HAND OPEN SHAPE CHROME,1.695,2
35001G,HAND OPEN SHAPE GOLD,4.25,111
35001P,HAND OPEN SHAPE PINK,3.49,4
35001W,HAND OPEN SHAPE DECO.WHITE,3.49,204
35004B,SET OF 3 BLACK FLYING DUCKS,5.45,309
35004C,SET OF 3 COLOURED  FLYING DUCKS,5.45,425
35004G,SET OF 3 GOLD FLYING DUCKS,6.35,83
35004P,SET OF 3 PINK FLYING DUCKS,5.45,47
35004S,SET OF 3 SILVER FLYING DUCKS,6.35,34
35015,JACOBS LADDER SMALL,0.06,41
35051B,PINK BEADED CONE CHRISTMAS,0.42,3
35071,ASSORTED SANTA CHRISTMAS DECORATION,0.85,8
35085E,IVORY ROSE LAMPSHADE,1.25,11
35095A,BLUE VICTORIAN FABRIC OVAL BOX,0.83,169
35095B,RED VICTORIAN FABRIC OVAL BOX,0.42,181
35096A,BLUE VICTORIAN FABRIC HEART BOX,0.84,51
35096B,RED VICTORIAN FABRIC HEART BOX,0.42,26
35160,BUDDHA INCENSE HOLDER ASSORTED,0.85,58
35232,UNKNOWN ITEM,0.0,1
35233,PASTA ENAMEL/BRASS CONTAINER,3.75,9
35240,ENAMEL BLUE RIM OVAL TRAY SET/2,8.49,42
35241,ENAMEL BLUE RIM BISCUIT BIN,4.95,140
35265,COLOURFUL FLOWER FRUIT BOWL,1.95,17
35271S,GOLD PRINT PAPER BAG,0.19,25
35400,WOODEN BOX ADVENT CALENDAR,8.95,477
35442,UNKNOWN ITEM,0.0,1
35443,RASTA IN BATH W SPLIFF ASHTRAY,0.85,10
35471A,SET OF 3 BIRD L.BLUE FEATHER,1.25,89
35471B,UNKNOWN ITEM,0.0,1
35471D,SET OF 3 BIRD LIGHT PINK FEATHER,1.25,365
35473,UNKNOWN ITEM,0.0,1
35537,CANDLE RING W/CLEAR BEADS,0.42,5
35591G,UNKNOWN ITEM,0.0,1
35591T,TURQUOISE CHRISTMAS TREE,1.25,12
35592T,UNKNOWN ITEM,0.0,1
35594,WOODEN CHRISTMAS TREE 3 HANGING,0.42,42
35596,WOOD XMAS TREE 9 FIG SHELVES,0.85,6
35597A,DUSTY PINK CHRISTMAS TREE 30CM,1.25,6
35597B,BLACKCHRISTMAS TREE 30CM,1.25,8
35597D,PINK/WHITE CHRISTMAS TREE 30CM,0.65,11
35598A,DUSTY PINK CHRISTMAS TREE 60CM,2.95,4
35598B,BLACK CHRISTMAS TREE 60CM,2.95,61
35598C,WHITE CHRISTMAS TREE 60CM,2.95,5
35598D,PINK/WHITE CHRISTMAS TREE 60CM,2.46,113
35599B,BLACK CHRISTMAS TREE 120CM,5.91,55
35599D,PINK AND WHITE CHRISTMAS TREE 120CM,5.91,107
35600A,Found by jackie,0.0,1
35600D,PINK AND WHITE CHRISTMAS TREE 180CM,2.95,14
35603B,S/16 BLACK SHINY/MAT BAUBLES,0.21,6
35603C,SET/16 WHITE SHINY & MATT BAUBLES,0.42,26
35604B,UNKNOWN ITEM,0.0,1
35605A,damages,0.0,1
35607A,PINK FLUFFY CHRISTMAS DECORATION,0.19,33
35607B,BLACK FEATHER CHRISTMAS DECORATION,0.19,20
35608A,UNKNOWN ITEM,0.0,1
35608C,UNKNOWN ITEM,0.0,1
35609A,PINK FEATHER CHRISTMAS DECORATION,0.19,26
35610A,PINK CHRISTMAS FLOCK DROPLET,1.25,14
35610B,BLACK CHRISTMAS FLOCK DROPLET,1.25,15
35610C,WHITE CHRISTMAS FLOCK DROPLET,1.25,9
35611B,BLACK ASSORTED DROPLET DECORATION,0.38,6
35630B,UNKNOWN ITEM,0.0,1
35631A,UNKNOWN ITEM,0.0,1
35631B,BLUE GREEN CHRISTMAS HANGING BALL,0.095,2
35632A,UNKNOWN ITEM,0.0,1
35633B,BLUE TINSEL GARLAND,0.19,13
35637A,IVORY STRING CURTAIN WITH POLE,5.95,55
35637C,PINK STRING CURTAIN WITH POLE,5.95,19
35638A,PINK AND BLACK STRING CURTAIN,1.95,7
35638B,PINK/BLUE STRING CURTAIN,5.95,11
35643,?,0.0,2
35644,PAIR PINK/BLACK COATHANGERS,1.95,10
35645,VINTAGE BEAD PINK JEWEL BOX,4.25,37
35646,VINTAGE BEAD PINK EVENING BAG,2.46,108
35647,VINTAGE BEAD PINK SHADE,1.25,75
35648,VINTAGE BEAD PINK PURSE,1.63,153
35649,VINTAGE BEAD COSMETIC BAG,2.46,55
35650,VINTAGE BEAD PINK JEWEL STAND,4.95,4
35651,VINTAGE BEAD PINK SCARF,1.65,66
35652,VINTAGE BEAD CHAISE LONG JEWEL BOX,0.5,3
35653,VINTAGE BEAD NOTEBOOK,2.95,120
35654,VINTAGE BEAD FILLED PINK CUSHION,4.95,6
35751A,UNKNOWN ITEM,0.0,1
35751C,PURPLE CURRENT CANDLE RING,0.19,3
35751D,PINK CURRENT CANDLE RING,0.19,1
35763,UNKNOWN ITEM,0.0,1
35793,S/3 PUPPIES CHRISTMAS DECORATIONS,2.95,17
35794,UNKNOWN ITEM,0.0,1
35809A,ENAMEL PINK TEA CONTAINER,2.1,191
35809B,ENAMEL BLUE RIM TEA CONTAINER,2.1,37
35810A,ENAMEL PINK COFFEE CONTAINER,2.1,174
35810B,ENAMEL BLUE RIM COFFEE CONTAINER,2.1,73
35811A,ENAMEL PINK SUGAR CONTAINER,2.1,87
35813A,UNKNOWN ITEM,0.0,1
35815B,"ACRYLIC JEWEL SNOWFLAKE,BLUE",0.38,4
35815P,"ACRYLIC JEWEL SNOWFLAKE, PINK",0.38,10
35816B,"ACRYLIC JEWEL ANGEL,BLUE",0.815,4
35816P,"ACRYLIC JEWEL ANGEL,PINK",1.25,9
35817B,"ACRYLIC JEWEL SNOWFLAKE,BLUE",1.4649999999999999,4
35817P,"ACRYLIC JEWEL SNOWFLAKE,PINK",0.38,12
35818B,"ACRYLIC JEWEL ICICLE, BLUE",0.38,13
35818C,"ACRYLIC JEWEL ICICLE, CLEAR",1.715,2
35818P,"ACRYLIC JEWEL ICICLE, PINK",0.38,26
35819B,"ACRYLIC HANGING JEWEL,BLUE",0.38,38
35819P,"ACRYLIC HANGING JEWEL,PINK",0.38,8
35821B,"JEWELLED DECORATION,BLUE",0.38,4
35821P,"JEWELLED DECORATION,PINK",2.95,3
35822B,"ACRYLIC BEAD CHAIN, BLUE",0.19,2
35822P,"ACRYLIC BEAD CHAIN, PINK",0.19,2
35823P,"ACRYLIC BEAD GARLAND,PINK",2.95,3
35824B,"HANGING FLOWERS+MIRROR,BLUE",0.38,7
35824C,"HANGING FLOWERS+MIRROR,CLEAR",0.38,9
35824P,"HANGING FLOWERS+MIRROR,PINK",0.38,4
35832,WOOLLY HAT SOCK GLOVE ADVENT STRING,2.95,195
35833G,4 GOLD FLOCK CHRISTMAS BALLS,1.25,38
35833P,4 PINK FLOCK CHRISTMAS BALLS,1.25,69
35837,SET OF SIX SILVER+RED FLOCK BAUBLES,0.425,2
35838A,S/6 MULTICOLOUR ORNAMENETAL CANDLE,0.85,22
35838B,S/6 SILVER ORNAMENETAL CANDLE,0.85,27
35839,UNKNOWN ITEM,0.0,1
35840,FLAT GLASS  BAUBLE WHITE FLOCK,0.85,13
35900,UNKNOWN ITEM,0.0,1
35908C,UNKNOWN ITEM,0.0,1
35909A,RABBIT EASTER DECORATION,2.95,5
35909B,PINK FLOWERS RABBIT EASTER,2.95,7
35910A,MULTICOLOUR EASTER RABBIT,1.95,13
35910B,PINK FLOWERS RABBIT EASTER,1.95,8
35911A,MULTICOLOUR RABBIT EGG WARMER,0.85,98
35911B,PINK/FLOWER RABBIT EGG WARMER,2.1,25
35912B,WHITE/PINK CHICK DECORATION,1.25,30
35913B,WHITE/PINK CHICK EASTER DECORATION,0.85,23
35914,PINK CHICK EGG WARMER + EGG CUP,0.85,62
35915A,CREAM KNITTED HEN,0.635,2
35915B,BLUE KNITTED HEN,0.83,68
35915C,PEACH KNITTED HEN,0.83,84
35916A,YELLOW FELT HANGING HEART W FLOWER,0.85,47
35916B,BLUE FELT HANGING HEART WITH FLOWER,0.63,48
35916C,PINK FELT HANGING HEART W FLOWER,1.63,45
35918B,BLUE FLORIBUNDA EGG WARMER,1.25,9
35920,FOUR RABBIT EASTER DECORATIONS,1.25,26
35921,EASTER BUNNY HANGING GARLAND,1.25,51
35922,EASTER BUNNY WREATH,4.95,38
35923,CANDY HEART HANGING DECORATION,1.25,117
35924,HANGING FAIRY CAKE DECORATION,2.1,206
35925,UNKNOWN ITEM,0.0,1
35926,UNKNOWN ITEM,0.0,1
35930,PINK HEART CHRISTMAS DECORATION,0.19,2
35931,PINK STAR CHRISTMAS DECORATION,0.38,15
35932,PINK CHRISTMAS TREE DECORATION,0.38,11
35933,PINK STOCKING CHRISTMAS DECORATION,0.38,31
35935,UNKNOWN ITEM,0.0,1
35936,CERISE+GOLD CHRISTMAS TREE DEC,0.38,10
35937,CERISE+GOLD CHRISTMAS STOCKING DEC,0.38,18
35940,UNKNOWN ITEM,0.0,1
35941,UNKNOWN ITEM,0.0,1
35945,GOLD CHRISTMAS STOCKING DECORATION,0.975,2
35948,UNKNOWN ITEM,0.0,1
35949,UNKNOWN ITEM,0.0,1
35950,FOLKART HEART CHRISTMAS DECORATIONS,0.625,2
35951,FOLKART BAUBLE CHRISTMAS DECORATION,0.38,50
35953,FOLKART STAR CHRISTMAS DECORATIONS,0.61,163
35954,SMALL FOLKART STAR CHRISTMAS DEC,0.42,125
35955,SMALL FOLKART CHRISTMAS TREE DEC,0.42,6
35956,lost,0.0,1
35957,SMALLFOLKART BAUBLE CHRISTMAS DEC,1.66,165
35958,FOLKART ZINC STAR CHRISTMAS DEC,0.85,90
35960,UNKNOWN ITEM,0.0,1
35961,FOLKART ZINC HEART CHRISTMAS DEC,0.85,663
35962,12 ASS ZINC CHRISTMAS DECORATIONS,2.1,99
35963,FOLKART ZINC CLIP ON ANGEL WINGS,0.38,14
35964,FOLKART CLIP ON STARS,0.83,136
35965,FOLKART HEART NAPKIN RINGS,2.95,196
35966,FOLKART CHRISTMAS TREE T-LIGHT HOLD,0.38,30
35967,FOLK ART METAL STAR T-LIGHT HOLDER,0.61,118
35968,FOLK ART METAL HEART T-LIGHT HOLDER,0.38,85
35969,FOLKART CROWN TABLE DECORATIONS,1.65,78
35970,ZINC FOLKART SLEIGH BELLS,1.69,725
35971,ROSE FOLKART HEART DECORATIONS,1.25,233
35972,DAISY FOLKART HEART DECORATION,1.25,92
35973,GERANIUM FOLKART HEART DECORATION,1.25,18
35974,S/6 CHRISTMAS TREE PLACE SETTING,1.875,2
35975A,UNKNOWN ITEM,0.0,1
35975B,UNKNOWN ITEM,0.0,1
35976B,UNKNOWN ITEM,0.625,4
35977B,UNKNOWN ITEM,0.0,1
35978,damages,0.0,3
35979,SIX STRING SCANDINAVIAN HEART DECS,2.95,31
35980A,UNKNOWN ITEM,0.0,1
35980B,RED TOP SCANDINAVIAN HEART,0.38,3
35980C,REDWHITE STRIPE SCANDINAVIAN HEART,0.38,34
35981C,WHITE SNOW SCANDINAVIAN STOCKING,0.38,74
35983,UNKNOWN ITEM,0.0,2
35990,UNKNOWN ITEM,0.0,1
35991,SET/6 BLACK SNOWFLAKE T-LIGHTS,0.42,58
35992,UNKNOWN ITEM,0.0,1
35993,UNKNOWN ITEM,0.0,1
35994,UNKNOWN ITEM,0.0,1
35995,SET/6 BLACK GLITTER REINDEER CANDLE,0.42,6
35999,S/6 SCANDINAVIAN HEART T-LIGHT,1.275,2
37112,YELLOW BIRDS FELT DES FOODCOVER,3.75,7
37326,FAIRY DESIGN MUGS,0.625,4
37327,ASSTD MULTICOLOUR CIRCLES MUG,0.39,98
37330,SPOTS MUG,1.95,32
37333,"RETRO ""TEA FOR ONE""",4.95,65
37340,MULTICOLOUR SPRING FLOWER MUG,0.85,216
37342,POLKADOT COFFEE CUP & SAUCER PINK,0.85,137
37343,SPOTS DESIGN MUG W PINK INSIDE,1.65,109
37345,ASSTD HEARTS DESIGN MUGS,1.95,10
37348,SET OF 4 PASTEL STACKING MUGS,2.55,11
37350,UNKNOWN ITEM,0.0,1
37351,ORANGE FLOWER MUG,1.25,12
37352,BIRD IN TREE MUG,1.25,11
37353,UNKNOWN ITEM,0.0,1
37365Y,UNKNOWN ITEM,0.0,1
37370,RETRO COFFEE MUGS ASSORTED,1.25,563
37379A,PINK CHERRY BLOSSOM CUP & SAUCER,11.02,19
37379B,BLUE CHERRY BLOSSOM CUP & SAUCER,0.15,5
37399,"ASS RETROSPOOF MUGS,SPORTS",1.25,7
37408,ASSORTED DESIGN GEISHA GIRL MUGS,0.625,2
37409,ASSORTED DESIGN FLOWER MUGS,0.85,4
37410,BLACK AND WHITE PAISLEY FLOWER MUG,1.25,37
37413,ICON MUG REVOLUTIONARY,0.39,84
37422,WHITE WITH BLACK CATS BOWL,1.66,77
37423,WHITE WITH BLACK CATS PLATE,1.66,73
37424,WHITE WITH BLACK CATS MUG,1.66,111
37432,MUG PINK AND PURPLE ARABIC DESIGN,0.325,2
37438,FUNKY FLOWER COFFEE POT,1.875,2
37441,ASSORTED WHITE EMBOSSED CHINA MUGS,2.1,58
37444A,YELLOW BREAKFAST CUP AND SAUCER,2.95,53
37444B,BLUE BREAKFAST CUP AND SAUCER,2.95,34
37444C,PINK BREAKFAST CUP AND SAUCER,5.91,62
37445A,UNKNOWN ITEM,0.0,1
37445C,UNKNOWN ITEM,0.0,1
37445D,UNKNOWN ITEM,0.0,1
37446,MINI CAKE STAND WITH HANGING CAKES,1.45,457
37447,CERAMIC CAKE DESIGN SPOTTED PLATE,1.49,402
37448,CERAMIC CAKE DESIGN SPOTTED MUG,1.49,578
37449,CERAMIC CAKE STAND + HANGING CAKES,9.95,567
37450,CERAMIC CAKE BOWL + HANGING CAKES,2.95,433
37451,CERAMIC CAKE TEAPOT WITH CHERRY,4.25,5
37452A,UNKNOWN ITEM,0.0,1
37452B,UNKNOWN ITEM,0.0,1
37461,FUNKY MONKEY MUG,1.25,106
37462B,"PET MUG, BUDGIE",0.84,35
37462E,"PET MUG, GOLDFISH",0.83,32
37464,ROBOT MUG IN DISPLAY BOX,1.25,88
37467,PIG MUG IN TWO COLOUR DESIGNS,3.0949999999999998,70
37468,HARDMAN MUG 3 ASSORTED,0.39,17
37471,MULTICOLOUR DOTS PLATE,0.85,13
37474,SET/4 2 TONE EGG SHAPE MIXING BOWLS,9.95,50
37475,SET/4 COLOURFUL MIXING BOWLS,9.95,72
37476,CONDIMENT TRAY 4 BOWLS AND 4 SPOONS,9.95,85
37477B,"FLOWER FAIRY MUG+COASTER,LAVENDER",3.75,11
37477C,UNKNOWN ITEM,0.0,3
37477D,UNKNOWN ITEM,0.0,2
37479B,CUBIC MUG FLOCK BLUE ON BROWN,0.8,39
37479P,CUBIC MUG FLOCK PINK ON BROWN,0.39,39
37481,CUBIC MUG TEATIME CAKES,0.0,3
37482B,CUBIC MUG BLUE POLKA DOT,2.55,11
37482P,CUBIC MUG PINK POLKADOT,2.55,88
37483,ENGLISH ROSE MUG IN GIFT BOX,2.55,15
37484,ENGLISH ROSE TEA FOR ONE GIFT BOX,3.375,2
37485,ENGLISH ROSE TEA SET IN GIFT BOX,4.65,18
37487B,YELLOW/ORANGE FLOWER DESIGN PLATE,0.145,4
37488A,YELLOW PINK FLOWER DESIGN BIG BOWL,0.39,8
37489A,YELLOW/PINK FLOWER DESIGN BIG MUG,0.39,26
37489B,BLUE/YELLOW FLOWER DESIGN BIG MUG,0.39,19
37489C,GREEN/BLUE FLOWER DESIGN BIG MUG,1.17,14
37489D,PINK/GREEN FLOWER DESIGN BIG MUG,0.39,23
37490C,UNKNOWN ITEM,0.0,1
37490D,UNKNOWN ITEM,0.0,1
37491A,YELLOW/PINK CERAMIC CANDLE HOLDER,3.29,15
37491B,BLUE/YELLOW CERAMIC CANDLE HOLDER,1.65,9
37491C,GREEN/BLUE CERAMIC CANDLE HOLDER,1.65,11
37491D,PURPLE/BLUE CERAMIC CANDLE HOLDER,3.325,14
37492A,YELLOW RED FLOWER PIGGY BANK,4.65,13
37492B,BLUE YELLOW FLOWER PIGGY BANK,4.65,50
37492C,GREEN BLUE FLOWER PIGGY BANK,4.65,28
37492D,PURPLE GREEN FLOWER PIGGY BANK,4.65,28
37493B,UNKNOWN ITEM,0.0,1
37493C,UNKNOWN ITEM,0.0,1
37493D,UNKNOWN ITEM,0.0,1
37494A,FAIRY CAKE CERAMIC BUTTER DISH,4.43,58
37495,FAIRY CAKE BIRTHDAY CANDLE SET,3.75,369
37500,TEA TIME TEAPOT IN GIFT BOX,9.95,277
37501,TEA TIME TEA SET IN GIFT BOX,6.95,191
37502,TEA TIME MUG IN GIFT BOX,2.95,177
37503,TEA TIME CAKE STAND IN GIFT BOX,10.75,537
37504,UNKNOWN ITEM,0.0,1
37506,NEW ENGLAND MILK JUG W GIFT BOX,5.95,27
37508,NEW ENGLAND CERAMIC CAKE SERVER,2.55,48
37509,NEW ENGLAND MUG W GIFT BOX,2.55,24
40001,WHITE BAMBOO RIBS LAMPSHADE,0.85,138
40002,WHITE BAMBOO RIBS LAMPSHADE,0.85,3
40003,WHITE BAMBOO RIBS LAMPSHADE,1.25,70
40005B,BLUE ORGANDY ROUND LAMPSHADE W BEA,0.85,14
40016,CHINESE DRAGON PAPER LANTERNS,0.42,254
40018E,TEA TIME PAPER LANTERNS,1.95,84
40018F,CHERRY DESIGN PAPERLANTERNS,1.95,124
40046A,RED DAISY PAPER LAMPSHADE,1.25,63
40046C,PINK BUTTERFLY PAPER LAMPSHADE,1.25,5
44089A,PINK GAUZE BUTTERFLY LAMPSHADE,0.42,13
44089C,LILAC GAUZE BUTTERFLY LAMPSHADE,0.42,18
44091A,BLUE CRUSOE CHECK LAMPSHADE,0.42,9
44091C,MULTICOLOUR CRUSOE CHECK LAMPSHADE,0.42,20
44092B,BLUE WHITE PLASTIC RINGS LAMPSHADE,0.85,6
44092C,PURPLE/COPPER HANGING LAMPSHADE,0.85,10
44217M,MULTICOLOUR FEATHERS CURTAIN,3.45,6
44228,UNKNOWN ITEM,0.0,7
44230,SQUARE MIRROR CURTAIN,7.95,58
44234,ASSORTED CIRCULAR MOBILE,0.21,64
44235,ASS COL CIRCLE MOBILE,0.42,25
44236,PINK/PURPLE CIRCLE CURTAIN,0.79,15
44241C,BLUE BUTTERFLY ON SPRING,0.85,10
44242A,LILAC FEATHERS CURTAIN,1.02,2
44242B,PINK FEATHERS CURTAIN,1.25,9
44242C,UNKNOWN ITEM,0.0,1
44265,M/COLOUR POM-POM CURTAIN,4.25,6
44266F,UNKNOWN ITEM,0.0,1
44276,UNKNOWN ITEM,0.0,1
45007B,UNKNOWN ITEM,0.0,1
45008C,DECORATIVE NET CANOPY CREAM,8.95,36
45008L,UNKNOWN ITEM,0.0,1
45013,FOLDING SHOE TIDY,2.95,10
45014,FOLDING SHIRT TIDY,4.65,1
45016,DECORATIVE NET CANOPY LEOPARD,7.62,29
46000M,POLYESTER FILLER PAD 45x45cm,1.55,378
46000P,POLYESTER FILLER PAD 65CMx65CM,4.25,55
46000R,POLYESTER FILLER PAD 45x30cm,1.45,67
46000S,POLYESTER FILLER PAD 40x40cm,1.45,403
46000U,POLYESTER FILLER PAD 30CMx30CM,1.25,55
46037A,PINK CANVAS DES CUSHION COVER,1.25,3
46115B,GREEN POP ART MAO CUSHION COVER,0.19,25
46118,FUNKY MONKEY CUSHION COVER,3.29,74
46126A,ELVIS WALLHANGING / CURTAIN,1.25,49
46137D,GREEN CHENILLE SHAGGY RUG,2.95,5
46138B,BLUE CHENILLE SHAGGY CUSHION COVER,1.95,27
46138D,GREEN CHENILLE SHAGGY C/COVER,1.95,1
46307,ROSES BLUE BASE CUSHION COVER,5.91,35
46775A,BUBBLE GUM CHUNKY KNITTED THROW,11.02,34
46775B,BERRIES CHUNKY KNITTED THROW,16.95,5
46775D,SUNSET COLOUR CHUNKY KNITTED THROW,11.02,103
46775E,CANDY POP CHUNKY KNITTED THROW,11.02,53
46776A,WOVEN BUBBLE GUM CUSHION COVER,4.13,123
46776B,WOVEN BERRIES CUSHION COVER,4.21,157
46776C,WOVEN FROST CUSHION COVER,4.21,99
46776D,WOVEN SUNSET CUSHION COVER,4.21,77
46776E,WOVEN CANDY CUSHION COVER,4.21,80
46776F,WOVEN ROSE GARDEN CUSHION COVER,4.13,158
47009,UNKNOWN ITEM,0.0,1
47013A,WINE BOTTLE DRESSING LT.BLUE,0.29,26
47013C,WINE BOTTLE DRESSING DARK BLUE,0.29,30
47016,LIGHT DECORATION BATTERY OPERATED,2.1,6
47021G,SET/6 BEAD COASTERS GAUZE BAG GOLD,1.25,75
47284V,UNKNOWN ITEM,0.0,1
47285B,UNKNOWN ITEM,0.0,1
47310M,SMALL POP BOX FUNKY MONKEY,1.63,174
47340A,UNKNOWN ITEM,0.0,1
47340B,UNKNOWN ITEM,0.0,1
47341A,FUSCHIA TABLE RUN FLOWER,1.25,9
47341B,BLUE TABLE RUN FLOWER,1.25,14
47343A,FUSCHIA FLOWER PURSE WITH BEADS,1.49,27
47344B,BLUE FLOWER DES PURSE,1.25,11
47347A,UNKNOWN ITEM,0.0,1
47347B,BLUE FLOWER T-LIGHT HOLDER,1.25,12
47348A,FUSCHIA VOILE POINTY SHOE DEC,0.39,17
47351B,BLUE  VOILE LAMPSHADE,2.95,15
47361,UNKNOWN ITEM,0.0,1
47367B,PAIR PADDED HANGERS PINK CHECK,3.36,100
47369A,PINK GREEN EMBROIDERY COSMETIC BAG,2.95,28
47369B,BLUE GREEN EMBROIDERY COSMETIC BAG,2.95,30
47420,ASSORTED COLOUR SUCTION CUP HOOK,0.19,34
47421,ASSORTED COLOUR LIZARD SUCTION HOOK,0.42,83
47422,ASSORTED MONKEY SUCTION CUP HOOK,0.42,75
47469,ASSORTED SHAPES PHOTO CLIP SILVER,0.65,37
47471,RAINBOW PEGS PHOTO CLIP STRING,0.65,66
47480,HANGING PHOTO CLIP ROPE LADDER,1.65,154
47481,50CM METAL STRING WITH  7 CLIPS,0.85,45
47502,POLKADOT CUTLERY 24 PCS IN TRAY,12.75,88
47503A,ASS FLORAL PRINT MULTI SCREWDRIVER,0.42,206
47503E,ASS FLORAL PRINT SCISSORS,1.25,27
47503F,ASS FLORAL PRINT TORCH,1.65,15
47503G,ASS FLORAL PRINT TAPE MEASURE,1.25,37
47503H,ASS FLORAL PRINT SPIRIT LEVEL,1.95,70
47503J,SET/3 FLORAL GARDEN TOOLS IN BAG,7.95,80
47503K,ASSORTED FLORAL SECATEURS,1.95,48
47504E,ENGLISH ROSE SCISSORS,1.25,50
47504F,ENGLISH ROSE TORCH,1.65,15
47504G,ENGLISH ROSE TAPE MEASURE,1.25,61
47504H,ENGLISH ROSE SPIRIT LEVEL,1.95,144
47504J,ENGLISH ROSE SET/3 GARDEN TOOLS,7.95,8
47504K,ENGLISH ROSE GARDEN SECATEURS,1.95,330
47505,MINATURE COLOURED GARDENING SET,4.95,191
47518F,ICON PLACEMAT POP ART ELVIS,0.12,43
47552A,DOTS IRONING BOARD COVER,1.95,13
47554,S/3 COLOURS FLOCK TEA TOWELS,1.275,2
47556,SET/2 SPOTTY + ROSE TEA TOWELS,1.275,2
47556B,TEA TIME TEA TOWELS,2.95,463
47559,UNKNOWN ITEM,0.0,1
47559B,TEA TIME OVEN GLOVE,1.25,782
47562,ENGLISH ROSE IRONING BOARD COVER,3.75,46
47563A,RETRO LONGBOARD IRONING BOARD COVER,3.29,155
47563B,WAVELINE SURF IRONING BOARD COVER,3.75,7
47565,UNKNOWN ITEM,0.0,1
47566,PARTY BUNTING,4.95,2757
47566B,TEA TIME PARTY BUNTING,4.95,913
47567,ENGLISH ROSE DESIGN KITCHEN APRON,5.95,3
47567B,TEA TIME KITCHEN APRON,5.95,376
47568,ENGLISH ROSE DESIGN PEG BAG,2.1,419
47569,ENGLISH ROSE DESIGN SHOPPING BAG,2.55,3
47570,ENGLISH ROSE TABLE CLOTH,10.65,82
47570B,TEA TIME TABLE CLOTH,10.65,241
47574A,ENGLISH ROSE SCENTED HANGING FLOWER,2.46,133
47574B,ENGLISH ROSE SCENTED HANGING HEART,4.25,29
47578A,ENGLISH ROSE SMALL SCENTED FLOWER,0.85,75
47579,TEA TIME BREAKFAST BASKET,2.1,60
47580,TEA TIME DES TEA COSY,2.55,365
47581A,UNKNOWN ITEM,0.0,1
47581B,FAIRY CAKE WICKER PICNIC BASKET,12.75,39
47583A,SET OF 3 WICKER BASKET ROSE,24.95,9
47583B,SET OF 3 WICKER BASKET TEA AND CAKE,24.95,7
47585A,PINK FAIRY CAKE CUSHION COVER,3.75,150
47586A,PINK FAIRY CAKE CUSHION COVER,2.55,30
47587A,PINK FAIRY CAKE COASTER,1.66,31
47589,CONGRATULATIONS BUNTING,5.45,86
47590A,BLUE HAPPY BIRTHDAY BUNTING,5.45,708
47590B,PINK HAPPY BIRTHDAY BUNTING,5.45,907
47591A,CAROUSEL DES CHILD'S APRON,1.65,72
47591B,SCOTTIES CHILDRENS APRON,1.65,301
47591C,BLUE FAIRY CAKE CHILD'S APRON,1.95,167
47591D,PINK FAIRY CAKE CHILDRENS APRON,1.95,1251
47592A,CAROUSEL DES CHILD'S OVERALL,1.66,102
47592B,SCOTTIES DESIGN CHILD'S OVERALL,2.1,31
47593A,CAROUSEL DESIGN BABY BIB,0.85,102
47593B,SCOTTIE DOGS BABY BIB,0.83,370
47594A,CAROUSEL DESIGN WASHBAG,1.95,120
47594B,SCOTTIES DESIGN WASHBAG,1.95,135
47595B,UNKNOWN ITEM,0.0,1
47597,NEW ENGLAND TEATOWELS,1.66,127
47598,NEW ENGLAND EGG WARMER,0.55,36
47599A,PINK PARTY BAGS,2.1,383
47599B,BLUE PARTY BAGS,2.1,298
48103,DOOR MAT KISS MY.......,7.49,11
48111,DOORMAT 3 SMILEY CATS,7.95,748
48116,DOORMAT MULTICOLOUR STRIPE,7.49,508
48129,DOORMAT TOPIARY,7.95,558
48138,DOORMAT UNION FLAG,7.49,1707
48169,UNKNOWN ITEM,0.0,1
48172,UNKNOWN ITEM,0.0,1
48173A,DOOR MAT BLUE FLOCK,3.375,2
48173C,DOORMAT BLACK FLOCK,7.95,557
48175,DOOR MAT CAMOUFLAGE,5.02,2
48179,DOOR MAT SWEET HOME,6.75,12
48184,DOORMAT ENGLISH ROSE,7.95,876
48185,DOORMAT FAIRY CAKE,7.95,1014
48187,DOORMAT NEW ENGLAND,7.95,1312
48188,DOORMAT WELCOME PUPPIES,7.95,714
48189,DOOR MAT FRIENDSHIP,7.49,281
48194,DOORMAT HEARTS,7.95,1383
48195,DOOR MAT GREEN PAISLEY,7.49,91
48197,DOOR MAT BIRD ON THE WIRE,7.49,228
49031B,CHROME EURO HOOK 20cm,0.0,1
51008,AFGHAN SLIPPER SOCK PAIR,3.45,95
51012C,"FEATHER DUSTER, COAL BLACK",1.25,32
51012L,"FEATHER DUSTER, LIGHT PINK",1.25,8
51014A,"FEATHER PEN,HOT PINK",0.83,386
51014C,"FEATHER PEN,COAL BLACK",0.83,281
51014L,"FEATHER PEN,LIGHT PINK",0.83,232
51020A,SUMMER FUN DESIGN SHOWER CAP,1.25,53
51020B,STRIPY DESIGN SHOWER CAP,1.25,66
62018,SOMBRERO,1.95,130
62043B,BLUE CHECK BAG W HANDLE 34X20CM,0.83,13
62074B,ELEPHANT CLIP W SUCTION CUP,0.42,13
62086A,PINK RETRO BIG FLOWER BAG,1.95,24
62094B,TURQ ICE CREAM BUM BAG,5.06,69
62095B,TURQOISE ICE CREAM SUNHAT,1.69,24
62096A,PINK/YELLOW FLOWERS HANDBAG,1.25,94
62096B,PURPLE/TURQ FLOWERS HANDBAG,1.6,86
62097A,PINK STRIPES SHOULDER BAG,2.95,5
62097B,BLUE STRIPES SHOULDER BAG,0.83,6
70006,LOVE HEART POCKET WARMER,1.65,311
70007,HI TEC ALPINE HAND WARMER,1.65,227
70037L,UNKNOWN ITEM,0.0,1
71028A,UNKNOWN ITEM,0.0,1
71028B,SILVER BLUE EGG T-LIGHT HOLDER,1.65,14
71038,WHITE HANGING BEADS CANDLE HOLDER,5.45,157
71050,SMALL SINGLE FLAME CANDLE HOLDER,0.35,8
71053,WHITE METAL LANTERN,3.75,797
71101A,ANGEL ON KNEES METAL POLE 100CM H,0.425,2
71101E,STANDING FAIRY POLE SUPPORT,0.85,49
71143,SILVER BOOK MARK WITH BEADS,2.51,106
71215,METAL BASE FOR CANDLES,0.42,13
71263G,UNKNOWN ITEM,0.0,1
71265,UNKNOWN ITEM,0.0,1
71270,PHOTO CLIP LINE,1.25,85
71279,PINK GLASS CANDLEHOLDER,2.95,92
71403,"PINK/WHITE ""KEEP CLEAN"" BULLET BIN",5.79,72
71406B,UNKNOWN ITEM,0.0,1
71406C,BLACK ORANGE SQUEEZER,0.42,37
71409B,UNKNOWN ITEM,0.0,1
71431,UNKNOWN ITEM,0.0,1
71434B,"BLACK RND BULLET""KEEP CLEAN"" BIN",1.275,4
71459,HANGING JAM JAR T-LIGHT HOLDER,0.85,1061
71477,COLOUR GLASS. STAR T-LIGHT HOLDER,3.25,934
71495A,CD WALL TIDY BLUE OFFICE,0.83,21
71495B,CD WALL TIDY RED FLOWERS,0.42,19
71496A,A4 WALL TIDY BLUE OFFICE,1.46,20
71496B,A4 WALL TIDY RED FLOWERS,0.5900000000000001,6
71510,SQUARE METAL CANDLEHOLDER BASE,0.85,17
72008,FROSTED BOX 9 WHITE T-LIGHT CANDLES,0.42,225
72023F,RED ORGANIC CANDLE IN GLASS,1.25,53
72024HC,UNKNOWN ITEM,0.0,1
72024U,LILAC VOTIVE CANDLE,0.21,13
72038B,damaged,0.0,1
72038P,PRICE'S CANDLE PEACH,0.21,11
72045A,UNKNOWN ITEM,0.0,1
72045D,ROSES ON BLUE TEACUP CANDLE,1.69,10
72051S,BAG OF SILVER STONES,0.83,60
72083A,STRAWBERY SWIRL FLARE CANDLE,2.1,7
72084B,CHOCOLATE ICE CREAM CANDLE,0.975,2
72122,COFFEE SCENT PILLAR CANDLE,0.95,125
72127,COLUMBIAN CANDLE ROUND,1.25,74
72128,COLUMBIAN CANDLE ROUND,0.85,93
72129,COLUMBIAN CANDLE ROUND,0.65,19
72130,COLUMBIAN CANDLE ROUND,0.65,64
72131,COLUMBIAN CANDLE RECTANGLE,1.95,62
72132,COLUMBIAN CUBE CANDLE,1.95,30
72133,COLUMBIAN CANDLE RECTANGLE,1.25,34
72134,COLUMBIAN  CUBE CANDLE,0.85,31
72140D,UNKNOWN ITEM,0.0,1
72140E,BEST DAD CANDLE LETTERS,0.85,30
72140F,HAPPY ANNIVERSARY CANDLE LETTERS,0.42,16
72225C,LAVENDER SCENT CAKE CANDLE,0.29,42
72225D,VANILLA SCENT CAKE CANDLE,0.29,13
72226D,UNKNOWN ITEM,0.0,1
72232,FENG SHUI PILLAR CANDLE,0.19,125
72234,UNKNOWN ITEM,0.0,1
72267,PREMIUM CHURCH CANDLE,2.1,47
72331R,UNKNOWN ITEM,0.0,1
72348B,UNKNOWN ITEM,0.0,1
72349B,SET/6 PURPLE BUTTERFLY T-LIGHTS,2.1,418
72351A,SET/6 TURQUOISE BUTTERFLY T-LIGHTS,2.1,443
72351B,SET/6 PINK  BUTTERFLY T-LIGHTS,2.1,521
72369A,PINK CLEAR GLASS CANDLE PLATE,1.25,15
72483,UNKNOWN ITEM,0.0,1
72484,ROSES IN WHITE HEART CANDLE,1.25,68
72487,ROSES WHITE ROUND CANDLE,0.935,16
72529W,WHITE ADVENT CANDLE,2.12,54
72586,SET OF 6 HALLOWEEN GHOST T-LIGHTS,0.42,189
72598,SET/12 TAPER CANDLES,0.85,170
72606A,BROWN ANTIQUE CUBE CANDLE,0.42,20
72620A,UNKNOWN ITEM,0.0,1
72655C,UNKNOWN ITEM,0.0,1
72671B,UNKNOWN ITEM,0.0,1
72697A,UNKNOWN ITEM,0.0,1
72708,SCULPTED ROUND IVORY CANDLE,0.21,6
72709,IVORY SCULPTED RND CANDLE,0.85,17
72715,SPHERICAL IVORY CANDLE,0.42,15
72719,UNKNOWN ITEM,0.0,1
72724,SET/6 CHRISTMAS ICICLE T-LIGHTS,1.25,12
72728,ROSE SCENT CANDLES IN GLASS,0.85,57
72732,UNKNOWN ITEM,0.0,2
72739B,WHITE CHOCOLATE SCENT CANDLE,1.88,32
72739C,DARK CHOCOLATE SCENTCANDLE,1.25,28
72740A,LARGE STRAWBERRY CHOCOLATE CANDLE,5.17,13
72740B,LARGE WHITE CHOCOLATE CANDLE,2.53,2
72741,GRAND CHOCOLATECANDLE,1.45,965
72748,UNKNOWN ITEM,0.0,1
72750A,FLOWER FAIRY SET OF 3 LILY CANDLES,1.95,18
72750B,FLOWER FAIRY SET 3 CANDLES LAVENDER,1.95,43
72750C,"F.FAIRY S/3 CANDLE/GLASS, ROSE",1.95,17
72750D,F.FAIRY S/3 CANDLE/GLASS,1.95,12
72751A,"F.FAIRY S/3 SML CANDLE,LILY/VALLEY",2.975,2
72751B,UNKNOWN ITEM,0.0,3
72751C,UNKNOWN ITEM,0.0,3
72751D,UNKNOWN ITEM,0.0,1
72752A,"F.FAIRY,CANDLE IN GLASS,LILY/VALLEY",2.125,2
72752B,"F.FAIRY,CANDLE IN GLASS,LAVENDER",4.25,3
72752C,UNKNOWN ITEM,0.0,1
72752D,UNKNOWN ITEM,0.0,1
72753A,S/3 FLWR FAIRY LILLY CANDLES,2.1,15
72753B,S/3 FLWR FAIRY LAVENDER CANDLES,2.1,15
72753C,S/3 FLWR FAIRY ROSE CANDLES,2.1,8
72753D,S/3 FLWR FAIRY SUMMER CANDLES,2.1,12
72754A,FLOWER FAIRY POTPOURRI CUSHION LILY,0.65,6
72754B,F FAIRY POTPOURRI CUSHIONS LAVENDER,0.65,9
72754C,UNKNOWN ITEM,0.0,1
72754D,UNKNOWN ITEM,0.0,3
72755A,UNKNOWN ITEM,0.0,1
72755B,UNKNOWN ITEM,0.0,1
72755C,FLOWER FAIRY OIL BURNER SET ROSE,1.25,17
72755D,FLOWER FAIRY OIL BURNER SET SUMMER,1.25,15
72756,FAIRY CAKE CANDLES,1.49,135
72759,UNKNOWN ITEM,0.0,2
72760B,VINTAGE CREAM 3 BASKET CAKE STAND,9.95,510
72768,UNKNOWN ITEM,0.0,1
72771B,BURG FLOCK GOLD CUP/CANDLE,0.42,10
72771C,BLACK FLOCK GOLD CANDLE,0.42,7
72772,SET/4 SCENTED CANDLES IN RAMEKINS,1.25,10
72777,UNKNOWN ITEM,0.0,1
72778,UNKNOWN ITEM,0.0,1
72779,SET/6 BLACK ROSE T-LIGHT CANDLES,1.69,15
72780,BLACK SILOUETTE CANDLE PLATE,0.85,46
72781,BLACK SILOUETTE CANDLE PLATE,2.1,18
72783,BLACK SIL'T SQU CANDLE PLATE,2.1,9
72785A,S/4 CONTEMPORY PINK ROSEBUD CANDLES,1.05,8
72785B,S/4 CONTEMPORY RED ROSEBUD CANDLES,1.3,4
72789,BASKET/8 SCENTED LOVE TOKEN CANDLES,3.75,51
72793,BLACK BOX MIRROR LANTERN,5.95,13
72796A,S/3 ENGLISH LAVENDER SQU CANDLE,1.65,11
72796B,S/3 FRENCH VANILLA SQU CANDLE,1.65,14
72796C,S/3 ROSE GARDEN SCENT SQU CANDLE,0.825,2
72798A,UNKNOWN ITEM,0.0,1
72798B,UNKNOWN ITEM,0.0,1
72798C,SET/4 GARDEN ROSE DINNER CANDLE,1.65,19
72799A,BLACK PILLAR CANDLE SILVER FLOCK,2.95,21
72799B,PURPLE PILLAR CANDLE BLACK FLOCK,2.95,17
72799C,PINK PILLAR CANDLE SILVER FLOCK,2.95,48
72799D,BLUE PILLAR CANDLE SILVER FLOCK,2.95,20
72799E,IVORY PILLAR CANDLE SILVER FLOCK,2.95,189
72799F,IVORY PILLAR CANDLE GOLD FLOCK,2.95,113
72800A,S/4 BLACK DINNER CANDLE SILVER FLOC,2.55,48
72800B,4 PURPLE FLOCK DINNER CANDLES,2.55,97
72800C,4 PINK DINNER CANDLE SILVER FLOCK,2.55,80
72800D,4 BLUE DINNER CANDLES SILVER FLOCK,2.55,90
72800E,4 IVORY DINNER CANDLES SILVER FLOCK,2.55,305
72800F,4 IVORY DINNER CANDLES GOLD FLOCK,2.55,70
72801C,4 ROSE PINK DINNER CANDLES,1.25,95
72801D,4 SKY BLUE DINNER CANDLES,2.46,123
72801E,S/4 FESTIVE GREEN DINNER CANDLES,1.25,30
72801F,S/4 FESTIVE RED DINNER CANDLES,1.25,26
72801G,4 BURGUNDY WINE DINNER CANDLES,1.25,72
72801H,UNKNOWN ITEM,0.0,1
72802A,ROSE SCENT CANDLE IN JEWELLED BOX,4.25,206
72802B,OCEAN SCENT CANDLE IN JEWELLED BOX,4.25,233
72802C,VANILLA SCENT CANDLE JEWELLED BOX,4.25,296
72803A,ROSE SCENT CANDLE JEWELLED DRAWER,4.25,105
72803B,OCEAN SCENT CANDLE JEWELLED DRAWER,4.25,49
72805,VANILLA CANDLE IN EMBOSSED ZINC POT,1.69,5
72806,UNKNOWN ITEM,0.0,1
72807A,SET/3 ROSE CANDLE IN JEWELLED BOX,4.25,252
72807B,SET/3 OCEAN SCENT CANDLE JEWEL BOX,4.25,272
72807C,SET/3 VANILLA SCENTED CANDLE IN BOX,4.25,424
72809,UNKNOWN ITEM,0.0,1
72811,SMALL ZINC/GLASS CANDLEHOLDER,1.49,22
72812,LARGE ZINC GLASS CANDLEHOLDER,4.13,31
72814,SET OF 3 CHRISTMAS BRIAR CANDLES,3.75,61
72815,3 WICK CHRISTMAS BRIAR CANDLE,3.75,77
72816,SET/3 CHRISTMAS DECOUPAGE CANDLES,1.25,154
72817,SET OF 2 CHRISTMAS DECOUPAGE CANDLE,1.25,234
72818,CHRISTMAS DECOUPAGE CANDLE,0.85,145
72819,CUPID DESIGN SCENTED CANDLES,2.55,99
72821,CUPID SCENTED CANDLE IN GLASS,1.65,18
75011,BLUE DAISY MOBILE,0.79,15
75013B,"STRING OF 8 BUTTERFLIES,PINK",1.65,86
75049L,LARGE CIRCULAR MIRROR MOBILE,1.25,410
75131,METAL TUBE CHIME ON BAMBOO,1.69,72
75132,UNKNOWN ITEM,0.0,1
75149N,STRING CRYSTALS NATURAL,1.25,28
75172,PAINTED SEA SHELL METAL WINDCHIME,0.79,12
75178,ASSTD COL BUTTERFLY/CRYSTAL W/CHIME,1.25,25
77079,DOLPHIN WINDMILL,2.12,15
77081,FLOWER WINDMILL,1.25,37
77101A,UNION FLAG WINDSOCK,1.25,92
78026,SEAGRASS S/3 SQU LAUNDRY BOX,10.0,3
78027,SEAGRASS S/2 CORNER LAUNDRY,15.95,7
78033,FLAG OF ST GEORGE CHAIR,5.95,22
78034B,BLUE NETTING STORAGE HANGER,1.95,11
78056,CAMOUFLAGE BACKPACK ON WHEELS,8.5,5
78124,MAGAZINE RACK GEBRA ASSORTED,1.25,32
79000,MOROCCAN TEA GLASS,0.85,463
79003B,UNKNOWN ITEM,0.0,1
79023B,UNKNOWN ITEM,0.0,1
79026B,"S/4 ICON COASTER,ELVIS LIVES",1.25,39
79029,GLASS HONEYPOT WASP CATCHER,1.95,364
79030A,"TUMBLER, ENGLISH ROSE",1.65,37
79030D,TUMBLER BAROQUE,0.7849999999999999,66
79030G,"TUMBLER, NEW ENGLAND",1.65,125
79051A,SMOKEY GREY COLOUR D.O.F. GLASS,0.29,61
79053A,UNKNOWN ITEM,0.0,1
79053B,UNKNOWN ITEM,0.0,1
79053D,UNKNOWN ITEM,0.0,1
79057B,UNKNOWN ITEM,0.0,1
79062D,"RETRO TIN ASHTRAY,REVOLUTIONARY",0.29,5
79063C,"RETRO PILL BOX KEY CHAIN,THE KING",0.19,15
79063D,"RETRO PILL BOX , REVOLUTIONARY",0.19,12
79064C,UNKNOWN ITEM,0.0,1
79065A,TEATIME ROUND CAKE TINS,9.95,3
79065B,UNKNOWN ITEM,0.0,1
79066K,RETRO MOD TRAY,0.85,269
79067,CORONA MEXICAN TRAY,3.75,424
79069A,UNKNOWN ITEM,0.0,1
79070B,ENGLISH ROSE SQUARE CAKE TINS,5.63,2
79071A,UNKNOWN ITEM,0.0,1
79071B,ENGLISH ROSE METAL WASTE BIN,2.95,68
79072,TEATIME CAKE TIN WITH HANDLE,9.95,117
79082C,UNKNOWN ITEM,0.0,1
79140,ASS WINDPROOF MARIJUANA LIGHTERS,0.0,5
79142,UNKNOWN ITEM,0.0,1
79144B,PAINTED LIGHTBULB STAR+ MOON,0.83,96
79144C,PAINTED LIGHTBULB RAINBOW DESIGN,0.83,100
79149B,SILICON STAR BULB  BLUE,0.42,13
79151B,"SILICON CUBE 25W, BLUE",0.42,3
79157B,UBO-LIGHT TRIOBASE BLUE,0.85,3
79157V,UBO-LIGHT TRIOBASE PURPLE,0.85,3
79160,HEART SHAPE WIRELESS DOORBELL,2.1,233
79161A,ST GEORGE SET OF 10 PARTY LIGHTS,2.95,19
79163,BLACK CHAMPAGNE GLASS,0.39,75
79164,BLACK WINE GLASS,1.65,105
79165,UNKNOWN ITEM,0.0,1
79172D,PURPLE TINT ACRYLIC FLOWER VASE,0.85,6
79190A,RETRO PLASTIC 70'S TRAY,0.42,125
79190B,RETRO PLASTIC POLKA TRAY,0.42,140
79190D,RETRO PLASTIC DAISY TRAY,0.42,115
79191B,RETRO PLASTIC POLKA TRAY,0.85,77
79191C,RETRO PLASTIC ELEPHANT TRAY,0.85,185
79191D,RETRO PLASTIC DAISY TRAY,0.85,58
79192A,RETRO PLASTIC 70'S TRAY,1.25,37
79301,FEATHER HEART LIGHTS,2.55,6
79302C,UNKNOWN ITEM,0.0,1
79302J,UNKNOWN ITEM,0.0,1
79302M,"ART LIGHTS,FUNK MONKEY",2.95,121
79303A,UNKNOWN ITEM,0.0,3
79303B,BLUE STAR BLOCK TABLE LAMP,5.91,11
79303D,LILAC FLOWER BLOCK TABLE LAMP,5.91,22
79308B,MOSAIC CANDLE DISH BLUE PURPLE,0.425,4
79309A,UNKNOWN ITEM,0.0,1
79315B,UNKNOWN ITEM,0.0,1
79315W,FLYING SAUCER TABLE LIGHT IN WHITE,2.95,14
79320,FLAMINGO LIGHTS,4.95,163
79321,CHILLI LIGHTS,4.95,1217
79323B,BLACK CHERRY LIGHTS,6.75,111
79323G,GOLD  CHERRY LIGHTS,6.75,89
79323GR,GREEN CHERRY LIGHTS,6.75,123
79323LP,LIGHT PINK CHERRY LIGHTS,6.75,232
79323P,PINK CHERRY LIGHTS,6.75,354
79323S,SILVER CHERRY LIGHTS,6.75,80
79323W,WHITE CHERRY LIGHTS,6.75,478
79328,BLUE FLOCK GLASS CANDLEHOLDER,0.38,19
79329,PINK FLOCK GLASS CANDLEHOLDER,1.65,9
79331,PINK FLOCK GLASS CANDLEHOLDER,1.65,11
79333,UNKNOWN ITEM,0.0,1
79336,LIGHT PINK FLOCK GLASS CANDLEHOLDER,0.38,25
79337,BLUE FLOCK GLASS CANDLEHOLDER,0.38,25
79338,DARK PINK FLOCK GLASS CANDLEHOLDER,1.015,14
79340P,PURPLE ORCHID FLOWER LIGHTS,7.95,2
79340W,WHITE ORCHID FLOWER LIGHTS,7.35,6
79341,WILLOW BRANCH LIGHTS.,6.75,106
79342B,BROWN FLOWER LIGHTS,6.75,41
79403,FROSTED WHITE BASE,0.85,39
79406,FROSTED WHITE BASE,0.22,21
79413,GLASS WINE GLASS DECORATIONS,1.25,11
79532,MOSAIC GLASS BALL CANDLEHOLDER,1.25,20
79534,MULTICOLOUR GLASS PLATE,0.55,19
81950B,FLOWER BLUE CLOCK W/SUCKER,0.85,37
81950V,FLOWER PURPLE CLOCK W/SUCKER,0.85,12
81952B,ROUND BLUE CLOCK W/SUCKER,0.64,21
81952V,ROUND PURPLE CLOCK WITH SUCKER,0.19,47
81953B,ROUND BLUE CLOCK WITH SUCKER,0.19,9
81953P,ROUND ARTICULATED PINK CLOCK W/SUCK,0.19,7
81985A,"ICON ALARM CLOCK,FUSCHIA  PIN UP",2.55,9
82001S,VINYL RECORD FRAME SILVER,3.75,271
82011A,"BATHROOM SCALES, TROPICAL BEACH",3.75,35
82011B,BATHROOM SCALES RUBBER DUCKS,3.75,50
82011C,BATHROOM SCALES FOOTPRINTS IN SAND,3.75,74
82011E,"BATHROOM SCALES, FAG BREAK",3.75,3
82039C,UNKNOWN ITEM,0.0,1
82069,BEECH WOOD P/FRAME,5.91,12
82072,WHITE WOOD SINGLE P/FRAME,1.25,5
82076,BEECH WOOD PHOTO FRAME,3.36,20
82081,PINK HEARTS PHOTO ALBUM,7.62,24
82093,HEART SHAPE BUTTON FRAME,3.43,29
82095,HEART BUTTONS JEWELLERY BOX,4.96,49
82096,UNKNOWN ITEM,0.0,1
82482,WOODEN PICTURE FRAME WHITE FINISH,2.55,2099
82483,WOOD 2 DRAWER CABINET WHITE FINISH,5.95,1259
82484,WOOD BLACK BOARD ANT WHITE FINISH,6.75,1233
82486,WOOD S/3 CABINET ANT WHITE FINISH,7.95,1371
82494L,WOODEN FRAME ANTIQUE WHITE,2.95,2184
82545A,COGNAC AUX OEUFS METAL 1 HOOK,1.25,12
82551,LAUNDRY 15C METAL SIGN,1.45,778
82552,WASHROOM METAL SIGN,1.45,817
82553,POP'S GREASY SPOON METAL SIGN,1.65,45
82567,"AIRLINE LOUNGE,METAL SIGN",2.1,499
82576,UNKNOWN ITEM,0.0,1
82577,UNKNOWN ITEM,0.0,1
82578,KITCHEN METAL SIGN,0.55,726
82580,BATHROOM METAL SIGN,0.55,1385
82581,TOILET METAL SIGN,0.55,944
82582,AREA PATROLLED METAL SIGN,2.1,836
82583,HOT BATHS METAL SIGN,2.1,1248
82585,SWEET VALENCIA CANDLE+CUP,1.25,53
82587,TEXRIO TOMATOES CANDLE+CUP,1.25,44
82595,UNKNOWN ITEM,0.0,1
82597,BOMBS AWAY METAL SIGN,2.1,223
82599,FANNY'S REST STOPMETAL SIGN,2.1,541
82600,NO SINGING METAL SIGN,2.1,1242
82605,OLD DOC RUSSEL METAL SIGN,2.1,128
82607A,GLASS BONBON JAR PARFUME AUX FLEURE,1.25,168
82607C,GLASS BONBON JAR. SUPERFINES,1.88,44
82607E,GLASS BONBON JAR. D'AMANDES,1.25,32
82609,UNKNOWN ITEM,0.0,1
82613A,"METAL SIGN,CUPCAKE SINGLE HOOK",1.25,125
82613B,"METAL SIGN,CUPCAKE SINGLE HOOK",1.25,245
82613C,"METAL SIGN,CUPCAKE SINGLE HOOK",2.46,206
82613D,METAL SIGN CUPCAKE SINGLE HOOK,1.25,279
82615,PINK MARSHMALLOW SCARF KNITTING KIT,2.95,95
82616A,BUBBLE GUM SCARF KNITTING KIT,2.95,52
82616B,FRAPPUCINO SCARF KNITTING KIT,2.46,135
82616C,MIDNIGHT GLAMOUR SCARF KNITTING KIT,2.46,148
84006,MAGIC TREE -PAPER FLOWERS,0.85,226
84007,MAGIC GARDEN MOUNT FUJI,2.55,41
84010,UNKNOWN ITEM,0.0,1
84012,MAGIC SHEEP WOOL GROWING FROM PAPER,1.63,182
84016,FLAG OF ST GEORGE CAR FLAG,0.42,78
84029C,BROWN FURRY HOT WATER BOTTLE,3.75,50
84029D,LEOPARD PRINT HOT WATER BOTTLE,3.75,18
84029E,RED WOOLLY HOTTIE WHITE HEART.,3.75,1267
84029G,KNITTED UNION FLAG HOT WATER BOTTLE,3.75,1114
84030B,KNITTED POM POM HOT WATER BOTTLE,1.875,8
84030C,KNITTED RAINBOW HOT WATER BOTTLE,7.62,22
84030E,ENGLISH ROSE HOT WATER BOTTLE,4.25,572
84031A,CHARLIE+LOLA RED HOT WATER BOTTLE,4.21,336
84031B,CHARLIE LOLA BLUE HOT WATER BOTTLE,4.21,291
84032A,CHARLIE+LOLA PINK HOT WATER BOTTLE,2.95,695
84032B,CHARLIE + LOLA RED HOT WATER BOTTLE,2.95,632
84033,FLAG OF ST GEORGE,1.65,53
84050,PINK HEART SHAPE EGG FRYING PAN,1.65,760
84051,ASS COLOUR GLOWING TIARAS,0.85,62
84077,WORLD WAR 2 GLIDERS ASSTD DESIGNS,0.29,1052
84078A,SET/4 WHITE RETRO STORAGE CUBES,39.95,351
84081,WHITE CERAMIC PARTY SET (5PCS),4.25,23
84086B,YELLOW/BLUE RETRO RADIO,2.95,14
84086C,PINK/PURPLE RETRO RADIO,2.95,92
84192,ASSORTED COLOUR METAL CAT,1.25,41
84195,UNKNOWN ITEM,0.0,1
84199,GLOW IN DARK DOLPHINS,0.21,75
84200,UNKNOWN ITEM,0.0,1
84201B,HAPPY BIRTHDAY CARD STRIPEY TEDDY,0.19,8
84201C,HAPPY BIRTHDAY CARD TEDDY/CAKE,0.19,3
84205C,HAPPY BIRTHDAY GINGER CAT CARD,0.19,1
84206A,3 BLACK CATS W HEARTS BLANK CARD,0.19,10
84206B,CAT W SUNGLASSES BLANK CARD,0.19,2
84206C,CHAMPAGNE TRAY BLANK CARD,0.19,4
84212,"ASSORTED FLOWER COLOUR ""LEIS""",0.65,280
84218,BOX/12 CHICK & EGG IN BASKET,1.95,100
84219,BOX/12 MOTHER & CHICK IN BASKET/BOW,2.55,31
84224,UNKNOWN ITEM,0.0,1
84226,HEN HOUSE W FAMILY IN BARN & NEST,0.85,19
84227,HEN HOUSE W CHICK IN NEST,0.42,17
84228,HEN HOUSE W CHICK STANDING,0.625,50
84231,EASTER BUNNY WITH BASKET ON BACK,0.65,51
84247B,UNKNOWN ITEM,0.0,1
84247C,PACK/12 BLUE REINDEER CARD,2.95,26
84247D,UNKNOWN ITEM,0.0,1
84247E,PACK/12 XMAS FUN CARD,2.95,112
84247G,"DECOUPAGE,GREETING CARD,",0.42,111
84247H,PACK/12 DECOUPAGE CARD,2.95,23
84247J,PACK/12 RUSSIAN DOLL CARDS,0.86,9
84247K,"FOLK ART GREETING CARD,pack/12",2.95,31
84247L,FAWN AND MUSHROOM GREETING CARD,0.42,114
84247N,PACK/12 BLUE FOLKART CARDS,2.95,60
84248B,UNKNOWN ITEM,0.0,1
84248E,UNKNOWN ITEM,0.0,1
84248F,UNKNOWN ITEM,0.0,1
84249A,"GREETING CARD,SQUARE, DOUGHNUTS",0.42,36
84249D,FAIRY CAKE GREETINGS CARD,0.42,69
84250H,UNKNOWN ITEM,0.0,1
84250M,"GREETING CARD, BLACKPOOL ROCK",0.85,15
84251B,"GREETING CARD, STICKY GORDON",0.42,65
84251C,"GREETING CARD, TWO SISTERS.",0.42,55
84251F,"GREETING CARD, RITA",0.19,54
84251G,"GREETING CARD, OVERCROWDED POOL.",0.42,92
84251J,"GREETING CARD, THE BLACK CAT",0.84,19
84255A,PINK GLASS COCKTAIL LAMP,1.05,4
84255B,ORANGE COCKTAIL GLASS LAMP,2.1,20
84270,ASSTD DESIGN BUBBLE GUM RING,0.21,491
84279B,CHERRY BLOSSOM DECORATIVE FLASK,3.75,228
84279P,CHERRY BLOSSOM  DECORATIVE FLASK,3.75,326
84288B,SET/2 BLUE  NOODLE BASKETS,1.95,28
84292,ROSE PINK METAL FOLDING CHAIR,7.95,18
84292B,BLUE COL METAL FOLDING CHAIR,7.95,7
84306,S/3 PINK SQUARE PLANTERS ROSES,10.95,34
84311,CAMOFLAGE CUSHION COVER,0.825,2
84313A,PINK TV TRAY TABLE,4.25,20
84313B,BLUE TV TRAY TABLE,4.25,86
84313C,ORANGE TV TRAY TABLE,4.25,76
84327A,PINK JUMPER LARRY THE LAMB,2.1,125
84340,LARGE FIBRE OPTIC CHRISTMAS TREE,2.55,12
84341A,UNKNOWN ITEM,0.0,1
84341B,SMALL PINK MAGIC CHRISTMAS TREE,0.85,135
84344,UNKNOWN ITEM,0.0,1
84347,ROTATING SILVER ANGELS T-LIGHT HLDR,2.55,835
84352,SILVER CHRISTMAS TREE BAUBLE STAND,16.95,140
84356,POMPOM CURTAIN,6.95,137
84358,FLOOR LAMP SHADE WOOD BASE,9.95,30
84360,TABLE LAMP WHITE SHADE WOOD BASE,5.95,43
84366,VENDETTA CANVAS PICTURE,3.75,3
84367,LA STREGA CANVAS PICTURE,1.65,9
84371,BIG PINK POODLE,19.95,7
84375,SET OF 20 KIDS COOKIE CUTTERS,2.1,843
84378,SET OF 3 HEART COOKIE CUTTERS,1.25,1302
84380,SET OF 3 BUTTERFLY COOKIE CUTTERS,1.25,1156
84387A,UNKNOWN ITEM,0.0,3
84388,WISE MAN STAR SHAPE EGG PAN,1.65,27
84389,UNKNOWN ITEM,0.0,1
84394,UNKNOWN ITEM,0.0,1
84395,UNKNOWN ITEM,0.0,1
84396,6 HOOK JEWELLERY STAND BLACK DRESS,8.47,52
84402B,PURPLE DRESS JEWELLERY STAND,0.79,6
84402C,UNKNOWN ITEM,0.0,1
84402D,PINK DRESS JEWELLERY STAND,0.85,14
84405A,S/3 PINK COL METAL BASKET W HANDLE,12.75,52
84406B,CREAM CUPID HEARTS COAT HANGER,3.25,905
84414B,FUSCHIA/GREEN STRIPE WOOLLY BLANKET,5.95,10
84415A,PINK FLOCK SUEDE CUSHION COVER,3.75,7
84415B,BLUE FLOCK CUSHION COVER,3.75,10
84422,PINK/BLUE DISC/MIRROR STRING,0.85,42
84424A,FOUR PICTURE WHITE GLASS FRAME,3.75,14
84425A,WHITE GLASS TV TRIPLE FRAME,4.25,12
84427B,BLACK GLASS TV DOUBLE P/FRAME 15X10,4.25,9
84429A,MEDIUM PINK BUDDHA HEAD,2.95,43
84437A,S/6 PINK EASTER DECS IN BOX,0.85,22
84439B,UNKNOWN ITEM,0.0,1
84440B,UNKNOWN ITEM,0.0,1
84444C,UNKNOWN ITEM,0.0,1
84447,6 RABBIT CHAIN EASTER,1.66,21
84448,UNKNOWN ITEM,0.0,1
84449,UNKNOWN ITEM,0.0,1
84450A,PINK RABBIT SITTING EASTER,0.42,8
84450B,PINK/YELLOW RABBIT SAT EASTER,0.81,36
84452,METAL RABBIT LADDER EASTER,0.85,49
84454,WOBBLING METAL CHICKEN EASTER,0.85,20
84455,SET OF 3 RABBIT CARROTS EASTER,0.85,21
84456,SET OF 3 RABBIT EGG EASTER,0.85,17
84457,SET/3 RABBITS FLOWER SKIPPPING ROPE,0.85,65
84458,S/3 RABBIT FLOWER/EGG/CARROT ROPE,0.85,22
84459A,PINK METAL CHICKEN HEART,1.49,213
84459B,YELLOW METAL CHICKEN HEART,1.49,225
84460A,UNKNOWN ITEM,0.0,1
84461,12 PINK HEN+CHICKS IN BASKET,2.55,43
84462,3 PINK HEN+CHICKS IN BASKET,1.25,14
84464,S/60 PINK FLUFFY CHICKS IN BOX,2.55,12
84465,15 PINK FLUFFY CHICKS IN BOX,2.95,24
84466,TOP SECRET PEN SET,1.25,84
84467,ENGLISH ROSE DESIGN QUILTED THROW,25.49,90
84469,ROSE DES PADDED FLOOR CUSHION,2.95,46
84472,PINK AND LILAC QUILTED THROW,45.95,35
84476A,UNKNOWN ITEM,0.0,1
84482,BUTTONS DESIGN JEWELLERY BOX,3.75,37
84493,BLUE/PINK NEST STRIPE BOX,0.08,7
84494B,UNKNOWN ITEM,0.0,2
84497,BUTTONS AND STRIPES NOTEBOOK,3.75,46
84499,BLACK FLOWER CANDLE PLATE,0.85,44
84507B,STRIPES DESIGN MONKEY DOLL,2.55,121
84507C,BLUE CIRCLES DESIGN MONKEY DOLL,2.55,77
84508A,CAMOUFLAGE DESIGN TEDDY,2.55,116
84508B,STRIPES DESIGN TEDDY,2.55,81
84508C,BLUE CIRCLES DESIGN TEDDY,2.55,47
84509A,SET OF 4 ENGLISH ROSE PLACEMATS,3.75,488
84509B,SET OF 4 FAIRY CAKE PLACEMATS,3.75,207
84509C,SET OF 4 POLKADOT PLACEMATS,3.75,145
84509E,SET OF 4 CAROUSEL PLACEMATS,3.36,33
84509F,SET OF 4 NEW ENGLAND PLACEMATS,3.75,48
84509G,SET OF 4 FAIRY CAKE PLACEMATS,3.75,163
84510A,SET OF 4 ENGLISH ROSE COASTERS,1.25,545
84510B,SET OF 4 FAIRY CAKES COASTERS,1.25,159
84510C,SET OF 4 POLKADOT COASTERS,2.46,138
84510E,SET OF 4 GREEN CAROUSEL COASTERS,2.46,34
84510F,SET OF 4 NEW ENGLAND COASTERS,1.25,41
84511,UNKNOWN ITEM,0.0,1
84519A,TOMATO CHARLIE+LOLA COASTER SET,2.95,205
84519B,CARROT CHARLIE+LOLA COASTER SET,2.95,217
84519D,UNKNOWN ITEM,0.0,1
84520B,PACK 20 ENGLISH ROSE PAPER NAPKINS,0.85,756
84520D,PACK OF 20 FAIRY CAKE PAPER NAPKINS,0.85,98
84522,PINK PARTY SUNGLASSES,1.95,28
84526,GIANT BLACK SUNGLASSES,1.95,36
84527,FLAMES SUNGLASSES PINK LENSES,1.95,23
84529A,PINK KNITTED KIDS RUCKSACK,6.75,22
84529B,BLUE KNITTED KID'S RUCKSACK,4.21,6
84529C,YELLOW KNITTED KIDS RUCKSACK,4.21,38
84531A,PINK KNITTED EGG COSY,0.83,52
84531B,BLUE KNITTED EGG COSY,0.61,46
84532B,FAIRY CAKES RECTANGLUAR BOXES,5.95,33
84533B,FAIRY CAKES ROUND NESTING BOXES,5.95,25
84534B,FAIRY CAKE NOTEBOOK A5 SIZE,0.85,210
84535A,ENGLISH ROSE NOTEBOOK A6 SIZE,0.65,70
84535B,FAIRY CAKES NOTEBOOK A6 SIZE,0.65,345
84536A,ENGLISH ROSE NOTEBOOK A7 SIZE,0.42,654
84536B,FAIRY CAKES NOTEBOOK A7 SIZE,0.42,424
84537B,FAIRY CAKES GIFT BAG,0.42,13
84539,KNITTED RABBIT DOLL,1.65,14
84546,CROCHET POODLE KEYRING,1.65,4
84548,CROCHET BEAR RED/BLUE  KEYRING,1.65,17
84549,CROCHET WHITE RABBIT KEYRING,1.65,16
84550,CROCHET LILAC/RED BEAR KEYRING,1.65,5
84551,CROCHET DOG KEYRING,1.65,8
84555A,YELLOW VW BEETLE CERAMIC MONEY BOX,2.95,19
84558A,3D DOG PICTURE PLAYING CARDS,2.95,236
84558B,UNKNOWN ITEM,0.0,2
84559A,3D SHEET OF DOG STICKERS,0.85,281
84559B,3D SHEET OF CAT STICKERS,0.85,233
84559D,3D SHEET OF SEA WORLD STICKERS,0.85,36
84562A,PINK/WHITE RIBBED MELAMINE JUG,7.95,84
84562B,BLUE/WHITE RIBBED MELAMINE JUG,7.95,8
84563A,PINK & WHITE BREAKFAST TRAY,5.95,66
84563B,BLUE & WHITE BREAKFAST TRAY,4.21,61
84564,6 SEGMENT COLOURED SNACK BOWL,7.95,13
84567,FROSTED GLASS WITH SILVER SURROUND,0.825,2
84568,GIRLS ALPHABET IRON ON PATCHES,0.42,317
84569A,PACK 3 IRON ON DOG PATCHES,1.25,120
84569B,PACK 3 FIRE ENGINE/CAR PATCHES,1.25,83
84569C,PACK 4 FLOWER/BUTTERFLY PATCHES,1.25,93
84569D,PACK 6 HEART/ICE-CREAM PATCHES,1.25,188
84570B,WHITE SATIN DRESS JEWEL STAND,4.95,2
84571,UNKNOWN ITEM,0.0,1
84572,6 HOOK JEWEL STAND LILAC DRESS,4.245,2
84575A,PINK DOG CANNISTER,5.95,15
84575B,BROWN DOG CANNISTER W BONE,5.95,5
84576,BLUE CAT BISCUIT BARREL PINK HEART,4.13,34
84578,ELEPHANT TOY WITH BLUE T-SHIRT,3.75,115
84580,MOUSE TOY WITH PINK T-SHIRT,3.75,463
84581,DOG TOY WITH PINK CROCHET SKIRT,3.75,243
84582,PINK CROCHET CAT WITH SCARF,4.25,13
84584,PINK GINGHAM CAT WITH SCARF,2.55,77
84585L,UNKNOWN ITEM,0.0,1
84586L,"PINK ROSES/GINGHAM PATCH RABBIT 8""",2.95,9
84592,CROCHET ROSE PURSE WITH SUEDE BACK,2.95,47
84593,CROCHET ROSE DES CLOTHES HANGER,2.95,9
84595B,LARGE TRIFLE DESIGN L BLUE BOWL,3.75,18
84595E,LARGE TORTILLA DESIGN RED BOWL,3.29,45
84596B,SMALL DOLLY MIX DESIGN ORANGE BOWL,0.83,750
84596E,SMALL LICORICE DES PINK BOWL,1.25,234
84596F,SMALL MARSHMALLOWS PINK BOWL,0.83,628
84596G,SMALL CHOCOLATES PINK BOWL,0.83,361
84596I,WRAP SWEETS LIGHT PINK SMALL BOWL,1.25,12
84596J,MIXED NUTS LIGHT GREEN BOWL,1.25,146
84596K,JELLY BABIES YELLOW SMALL BOWL,1.25,95
84596L,BISCUITS SMALL BOWL LIGHT BLUE,0.83,261
84597A,UNKNOWN ITEM,0.0,1
84597B,RETRO BROWN BALL ASHTRAY,1.25,31
84597C,RETRO PINK BALL ASHTRAY,1.25,48
84598,BOYS ALPHABET IRON ON PATCHES,0.42,224
84599,CANDY STRIPE ROSE FLOOR CUSHION,7.95,7
84600,NEW BAROQUE JEWELLERY BOX,7.95,55
84600A,UNKNOWN ITEM,0.0,1
84601A,NEW BAROQUE IVORY CUSHION COVER,2.95,18
84608,ORNATE EDWARDIAN CANDLE HOLDER,7.95,6
84609,TALL ROCOCO CANDLE HOLDER,8.5,41
84611B,BLACK NEW BAROQUE FLOCK BOX,5.95,8
84612B,SET/4 BLACK  BAROQUE FLOCK COASTER,2.55,5
84613A,PINK NEW BAROQUE FLOCK CANDLESTICK,4.65,13
84613C,BLUE NEW BAROQUE FLOCK CANDLESTICK,4.65,15
84614A,PINK BAROQUE FLOCK CANDLE HOLDER,5.95,13
84614C,UNKNOWN ITEM,0.0,3
84615,PINK ROUND BUTTERFLY MIRROR,1.95,23
84616,SILVER ROCCOCO CHANDELIER,29.95,30
84617,NEW BAROQUE BLACK BOXES,12.75,7
84619,BLUE GINGHAM ROSE QUILT,45.95,31
84620,BLUE GINGHAM ROSE CUSHION COVER,5.95,51
84621,BLUE GINGHAM ROSE FLOOR CUSHION,7.95,17
84622,PINK GINGHAM ROSE CUSHION COVER,5.95,11
84623,PINK GINGHAM ROSE FLOOR CUSHION,7.95,16
84625A,PINK NEW BAROQUECANDLESTICK CANDLE,2.95,94
84625B,BLCK NEW BAROQUE CANDLESTICK CANDLE,2.95,19
84625C,BLUE NEW BAROQUE CANDLESTICK CANDLE,2.95,88
84625D,WHITE NEWBAROQUE CANDLESTICK CANDLE,2.95,57
84626,CANDY STRIPE ROSE QUILT,22.975,2
84627,CANDY STRIPE ROSE C/COVER,5.95,23
84629,WHITE 3 FRAME BIRDS AND TREE,4.95,16
84630,FLOWERS AND BIRDS WALL PLAQUE,3.975,2
84631,FRUIT TREE AND BIRDS WALL PLAQUE,7.95,55
84632,DECORATIVE HANGING SHELVING UNIT,59.95,12
84637,KITCHEN FLOWER POTS WALL PLAQUE,4.96,115
84638,SMALL KITCHEN FLOWER POTS PLAQUE,6.95,70
84641,damages,0.0,1
84642,UNKNOWN ITEM,0.0,1
84648,NEW BAROQUE WALL MIRROR,6.375,2
84653,GREEN ROSE QUILT,45.95,15
84656,WHITE ROSE C/COVER,5.95,15
84657,GREEN ROSE CUSHION COVER,1.65,21
84658,WHITE STITCHED CUSHION COVER,6.95,68
84659A,WHITE TRAVEL ALARM CLOCK,2.51,237
84660A,WHITE STITCHED WALL CLOCK,0.79,61
84660B,BLACK STITCHED WALL CLOCK,3.75,68
84660C,PINK STITCHED WALL CLOCK,3.75,119
84661A,WHITE SQUARE TABLE CLOCK,2.55,45
84661B,BLACK SQUARE TABLE CLOCK,2.55,53
84661C,PINK SQUARE TABLE CLOCK,2.55,27
84663A,GRASS HOPPER WOODEN WALL CLOCK,5.91,73
84664,CHERRY BLOSSOM BATHROOM CABINET,4.95,55
84665,SQUARE CHERRY BLOSSOM CABINET,5.95,54
84666,SQUARE CHERRY BLOSSOM CABINET,3.95,34
84670,JAPANESE CROCHETED ANIMAL,0.42,198
84671A,UNKNOWN ITEM,0.0,1
84671B,CROCHET BEAR WITH BLUE STRIPES,2.55,34
84672A,UNKNOWN ITEM,0.0,1
84673A,PINK FLY SWAT,0.65,102
84673B,BLUE FLY SWAT,0.65,138
84674,FLYING PIG WATERING CAN,2.95,112
84675,FROG KING WATERING CAN,2.95,66
84676,BATH DUCK WATERING CAN,2.95,121
84678,CLASSICAL ROSE SMALL VASE,2.55,93
84679,CLASSICAL ROSE TABLE LAMP,5.95,5
84680,CLASSICAL ROSE URN,7.95,21
84681,UNKNOWN ITEM,0.0,1
84682,CLASSICAL ROSE DISH,2.95,56
84683,CLASSICAL ROSE CANDLESTAND,1.25,54
84684,BEACH HUT PHOTO FRAME,2.55,44
84685,BEACH HUT KEY CABINET,7.62,134
84686,BEACH HUT MIRROR,4.25,82
84687,BEACH HUT SHELF W 3 DRAWERS,5.95,78
84688,BEACH HUT DESIGN BLACKBOARD,4.25,92
84689,S/2 BEACH HUT TREASURE CHESTS,5.95,45
84690,S/2 BEACH HUT STOOLS,7.95,17
84691,PACK 20 DOLLY PEGS,0.85,242
84692,BOX OF 24 COCKTAIL PARASOLS,0.42,1186
84699,UNKNOWN ITEM,0.0,1
84705A,ENGLISH ROSE PHOTO FRAME,4.65,9
84705B,FAIRY CAKES PHOTO FRAME,2.34,6
84705C,PINK FLOCK PHOTO FRAME,4.21,9
84705D,CHERRY BLOSSOM PHOTO FRAME,4.21,16
84705E,UNKNOWN ITEM,0.0,1
84705F,RED PEONY PHOTO FRAME,4.65,6
84706A,ENGLISH ROSE TABLE CLOCK,1.95,9
84706B,FAIRY CAKES TABLE CLOCK,8.95,12
84706C,PINK FLOCK TABLE CLOCK,1.95,5
84706D,CHERRY BLOSSOM TABLE CLOCK,1.95,19
84706E,UNKNOWN ITEM,0.0,1
84706F,RED PEONY TABLE CLOCK,2.95,20
84707A,SILVER JEWELLED MIRROR TRINKET TRAY,9.95,65
84707B,PINK JEWELLED MIRROR TRINKET TRAY,8.47,54
84708B,PINK JEWELLED PHOTO FRAME,4.95,55
84709A,SILVER OVAL JEWELLED MIRROR,5.95,16
84709B,PINK OVAL JEWELLED MIRROR,5.95,92
84711A,SILVER OVAL SHAPE TRINKET BOX,9.95,26
84711B,PINK OVAL SHAPE TRINKET BOX,9.3,30
84712B,PINK JEWELLED PHOTO FRAME,7.95,62
84715,SET OF 6 ICE CREAM SKITTLES,2.95,49
84718,UNKNOWN ITEM,0.0,1
84720,DOT MATRIX CANVAS ART PICTURE,3.95,3
84721,MANHATTAN CANVAS ART PICTURE,3.95,3
84723,CHERRY BLOSSOM CANVAS ART PICTURE,7.95,15
84725,FREESTYLE CANVAS ART PICTURE,1.65,31
84726,LILLIES CANVAS PICTURE,1.65,6
84731,3 BIRDS CANVAS SCREEN,1.65,3
84732B,CUTE BIRD CEATURE SCREEN,1.65,6
84732D,CUTE RABBIT CEATURE SCREEN,1.65,6
84741C,CITRUS GARLAND FELT FLOWERS,1.95,55
84743C,ORANGE FELT VASE + FLOWERS,1.25,9
84744,S/6 SEW ON CROCHET FLOWERS,1.25,39
84745A,PINK HANGING GINGHAM EASTER HEN,0.42,17
84745B,BLUE HANGING GINGHAM EASTER HEN,0.42,18
84746,PINK EASTER HENS+FLOWER,2.46,20
84748,FOLK FELT HANGING MULTICOL GARLAND,2.51,95
84750A,PINK SMALL GLASS CAKE STAND,1.95,116
84750B,BLACK SMALL GLASS CAKE STAND,1.95,84
84750C,UNKNOWN ITEM,0.0,1
84751B,BLACK MEDIUM GLASS CAKE STAND,3.75,24
84752B,UNKNOWN ITEM,0.0,1
84753A,PINK EAU DE COLOGNE BOTTLE,0.85,26
84754,S/15 SILVER GLASS BAUBLES IN BAG,1.25,242
84755,COLOUR GLASS T-LIGHT HOLDER HANGING,0.65,1313
84757,ENCHANTED GARDEN WROUGHT IRON TABLE,14.95,6
84760L,LARGE HANGING GLASS+ZINC LANTERN,0.8,2
84760S,SMALL HANGING GLASS+ZINC LANTERN,1.45,40
84761,IVORY HANGING BIRD PLANTER,2.55,63
84762A,WHITE PICNIC BARBECUE BUCKET,10.75,36
84762B,PINK PICNIC BARBECUE BUCKET,8.47,49
84762C,GREEN PICNIC BARBECUE BUCKET,8.47,44
84763,ZINC FINISH 15CM PLANTER POTS,1.25,178
84765,SILVER ROCOCO CANDELABRA,12.75,9
84766,SILVER ROCOCO CANDLE STICK,5.95,32
84767,ZINC POLICE BOX LANTERN,5.95,8
84770,ROUND GEORGIAN SILVER MIRROR,2.95,25
84773,RED ROSE AND LACE C/COVER,2.95,55
84775,UNKNOWN ITEM,0.0,1
84782A,PINK 3 TIER GLASS PLATE STAND,12.75,34
84782B,BLACK 3 TIER GLASS PLATE STAND,12.75,7
84782C,GREEN 3 TIER GLASS PLATE STAND,12.75,24
84789,ENCHANTED BIRD PLANT CAGE,3.75,132
84791,GINGHAM HEART DECORATION,2.95,110
84792,ENCHANTED BIRD COATHANGER 5 HOOK,4.65,541
84795A,PASTEL STRIPE HAMMOCK,7.95,74
84795B,SUNSET CHECK HAMMOCK,7.95,115
84795C,OCEAN STRIPE HAMMOCK,7.95,138
84795D,SEASIDE STRIPE HAMMOCK,7.95,92
84795E,RIO PINK STRIPE HAMMOCK,7.95,8
84796A,PINK HAWAIIAN PICNIC HAMPER FOR 2,8.47,132
84796B,BLUE SAVANNAH PICNIC HAMPER FOR 2,8.29,187
84797A,PINK HAWAIIAN PICNIC HAMPER FOR 4,11.02,62
84797B,BLUE SAVANNAH PICNIC HAMPER FOR 4,11.02,56
84798A,PINK FOXGLOVE ARTIIFCIAL FLOWER,2.55,13
84798B,PURPLE FOXGLOVE ARTIIFCIAL FLOWER,2.55,13
84798C,WHITE FOXGLOVE ARTIIFCIAL FLOWER,2.55,4
84799,SPRIG LAVENDER ARTIFICIAL FLOWER,1.25,34
84800L,LARGE WHITE/PINK ROSE ART FLOWER,2.12,41
84800M,MEDIUM WHITE/PINK ROSE ART FLOWER,1.69,29
84800S,SMALL WHITE/PINK ROSE ART FLOWER,1.25,20
84801A,PINK HYDRANGEA ART FLOWER,2.1,17
84801B,WHITE HYDRANGEA ART FLOWER,2.1,19
84802A,WHITE ANEMONE ARTIFICIAL FLOWER,1.69,28
84802B,PURPLE ANEMONE ARTIFICIAL FLOWER,1.69,18
84803A,PINK ALLIUM  ARTIFICIAL FLOWER,1.69,20
84803B,WHITE ALLIUM  ARTIFICIAL FLOWER,1.69,16
84804A,CREAM DELPHINIUM ARTIFICIAL FLOWER,2.95,19
84804B,BLUE DELPHINIUM ARTIFICIAL FLOWER,2.95,22
84805A,CREAM CLIMBING HYDRANGA ART FLOWER,3.75,9
84805B,BLUE CLIMBING HYDRANGA ART FLOWER,2.1,10
84806A,PINK CANDYSTUFT ARTIFICIAL FLOWER,1.45,20
84806B,WHITE CANDYSTUFT ARTIFICIAL FLOWER,1.45,32
84807,RED POPPY ARTIFICIAL FLOWER,1.69,9
84809A,WHITE CHRYSANTHEMUMS ART FLOWER,2.1,25
84809B,PINK CHRYSANTHEMUMS ART FLOWER,2.1,9
84810C,UNKNOWN ITEM,0.0,1
84811A,UNKNOWN ITEM,0.0,1
84813,SET OF 4 DIAMOND NAPKIN RINGS,12.75,102
84814A,UNKNOWN ITEM,0.0,3
84814B,RHOMBUS CRYSTAL PERFUME BOTTLE,1.95,4
84815,SET OF 3 DANISH ROSE PLANTERS,4.25,53
84816,DANISH ROSE BEDSIDE CABINET,39.95,29
84817,DANISH ROSE DECORATIVE PLATE,2.1,87
84818,DANISH ROSE PHOTO FRAME,2.51,225
84819,DANISH ROSE ROUND SEWING BOX,4.25,99
84820,DANISH ROSE TRINKET TRAYS,5.95,56
84821,DANISH ROSE DELUXE COASTER,0.85,76
84823,DANISH ROSE FOLDING CHAIR,7.95,32
84824,DANISH ROSE UMBRELLA STAND,15.95,34
84825,UNKNOWN ITEM,0.0,1
84826,ASSTD DESIGN 3D PAPER STICKERS,0.85,57
84827,ASS DES PHONE SPONGE CRAFT STICKER,0.65,34
84828,JUNGLE POPSICLES ICE LOLLY HOLDERS,1.25,364
84830,LARGE ENGLISH ARBORETUM,16.95,11
84832,ZINC WILLIE WINKIE  CANDLE STICK,0.85,662
84836,ZINC METAL HEART DECORATION,1.25,1474
84837,WHITE SWEETHEARTS CABINET 4 DRAWERS,12.75,147
84838,ANT WHITE HIGH RISE BIRD BOX,8.5,5
84839,SWEETHEART KEY CABINET,6.75,406
84840,SWEETHEART CARRY-ALL BASKET,8.5,151
84841,UNKNOWN ITEM,0.0,1
84842,HELLO SAILOR BATHROOM SET,3.75,37
84843,WHITE SOAP RACK WITH 2 BOTTLES,5.95,114
84845A,HOLLYHOCK SQUARE HANDY TIN,0.625,2
84845B,UNKNOWN ITEM,0.0,1
84845C,CARNATION SQUARE HANDY TIN,1.25,21
84845D,GERANIUM SQUARE HANDY TIN,1.25,14
84846A,SCENTED CANDLE IN DIGITALIS TIN,2.1,58
84847,FLORAL BATHROOM SET,3.75,53
84849A,HELLO SAILOR BLUE SOAP HOLDER,1.69,109
84849B,FAIRY SOAP SOAP HOLDER,1.69,303
84849C,UNKNOWN ITEM,0.0,1
84849D,HOT BATHS SOAP HOLDER,1.69,269
84854,GIRLY PINK TOOL SET,4.95,117
84855,BLOKEY SILVER TOOL SET,4.95,20
84856L,LARGE TAHITI BEACH BAG,5.95,83
84856S,SMALL TAHITI BEACH BAG,4.65,36
84857A,SILVER MONTE CARLO HANDBAG,4.25,6
84857B,BLUE MONTE CARLO HANDBAG,0.975,4
84857C,PINK MONTE CARLO HANDBAG,1.95,20
84858A,NATURAL RIVIERA HANDBAG,5.95,11
84858B,BLUE RIVIERA HANDBAG,1.25,12
84858C,PINK RIVIERA HANDBAG,5.95,32
84859A,SILVER DISCO HANDBAG,1.95,60
84859B,BLUE DISCO HANDBAG,1.95,18
84859C,PINK DISCO HANDBAG,1.95,41
84864A,PINK PAISLEY PHOTO ALBUM,6.75,6
84865,NEW BAROQUE BLACK PHOTO ALBUM,8.5,54
84866,UNKNOWN ITEM,0.0,1
84867A,PINK BABY GIRLS PHOTO ALBUM,6.95,6
84867B,BLUE BABY BOY'S PHOTO ALBUM,6.785,2
84868A,PINK BABY GIRL'S MEMORY BOX,6.95,3
84868B,BLUE BABY BOY'S MEMORY BOX,6.95,7
84869,CANDY BUTTON PHOTO ALBUM,5.95,27
84870B,BLUE GEISHA GIRL,3.75,44
84870C,GREEN GEISHA GIRL,3.75,44
84871,UNKNOWN ITEM,0.0,1
84872A,TEATIME FUNKY FLOWER BACKPACK FOR 2,11.02,158
84873A,FUNKY FLOWER PICNIC BAG FOR 4,11.02,79
84873B,UNKNOWN ITEM,0.0,1
84874A,UNKNOWN ITEM,0.0,1
84874B,BLUE TRAVEL FIRST AID KIT,1.65,40
84875A,PINK SQUARE COMPACT MIRROR,3.75,14
84875B,GREEN SQUARE COMPACT MIRROR,1.25,42
84875D,BLUE SQUARE COMPACT MIRROR,1.25,40
84876B,GREEN HEART COMPACT MIRROR,1.25,43
84876C,SILVER HEART COMPACT MIRROR,3.75,6
84876D,BLUE HEART COMPACT MIRROR,3.75,39
84877A,PINK ROUND COMPACT MIRROR,3.75,19
84877B,GREEN ROUND COMPACT MIRROR,2.46,45
84877C,UNKNOWN ITEM,0.0,1
84877D,BLUE ROUND COMPACT MIRROR,3.36,49
84879,ASSORTED COLOUR BIRD ORNAMENT,1.69,2933
84880,WHITE WIRE EGG HOLDER,5.95,389
84881,BLUE WIRE SPIRAL CANDLE HOLDER,6.35,28
84882,GREEN WIRE STANDING CANDLE HOLDER,3.75,36
84884A,ANT WHITE WIRE HEART SPIRAL,3.95,355
84886,BLUE METAL WALL SHELF,9.95,12
84891B,GREEN WIRE GOBLET CANDLEHOLDER,7.95,8
84893,ANT WHITE IRON BASKET,5.95,16
84896C,UNKNOWN ITEM,0.0,1
84897A,UNKNOWN ITEM,0.0,1
84898E,UNKNOWN ITEM,0.0,1
84898F,YELLOW FLOWERS FELT HANDBAG KIT,2.1,59
84899A,UNKNOWN ITEM,0.0,1
84899E,YELLOW + BROWN BEAR FELT PURSE KIT,1.25,23
84899F,YELLOW PURPLE DAISY FELT PURSE KIT,1.25,55
84901,BLACK FACE LAMB WITH PANTS,3.75,75
84902,PINK KNITTED COW STUFFED TOY,3.75,55
84904,UNKNOWN ITEM,0.0,1
84905,PINK BUTTERFLY CUSHION COVER,5.06,107
84906,PINK B'FLY C/COVER W BOBBLES,5.95,26
84907,PINK YELLOW PATCH CUSHION COVER,5.79,43
84908A,PINK 5 PATCH FLOWER CUSHION COVER,5.91,38
84908B,BLUE 5 PATCH FLOWER CUSHION COVER,5.91,36
84909A,PINK PAISLEY QUILT,12.75,33
84910A,PINK PAISLEY CUSHION COVER,5.95,56
84912A,PINK ROSE WASHBAG,3.36,238
84912B,GREEN ROSE WASHBAG,3.36,271
84913A,SOFT PINK ROSE TOWEL,3.36,275
84913B,MINT GREEN ROSE TOWEL,3.36,211
84914A,PINK ROSE PICNIC RUG,25.95,7
84915,HAND TOWEL PINK FLOWER AND DAISY,4.21,41
84916,HAND TOWEL PALE BLUE W FLOWERS,4.21,64
84917,WHITE HAND TOWEL WITH BUTTERFLY,4.21,59
84918,CREAM CUSHION COVER WITH FLOWERS,5.91,67
84919,BLUE CUSHION COVER WITH FLOWER,6.95,50
84920,PINK FLOWER FABRIC PONY,3.75,92
84921,CREAM AND PINK FLOWERS PONY,3.75,20
84922,PINK BUTTERFLY WASHBAG,4.25,22
84923,PINK BUTTERFLY HANDBAG W BOBBLES,4.21,158
84924A,WAKE UP COCKEREL CALENDAR SIGN,3.75,65
84924D,LA PALMIERA METAL SIGN CALENDAR,3.75,17
84924F,PSYCHEDELIC METAL SIGN CALENDAR,0.79,12
84925A,WAKE UP COCKEREL WALL THERMOMETER,2.55,20
84925C,FAIRY CAKES  WALL THERMOMETER,2.55,11
84925D,LA PALMIERA WALL THERMOMETER,2.55,33
84925E,FLOWERS WALL THERMOMETER,2.125,4
84925F,PSYCHEDELIC WALL THERMOMETER,2.55,38
84926A,WAKE UP COCKEREL TILE COASTER,1.25,54
84926B,SCOTTS ROSES TILE COASTER,1.25,12
84926C,FAIRY CAKES TILE COASTER,1.25,35
84926D,LA PALMIERA TILE COASTER,1.25,50
84926E,FLOWERS TILE COASTER,0.29,52
84926F,PSYCHEDELIC TILE COASTER,1.25,43
84927A,WAKE UP COCKEREL TILE HOOK,2.1,40
84927C,UNKNOWN ITEM,0.0,1
84927D,LA PALMIERA TILE HOOK,2.1,33
84927E,FLOWERS TILE HOOK,2.1,33
84927F,PSYCHEDELIC TILE HOOK,2.1,67
84928,UNKNOWN ITEM,0.0,1
84929,ASSTD FRUIT+FLOWERS FRIDGE MAGNETS,0.19,99
84931A,PINK SCOTTIE DOG W FLOWER PATTERN,2.55,82
84931B,BLUE SCOTTIE DOG W FLOWER PATTERN,2.55,84
84932A,SMALL GREEN PEONY FOLDING STOOL,1.95,27
84932B,SMALL PINK PEONY FOLDING STOOL,1.95,19
84932C,SMALL ORIENTAL BLUE FOLDING STOOL,1.95,36
84932D,SMALL ORIENTAL RED FOLDING STOOL,1.95,24
84933A,LARGE GREEN PEONY FOLDING STOOL,2.1,7
84933B,LARGE PINK PEONY FOLDING STOOL,2.1,7
84933C,LARGE BLUE ORIENTAL FOLDING STOOL,2.1,7
84933D,UNKNOWN ITEM,0.0,2
84934,ASSTD DESIGN POP ART SLIM PEN,0.85,17
84937,KASHMIR FOLKART TUMBLERS,2.1,130
84938,UNKNOWN ITEM,0.0,1
84940,UNKNOWN ITEM,0.0,1
84942,KASHMIR FOLKART HEART DISHES,1.69,4
84944,SET OF 6 KASHMIR FOLKART BAUBLES,4.25,215
84945,MULTI COLOUR SILVER T-LIGHT HOLDER,0.85,722
84946,ANTIQUE SILVER TEA GLASS ETCHED,1.25,1880
84947,ANTIQUE SILVER TEA GLASS ENGRAVED,1.25,728
84948,SILVER HANGING T-LIGHT HOLDER DOME,1.65,40
84949,SILVER HANGING T-LIGHT HOLDER,1.65,790
84950,ASSORTED COLOUR T-LIGHT HOLDER,0.72,292
84951A,SET OF 4 PISTACHIO LOVEBIRD COASTER,1.66,136
84951B,SET OF 4 BLACK LOVEBIRD COASTERS,1.66,126
84952A,CLEAR LOVE BIRD T-LIGHT HOLDER,2.51,41
84952B,BLACK LOVE BIRD T-LIGHT HOLDER,2.51,49
84952C,MIRROR LOVE BIRD T-LIGHT HOLDER,3.75,51
84962,SET/3 COLOUR PAINTED KASHMIRI STOOL,59.95,3
84963A,PINK PAINTED KASHMIRI CHAIR,42.95,11
84963B,BLUE PAINTED KASHMIRI CHAIR,49.95,6
84964A,UNKNOWN ITEM,0.0,5
84964B,BLUE PAINTED KASHMIRI TABLE,15.0,4
84965A,PINK KASHMIRI COFFEE TABLE,30.0,4
84965B,BLUE KASHMIRI COFFEE TABLE,30.0,6
84966A,PINK KASHMIRI BOXED MIRROR,16.0,6
84966B,BLUE KASHMIRI BOXED MIRROR,12.0,5
84966C,GREEN KASHMIRI BOXED MIRROR,6.0,4
84967A,PINK KASHMIRI OCCASIONAL TABLE,79.95,5
84967B,BLUE KASHMIRI OCCASIONAL TABLE,79.95,15
84967C,GREEN KASHMIRI OCCASIONAL TABLE,54.975,6
84968A,SET OF 16 VINTAGE ROSE CUTLERY,12.75,217
84968B,S/16 VINTAGE IVORY CUTLERY,12.75,142
84968C,SET OF 16 VINTAGE PISTACHIO CUTLERY,12.75,198
84968D,SET OF 16 VINTAGE RED CUTLERY,12.75,115
84968E,SET OF 16 VINTAGE BLACK CUTLERY,12.75,117
84968F,SET OF 16 VINTAGE SKY BLUE CUTLERY,12.75,138
84969,BOX OF 6 ASSORTED COLOUR TEASPOONS,4.25,359
84970L,SINGLE HEART ZINC T-LIGHT HOLDER,0.95,1182
84970S,HANGING HEART ZINC T-LIGHT HOLDER,0.85,1571
84971L,LARGE HEART FLOWERS HOOK,1.25,65
84971S,SMALL HEART FLOWERS HOOK,0.85,481
84972L,GIANT PINK HEART MEMO HOLDER,3.95,49
84972M,UNKNOWN ITEM,0.0,1
84974,S/2 ZINC HEART DESIGN PLANTERS,9.95,59
84975,HEART SHAPED MIRROR,1.69,223
84976,RECTANGULAR SHAPED MIRROR,1.69,60
84977,WIRE FLOWER T-LIGHT HOLDER,1.25,51
84978,HANGING HEART JAR T-LIGHT HOLDER,1.25,1502
84984A,GREEN PEONY CUSHION COVER,4.65,18
84984B,RED PEONY CUSHION COVER,4.65,18
84984C,ORIENTAL BLUE C/COVER,4.65,17
84984D,ORIENTAL RED C/COVER,4.65,21
84985A,SET OF 72 GREEN PAPER DOILIES,1.45,170
84985B,SET OF 72 BLACK PAPER DOILIES,1.45,26
84986A,UNKNOWN ITEM,0.0,1
84986B,SET OF 36 SILVER PAPER DOILIES,1.45,83
84987,SET OF 36 TEATIME PAPER DOILIES,1.45,831
84988,SET OF 72 PINK HEART PAPER DOILIES,1.45,1040
84989A,75 GREEN FAIRY CAKE CASES,0.55,202
84989B,75 BLACK FAIRY CAKE CASES,0.55,65
84990,60 GOLD AND SILVER FAIRY CAKE CASES,0.55,213
84991,60 TEATIME FAIRY CAKE CASES,0.55,2230
84992,72 SWEETHEART FAIRY CAKE CASES,0.55,1536
84993A,75 GREEN PETIT FOUR CASES,0.42,211
84993B,75 BLACK PETIT FOUR CASES,0.42,103
84997A,GREEN 3 PIECE MINI DOTS CUTLERY SET,3.75,699
84997B,RED 3 PIECE MINI DOTS CUTLERY SET,3.75,1148
84997C,BLUE 3 PIECE MINI DOTS CUTLERY SET,3.75,1066
84997D,PINK 3 PIECE MINI DOTS CUTLERY SET,3.75,1222
85006,SET 4 NURSERY DES ROUND BOXES,2.95,48
85007,SET OF 3 VINTAGE TEA TIME BOXES,4.65,24
85008,SET OF 3 CONEY ISLAND OVAL BOXES,4.95,108
85014A,BLACK/BLUE POLKADOT UMBRELLA,5.95,736
85014B,RED RETROSPOT UMBRELLA,5.95,968
85014C,BLUE/BROWN DOTS RUFFLED UMBRELLA,5.95,76
85014D,PINK/BROWN DOTS RUFFLED UMBRELLA,5.95,92
85015,SET OF 12  VINTAGE POSTCARD SET,2.51,261
85016,SET OF 6 VINTAGE NOTELETS KIT,2.51,174
85017A,ENVELOPE 50 ROMANTIC IMAGES,0.83,185
85017B,ENVELOPE 50 BLOSSOM IMAGES,0.83,331
85017C,ENVELOPE 50 CURIOUS IMAGES,0.83,126
85017D,UNKNOWN ITEM,0.0,1
85018A,S/6 PAPER BOXES ROMANTIC IMAGES,4.25,12
85018B,S/6 PAPER BOXES BLOSSOM IMAGES,4.25,11
85018C,UNKNOWN ITEM,0.0,9
85018D,YULETIDE IMAGES S/6 PAPER BOXES,2.55,86
85019A,ROMANTIC IMAGES NOTEBOOK SET,1.25,51
85019B,BLOSSOM  IMAGES NOTEBOOK SET,1.25,49
85019C,CURIOUS  IMAGES NOTEBOOK SET,4.25,29
85020,ROUND PINK HEART MIRROR,2.1,61
85023A,CRYSTAL LARGE JEWELLED PHOTO FRAME,2.55,13
85023B,EAU DE NILE JEWELLED PHOTOFRAME,2.55,41
85023C,PINK LARGE JEWELED PHOTOFRAME,2.55,15
85024A,CRYSTAL SMALL JEWELLED PHOTOFRAME,1.65,1
85024B,EAU DE NILE JEWELLED PHOTOFRAME,1.65,22
85024C,PINK SMALL JEWELLED PHOTOFRAME,1.65,47
85025A,UNKNOWN ITEM,0.0,1
85025B,EAU DE NILE HEART SHAPE PHOTO FRAME,1.65,102
85025C,PINK HEART SHAPE PHOTO FRAME,1.65,136
85026B,EAU DE NILE JEWELLED T-LIGHT HOLDER,0.85,32
85027L,FRENCH CHATEAU LARGE PLATTER,1.95,45
85028L,FRENCH CHATEAU LARGE FRUIT BOWL,1.95,33
85028S,FRENCH CHATEAU SMALL FRUITBOWL,1.95,39
85030,FRENCH CHATEAU OVAL PLATTER,7.95,33
85031A,ROMANTIC IMAGES SCRAP BOOK SET,3.36,103
85031B,BLOSSOM IMAGES SCRAP BOOK SET,3.36,86
85031C,CURIOUS IMAGES SCRAP BOOK SET,3.36,109
85032A,ROMANTIC IMAGES GIFT WRAP SET,0.65,162
85032B,BLOSSOM IMAGES GIFT WRAP SET,0.65,152
85032C,CURIOUS IMAGES GIFT WRAP SET,1.63,164
85032D,YULETIDE IMAGES GIFT WRAP SET,1.66,149
85033G,SET/6 GOLD REINDEER T-LIGHT CANDLES,1.95,37
85033S,SET/6 SILVER REINDEER T-LIGHTS,0.65,54
85034A,3 GARDENIA MORRIS BOXED CANDLES,4.25,156
85034B,3 WHITE CHOC MORRIS BOXED CANDLES,3.29,157
85034C,3 ROSE MORRIS BOXED CANDLES,1.25,214
85035A,GARDENIA 3 WICK MORRIS BOXED CANDLE,4.25,202
85035B,CHOCOLATE 3 WICK MORRIS BOX CANDLE,4.25,144
85035C,ROSE 3 WICK MORRIS BOX CANDLE,4.25,214
85036A,GARDENIA 1 WICK MORRIS BOXED CANDLE,4.25,177
85036B,CHOCOLATE 1 WICK MORRIS BOX CANDLE,4.25,94
85036C,ROSE 1 WICK MORRIS BOXED CANDLE,4.25,139
85037,UNKNOWN ITEM,0.0,1
85038,6 CHOCOLATE LOVE HEART T-LIGHTS,2.1,408
85039A,SET/4 RED MINI ROSE CANDLE IN BOWL,1.65,307
85039B,S/4 IVORY MINI ROSE CANDLE IN BOWL,1.65,276
85039C,S/4 BLACK MINI ROSE CANDLE IN BOWL,1.65,122
85040A,S/4 PINK FLOWER CANDLES IN BOWL,1.65,467
85040B,SET/4 BLUE FLOWER CANDLES IN BOWL,1.65,272
85041,SET/4 PINK ORCHID CANDLES IN BOWL,1.65,99
85042,ANTIQUE LILY FAIRY LIGHTS,4.95,361
85043,RED HEART CANDY POP LIGHTS,4.95,5
85044,RED REINDEER STRING OF 20 LIGHTS,4.95,49
85045,GREEN CHRISTMAS TREE STRING 20LIGHT,4.95,93
85047,WHITE BEADED GARLAND STRING 20LIGHT,6.35,288
85048,15CM CHRISTMAS GLASS BALL 20 LIGHTS,7.95,598
85049A,TRADITIONAL CHRISTMAS RIBBONS,1.25,774
85049B,LUSH GREENS RIBBONS,1.25,349
85049C,ROMANTIC PINKS RIBBONS,1.25,523
85049D,BRIGHT BLUES RIBBONS,1.25,419
85049E,SCANDINAVIAN REDS RIBBONS,1.25,950
85049F,BABY BOOM RIBBONS,1.25,327
85049G,CHOCOLATE BOX RIBBONS,1.25,595
85049H,URBAN BLACK RIBBONS,1.25,342
85050,UNKNOWN ITEM,0.0,3
85051,UNKNOWN ITEM,0.0,1
85053,FRENCH ENAMEL CANDLEHOLDER,2.1,408
85054,FRENCH ENAMEL POT W LID,2.95,217
85055,FRENCH ENAMEL UTENSIL HOLDER,3.75,114
85056,UNKNOWN ITEM,0.0,1
85057,UNKNOWN ITEM,0.0,1
85059,FRENCH ENAMEL WATER BASIN,3.75,218
85060,WOOD FAN WITH FLOWER DESIGN,1.25,95
85061W,WHITE JEWELLED HEART DECORATION,0.85,491
85062,PEARL CRYSTAL PUMPKIN T-LIGHT HLDR,1.65,357
85063,CREAM SWEETHEART MAGAZINE RACK,16.95,219
85064,CREAM SWEETHEART LETTER RACK,5.45,303
85065,CREAM SWEETHEART TRAYS,12.75,271
85066,CREAM SWEETHEART MINI CHEST,12.75,1013
85067,CREAM SWEETHEART WALL CABINET,18.95,194
85068,CREAM SWEETHEART SHELF + HOOKS,7.95,205
85069,CREAM SWEETHEART DOUBLE SHELF,16.95,4
85070,ANT WHITE SWEETHEART TABLE W 3 DRAW,97.5,6
85071A,BLUE CHARLIE+LOLA PERSONAL DOORSIGN,0.39,152
85071B,RED CHARLIE+LOLA PERSONAL DOORSIGN,0.39,169
85071C,"CHARLIE+LOLA""EXTREMELY BUSY"" SIGN",0.83,143
85071D,CHARLIE+LOLA MY ROOM DOOR SIGN,0.39,115
85072,OCCASIONS GIFT CARD ASSORTMENT,0.55,1
85073,UNKNOWN ITEM,0.0,1
85074,UNKNOWN ITEM,0.0,1
85077,KISSING REINDEER TABLE RUNNER,2.975,2
85078,SCANDINAVIAN 3 HEARTS NAPKIN RING,0.65,170
85079,EMBROIDERED REINDEER DECORATION,0.85,10
85080,PADDED RED HEART DECORATION,0.42,25
85081,PADDED HOLLY CHRISTMAS DECORATION,0.42,23
85083,KISS REINDEER SCANDINAVIAN STOCKING,2.55,4
85084,HOLLY TOP CHRISTMAS STOCKING,0.85,91
85085A,UNKNOWN ITEM,0.0,1
85086A,CANDY SPOT HEART DECORATION,0.85,156
85086B,UNKNOWN ITEM,0.0,1
85087,CANDY SPOT CUSHION COVER,3.29,150
85088,CANDY SPOT HAND BAG,2.1,81
85089,CANDY SPOT BUNNY,2.95,31
85090,CANDY SPOT APRON,4.65,58
85091,CANDY SPOT BREAD BASKETS,4.95,21
85092,CANDY SPOT TEA COSY,3.35,26
85093,CANDY SPOT EGG WARMER HARE,0.83,155
85094,CANDY SPOT EGG WARMER RABBIT,0.83,110
85095,THREE CANVAS LUGGAGE TAGS,1.28,50
85096,HILDA CANDY SPOT RABBIT,3.75,72
85097B,BLUE ROCKING SINGING CANARY,3.75,47
85098A,UNKNOWN ITEM,0.0,1
85098B,BLUE FLYING SINGING CANARY,3.75,123
85099B,JUMBO BAG RED RETROSPOT,1.95,4226
85099C,JUMBO  BAG BAROQUE BLACK WHITE,1.95,1952
85099F,JUMBO BAG STRAWBERRY,1.95,1930
85103,SILVER T-LIGHT SETTING,6.75,93
85104,SILVER GLASS T-LIGHT SET,2.95,63
85105,UNKNOWN ITEM,0.0,1
85106,CUT GLASS HEXAGON T-LIGHT HOLDER,2.55,65
85107,CUT GLASS T-LIGHT HOLDER OCTAGON,2.55,75
85109,PINK BOUDOIR T-LIGHT HOLDER,0.85,23
85110,BLACK SILVER FLOWER T-LIGHT HOLDER,0.19,27
85111,SILVER GLITTER FLOWER VOTIVE HOLDER,0.29,81
85112,S/3 TEAR DROP CUT GLASS DECORATION,1.25,36
85113,POLKA DOT PISTACHIO PAIL,2.1,52
85114A,BLACK ENCHANTED FOREST PLACEMAT,1.65,124
85114B,IVORY ENCHANTED FOREST PLACEMAT,1.65,251
85114C,RED ENCHANTED FOREST PLACEMAT,1.65,220
85115B,S/4 BLACK DISCO PARTITION PANEL,6.27,2
85116,BLACK CANDELABRA T-LIGHT HOLDER,1.66,199
85117,NIGHTINGALE COATHOOK WHITE,1.65,63
85118,HEART T-LIGHT HOLDER,1.25,97
85119,WATERING CAN SINGLE HOOK PISTACHIO,1.69,46
85120,UNKNOWN ITEM,0.0,1
85121B,RETRO LAUNDRY TUB PINK,8.5,57
85121C,RETRO LAUNDRY TUB PISTACHIO,8.5,55
85123A,WHITE HANGING HEART T-LIGHT HOLDER,2.95,5872
85123B,ZINC HANGING HEART T-LITE HLDR,6.04,1
85124A,PINK JUICY FRUIT PHOTO FRAME,2.55,109
85124B,BLUE JUICY FRUIT PHOTO FRAME,2.55,108
85124C,GREEN JUICY FRUIT PHOTO FRAME,2.55,132
85125,SMALL ROUND CUT GLASS CANDLESTICK,4.95,67
85126,LARGE ROUND CUTGLASS CANDLESTICK,6.75,43
85127,SMALL SQUARE CUT GLASS CANDLESTICK,4.95,90
85128,PLANTPOT SINGLE HOOK PISTACHIO,1.69,5
85129A,"WHITE PEARL BEADED HEART, SMALL",1.25,85
85129B,BEADED CRYSTAL HEART GREEN SMALL,1.25,61
85129C,BEADED CRYSTAL HEART BLUE SMALL,1.25,71
85129D,BEADED CRYSTAL HEART PINK SMALL,2.46,173
85130A,BEADED PEARL HEART WHITE LARGE,1.65,93
85130B,BEADED CRYSTAL HEART GREEN LARGE,1.12,84
85130C,BEADED CRYSTAL HEART BLUE  LARGE,0.79,69
85130D,BEADED CRYSTAL HEART PINK LARGE,1.65,111
85131A,BEADED PEARL HEART WHITE ON STICK,0.85,208
85131B,BEADED CRYSTAL HEART GREEN ON STICK,0.83,225
85131C,BEADED CRYSTAL HEART BLUE ON STICK,0.83,74
85131D,BEADED CRYSTAL HEART PINK ON STICK,0.83,276
85132A,CHARLIE + LOLA BISCUITS TINS,8.47,275
85132B,CHARLIE AND LOLA TABLE TINS,3.95,139
85132C,CHARLIE AND LOLA FIGURES TINS,5.79,321
85135A,YELLOW DRAGONFLY HELICOPTER,7.95,71
85135B,BLUE DRAGONFLY HELICOPTER,7.95,142
85135C,RED DRAGONFLY HELICOPTER,7.95,128
85136A,YELLOW SHARK HELICOPTER,7.95,120
85136B,BLUE SHARK HELICOPTER,7.95,51
85136C,RED SHARK HELICOPTER,7.95,133
85141,JARDIN ETCHED GLASS FRUITBOWL,10.75,80
85142,JARDIN ETCHED GLASS GINGER JAR,7.95,36
85144,JARDIN ETCHED GLASS CHEESE DISH,7.25,76
85145,JARDIN ETCHED GLASS LARGE BELL JAR,12.75,32
85146,JARDIN ETCHED GLASS SMALL BELL JAR,5.95,32
85147,JARDIN ETCHED GLASS CANDLEHLDR LONG,4.95,21
85148,UNKNOWN ITEM,0.0,1
85150,LADIES & GENTLEMEN METAL SIGN,2.55,1160
85151,WELCOME METAL SIGN,1.25,9
85152,HAND OVER THE CHOCOLATE   SIGN,2.1,1514
85157,SET OF 2 CHESTS CHOCOLAT AU LAIT,12.72,1
85159A,"BLACK TEA,COFFEE,SUGAR JARS",1.95,91
85159B,"WHITE TEA,COFFEE,SUGAR JARS",1.95,103
85160A,WHITE BIRD GARDEN DESIGN MUG,1.25,38
85160B,BLACK BIRD GARDEN DESIGN MUG,1.25,43
85161,ACRYLIC GEOMETRIC LAMP,18.95,37
85162A,SILVER RETRODISC LAMPSHADE,1.95,25
85162B,BLACK RETRODISC LAMPSHADE,1.95,14
85162C,WHITE RETRODISC LAMPSHADE,1.95,48
85163A,WHITE BAROQUE WALL CLOCK,12.75,57
85163B,BLACK BAROQUE WALL CLOCK,12.75,67
85164B,BLACK BAROQUE CUCKOO CLOCK,12.75,69
85165,CANDY PINK FRENCH BOUDOIR CLOCK,8.47,60
85166A,WHITE METAL BAROQUE PHOTO FRAME,3.75,15
85166B,BLACK METAL BAROQUE PHOTO FRAME,3.75,39
85167A,WHITE GRAND BAROQUE PHOTO FRAME,4.25,17
85167B,BLACK GRAND BAROQUE PHOTO FRAME,4.25,67
85168A,WHITE BAROQUE CARRIAGE CLOCK,9.95,16
85168B,BLACK BAROQUE CARRIAGE CLOCK,8.47,52
85169A,IVORY LOVE BIRD CANDLE,1.25,161
85169B,BLACK LOVE BIRD CANDLE,1.25,100
85169C,EAU DE NIL LOVE BIRD CANDLE,1.25,73
85169D,PINK LOVE BIRD CANDLE,1.25,90
85170A,SET/6 IVORY BIRD T-LIGHT CANDLES,2.1,91
85170B,SET/6 BLACK BIRD T-LIGHT CANDLES,2.1,66
85170C,SET/6 EAU DE NIL BIRD T-LIGHTS,2.46,110
85170D,SET/6 PINK BIRD T-LIGHT CANDLES,2.46,159
85171,S/2 HYACINTH BULB CANDLES,1.275,2
85172,HYACINTH BULB T-LIGHT CANDLES,0.42,168
85173,SET/6 FROG PRINCE T-LIGHT CANDLES,2.55,155
85174,S/4 CACTI CANDLES,4.95,388
85175,CACTI T-LIGHT CANDLES,0.42,472
85176,SEWING SUSAN 21 NEEDLE SET,0.85,320
85177,BASKET OF FLOWERS SEWING KIT,0.85,149
85178,VICTORIAN SEWING KIT,1.25,338
85179A,GREEN BITTY LIGHT CHAIN,2.46,76
85179B,WHITE BITTY LIGHT CHAIN,4.65,47
85179C,PINK BITTY LIGHT CHAIN,2.46,40
85180A,RED HEARTS LIGHT CHAIN,4.65,103
85180B,PINK HEARTS LIGHT CHAIN,4.65,70
85183A,CHARLIE & LOLA WASTEPAPER BIN BLUE,1.25,147
85183B,CHARLIE & LOLA WASTEPAPER BIN FLORA,1.25,178
85184A,UNKNOWN ITEM,0.0,1
85184B,SET 4 EASTER DECOUPAGE OVAL BOXES,2.95,9
85184C,S/4 VALENTINE DECOUPAGE HEART BOX,2.95,356
85184D,S/4 BLUE ROUND DECOUPAGE BOXES,2.95,71
85185B,PINK HORSE SOCK PUPPET,2.95,201
85185C,COW  SOCK PUPPET,2.95,31
85185D,FROG SOCK PUPPET,2.95,72
85185E,DUCK SOCK PUPPET,2.75,4
85185F,LION SOCK PUPPET,2.95,23
85186A,EASTER BUNNY GARLAND OF FLOWERS,0.42,164
85186B,BUNNY BUNCH OF FLOWERS,0.42,3
85186C,BUNNY EGG GARLAND,0.42,158
85187,S/12 MINI RABBIT EASTER,1.65,113
85188A,GREEN METAL SWINGING BUNNY,0.85,107
85188B,PINK METAL SWINGING BUNNY,0.85,78
85189,HANGING BUTTERFLY  EGG,0.85,76
85190,PINK FLOWER HANGING HEART,0.85,19
85192S,HANGING SPRING FLOWER HEART SMALL,0.65,3
85193S,UNKNOWN ITEM,0.0,1
85194L,HANGING SPRING FLOWER EGG LARGE,0.85,152
85194S,HANGING SPRING FLOWER EGG SMALL,0.65,136
85195,HANGING HEART BASKET,2.1,21
85196,EASTER BUNNIES ON A STICK,0.55,74
85197,SET OF 12 MINI BUNNIES IN A BUCKET,2.1,80
85198,ASSORTED FARMYARD ANIMALS IN BUCKET,0.85,55
85199L,LARGE HANGING IVORY & RED WOOD BIRD,0.65,286
85199S,SMALL HANGING IVORY/RED WOOD BIRD,0.42,510
85200,BUNNY EGG BOX,1.25,110
85202,HANGING WOOD AND FELT HEART,0.42,222
85203,HANGING WOOD AND FELT BUTTERFLY,0.42,233
85204,HANGING WOOD AND FELT FLOWER,0.42,160
85205A,IVORY FELT EASTER RABBIT GARLAND,2.55,24
85205B,PINK FELT EASTER RABBIT GARLAND,2.55,62
85206A,CREAM FELT EASTER EGG BASKET,1.65,329
85206B,PINK FELT EASTER EGG BASKET,1.65,189
85207B,UNKNOWN ITEM,0.0,1
85208,SET/12 FUNKY FELT FLOWER PEG IN BAG,2.1,91
85211,S/4 GROOVY CAT MAGNETS,1.65,85
85212,MINI PAINTED GARDEN DECORATION,0.85,122
85213,MINI  ZINC GARDEN DECORATIONS,0.85,85
85214,TUB 24 PINK FLOWER PEGS,1.65,180
85215,ASSORTED CHEESE FRIDGE MAGNETS,0.65,73
85216,ASSORTED CAKES FRIDGE MAGNETS,0.65,195
85217,ASSORTED ICE CREAM FRIDGE MAGNETS,0.65,172
85218,S/5 MINI ICE CREAM FRIDGE MAGNETS,0.875,4
85219,S/4 HEART CRYSTAL FRIDGE MAGNETS,0.825,2
85220,SMALL FAIRY CAKE FRIDGE MAGNETS,1.45,8
85221,ASSORTED COLOUR SILK COIN PURSE,1.25,54
85222,ASSORTED COLOUR SILK COSMETIC PURSE,2.1,56
85223,UNKNOWN ITEM,0.0,1
85224,ASSORTED COLOUR SILK GLASSES CASE,2.1,67
85225,BLING KEY RING STAND,1.25,11
85226A,WHITE/BLUE PULL BACK RACING CAR,0.55,160
85226B,UNKNOWN ITEM,0.0,1
85226C,BLUE PULL BACK RACING CAR,0.55,87
85227,SET OF 6 3D KIT CARDS FOR KIDS,0.85,474
85230A,OPIUM SCENTED VOTIVE CANDLE,0.29,48
85230B,CINNAMON SCENTED VOTIVE CANDLE,0.29,72
85230C,ROSE SCENTED VOTIVE CANDLE,0.145,2
85230D,UNKNOWN ITEM,0.145,2
85230E,STRAWBRY SCENTED VOTIVE CANDLE,0.29,68
85230F,JASMINE VOTIVE CANDLE,0.29,65
85230G,ORANGE VOTIVE CANDLE,0.29,49
85231A,UNKNOWN ITEM,0.0,1
85231B,CINAMMON SET OF 9 T-LIGHTS,0.85,414
85231D,UNKNOWN ITEM,0.0,1
85231E,STRAWBERRY SCENTED SET/9 T-LIGHTS,0.85,111
85231G,ORANGE SCENTED SET/9 T-LIGHTS,0.85,279
85231K,UNKNOWN ITEM,0.0,1
85231L,LAVENDER SCENTED SET/9 T-LIGHTS,0.85,121
85232A,SET/3 POLKA DOT STACKING TINS,4.95,158
85232B,SET/3 RUSSIAN DOLL STACKING TINS,4.95,608
85232C,UNKNOWN ITEM,0.0,3
85232D,SET/3 DECOUPAGE STACKING TINS,4.95,239
90000A,RASPBERRY ANT COPPER FLOWER NECKLAC,5.95,21
90000B,MIDNIGHT BLUE COPPER FLOWER NECKLAC,5.95,24
90000C,UNKNOWN ITEM,0.0,5
90000D,COPPER/OLIVE GREEN FLOWER NECKLACE,6.23,36
90001A,ANTIQUE RASPBERRY FLOWER EARRINGS,4.25,10
90001B,ANTIQUE MID BLUE FLOWER EARRINGS,4.25,12
90001C,ANTIQUE OPAL WHITE FLOWER EARRINGS,4.245,12
90001D,ANTIQUE OLIVE GREEN FLOWER EARRINGS,4.25,12
90002A,FLOWER BURST SILVER RING OPAL,3.75,20
90002B,FLOWER BURST SILVER RING ROSE,3.75,11
90002C,FLOWER BURST SILVER RING MIDN'T BLU,3.75,23
90002D,FLOWER BURST SILVER RING CRYSTAL,3.75,40
90002E,FLOWER BURST SILVER RING GREEN,3.75,15
90003B,ROSE COLOUR PAIR HEART HAIR SLIDES,3.75,30
90003C,MIDNIGHT BLUE PAIR HEART HAIR SLIDE,3.75,40
90003D,CRYSTAL PAIR HEART HAIR SLIDES,3.75,35
90003E,GREEN PAIR HEART HAIR SLIDES,3.75,24
90004A,JADE GREEN PAIR ENAMEL HAIR SLIDES,1.875,2
90005A,JADE GREEN ENAMEL HAIR COMB,2.11,62
90005B,UNKNOWN ITEM,0.0,1
90010A,MIDNIGHT BLUE GLASS/SILVER BRACELET,8.95,33
90010B,BLACK/WHITE GLASS/SILVER BRACELET,8.95,38
90010E,AMBER GLASS/SILVER BRACELET,8.95,37
90011A,MIDNIGHT BLUE CRYSTAL DROP EARRINGS,2.96,16
90011B,BLACK CRYSTAL DROP EARRINGS,2.95,16
90011C,GREEN CRYSTAL DROP EARRINGS,2.95,8
90011D,PURPLE CRYSTAL DROP EARRINGS,2.9299999999999997,6
90011E,AMBER CRYSTAL DROP EARRINGS,2.95,9
90012A,MIDNIGHT BLUE DROP CRYSTAL NECKLACE,9.98,8
90012B,BLACK DROP CRYSTAL NECKLACE,9.95,7
90013A,MIDNIGHT BLUE VINTAGE EARRINGS,3.81,81
90013B,BLACK VINTAGE EARRINGS,4.24,82
90013C,GREEN VINTAGE EARRINGS,4.24,61
90013D,PURPLE VINTAGE EARRINGS,3.95,18
90013E,AMBER VINTAGE EARRINGS,4.24,3
90014A,SILVER/MOP ORBIT NECKLACE,9.95,41
90014B,GOLD M PEARL  ORBIT NECKLACE,9.95,30
90014C,SILVER/BLACK ORBIT NECKLACE,9.95,21
90016A,SILVER/M.O.P PENDANT ORBIT NECKLACE,8.5,16
90016B,GOLD/M.O.P PENDANT ORBIT NECKLACE,8.5,30
90016C,SILVER/BLACK PENDANT ORBIT NECKLACE,8.49,14
90018A,SILVER M.O.P ORBIT DROP EARRINGS,4.24,59
90018B,GOLD M.O.P ORBIT DROP EARRINGS,4.24,33
90018C,SILVER BLACK ORBIT DROP EARRINGS,4.245,22
90019A,SILVER M.O.P ORBIT BRACELET,5.4,52
90019B,GOLD M.O.P ORBIT BRACELET,5.4,29
90019C,SILVER BLACK ORBIT BRACELET,5.51,37
90020,FILIGREE DIAMANTE CHAIN,12.75,4
90021,LASER CUT MULTI STRAND NECKLACE,11.95,4
90022,EDWARDIAN DROP EARRINGS JET BLACK,3.75,37
90023,FILIGREE DIAMANTE EARRINGS,4.25,22
90024A,NEW BAROQUE B'FLY NECKLACE BLACK,8.5,5
90024B,NEW BAROQUE B'FLY NECKLACE RED,8.49,23
90024C,NEW BAROQUE B'FLY NECKLACE GREEN,8.5,11
90024D,NEW BAROQUE B'FLY NECKLACE PINK,8.5,13
90024E,NEW BAROQUE B'FLY NECKLACE MONTANA,8.5,11
90024F,NEW BAROQUE B'FLY NECKLACE CRYSTAL,8.49,6
90025A,BAROQUE BUTTERFLY EARRINGS BLACK,1.875,4
90025B,BAROQUE BUTTERFLY EARRINGS RED,3.74,4
90025C,BAROQUE BUTTERFLY EARRINGS GREEN,3.75,8
90025D,BAROQUE BUTTERFLY EARRINGS PINK,3.73,6
90025E,BAROQUE BUTTERFLY EARRINGS MONTANA,3.75,7
90025F,BAROQUE BUTTERFLY EARRINGS CRYSTAL,3.75,8
90026A,GLASS BEAD HOOP NECKLACE BLACK,8.5,10
90026B,GLASS BEAD HOOP NECKLACE MONTANA,8.5,7
90026C,GLASS BEAD HOOP NECKLACE GREEN,8.5,6
90026D,GLASS BEAD HOOP NECKLACE AMETHYST,8.5,9
90027A,GLASS BEAD HOOP EARRINGS BLACK,2.95,8
90027B,GLASS BEAD HOOP EARRINGS MONTANA,2.95,10
90027C,GLASS BEAD HOOP EARRINGS GREEN,2.95,12
90027D,GLASS BEAD HOOP EARRINGS AMETHYST,3.32,17
90028,NEW BAROQUE LARGE NECKLACE BLK/WHIT,8.49,26
90029,NEW BAROQUE SMALL NECKLACE BLACK,8.5,13
90030A,SPOTTED WHITE NATURAL SEED NECKLACE,1.0,10
90030B,RED KUKUI COCONUT SEED NECKLACE,5.94,37
90030C,BROWN KUKUI COCONUT SEED NECKLACE,5.82,17
90031,BILI NUT AND WOOD NECKLACE,1.0,9
90032,IVORY SHELL HEART NECKLACE,6.25,24
90033,IVORY SHELL HEART EARRINGS,2.54,19
90034,WHITE SILVER NECKLACE SHELL GLASS,10.085,6
90035A,"PEARL & SHELL 42""NECKL. GREEN",10.75,17
90035B,"PEARL & SHELL 42""NECKL. PINK",8.49,7
90035C,"PEARL & SHELL 42""NECKL. IVORY",10.75,6
90036A,FLOWER GARLAND NECKLACE RED,7.95,20
90036B,"FLOWER GLASS GARLAND NECKL.36""GREEN",7.95,11
90036C,"FLOWER GLASS GARLAND NECKL.36""BLUE",7.95,15
90036D,"FLOWER GLASS GARLAND NECKL.36""BLACK",7.95,17
90036E,"FLOWER GLASS GARLD NECKL36""AMETHYST",7.95,29
90036F,"FLOWER GLASS GARLD NECKL36""TURQUOIS",8.07,17
90037A,TINY CRYSTAL BRACELET RED,2.55,12
90037B,TINY CRYSTAL BRACELET GREEN,2.545,10
90037C,TINY CRYSTAL BRACELET BLUE,2.54,13
90037D,TINY CRYSTALS BRACELET BLACK,2.545,10
90038A,GLASS AND PAINTED BEADS BRACELET TO,3.75,22
90038B,GLASS AND PAINTED BEADS BRACELET OL,3.75,14
90038C,GLASS AND BEADS BRACELET IVORY,3.75,9
90039A,FIRE POLISHED GLASS BRACELET RED,3.75,5
90039B,FIRE POLISHED GLASS BRACELET MONTAN,3.7800000000000002,12
90039C,FIRE POLISHED GLASS BRACELET BLACK,3.75,13
90039D,FIRE POLISHED GLASS BRACELET GREEN,3.81,25
90040A,MURANO STYLE GLASS BRACELET RED,4.24,36
90040B,MURANO STYLE GLASS BRACELET BLACK,3.73,39
90040C,MURANO STYLE GLASS BRACELET GOLD,3.73,23
90040D,MURANO STYLE GLASS BRACELET PINK,3.81,27
90041,PEARL AND CHERRY QUARTZ BRACLET,3.73,6
90042A,FRESHWATER PEARL BRACELET GOLD,2.54,34
90042B,FRESHWATER PEARL BRACELET PINK,2.55,9
90042C,FRESHWATER PEARL BRACELET IVORY,2.54,30
90043,COPPER AND BRASS BAG CHARM,4.95,6
90046,WHITE WITH METAL BAG CHARM,4.95,8
90048,GREEN WITH METAL BAG CHARM,4.95,9
90049,IVORY GOLD METAL BAG CHARM,4.95,7
90050,CRACKED GLAZE NECKLACE IVORY,6.95,8
90051,CRACKED GLAZE NECKLACE RED,6.95,13
90052,CRACKED GLAZE NECKLACE BROWN,7.07,5
90053,CRACKED GLAZE EARRINGS IVORY,2.54,11
90054,CRACKED GLAZE EARRINGS RED,2.54,19
90055,CRACKED GLAZE EARRINGS BROWN,2.54,10
90056,CHUNKY CRACKED GLAZE NECKLACE IVORY,11.05,15
90057,DIAMANTE RING ASSORTED IN BOX.,1.25,38
90058A,CRYSTAL STUD EARRINGS CLEAR DISPLAY,0.38,14
90058B,CRYSTAL STUD EARRINGS ASSORTED COL,0.38,30
90059A,DIAMANTE HAIR GRIP PACK/2 CRYSTAL,1.69,51
90059B,DIAMANTE HAIR GRIP PACK/2 BLACK DIA,1.67,20
90059C,DIAMANTE HAIR GRIP PACK/2 MONTANA,1.65,25
90059D,DIAMANTE HAIR GRIP PACK/2 PERIDOT,1.69,42
90059E,DIAMANTE HAIR GRIP PACK/2 RUBY,1.65,36
90059F,DIAMANTE HAIR GRIP PACK/2 LT ROSE,1.65,28
90060B,FIRE POLISHED GLASS NECKL GOLD,5.95,6
90060C,FIRE POLISHED GLASS NECKL SILVER,2.975,6
90060D,FIRE POLISHED GLASS NECKL BRONZE,5.95,11
90060F,FIRE POLISHED GLASS NECKL GREEN,5.94,19
90062,CARNIVAL BRACELET,12.75,118
90063A,WHITE VINT ART DECO CRYSTAL NECKLAC,8.5,13
90063B,BLACK VINT ART DEC CRYSTAL NECKLACE,8.5,14
90064A,WHITE VINTAGE CRYSTAL EARRINGS,4.15,12
90064B,BLACK VINTAGE  CRYSTAL EARRINGS,3.75,13
90065A,WHITE VINTAGE CRYSTAL BRACELET,6.984999999999999,18
90065B,BLACK VINT ART DEC CRYSTAL BRACELET,6.75,17
90066A,PINK VINTAGE VICTORIAN CHOKER,6.75,3
90067A,PINK VINTAGE VICTORIAN EARRINGS,2.95,16
90067B,BROWN VINTAGE VICTORIAN EARRINGS,2.95,6
90068,"RUBY GLASS NECKLACE 42""",7.5,2
90069,RUBY GLASS CLUSTER NECKLACE,7.5,5
90070,RUBY GLASS CLUSTER BRACELET,6.23,37
90071,RUBY GLASS CLUSTER EARRINGS,1.26,76
90072,RUBY DROP CHANDELIER EARRINGS,4.195,30
90073,VINTAGE ENAMEL & CRYSTAL EARRINGS,5.09,36
90074,BLACK DIAMOND CLUSTER NECKLACE,8.95,7
90075,MONTANA DIAMOND CLUSTER NECKLACE,8.95,8
90076,MONTANA DIAMOND CLUSTER EARRINGS,2.96,8
90077,BLACK DIAMOND CLUSTER EARRINGS,2.96,6
90078,PINK/WHITE GLASS DEMI CHOKER,7.5,5
90079,VINTAGE ENAMEL & CRYSTAL NECKLACE,4.95,13
90080,UNKNOWN ITEM,0.0,1
90081A,LILY BROOCH AMETHYST COLOUR,4.95,26
90081B,LILY BROOCH WHITE/SILVER COLOUR,4.95,4
90081C,LILY BROOCH OLIVE COLOUR,4.98,37
90082A,DIAMANTE BOW BROOCH GREEN COLOUR,6.35,33
90082B,DIAMANTE BOW BROOCH RED COLOUR,6.35,29
90082C,DIAMANTE BOW BROOCH WHITE COLOUR,6.35,5
90082D,DIAMANTE BOW BROOCH BLACK COLOUR,6.35,55
90083,CRYSTAL CZECH CROSS PHONE CHARM,1.63,15
90084,PINK CRYSTAL GUITAR PHONE CHARM,0.85,16
90085,CRYSTAL STILETTO PHONE CHARM,0.85,34
90086,CRYSTAL FROG PHONE CHARM,1.63,49
90087,CRYSTAL SEA HORSE PHONE CHARM,1.63,58
90088,CRYSTAL KEY+LOCK PHONE CHARM,0.85,17
90089,PINK CRYSTAL SKULL PHONE CHARM,1.63,27
90090,PINK CRYSTAL HEART PHONE CHARM,0.85,29
90091,UNKNOWN ITEM,0.0,6
90092,BLUE CRYSTAL BOOT PHONE CHARM,0.85,15
90093,CLEAR CRYSTAL STAR PHONE CHARM,0.85,28
90094,NECKLACE+BRACELET SET FRUIT SALAD,2.55,41
90095,NECKLACE+BRACELET SET PINK BLOSSOM,2.55,5
90096,NECKLACE+BRACELET SET BLUE BLOSSOM,2.485,56
90097,UNKNOWN ITEM,0.0,1
90098,NECKLACE+BRACELET PINK BUTTERFLY,2.55,56
90099,NECKLACE+BRACELET SET BLUE HIBISCUS,2.55,29
90100,NECKLACE+BRACELET SET PINK DAISY,2.55,14
90101,WHITE FRANGIPANI NECKLACE,2.54,31
90102,WHITE FRANGIPANI HAIR CLIP,0.85,5
90103,PURPLE FRANGIPANI NECKLACE,2.54,30
90104,PURPLE FRANGIPANI HAIRCLIP,0.83,55
90107,UNKNOWN ITEM,0.0,1
90108,BLUE BLOSSOM HAIR CLIP,1.05,23
90109,UNKNOWN ITEM,0.0,1
90110,UNKNOWN ITEM,0.0,1
90111,BLUE HIBISCUS  HAIR CLIP,1.05,9
90112,PINK DOLLY HAIR CLIPS,1.05,24
90114,SUMMER DAISIES BAG CHARM,2.46,113
90115,SUMMER BUTTERFLIES BAG CHARM,2.51,64
90116,FRUIT SALAD BAG CHARM,2.46,67
90117,UNKNOWN ITEM,0.0,1
90118,PINK DAISY BAG CHARM,2.485,30
90119,METALIC LEAVES BAG CHARMS,2.46,42
90120A,PINK MURANO TWIST BRACELET,4.25,43
90120B,BLUE MURANO TWIST BRACELET,4.25,43
90120C,GREEN MURANO TWIST BRACELET,4.24,60
90120D,WHITE MURANO TWIST BRACELET,4.25,41
90121A,UNKNOWN ITEM,0.0,1
90121B,VINTAGE ROSE BEAD BRACELET BLUE,4.25,12
90122A,PINK CRYSTAL+GLASS BRACELET,4.98,31
90122B,JADE CRYSTAL+GLASS BRACELET,4.95,26
90122C,TURQUOISE CRYSTAL+GLASS BRACELET,4.965,30
90123A,PINK HEART OF GLASS BRACELET,5.95,19
90123B,TURQUOISE HEART OF GLASS BRACELET,5.95,13
90123C,GREEN HEART OF GLASS BRACELET,5.95,12
90123D,WHITE HEART OF GLASS BRACELET,5.95,14
90124A,PINK MURANO TWIST NECKLACE,9.95,20
90124B,BLUE MURANO TWIST NECKLACE,9.96,31
90124C,GREEN MURANO TWIST NECKLACE,9.95,16
90125A,PINK BERTIE GLASS BEAD BAG CHARM,2.1,19
90125B,AQUA BERTIE GLASS BEAD BAG CHARM,2.1,17
90125C,TURQUOISE BERTIE GLASS BEAD CHARM,1.645,10
90125D,PURPLE BERTIE GLASS BEAD BAG CHARM,2.1,36
90125E,AMBER BERTIE GLASS BEAD BAG CHARM,2.1,17
90126A,PINK BERTIE MOBILE PHONE CHARM,1.69,6
90126B,BLUE BERTIE MOBILE PHONE CHARM,3.36,3
90126C,AMBER BERTIE MOBILE PHONE CHARM,3.29,5
90127A,PINK BEADS+HAND PHONE CHARM,1.855,2
90127B,BLUE BEADS+HAND PHONE CHARM,1.25,2
90128A,PINK LEAVES AND BEADS PHONE CHARM,1.25,12
90128B,BLUE LEAVES AND BEADS PHONE CHARM,1.25,9
90128C,GREEN LEAVES AND BEADS PHONE CHARM,1.855,8
90128D,PURPLE LEAVES AND BEADS PHONE CHAR,2.46,9
90129A,PINK GLASS TASSLE BAG CHARM,1.66,76
90129B,TURQUOISE GLASS TASSLE BAG CHARM,1.66,64
90129C,GREEN GLASS TASSLE BAG CHARM,1.66,52
90129D,AMBER GLASS TASSLE BAG CHARM,1.66,35
90129E,PURPLE GLASS TASSLE BAG CHARM,1.66,61
90129F,RED GLASS TASSLE BAG CHARM,1.66,45
90130A,WHITE STONE/CRYSTAL EARRINGS,2.95,16
90130B,TURQ STONE/CRYSTAL EARRINGS,2.95,51
90130C,GREEN STONE/CRYSTAL EARRINGS,2.96,25
90130D,RED STONE/CRYSTAL EARRINGS,2.955,8
90131,PINK/AMETHYST/GOLD NECKLACE,6.95,5
90132,LIGHT TOPAZ TEAL/AQUA COL NECKLACE,5.09,8
90133,TEAL/FUSCHIA COL BEAD NECKLACE,5.09,36
90134,OLD ROSE COMBO BEAD NECKLACE,2.96,97
90135,ORANGE/WHT/FUSCHIA STONES NECKLACE,4.98,3
90135A,ORANGE/FUSCHIA STONES NECKLACE,4.965,4
90136,PALE PINK/AMETHYST STONE NECKLACE,9.95,3
90137,PINK COMBO MINI CRYSTALS NECKLACE,4.95,15
90138,WHITE/PINK MINI CRYSTALS NECKLACE,5.455,18
90139,FLOWER BROOCH 4 ASSORTED COLOURS,5.2,20
90140,PINK SWEETIE NECKLACE,7.57,8
90141A,GREEN PENDANT TRIPLE SHELL NECKLACE,5.4,18
90141B,IVORY PENDANT TRIPLE SHELL NECKLACE,5.035,10
90141C,TURQ PENDANT TRIPLE SHELL NECKLACE,5.4,13
90141D,ROSE PENDANT TRIPLE SHELL NECKLACE,5.51,5
90141E,ORANGE PENDANT TRIPLE SHELL NECKLAC,4.95,5
90142A,GREEN PENDANT SHELL NECKLACE,5.09,4
90142B,IVORY PENDANT SHELL NECKLACE,5.09,1
90142C,ROSE PINK PENDANT SHELL NECKLACE,5.09,1
90142D,MOP PENDANT SHELL NECKLACE,4.95,5
90143,SILVER BRACELET W PASTEL FLOWER,7.5,45
90144,SILVER DROP EARRINGS WITH FLOWER,3.75,33
90145,SILVER HOOP EARRINGS WITH FLOWER,5.95,46
90146,FINE SILVER NECKLACE W PASTEL FLOWE,7.5,21
90147,CHUNKY SILVER NECKLACE PASTEL FLOWE,9.95,61
90148,LONG SILVER NECKLACE PASTEL FLOWER,12.75,19
90149,SILVER FLOWR PINK SHELL NECKLACE,7.5,9
90150,BLUE SHELL+SILVER NECKLACE,7.5,8
90151,SILVER/NATURAL SHELL NECKLACE,8.5,11
90152A,SILVER/NAT SHELL NECKLACE W PENDANT,5.95,7
90152B,BLUE/GREEN SHELL NECKLACE W PENDANT,5.95,6
90152C,BLUE/NAT SHELL NECKLACE W PENDANT,5.95,4
90154,LAZER CUT NECKLACE W PASTEL BEADS,8.95,7
90155,RESIN NECKLACE W PASTEL BEADS,7.5,21
90156,RESIN BRACELET W PASTEL BEADS,4.95,14
90157,RIVIERA NECKLACE,4.95,24
90158,ST TROPEZ NECKLACE,4.98,65
90159,COTE D'AZURE NECKLACE,4.95,20
90160A,PURPLE BOUDICCA LARGE BRACELET,6.95,26
90160B,RED BOUDICCA LARGE BRACELET,6.95,29
90160C,TURQ+RED BOUDICCA LARGE BRACELET,6.95,46
90160D,PINK BOUDICCA LARGE BRACELET,6.95,26
90161A,ANT COPPER RED BOUDICCA BRACELET,5.035,46
90161B,ANT COPPER TURQ BOUDICCA BRACELET,4.98,78
90161C,ANT COPPER LIME BOUDICCA BRACELET,4.98,101
90161D,ANT COPPER PINK BOUDICCA BRACELET,4.98,77
90162A,ANT SILVER TURQUOISE BOUDICCA RING,2.95,13
90162B,ANT SILVER LIME GREEN BOUDICCA RING,2.95,22
90162C,ANT SILVER FUSCHIA BOUDICCA RING,2.95,16
90162D,ANT SILVER PURPLE BOUDICCA RING,2.95,16
90163A,PINK ROSEBUD & PEARL NECKLACE,7.64,24
90163B,WHITE ROSEBUD & PEARL NECKLACE,7.5,9
90164A,PINK ROSEBUD PEARL BRACELET,7.57,26
90164B,WHITE  ROSEBUD PEARL BRACELET,7.64,36
90165A,PINK ROSEBUD PEARL EARRINGS,2.54,27
90165B,WHITE ROSEBUD  PEARL EARRINGS,2.54,35
90166,PINK & WHITE ROSEBUD RING,4.24,33
90167,BEADED LOVE HEART JEWELLERY SET,0.85,118
90168,2 DAISIES HAIR COMB,2.95,26
90169,DAISY HAIR COMB,2.54,26
90170,DAISY HAIR BAND,1.65,75
90171,DAISY RING,1.26,28
90172,UNKNOWN ITEM,0.0,1
90173,PAIR BUTTERFLY HAIR CLIPS,3.81,59
90174,BUTTERFLY HAIR BAND,2.54,35
90175A,WHITE GLASS CHUNKY CHARM BRACELET,9.15,65
90175B,PINK GLASS CHUNKY CHARM BRACELET,9.15,29
90175C,BLUE GLASS CHUNKY CHARM BRACELET,8.95,22
90175D,TIGRIS EYE CHUNKY CHARM BRACELET,9.15,42
90176A,CLASSIC DIAMANTE NECKLACE JET,7.5,8
90176B,DIAMANTE NECKLACE BLACK,7.5,4
90176C,DIAMANTE NECKLACE,7.5,8
90176D,DIAMANTE NECKLACE PURPLE,7.5,8
90176E,DIAMANTE NECKLACE GREEN,7.5,3
90177A,CLASSIC DIAMANTE EARRINGS JET,2.9,15
90177B,DROP DIAMANTE EARRINGS BLACK DIAMON,2.95,19
90177C,DROP DIAMANTE EARRINGS CRYSTAL,2.95,28
90177D,DROP DIAMANTE EARRINGS PURPLE,2.95,28
90177E,DROP DIAMANTE EARRINGS GREEN,2.96,24
90178A,AMBER CHUNKY GLASS+BEAD NECKLACE,11.95,23
90178B,PURPLE CHUNKY GLASS+BEAD NECKLACE,11.95,11
90179A,AMBER FINE BEAD NECKLACE W TASSEL,5.95,9
90179B,PURPLE FINE BEAD NECKLACE W TASSEL,5.95,9
90179C,BLACK FINE BEAD NECKLACE W TASSEL,5.95,18
90180A,BLACK+WHITE NECKLACE W TASSEL,9.95,31
90180B,PURPLE AMETHYST NECKLACE W TASSEL,9.95,14
90181A,AMBER GLASS/SHELL/PEARL NECKLACE,9.15,14
90181B,AMETHYST GLASS/SHELL/PEARL NECKLACE,9.245000000000001,26
90181C,BLACK GLASS/SHELL/PEARL NECKLACE,9.34,5
90182A,AMBER 3 BEAD DROP EARRINGS,2.9,9
90182B,AMETHYST 3 BEAD DROP EARRINGS,2.9,6
90182C,BLACK 3 BEAD DROP EARRINGS,2.925,14
90183A,AMBER DROP EARRINGS W LONG BEADS,2.95,33
90183B,AMETHYST DROP EARRINGS W LONG BEADS,2.9,25
90183C,BLACK DROP EARRINGS W LONG BEADS,2.9,14
90184A,AMBER CHUNKY BEAD BRACELET W STRAP,9.05,26
90184B,AMETHYST CHUNKY BEAD BRACELET W STR,8.95,50
90184C,BLACK CHUNKY BEAD BRACELET W STRAP,8.95,51
90185A,AMBER DIAMANTE EXPANDABLE RING,4.24,31
90185B,AMETHYST DIAMANTE EXPANDABLE RING,4.25,41
90185C,BLACK DIAMANTE EXPANDABLE RING,4.25,43
90185D,CRYSTAL DIAMANTE EXPANDABLE RING,4.25,40
90186A,AMETHYST HOOP EARRING FLORAL LEAF,2.95,35
90186B,CRYSTAL HOOP EARRING FLORAL LEAF,2.95,32
90187A,BLUE DROP EARRINGS W BEAD CLUSTER,3.39,8
90187B,GREEN DROP EARRINGS W BEAD CLUSTER,3.37,16
90188,DROP EARRINGS W FLOWER & LEAF,2.54,22
90189A,SILVER 2 STRAND NECKLACE-LEAF CHARM,7.5,8
90189B,GOLD 2 STRAND NECKLACE-LEAF CHARMS,7.5,2
90190A,SILVER/CRYSTAL DROP EARRINGS W LEAF,2.95,31
90190B,GOLD/AMBER DROP EARRINGS W LEAF,2.95,16
90190C,SILVER/AMETHYST DROP EARRINGS LEAF,2.95,39
90191,SILVER LARIAT 40CM,12.75,22
90192,JADE DROP EARRINGS W FILIGREE,4.98,58
