customer_id,country,first_purchase,last_purchase,invoice_count
12346,United Kingdom,2009-12-14 08:34:00,2011-01-18 10:17:00,17
12347,Iceland,2010-10-31 14:20:00,2011-12-07 15:52:00,8
12348,Finland,2010-09-27 14:59:00,2011-09-25 13:13:00,5
12349,Italy,2009-12-04 12:49:00,2011-11-21 09:51:00,5
12350,Norway,2011-02-02 16:01:00,2011-02-02 16:01:00,1
12351,Unspecified,2010-11-29 15:23:00,2010-11-29 15:23:00,1
12352,Norway,2010-11-12 10:20:00,2011-11-03 14:37:00,13
12353,Bahrain,2010-10-27 12:44:00,2011-05-19 17:47:00,2
12354,Spain,2011-04-21 13:11:00,2011-04-21 13:11:00,1
12355,Bahrain,2010-05-21 11:59:00,2011-05-09 13:49:00,2
12356,Portugal,2010-10-11 09:42:00,2011-11-17 08:40:00,6
12357,Switzerland,2010-11-16 10:05:00,2011-11-06 16:07:00,3
12358,Austria,2009-12-08 07:59:00,2011-12-08 10:26:00,5
12359,Cyprus,2009-12-05 13:32:00,2011-12-02 11:21:00,14
12360,Austria,2010-02-22 09:32:00,2011-10-18 15:22:00,9
12361,Belgium,2010-01-26 14:37:00,2011-02-25 13:51:00,4
12362,Belgium,2009-12-01 10:10:00,2011-12-06 15:40:00,14
12363,Unspecified,2011-04-11 13:29:00,2011-08-22 10:18:00,2
12364,Belgium,2011-08-19 15:24:00,2011-12-02 10:22:00,4
12365,Cyprus,2011-02-21 13:51:00,2011-02-21 14:04:00,3
12366,Cyprus,2010-03-16 10:28:00,2010-03-16 10:28:00,1
12367,Denmark,2011-12-05 16:48:00,2011-12-05 16:48:00,1
12368,Cyprus,2010-03-21 15:56:00,2010-03-21 15:56:00,1
12369,Austria,2010-03-08 08:09:00,2010-10-22 13:13:00,3
12370,Cyprus,2010-02-09 09:41:00,2011-10-19 14:51:00,7
12371,Switzerland,2010-03-04 18:23:00,2011-10-26 10:16:00,5
12372,Denmark,2011-02-16 12:46:00,2011-09-29 12:12:00,3
12373,Austria,2010-02-04 12:08:00,2011-02-01 13:10:00,3
12374,Austria,2010-04-30 14:01:00,2011-11-14 15:37:00,4
12375,Finland,2011-09-02 14:23:00,2011-12-07 11:27:00,3
12376,Switzerland,2010-10-18 08:42:00,2010-11-15 12:15:00,2
12377,Switzerland,2010-04-29 15:34:00,2011-01-28 15:45:00,4
12378,Switzerland,2010-05-26 14:07:00,2011-08-02 10:34:00,2
12379,Belgium,2010-06-23 12:49:00,2011-09-19 10:09:00,5
12380,Belgium,2010-02-15 12:05:00,2011-11-18 11:27:00,15
12381,Norway,2011-08-12 09:57:00,2011-12-05 12:44:00,6
12382,Netherlands,2010-01-26 16:25:00,2010-01-26 16:25:00,1
12383,Belgium,2010-12-22 14:28:00,2011-06-08 08:02:00,6
12384,Switzerland,2011-08-10 11:23:00,2011-11-11 08:39:00,3
12385,Belgium,2010-11-25 15:14:00,2010-11-25 15:19:00,2
12386,Australia,2010-12-08 09:53:00,2011-01-06 12:37:00,2
12387,Australia,2010-10-20 16:27:00,2010-10-20 16:27:00,1
12388,Australia,2010-05-06 12:54:00,2011-11-24 12:30:00,8
12389,Australia,2010-02-22 10:15:00,2010-11-02 11:52:00,3
12390,Belgium,2011-09-21 09:33:00,2011-09-21 09:33:00,1
12391,Cyprus,2010-02-15 10:12:00,2011-11-18 12:07:00,7
12392,Australia,2010-04-27 14:04:00,2010-04-27 14:04:00,1
12393,Australia,2010-10-07 13:49:00,2011-09-28 15:41:00,7
12394,Belgium,2011-05-06 14:01:00,2011-10-07 08:08:00,2
12395,Belgium,2010-04-16 10:16:00,2011-11-24 12:20:00,18
12396,RSA,2010-02-03 13:22:00,2010-02-03 13:22:00,1
12397,Belgium,2011-07-27 14:21:00,2011-11-04 09:52:00,2
12398,Switzerland,2011-10-25 10:27:00,2011-10-25 10:27:00,1
12399,Belgium,2010-03-05 08:45:00,2011-08-12 13:15:00,7
12400,Australia,2010-10-21 13:45:00,2010-10-21 13:45:00,1
12401,Belgium,2011-02-09 13:50:00,2011-02-09 13:50:00,1
12402,Belgium,2010-02-07 12:41:00,2011-01-20 13:49:00,7
12403,Denmark,2010-07-06 11:39:00,2011-10-21 11:00:00,3
12404,Finland,2010-01-26 16:25:00,2010-01-26 16:25:00,1
12405,Finland,2011-07-14 08:52:00,2011-07-14 08:52:00,1
12406,Denmark,2010-01-11 14:04:00,2011-11-17 19:22:00,7
12407,Belgium,2011-03-20 13:21:00,2011-10-21 10:11:00,5
12408,Belgium,2010-07-29 13:27:00,2011-11-07 12:30:00,14
12409,Switzerland,2010-05-23 15:21:00,2011-09-22 10:38:00,13
12410,Switzerland,2010-07-25 13:26:00,2011-02-11 15:47:00,4
12411,Australia,2010-10-26 09:25:00,2010-10-26 09:25:00,1
12412,Denmark,2010-06-18 13:22:00,2011-09-26 10:16:00,8
12413,France,2010-11-02 13:26:00,2011-10-04 09:00:00,6
12414,Austria,2010-09-02 12:22:00,2011-05-06 14:51:00,8
12415,Australia,2010-06-30 08:30:00,2011-11-15 14:22:00,33
12416,Australia,2010-02-21 10:19:00,2010-02-21 10:19:00,1
12417,Belgium,2009-12-06 10:30:00,2011-12-06 14:52:00,27
12418,Switzerland,2010-03-19 14:47:00,2011-08-19 11:08:00,5
12419,Spain,2010-10-22 10:40:00,2010-11-19 10:04:00,2
12420,Cyprus,2011-10-07 08:55:00,2011-10-07 08:55:00,1
12421,Spain,2010-07-22 13:57:00,2011-11-24 09:07:00,8
12422,Switzerland,2009-12-18 12:44:00,2011-09-05 09:48:00,21
12423,Belgium,2010-08-31 09:31:00,2011-12-09 10:10:00,11
12424,Australia,2009-12-07 14:43:00,2011-06-30 12:06:00,7
12425,Portugal,2010-09-17 14:10:00,2011-09-22 17:31:00,3
12426,Germany,2010-02-15 08:41:00,2011-05-29 12:26:00,3
12427,Germany,2010-12-03 10:44:00,2011-11-28 10:48:00,5
12428,Finland,2011-03-01 09:33:00,2011-11-14 08:22:00,12
12429,Denmark,2010-06-11 13:28:00,2011-11-30 17:22:00,9
12430,Norway,2011-10-27 15:09:00,2011-10-27 15:09:00,1
12431,Australia,2010-01-15 09:04:00,2011-11-04 11:55:00,33
12432,Norway,2011-06-20 13:27:00,2011-10-28 11:43:00,5
12433,Norway,2010-08-20 09:23:00,2011-12-09 10:02:00,11
12434,Australia,2010-11-23 13:38:00,2011-09-16 12:38:00,5
12435,Denmark,2009-12-02 13:58:00,2011-09-21 09:06:00,6
12436,Norway,2011-09-01 12:09:00,2011-09-01 12:09:00,1
12437,France,2009-12-02 16:24:00,2011-12-08 11:35:00,47
12438,Norway,2011-07-22 13:29:00,2011-11-25 13:28:00,2
12439,Cyprus,2009-12-14 08:40:00,2010-01-26 12:11:00,3
12440,Austria,2009-12-22 12:03:00,2010-09-08 15:57:00,3
12441,France,2010-12-08 10:45:00,2010-12-08 10:45:00,1
12442,Spain,2011-12-06 14:22:00,2011-12-06 14:22:00,1
12443,Norway,2009-12-07 15:42:00,2009-12-07 15:42:00,1
12444,Norway,2011-06-21 14:00:00,2011-11-18 13:23:00,5
12445,Spain,2010-10-15 12:28:00,2011-11-17 18:43:00,3
12446,RSA,2011-10-13 12:50:00,2011-10-13 12:50:00,1
12447,Belgium,2011-04-10 13:25:00,2011-04-10 13:25:00,1
12448,Spain,2011-10-26 13:46:00,2011-10-26 13:46:00,1
12449,Belgium,2010-09-27 09:37:00,2011-11-17 13:46:00,6
12450,Spain,2010-08-22 13:11:00,2011-07-06 14:41:00,7
12451,Switzerland,2010-06-28 12:58:00,2011-11-29 08:40:00,10
12452,Switzerland,2011-11-23 08:05:00,2011-11-23 10:28:00,3
12453,Austria,2011-07-28 14:08:00,2011-07-28 14:08:00,1
12454,Spain,2010-01-26 16:24:00,2011-10-17 15:07:00,9
12455,Cyprus,2009-12-18 12:33:00,2011-09-27 15:31:00,10
12456,Switzerland,2011-03-30 09:12:00,2011-10-26 14:41:00,4
12457,Switzerland,2010-09-30 17:59:00,2011-10-12 13:46:00,14
12458,Switzerland,2010-08-09 10:33:00,2011-09-29 15:25:00,4
12459,Spain,2010-04-13 14:53:00,2010-04-13 14:53:00,1
12460,Belgium,2010-09-09 13:51:00,2010-09-09 13:51:00,1
12461,Switzerland,2011-07-08 10:23:00,2011-09-06 16:57:00,2
12462,Spain,2011-02-09 14:44:00,2011-12-07 14:02:00,4
12463,Belgium,2011-04-12 12:47:00,2011-10-24 13:43:00,7
12464,Belgium,2011-02-03 13:30:00,2011-11-29 13:33:00,8
12465,Belgium,2011-06-23 13:37:00,2011-12-02 11:34:00,3
12466,France,2010-01-26 16:26:00,2010-01-26 16:26:00,1
12467,USA,2010-10-12 15:41:00,2010-11-18 15:53:00,2
12468,Germany,2010-01-19 12:13:00,2011-07-19 13:42:00,10
12469,Thailand,2010-06-21 10:30:00,2010-07-05 12:40:00,2
12470,Unspecified,2010-01-19 11:01:00,2010-01-19 11:01:00,1
12471,Germany,2009-12-02 14:43:00,2011-12-07 15:43:00,129
12472,Germany,2009-12-09 10:47:00,2011-11-09 11:33:00,37
12473,Germany,2011-06-01 10:15:00,2011-11-10 13:48:00,9
12474,Germany,2010-02-11 09:41:00,2011-11-22 14:39:00,54
12475,Germany,2010-10-26 08:49:00,2011-10-17 10:10:00,2
12476,Germany,2010-07-26 09:04:00,2011-12-08 14:08:00,38
12477,Germany,2010-03-26 14:01:00,2011-11-17 09:51:00,12
12478,Greece,2011-12-06 09:56:00,2011-12-06 09:56:00,1
12479,Germany,2011-11-28 13:26:00,2011-12-06 09:25:00,3
12480,Germany,2010-07-20 13:21:00,2011-11-11 14:52:00,8
12481,Germany,2010-04-11 13:10:00,2011-11-17 08:29:00,18
12482,Sweden,2010-02-24 10:24:00,2010-09-16 12:20:00,32
12483,Sweden,2010-01-31 13:28:00,2011-11-22 17:03:00,27
12484,Spain,2009-12-03 10:57:00,2011-11-07 11:37:00,16
12485,Sweden,2010-06-28 15:22:00,2010-06-28 15:22:00,1
12486,Sweden,2010-10-04 12:14:00,2010-10-04 12:14:00,1
12487,Sweden,2009-12-09 09:16:00,2009-12-09 11:36:00,2
12488,France,2011-09-25 10:34:00,2011-11-30 08:50:00,3
12489,France,2011-01-07 13:13:00,2011-01-07 13:13:00,1
12490,France,2009-12-01 12:52:00,2011-12-04 16:07:00,22
12491,France,2011-11-01 12:18:00,2011-11-01 12:18:00,1
12492,Germany,2010-11-01 14:58:00,2011-10-07 15:15:00,3
12493,France,2011-05-26 14:53:00,2011-06-27 10:17:00,3
12494,France,2010-05-12 13:52:00,2011-11-30 09:21:00,17
12495,Sweden,2010-03-09 10:53:00,2010-03-15 10:20:00,2
12496,Spain,2010-03-29 13:57:00,2010-03-29 14:06:00,2
12497,Germany,2010-01-26 17:21:00,2011-09-19 12:29:00,4
12498,Germany,2011-10-13 09:30:00,2011-11-18 12:53:00,3
12499,Germany,2010-05-28 15:12:00,2010-05-28 15:12:00,1
12500,Germany,2010-02-04 15:05:00,2011-11-16 16:20:00,25
12501,Germany,2011-01-07 12:28:00,2011-01-28 13:54:00,2
12502,Spain,2011-02-03 10:41:00,2011-09-05 11:52:00,5
12503,Spain,2010-05-04 13:59:00,2011-01-06 11:51:00,2
12504,Germany,2010-04-22 10:24:00,2011-11-21 16:02:00,6
12505,Italy,2010-10-27 09:18:00,2011-02-11 13:39:00,3
12506,France,2011-04-21 08:54:00,2011-04-21 08:54:00,1
12507,Spain,2010-05-04 09:23:00,2011-07-28 17:09:00,5
12508,France,2011-11-10 16:27:00,2011-11-13 15:37:00,2
12509,France,2011-02-28 14:45:00,2011-02-28 14:45:00,1
12510,Spain,2009-12-04 13:47:00,2011-07-20 10:15:00,16
12511,Greece,2010-10-07 10:39:00,2010-10-21 10:58:00,2
12512,Israel,2011-10-04 14:53:00,2011-10-04 14:55:00,2
12513,France,2011-08-19 10:51:00,2011-09-16 12:45:00,2
12514,Italy,2010-03-08 12:18:00,2011-03-17 16:38:00,2
12515,Italy,2010-12-21 15:43:00,2010-12-21 15:43:00,1
12516,Germany,2010-04-19 14:14:00,2011-09-23 09:13:00,4
12517,Germany,2011-06-02 15:13:00,2011-11-11 14:04:00,6
12518,Germany,2011-08-21 13:18:00,2011-12-09 10:13:00,5
12519,Germany,2010-08-20 08:21:00,2011-10-07 09:26:00,3
12520,Germany,2011-03-11 11:35:00,2011-09-21 15:23:00,6
12521,Germany,2011-07-20 10:51:00,2011-07-20 10:51:00,1
12522,Germany,2011-10-19 14:41:00,2011-10-31 15:30:00,2
12523,France,2009-12-02 10:28:00,2011-12-08 11:46:00,30
12524,Germany,2010-02-08 14:41:00,2011-11-30 15:31:00,18
12525,France,2009-12-04 10:10:00,2010-08-05 18:09:00,8
12526,Germany,2011-09-06 14:19:00,2011-12-09 12:09:00,3
12527,Germany,2010-06-28 15:37:00,2011-09-19 11:55:00,5
12528,Germany,2011-01-31 09:05:00,2011-11-30 14:40:00,8
12529,France,2010-06-29 13:10:00,2010-07-05 09:35:00,2
12530,Germany,2010-03-07 14:37:00,2011-10-11 12:34:00,12
12531,Germany,2010-01-22 14:17:00,2011-11-25 11:12:00,3
12532,France,2011-11-09 13:47:00,2011-11-09 13:47:00,1
12533,Germany,2009-12-01 11:50:00,2010-03-31 10:24:00,6
12534,Germany,2011-08-01 10:26:00,2011-08-01 10:26:00,1
12535,France,2011-06-06 12:47:00,2011-09-09 08:48:00,2
12536,France,2011-10-11 14:52:00,2011-12-02 12:43:00,5
12537,Sweden,2010-10-27 08:36:00,2010-10-27 08:36:00,1
12538,Spain,2010-11-26 13:02:00,2011-11-10 17:16:00,2
12539,Spain,2009-12-23 13:00:00,2011-11-17 13:30:00,8
12540,Spain,2009-12-07 16:56:00,2011-11-20 11:31:00,36
12541,Spain,2011-03-04 09:32:00,2011-11-10 10:40:00,3
12542,Spain,2010-03-09 16:26:00,2010-08-12 19:12:00,4
12543,Spain,2010-09-17 15:51:00,2010-09-17 15:51:00,1
12544,Spain,2011-11-03 16:15:00,2011-11-10 11:12:00,2
12545,Spain,2011-03-25 12:04:00,2011-09-25 13:39:00,2
12546,Spain,2011-09-23 09:44:00,2011-10-24 12:09:00,3
12547,Spain,2010-07-27 13:55:00,2011-05-26 12:38:00,3
12548,Spain,2011-06-26 15:35:00,2011-06-26 15:35:00,1
12549,USA,2010-01-11 12:29:00,2010-05-13 12:05:00,6
12550,Spain,2011-09-21 14:35:00,2011-09-21 14:35:00,1
12551,Spain,2010-12-17 11:23:00,2010-12-17 11:23:00,1
12552,Italy,2011-10-31 12:11:00,2011-11-01 10:02:00,2
12553,France,2010-10-12 13:35:00,2011-12-01 16:38:00,17
12554,Spain,2010-09-17 12:29:00,2010-09-17 12:29:00,1
12555,Spain,2010-01-26 16:26:00,2010-01-26 16:26:00,1
12556,Spain,2011-07-11 13:35:00,2011-10-20 13:06:00,2
12557,Spain,2009-12-17 10:39:00,2011-11-23 16:59:00,8
12558,USA,2011-12-02 10:41:00,2011-12-08 10:14:00,2
12559,Germany,2011-01-24 10:12:00,2011-02-02 09:49:00,3
12560,Germany,2011-07-19 15:55:00,2011-12-04 13:54:00,4
12561,Germany,2011-02-10 11:39:00,2011-02-10 11:39:00,1
12562,France,2010-09-30 13:13:00,2011-12-01 17:20:00,9
12563,Italy,2010-10-27 09:52:00,2010-10-27 09:52:00,1
12564,France,2011-03-23 14:55:00,2011-03-23 14:55:00,1
12565,Saudi Arabia,2011-02-24 10:34:00,2011-03-03 11:43:00,2
12566,Germany,2011-09-14 14:30:00,2011-09-28 09:57:00,2
12567,France,2010-02-11 10:30:00,2011-11-17 11:02:00,17
12568,Germany,2010-03-05 09:15:00,2010-03-05 09:15:00,1
12569,Germany,2011-04-01 13:47:00,2011-12-07 16:24:00,35
12570,Spain,2010-01-26 17:28:00,2010-01-26 17:28:00,1
12571,France,2011-08-10 12:35:00,2011-10-31 10:19:00,2
12572,Germany,2011-10-19 08:20:00,2011-12-01 09:20:00,3
12573,France,2010-08-31 17:25:00,2011-04-26 15:52:00,5
12574,France,2011-01-28 09:20:00,2011-01-28 09:20:00,1
12575,France,2010-07-01 09:15:00,2010-09-08 13:09:00,2
12576,Poland,2010-07-01 13:46:00,2011-11-04 10:11:00,11
12577,France,2009-12-03 19:31:00,2011-11-04 13:28:00,9
12578,Italy,2010-09-22 11:19:00,2011-11-18 13:30:00,7
12579,France,2011-09-22 17:15:00,2011-09-27 13:57:00,3
12580,Germany,2010-05-12 11:45:00,2011-04-07 10:24:00,2
12581,Germany,2011-10-31 08:56:00,2011-10-31 08:56:00,1
12582,Finland,2010-05-11 09:55:00,2011-04-15 08:45:00,4
12583,France,2009-12-06 11:57:00,2011-12-07 08:07:00,31
12584,Italy,2011-03-04 15:15:00,2011-12-06 09:35:00,18
12585,Germany,2010-12-23 12:58:00,2011-04-19 13:39:00,4
12586,Italy,2009-12-16 13:15:00,2011-11-22 16:24:00,5
12587,Finland,2011-12-02 12:47:00,2011-12-02 12:47:00,1
12588,Finland,2010-04-21 12:22:00,2011-10-31 15:01:00,5
12589,France,2010-01-19 12:26:00,2011-11-11 10:19:00,11
12590,Germany,2010-04-12 07:20:00,2011-06-02 14:25:00,5
12591,Italy,2010-10-27 10:42:00,2011-01-26 14:35:00,3
12592,Germany,2010-07-08 14:06:00,2011-09-08 15:04:00,8
12593,France,2011-05-05 09:29:00,2011-08-23 12:43:00,3
12594,Italy,2010-03-03 13:51:00,2011-11-02 12:20:00,17
12595,Germany,2010-07-23 09:10:00,2010-07-23 09:10:00,1
12596,Spain,2011-04-11 13:22:00,2011-10-19 13:02:00,2
12597,Spain,2011-03-16 14:00:00,2011-11-20 13:33:00,5
12598,France,2010-03-01 09:58:00,2011-11-30 12:18:00,15
12599,France,2010-05-11 10:42:00,2011-11-10 13:34:00,13
12600,Germany,2009-12-07 13:37:00,2011-11-11 10:29:00,26
12601,Germany,2010-10-31 10:57:00,2011-06-03 10:17:00,7
12602,France,2011-10-12 11:22:00,2011-10-12 11:22:00,1
12603,Germany,2011-11-18 10:42:00,2011-11-18 10:42:00,1
12604,France,2011-03-23 12:06:00,2011-09-21 14:08:00,2
12605,Germany,2010-09-07 14:21:00,2010-12-09 15:41:00,5
12606,Spain,2010-01-26 16:23:00,2010-01-26 16:23:00,1
12607,USA,2011-10-10 16:06:00,2011-10-12 16:17:00,2
12608,United Kingdom,2010-10-31 10:49:00,2010-10-31 10:49:00,1
12609,Germany,2009-12-20 13:30:00,2011-09-22 16:34:00,10
12610,Italy,2011-08-05 13:52:00,2011-11-17 09:34:00,7
12611,Italy,2011-10-18 13:12:00,2011-10-18 13:12:00,1
12612,Germany,2011-09-26 15:35:00,2011-10-13 12:12:00,2
12613,Germany,2009-12-14 13:10:00,2011-11-08 13:30:00,13
12614,Germany,2011-03-07 10:22:00,2011-03-07 10:22:00,1
12615,France,2009-12-01 12:09:00,2011-12-07 15:02:00,11
12616,France,2010-11-16 11:38:00,2011-09-15 17:02:00,7
12617,France,2011-11-10 14:39:00,2011-11-10 14:39:00,1
12618,Italy,2011-11-18 11:10:00,2011-11-18 11:10:00,1
12619,Germany,2010-05-28 12:52:00,2011-11-23 14:52:00,14
12620,France,2011-05-19 12:10:00,2011-11-25 10:20:00,3
12621,Germany,2010-02-09 12:01:00,2011-12-08 11:25:00,44
12622,Germany,2011-04-21 16:39:00,2011-04-21 16:39:00,1
12623,Germany,2010-01-12 11:45:00,2011-03-08 13:50:00,9
12624,France,2011-06-15 12:34:00,2011-08-25 15:04:00,2
12625,Germany,2010-04-22 11:33:00,2011-05-12 09:54:00,5
12626,Germany,2011-01-17 11:01:00,2011-11-16 16:06:00,13
12627,Germany,2011-07-22 13:59:00,2011-11-29 12:07:00,7
12628,Germany,2011-10-06 09:28:00,2011-12-05 13:15:00,4
12629,Sweden,2010-10-12 16:40:00,2010-11-19 09:18:00,2
12630,Finland,2011-10-27 10:41:00,2011-11-30 10:48:00,2
12631,Finland,2010-01-15 14:50:00,2011-10-13 13:53:00,7
12632,Germany,2010-05-24 09:07:00,2010-07-07 09:39:00,4
12633,Germany,2010-07-02 11:44:00,2011-10-12 11:40:00,10
12634,USA,2010-06-09 15:41:00,2010-06-22 10:05:00,2
12635,Germany,2010-09-09 10:50:00,2011-09-11 11:04:00,4
12636,USA,2009-12-01 09:55:00,2009-12-01 09:55:00,1
12637,France,2010-06-14 13:36:00,2011-10-03 13:46:00,14
12638,Sweden,2010-03-10 10:30:00,2011-11-06 13:11:00,2
12639,Sweden,2010-03-22 09:05:00,2011-04-15 12:48:00,3
12640,France,2011-09-19 12:01:00,2011-11-16 11:52:00,3
12641,Sweden,2011-08-16 13:26:00,2011-08-16 13:26:00,1
12642,Germany,2011-08-24 09:23:00,2011-11-14 15:03:00,3
12643,France,2010-04-07 14:16:00,2011-08-03 12:56:00,14
12644,Germany,2010-01-14 13:02:00,2011-08-02 10:33:00,6
12645,Germany,2010-02-09 10:49:00,2011-11-06 12:38:00,10
12646,USA,2011-10-21 12:52:00,2011-12-05 10:14:00,2
12647,Germany,2010-01-13 15:06:00,2011-11-17 12:56:00,45
12648,Germany,2010-01-07 18:38:00,2011-07-08 11:55:00,5
12649,Germany,2010-01-12 17:24:00,2011-08-24 14:41:00,10
12650,France,2011-12-06 16:34:00,2011-12-06 16:34:00,1
12651,France,2010-08-31 15:21:00,2011-01-09 12:46:00,5
12652,France,2010-10-01 15:16:00,2011-01-21 17:01:00,3
12653,Israel,2010-07-01 09:56:00,2011-07-14 10:41:00,3
12654,Germany,2011-02-17 13:16:00,2011-11-29 10:10:00,5
12655,France,2010-10-12 09:17:00,2010-10-12 09:17:00,1
12656,France,2010-05-26 09:00:00,2011-11-22 13:42:00,12
12657,France,2011-09-22 11:40:00,2011-11-28 15:47:00,5
12658,Germany,2011-11-21 10:22:00,2011-11-21 10:22:00,1
12659,France,2011-11-10 11:53:00,2011-11-10 11:53:00,1
12660,France,2011-11-28 13:26:00,2011-11-28 13:26:00,1
12661,Sweden,2010-09-29 16:46:00,2010-09-29 16:46:00,1
12662,Germany,2010-04-01 09:50:00,2011-12-09 11:59:00,22
12663,Germany,2010-02-09 14:28:00,2010-03-25 09:40:00,3
12664,Finland,2009-12-13 10:28:00,2011-12-01 17:07:00,12
12665,Germany,2010-02-08 15:11:00,2011-01-19 08:34:00,5
12666,Israel,2010-11-10 16:40:00,2010-12-15 14:42:00,2
12667,Finland,2011-10-12 17:00:00,2011-10-12 17:00:00,1
12668,Germany,2010-01-31 15:45:00,2011-12-02 15:10:00,12
12669,France,2011-03-28 10:15:00,2011-07-12 09:54:00,4
12670,France,2010-02-11 10:13:00,2011-11-29 15:23:00,8
12671,Germany,2010-04-12 16:30:00,2010-04-12 16:30:00,1
12672,France,2010-04-23 09:57:00,2011-01-14 09:20:00,3
12673,Germany,2010-11-03 10:46:00,2011-12-04 13:55:00,3
12674,France,2011-05-16 09:10:00,2011-11-28 12:22:00,7
12675,Italy,2010-05-10 16:44:00,2010-06-04 09:49:00,4
12676,Sweden,2010-08-13 13:29:00,2011-11-15 12:25:00,12
12677,France,2009-12-07 14:38:00,2010-06-02 14:30:00,3
12678,France,2010-01-07 16:46:00,2011-10-28 13:04:00,23
12679,France,2011-03-01 12:26:00,2011-10-18 13:43:00,9
12680,France,2011-08-18 15:44:00,2011-12-09 12:50:00,4
12681,France,2009-12-13 13:31:00,2011-11-25 11:35:00,56
12682,France,2009-12-01 09:28:00,2011-12-06 10:00:00,53
12683,France,2009-12-13 15:01:00,2011-12-05 16:31:00,27
12684,France,2011-05-10 12:55:00,2011-12-02 09:53:00,7
12685,France,2011-09-07 10:28:00,2011-11-11 13:46:00,6
12686,France,2010-12-03 09:51:00,2010-12-03 09:51:00,1
12687,Sweden,2010-08-16 12:10:00,2010-08-16 12:12:00,2
12688,Israel,2011-08-18 08:49:00,2011-08-18 08:49:00,1
12689,France,2011-08-04 10:04:00,2011-11-14 08:31:00,2
12690,France,2011-05-18 09:09:00,2011-05-18 09:09:00,1
12691,France,2010-10-15 12:00:00,2011-11-11 16:49:00,7
12692,France,2010-03-12 14:02:00,2010-03-12 14:02:00,1
12693,Germany,2010-07-05 13:56:00,2011-08-11 09:16:00,11
12694,France,2010-10-14 19:39:00,2011-09-30 13:06:00,4
12695,France,2010-02-12 13:22:00,2011-12-02 13:22:00,7
12696,Finland,2010-01-26 16:39:00,2010-10-01 10:43:00,3
12697,Sweden,2011-06-23 15:44:00,2011-11-18 16:17:00,5
12698,Germany,2010-04-28 15:51:00,2010-04-28 15:51:00,1
12699,Germany,2010-10-18 12:07:00,2010-10-18 12:07:00,1
12700,France,2011-05-08 16:10:00,2011-12-02 10:49:00,6
12701,Germany,2010-03-16 13:23:00,2011-09-21 10:47:00,6
12702,Germany,2011-11-20 10:36:00,2011-11-20 10:36:00,1
12703,Germany,2010-01-24 12:05:00,2011-10-06 19:23:00,7
12704,Finland,2011-06-23 10:20:00,2011-12-02 13:15:00,10
12705,Germany,2009-12-03 10:26:00,2011-11-24 13:17:00,22
12706,Finland,2010-01-26 16:25:00,2010-01-26 16:25:00,1
12707,France,2011-02-21 08:38:00,2011-02-21 08:38:00,1
12708,Germany,2009-12-18 10:25:00,2011-11-10 09:52:00,30
12709,Germany,2009-12-09 13:49:00,2011-12-06 16:42:00,55
12710,Germany,2011-05-22 14:05:00,2011-09-04 12:00:00,4
12711,Germany,2010-02-01 11:30:00,2010-04-07 11:59:00,2
12712,Germany,2009-12-09 10:46:00,2011-11-17 09:15:00,28
12713,Germany,2011-12-09 12:16:00,2011-12-09 12:16:00,1
12714,France,2009-12-04 10:00:00,2011-11-30 15:43:00,12
12715,Sweden,2011-08-25 15:22:00,2011-08-25 15:22:00,1
12716,France,2011-07-29 13:28:00,2011-12-06 08:55:00,2
12717,Greece,2010-04-28 14:34:00,2011-07-11 14:51:00,4
12718,France,2011-09-29 16:38:00,2011-09-29 16:38:00,1
12719,France,2011-10-05 14:50:00,2011-12-04 13:45:00,3
12720,Germany,2010-07-21 09:46:00,2011-12-07 08:03:00,41
12721,France,2010-08-25 11:07:00,2011-11-08 12:13:00,10
12722,France,2011-07-12 11:55:00,2011-09-15 14:50:00,6
12723,France,2011-10-05 15:52:00,2011-12-06 10:19:00,5
12724,France,2010-06-22 14:00:00,2011-12-04 16:02:00,7
12725,Italy,2010-05-04 13:59:00,2010-12-03 15:45:00,4
12726,France,2010-03-25 16:25:00,2011-11-11 13:35:00,11
12727,France,2010-02-23 09:54:00,2011-11-29 11:46:00,12
12728,France,2010-11-21 11:34:00,2011-09-29 15:31:00,5
12729,France,2011-08-18 11:40:00,2011-08-18 11:40:00,1
12730,Germany,2010-07-06 12:19:00,2010-07-06 12:19:00,1
12731,France,2010-03-02 09:23:00,2011-11-16 11:59:00,19
12732,France,2011-06-13 11:33:00,2011-06-13 11:33:00,1
12733,USA,2010-01-19 13:23:00,2011-04-19 16:19:00,6
12734,France,2010-11-12 13:26:00,2010-12-22 12:47:00,3
12735,France,2011-01-06 14:26:00,2011-01-28 13:37:00,2
12736,France,2011-01-11 07:57:00,2011-01-11 07:57:00,1
12737,France,2010-07-29 12:27:00,2010-07-29 12:29:00,2
12738,Germany,2010-12-02 18:27:00,2010-12-02 18:27:00,1
12739,United Arab Emirates,2010-11-10 14:27:00,2011-09-22 13:00:00,4
12740,France,2011-10-07 10:44:00,2011-10-07 10:44:00,1
12741,USA,2010-06-24 16:24:00,2010-06-28 14:36:00,2
12742,United Arab Emirates,2010-03-24 12:43:00,2010-04-19 11:10:00,2
12743,Unspecified,2011-07-28 16:06:00,2011-07-28 16:21:00,2
12744,Singapore,2010-04-27 16:19:00,2011-10-19 11:18:00,14
12745,United Kingdom,2010-01-26 16:22:00,2010-08-10 10:14:00,3
12746,United Kingdom,2009-12-08 17:08:00,2010-06-30 08:19:00,3
12747,United Kingdom,2009-12-07 13:23:00,2011-12-07 14:34:00,32
12748,United Kingdom,2009-12-04 17:31:00,2011-12-09 12:20:00,365
12749,United Kingdom,2010-07-06 15:05:00,2011-12-06 09:56:00,16
12750,Poland,2011-08-03 09:13:00,2011-08-03 09:13:00,1
12751,Brazil,2010-09-21 12:49:00,2010-09-21 12:49:00,1
12752,Norway,2011-09-19 13:32:00,2011-09-19 13:32:00,1
12753,Japan,2010-12-12 11:44:00,2011-12-06 11:40:00,11
12754,Japan,2011-02-04 10:31:00,2011-04-18 09:00:00,5
12755,Japan,2009-12-02 10:55:00,2011-04-04 10:12:00,22
12756,Japan,2011-09-14 09:31:00,2011-09-14 09:31:00,1
12757,Portugal,2011-05-12 19:01:00,2011-11-24 12:30:00,19
12758,Portugal,2009-12-01 14:40:00,2011-08-15 10:22:00,8
12759,Netherlands,2009-12-04 10:47:00,2011-10-18 14:49:00,8
12760,Netherlands,2010-09-10 08:50:00,2010-09-10 08:50:00,1
12761,Netherlands,2010-09-01 10:47:00,2010-09-08 12:17:00,2
12762,Portugal,2011-11-14 14:23:00,2011-12-02 10:23:00,2
12763,Japan,2010-12-05 15:46:00,2011-07-24 14:12:00,2
12764,Lebanon,2011-01-27 10:19:00,2011-01-27 10:19:00,1
12765,Netherlands,2010-03-08 09:43:00,2010-08-24 13:51:00,6
12766,Portugal,2010-10-28 09:29:00,2011-12-06 08:46:00,11
12767,Korea,2010-11-29 09:38:00,2010-11-29 09:38:00,1
12768,Korea,2010-09-15 12:08:00,2010-10-04 12:48:00,2
12769,Brazil,2011-04-15 10:25:00,2011-04-15 10:25:00,1
12770,Japan,2010-04-07 10:44:00,2011-05-13 09:33:00,7
12771,Portugal,2010-08-11 11:51:00,2010-09-01 12:34:00,2
12772,Portugal,2011-10-11 09:19:00,2011-10-11 09:19:00,1
12773,Portugal,2010-05-24 17:30:00,2010-05-24 17:39:00,2
12774,Netherlands,2010-06-22 10:38:00,2010-06-22 10:38:00,1
12775,Netherlands,2010-10-26 14:24:00,2011-11-22 16:33:00,8
12776,Portugal,2010-02-10 12:11:00,2010-02-10 12:11:00,1
12777,United Kingdom,2010-09-08 11:35:00,2010-09-08 11:35:00,1
12778,Netherlands,2010-04-16 09:57:00,2011-11-20 11:39:00,10
12779,Poland,2009-12-03 07:25:00,2011-11-18 17:10:00,21
12780,Netherlands,2010-04-20 09:40:00,2010-04-20 09:40:00,1
12781,Czech Republic,2011-02-28 08:43:00,2011-11-18 15:45:00,5
12782,Portugal,2010-07-08 13:31:00,2011-12-05 09:16:00,14
12783,Portugal,2011-09-25 15:35:00,2011-12-07 15:56:00,8
12784,Portugal,2010-06-28 13:06:00,2011-11-30 15:38:00,3
12785,Portugal,2009-12-08 13:56:00,2011-12-07 12:46:00,5
12786,Netherlands,2010-04-09 12:12:00,2010-04-09 12:12:00,1
12787,Netherlands,2010-10-22 14:57:00,2011-11-30 08:44:00,5
12788,Netherlands,2010-06-29 13:05:00,2010-09-02 14:21:00,4
12789,Netherlands,2010-01-15 12:06:00,2011-10-05 13:34:00,3
12790,Netherlands,2010-10-25 13:04:00,2011-05-31 14:14:00,3
12791,Netherlands,2010-03-25 17:29:00,2010-12-01 11:27:00,8
12792,Portugal,2010-01-26 16:35:00,2011-03-28 11:36:00,3
12793,Portugal,2010-11-03 13:05:00,2011-01-09 12:12:00,3
12794,Portugal,2011-09-02 12:01:00,2011-10-17 14:54:00,2
12795,Portugal,2011-11-21 10:27:00,2011-11-21 10:27:00,1
12796,Netherlands,2010-03-21 15:49:00,2010-03-21 15:49:00,1
12797,Portugal,2010-10-11 12:53:00,2010-12-14 16:24:00,6
12798,Japan,2010-10-14 12:27:00,2011-11-29 15:52:00,4
12799,Japan,2010-06-28 15:57:00,2010-06-28 15:57:00,1
12800,Portugal,2010-02-01 11:02:00,2010-08-26 14:11:00,3
12801,Sweden,2010-07-27 09:38:00,2010-08-19 12:04:00,2
12802,Netherlands,2010-05-25 09:34:00,2011-06-09 09:44:00,9
12803,Netherlands,2010-11-11 14:57:00,2010-11-11 14:57:00,1
12804,Netherlands,2010-07-27 13:52:00,2010-08-31 11:58:00,2
12805,Netherlands,2010-02-03 09:06:00,2010-11-23 12:27:00,4
12806,Netherlands,2010-04-30 10:44:00,2010-09-30 13:34:00,4
12807,Sweden,2010-11-18 13:20:00,2010-11-22 09:16:00,3
12808,Portugal,2010-09-03 10:24:00,2011-11-03 10:05:00,5
12809,Portugal,2010-03-02 14:19:00,2011-06-24 15:15:00,8
12810,Japan,2010-02-01 09:52:00,2010-06-23 10:53:00,2
12811,Portugal,2010-10-08 12:20:00,2011-03-24 09:42:00,5
12812,Japan,2011-10-26 09:54:00,2011-10-26 09:54:00,1
12813,Netherlands,2010-01-15 16:52:00,2010-07-26 09:50:00,3
12814,Poland,2011-08-30 12:11:00,2011-08-30 12:11:00,1
12815,Poland,2011-05-25 13:34:00,2011-07-15 10:21:00,2
12816,Poland,2011-06-16 13:24:00,2011-09-05 12:41:00,2
12817,Austria,2010-10-01 08:57:00,2011-03-03 16:28:00,3
12818,Austria,2011-03-23 12:06:00,2011-06-14 13:54:00,2
12819,United Kingdom,2010-09-07 15:20:00,2010-09-07 15:20:00,1
12820,United Kingdom,2009-12-05 13:37:00,2011-12-06 15:12:00,13
12821,United Kingdom,2010-04-07 15:14:00,2011-05-09 15:51:00,2
12822,United Kingdom,2011-09-13 13:46:00,2011-09-30 10:04:00,3
12823,United Kingdom,2010-01-29 12:52:00,2011-09-26 07:35:00,18
12824,United Kingdom,2011-10-11 12:49:00,2011-10-11 12:49:00,1
12825,United Kingdom,2010-03-08 10:17:00,2010-07-06 13:56:00,2
12826,United Kingdom,2009-12-18 10:43:00,2011-12-07 10:25:00,15
12827,United Kingdom,2011-10-26 15:44:00,2011-12-04 12:17:00,3
12828,United Kingdom,2011-08-01 16:16:00,2011-12-07 08:45:00,6
12829,United Kingdom,2010-06-07 15:04:00,2011-01-21 12:56:00,4
12830,United Kingdom,2011-06-21 10:53:00,2011-11-02 11:54:00,7
12831,United Kingdom,2010-09-02 15:58:00,2011-03-22 13:02:00,3
12832,United Kingdom,2011-09-02 13:48:00,2011-11-07 13:30:00,2
12833,United Kingdom,2011-07-17 13:46:00,2011-07-17 13:46:00,1
12834,United Kingdom,2011-03-02 09:49:00,2011-03-02 09:49:00,1
12835,United Kingdom,2009-12-03 12:13:00,2010-10-17 16:35:00,49
12836,United Kingdom,2009-12-01 14:19:00,2011-10-11 15:10:00,17
12837,United Kingdom,2010-05-19 15:10:00,2011-06-19 16:07:00,2
12838,United Kingdom,2010-04-26 09:59:00,2011-11-06 12:20:00,12
12839,United Kingdom,2009-12-07 09:18:00,2011-12-07 12:33:00,31
12840,United Kingdom,2010-02-03 14:51:00,2011-07-19 09:29:00,11
12841,United Kingdom,2010-07-08 15:38:00,2011-12-05 11:13:00,42
12842,United Kingdom,2009-12-02 08:15:00,2011-09-30 15:33:00,4
12843,United Kingdom,2009-12-13 11:41:00,2011-10-05 12:09:00,34
12844,United Kingdom,2010-04-25 11:51:00,2011-11-10 13:31:00,4
12845,United Kingdom,2011-02-22 14:10:00,2011-03-17 13:34:00,4
12846,United Kingdom,2010-01-26 16:29:00,2010-01-26 16:29:00,1
12847,United Kingdom,2010-11-17 12:44:00,2011-11-17 13:16:00,2
12848,United Kingdom,2010-02-02 12:45:00,2010-02-02 12:45:00,1
12849,United Kingdom,2010-04-27 13:44:00,2011-11-08 13:41:00,6
12850,United Kingdom,2010-09-20 12:26:00,2010-09-20 12:26:00,1
12851,United Kingdom,2010-08-19 15:13:00,2011-09-04 12:41:00,2
12852,United Kingdom,2011-02-18 08:47:00,2011-02-22 14:56:00,2
12853,United Kingdom,2010-02-05 11:57:00,2011-08-24 11:00:00,16
12854,United Kingdom,2009-12-11 12:55:00,2011-09-22 12:15:00,11
12855,United Kingdom,2010-11-02 18:16:00,2010-12-02 09:37:00,4
12856,United Kingdom,2011-10-07 12:38:00,2011-12-02 10:52:00,8
12857,United Kingdom,2010-01-25 15:37:00,2011-05-13 10:20:00,7
12858,United Kingdom,2010-01-26 16:28:00,2010-11-21 12:55:00,2
12859,United Kingdom,2010-09-07 12:20:00,2010-09-07 12:20:00,1
12860,United Kingdom,2010-01-15 15:22:00,2010-01-15 15:22:00,1
12861,United Kingdom,2010-03-30 11:39:00,2010-03-30 11:39:00,1
12862,United Kingdom,2010-08-01 15:20:00,2010-10-10 11:47:00,2
12863,United Kingdom,2010-04-29 13:54:00,2011-10-18 14:15:00,7
12864,United Kingdom,2010-07-19 17:22:00,2011-07-24 13:03:00,2
12865,Austria,2010-08-20 12:20:00,2011-11-13 14:31:00,5
12866,Belgium,2010-07-25 11:37:00,2011-03-01 14:11:00,3
12867,United Kingdom,2009-12-16 16:25:00,2011-11-13 15:30:00,16
12868,United Kingdom,2010-11-12 10:05:00,2011-06-07 10:42:00,8
12869,United Kingdom,2010-01-27 12:10:00,2010-01-27 12:10:00,1
12870,United Kingdom,2010-03-25 14:32:00,2010-12-08 14:27:00,4
12871,United Kingdom,2010-09-26 10:34:00,2011-09-16 15:07:00,3
12872,United Kingdom,2009-12-03 20:03:00,2011-01-17 10:52:00,13
12873,United Kingdom,2010-01-27 09:50:00,2011-03-02 14:58:00,3
12874,Belgium,2010-06-03 12:51:00,2010-11-19 15:23:00,3
12875,United Kingdom,2010-01-11 12:37:00,2011-07-19 15:30:00,5
12876,Belgium,2010-04-28 13:26:00,2011-10-13 12:26:00,5
12877,United Kingdom,2010-01-18 10:23:00,2011-12-06 10:30:00,20
12878,United Kingdom,2011-03-18 14:02:00,2011-11-21 14:30:00,3
12879,United Kingdom,2011-09-09 12:11:00,2011-10-26 12:24:00,4
12880,United Kingdom,2010-05-14 11:57:00,2010-11-23 10:50:00,2
12881,United Kingdom,2011-03-09 11:44:00,2011-03-09 11:44:00,1
12882,United Kingdom,2011-11-06 11:22:00,2011-11-30 16:18:00,2
12883,United Kingdom,2011-09-11 15:18:00,2011-11-15 09:32:00,4
12884,United Kingdom,2011-09-12 13:10:00,2011-09-12 13:10:00,1
12885,United Kingdom,2011-08-08 11:45:00,2011-10-07 13:40:00,4
12886,United Kingdom,2011-05-04 11:21:00,2011-10-03 10:09:00,3
12887,United Kingdom,2010-11-21 11:18:00,2010-11-21 11:18:00,1
12888,United Kingdom,2011-03-29 14:31:00,2011-05-09 16:02:00,4
12889,United Kingdom,2010-07-25 14:32:00,2010-11-23 16:08:00,6
12890,United Kingdom,2010-11-17 14:05:00,2011-11-15 17:26:00,2
12891,United Kingdom,2010-02-18 14:32:00,2011-06-07 12:31:00,12
12892,United Kingdom,2010-11-08 09:51:00,2010-11-08 09:51:00,1
12893,United Kingdom,2011-11-09 12:34:00,2011-11-09 12:34:00,1
12894,United Kingdom,2010-05-13 14:47:00,2010-05-13 14:47:00,1
12895,United Kingdom,2011-09-14 08:35:00,2011-10-28 13:51:00,3
12896,United Kingdom,2009-12-09 09:28:00,2009-12-09 09:28:00,1
12897,United Kingdom,2010-06-14 11:58:00,2011-05-19 12:13:00,4
12898,United Kingdom,2010-02-18 12:36:00,2010-09-02 08:08:00,2
12899,United Kingdom,2010-10-22 09:53:00,2010-10-22 09:53:00,1
12900,United Kingdom,2010-10-13 15:17:00,2010-10-13 15:17:00,1
12901,United Kingdom,2011-03-14 10:41:00,2011-12-01 10:07:00,36
12902,United Kingdom,2011-03-20 12:06:00,2011-03-20 12:06:00,1
12903,United Kingdom,2010-10-07 12:39:00,2010-10-07 12:39:00,1
12904,United Kingdom,2011-06-20 13:18:00,2011-11-21 14:34:00,2
12905,United Kingdom,2010-01-26 14:06:00,2010-05-12 10:05:00,3
12906,United Kingdom,2011-09-22 15:03:00,2011-11-28 09:55:00,5
12907,United Kingdom,2010-02-24 11:56:00,2010-11-09 12:08:00,3
12908,United Kingdom,2010-03-19 15:59:00,2011-10-12 10:11:00,7
12909,United Kingdom,2010-02-24 12:14:00,2011-10-31 12:43:00,13
12910,United Kingdom,2010-03-28 13:10:00,2011-11-16 14:28:00,14
12911,United Kingdom,2010-06-06 12:13:00,2010-06-06 12:13:00,1
12912,United Kingdom,2011-10-30 11:35:00,2011-12-07 08:55:00,5
12913,United Kingdom,2009-12-01 12:18:00,2011-12-05 12:11:00,13
12914,United Kingdom,2010-11-04 12:28:00,2010-11-04 12:28:00,1
12915,United Kingdom,2010-04-29 19:36:00,2011-07-14 11:34:00,8
12916,United Kingdom,2010-01-24 11:26:00,2011-07-24 10:35:00,8
12917,United Kingdom,2009-12-09 14:22:00,2011-08-03 16:42:00,8
12918,United Kingdom,2010-03-23 15:20:00,2010-03-23 15:24:00,3
12919,United Kingdom,2011-06-23 09:22:00,2011-12-01 13:47:00,8
12920,United Kingdom,2009-12-14 15:58:00,2011-11-22 15:05:00,4
12921,United Kingdom,2009-12-01 13:43:00,2011-12-06 09:56:00,103
12922,United Kingdom,2011-07-01 15:35:00,2011-07-01 15:35:00,1
12923,United Kingdom,2010-05-13 14:55:00,2011-10-06 16:20:00,3
12924,United Kingdom,2009-12-09 12:40:00,2011-09-12 13:55:00,14
12925,United Kingdom,2010-04-26 10:32:00,2011-12-05 11:11:00,3
12926,United Kingdom,2009-12-14 14:35:00,2010-10-24 15:57:00,4
12927,United Kingdom,2010-11-10 10:02:00,2010-11-10 10:02:00,1
12928,United Kingdom,2010-06-08 10:16:00,2011-11-04 14:24:00,12
12929,United Kingdom,2011-02-01 12:08:00,2011-08-09 14:30:00,2
12930,United Kingdom,2011-06-21 13:25:00,2011-09-22 15:18:00,4
12931,United Kingdom,2009-12-01 11:46:00,2011-11-18 12:39:00,71
12932,United Kingdom,2010-02-10 08:46:00,2010-06-18 14:22:00,8
12933,United Kingdom,2009-12-10 16:39:00,2011-11-15 16:38:00,11
12934,United Kingdom,2009-12-03 10:51:00,2009-12-03 10:51:00,1
12935,United Kingdom,2010-04-11 15:59:00,2011-12-07 17:25:00,19
12936,United Kingdom,2011-09-22 13:51:00,2011-11-22 17:32:00,5
12937,United Kingdom,2009-12-03 15:43:00,2011-11-24 15:05:00,9
12938,United Kingdom,2011-11-14 11:21:00,2011-11-14 11:21:00,1
12939,United Kingdom,2010-01-12 11:27:00,2011-10-06 14:33:00,20
12940,United Kingdom,2011-09-13 10:16:00,2011-10-24 14:04:00,4
12941,United Kingdom,2009-12-15 13:12:00,2009-12-15 13:12:00,1
12942,United Kingdom,2010-12-09 09:34:00,2011-07-31 14:39:00,3
12943,United Kingdom,2010-04-13 11:03:00,2011-02-11 15:13:00,4
12944,United Kingdom,2010-12-20 10:41:00,2011-11-04 11:04:00,2
12945,United Kingdom,2010-02-21 15:18:00,2011-02-24 14:15:00,2
12946,United Kingdom,2010-09-29 10:14:00,2010-09-29 10:14:00,1
12947,United Kingdom,2010-12-01 16:21:00,2011-07-19 10:06:00,11
12948,United Kingdom,2009-12-02 12:28:00,2011-11-23 17:10:00,10
12949,United Kingdom,2009-12-03 15:56:00,2011-11-09 11:25:00,28
12950,United Kingdom,2011-11-15 13:48:00,2011-12-07 13:17:00,3
12951,United Kingdom,2010-01-10 12:43:00,2011-12-01 12:14:00,20
12952,United Kingdom,2011-09-22 16:37:00,2011-12-04 10:35:00,5
12953,United Kingdom,2010-07-05 13:37:00,2011-11-30 09:24:00,2
12954,United Kingdom,2010-03-11 10:16:00,2010-03-11 10:16:00,1
12955,United Kingdom,2011-03-17 09:03:00,2011-12-08 16:29:00,14
12956,United Kingdom,2009-12-15 19:03:00,2011-02-06 16:08:00,4
12957,United Kingdom,2009-12-11 12:01:00,2011-12-05 16:32:00,21
12958,United Kingdom,2010-05-05 16:22:00,2010-11-04 16:16:00,2
12959,United Kingdom,2010-01-11 10:09:00,2010-08-12 17:20:00,2
12960,United Kingdom,2010-02-16 13:32:00,2010-10-22 09:31:00,4
12961,United Kingdom,2010-11-25 16:44:00,2010-11-25 16:44:00,1
12962,United Kingdom,2011-08-18 13:38:00,2011-12-02 15:55:00,2
12963,United Kingdom,2010-07-08 14:45:00,2011-12-01 12:55:00,14
12964,United Kingdom,2010-09-28 17:47:00,2010-09-28 17:47:00,1
12965,United Kingdom,2011-09-11 15:31:00,2011-09-11 15:31:00,1
12966,United Kingdom,2011-11-30 12:38:00,2011-11-30 12:38:00,1
12967,United Kingdom,2010-11-21 11:03:00,2011-12-06 14:19:00,5
12968,United Kingdom,2011-08-19 15:44:00,2011-08-19 15:44:00,1
12969,United Kingdom,2010-04-16 10:50:00,2010-04-16 10:50:00,1
12970,United Kingdom,2009-12-04 14:19:00,2011-12-02 14:30:00,10
12971,United Kingdom,2009-12-15 19:04:00,2011-12-06 12:20:00,120
12972,United Kingdom,2010-02-16 14:30:00,2010-10-22 08:41:00,6
12973,United Kingdom,2010-10-22 10:14:00,2010-10-22 10:14:00,1
12974,United Kingdom,2010-05-23 11:45:00,2011-05-26 09:33:00,2
12975,United Kingdom,2009-12-06 10:38:00,2010-10-05 19:03:00,8
12976,United Kingdom,2010-02-12 15:46:00,2011-05-12 09:55:00,8
12977,United Kingdom,2010-07-16 16:25:00,2011-07-06 16:40:00,4
12978,United Kingdom,2009-12-10 11:23:00,2010-11-19 14:29:00,6
12979,United Arab Emirates,2009-12-10 15:45:00,2009-12-10 15:57:00,2
12980,United Kingdom,2009-12-02 11:26:00,2011-07-07 11:42:00,26
12981,United Kingdom,2011-07-29 14:14:00,2011-11-10 12:00:00,2
12982,United Kingdom,2010-04-12 13:50:00,2011-04-14 10:49:00,17
12983,United Kingdom,2010-04-20 12:58:00,2010-04-20 12:58:00,1
12984,United Kingdom,2011-11-21 12:37:00,2011-11-21 12:37:00,1
12985,United Kingdom,2011-11-11 12:44:00,2011-12-09 10:46:00,3
12986,United Kingdom,2010-01-21 10:45:00,2010-11-02 11:01:00,12
12987,United Kingdom,2010-01-20 09:57:00,2011-09-27 12:03:00,6
12988,United Kingdom,2011-02-20 14:31:00,2011-02-20 14:31:00,1
12989,United Kingdom,2009-12-10 13:27:00,2011-12-06 15:28:00,39
12990,United Kingdom,2010-03-30 11:36:00,2011-11-08 13:01:00,7
12991,United Kingdom,2010-11-15 13:43:00,2011-11-16 15:34:00,3
12992,United Kingdom,2009-12-14 16:46:00,2009-12-14 16:46:00,1
12993,United Kingdom,2010-02-18 10:35:00,2011-11-16 15:49:00,10
12994,United Kingdom,2011-03-16 08:31:00,2011-12-05 15:43:00,5
12995,United Kingdom,2011-09-15 15:44:00,2011-09-23 09:20:00,2
12996,United Kingdom,2010-11-29 09:27:00,2010-11-29 09:27:00,1
12997,United Kingdom,2009-12-17 16:14:00,2011-11-17 15:47:00,16
12998,United Kingdom,2010-02-24 11:55:00,2010-08-04 08:05:00,4
12999,United Kingdom,2011-04-08 10:26:00,2011-05-27 13:24:00,3
13000,United Kingdom,2009-12-14 17:03:00,2011-08-25 10:43:00,5
13001,United Kingdom,2009-12-03 14:43:00,2011-12-05 14:51:00,37
13002,United Kingdom,2010-10-01 11:58:00,2011-01-25 15:18:00,3
13003,United Kingdom,2011-05-09 08:23:00,2011-08-26 10:50:00,3
13004,United Kingdom,2009-12-15 09:44:00,2011-11-28 11:27:00,46
13005,United Kingdom,2010-09-08 12:52:00,2011-06-19 10:53:00,6
13006,United Kingdom,2011-10-14 13:49:00,2011-10-14 13:49:00,1
13007,United Kingdom,2010-05-09 10:38:00,2010-05-09 10:38:00,1
13008,United Kingdom,2009-12-16 16:07:00,2011-01-20 14:24:00,7
13009,United Kingdom,2010-02-05 12:22:00,2010-02-05 12:22:00,1
13010,United Kingdom,2010-03-01 11:28:00,2010-11-30 15:09:00,2
13011,United Kingdom,2010-12-02 17:22:00,2010-12-02 17:22:00,1
13012,United Kingdom,2010-04-26 14:14:00,2011-11-30 13:05:00,15
13013,United Kingdom,2009-12-14 10:34:00,2011-12-08 15:01:00,31
13014,United Kingdom,2010-10-03 11:35:00,2011-12-07 09:24:00,18
13015,United Kingdom,2010-04-15 16:35:00,2011-10-17 13:19:00,14
13016,United Kingdom,2011-08-08 15:00:00,2011-09-27 14:08:00,3
13017,United Kingdom,2011-12-02 15:53:00,2011-12-02 15:53:00,1
13018,United Kingdom,2010-03-01 12:34:00,2011-11-23 13:28:00,37
13019,United Kingdom,2009-12-06 15:40:00,2010-11-25 14:56:00,8
13020,United Kingdom,2010-02-18 10:35:00,2010-06-09 15:54:00,5
13021,United Kingdom,2009-12-05 12:02:00,2011-12-05 16:37:00,24
13022,Belgium,2010-10-06 10:50:00,2010-10-06 10:50:00,1
13023,United Kingdom,2010-06-29 09:51:00,2011-10-06 16:27:00,3
13024,United Kingdom,2010-05-06 14:25:00,2010-09-01 14:55:00,3
13025,United Kingdom,2009-12-08 10:02:00,2009-12-08 10:02:00,1
13026,United Kingdom,2009-12-13 11:34:00,2011-12-08 16:58:00,13
13027,United Kingdom,2010-01-20 10:41:00,2011-08-18 09:39:00,23
13028,United Kingdom,2011-10-25 14:09:00,2011-11-17 11:10:00,3
13029,United Kingdom,2010-07-04 13:46:00,2011-11-09 09:13:00,5
13030,United Kingdom,2010-12-06 14:31:00,2011-11-28 14:30:00,2
13031,United Kingdom,2010-06-03 14:57:00,2010-10-28 15:34:00,5
13032,United Kingdom,2010-09-05 14:01:00,2011-11-01 09:56:00,11
13033,United Kingdom,2010-10-06 09:37:00,2010-12-17 14:23:00,2
13034,United Kingdom,2010-11-03 15:22:00,2011-10-16 12:21:00,3
13035,United Kingdom,2010-10-04 15:41:00,2011-10-13 12:23:00,4
13036,United Kingdom,2010-01-24 11:35:00,2010-01-24 11:35:00,1
13037,United Kingdom,2009-12-03 17:04:00,2011-07-24 15:46:00,16
13038,United Kingdom,2011-02-22 11:43:00,2011-09-20 14:37:00,3
13039,United Kingdom,2009-12-17 16:43:00,2010-05-04 16:45:00,4
13040,United Kingdom,2011-11-06 13:53:00,2011-12-01 10:38:00,2
13041,United Kingdom,2010-04-29 08:43:00,2010-09-15 11:44:00,4
13042,United Kingdom,2009-12-07 15:42:00,2010-05-04 13:10:00,4
13043,United Kingdom,2011-03-11 14:52:00,2011-03-31 12:14:00,2
13044,United Kingdom,2010-01-08 14:46:00,2011-02-21 15:20:00,13
13045,United Kingdom,2010-08-10 13:02:00,2011-09-01 15:04:00,3
13046,United Kingdom,2010-09-09 13:09:00,2011-11-09 08:36:00,3
13047,United Kingdom,2009-12-16 11:43:00,2011-11-08 12:10:00,42
13048,United Kingdom,2010-01-27 12:55:00,2011-11-25 13:23:00,13
13049,United Kingdom,2010-11-03 15:39:00,2011-10-06 15:31:00,5
13050,United Kingdom,2009-12-15 15:06:00,2011-11-30 17:28:00,57
13051,United Kingdom,2010-03-30 11:11:00,2010-05-10 09:14:00,2
13052,United Kingdom,2010-02-23 12:31:00,2011-05-11 14:12:00,7
13053,United Kingdom,2010-03-28 11:28:00,2010-03-28 11:28:00,1
13054,United Kingdom,2010-01-26 16:24:00,2010-01-26 16:24:00,1
13055,United Kingdom,2010-10-06 08:17:00,2011-10-06 18:57:00,6
13056,United Kingdom,2010-06-06 14:10:00,2010-06-06 14:10:00,1
13057,United Kingdom,2010-03-18 12:14:00,2010-06-27 15:44:00,4
13058,United Kingdom,2011-07-11 12:01:00,2011-11-15 12:43:00,3
13059,United Kingdom,2010-03-31 12:23:00,2011-04-04 10:40:00,12
13060,United Kingdom,2011-03-31 11:37:00,2011-03-31 11:37:00,1
13061,United Kingdom,2011-09-28 16:04:00,2011-09-28 16:04:00,1
13062,United Kingdom,2011-06-01 15:12:00,2011-06-01 15:12:00,1
13063,United Kingdom,2010-08-16 12:27:00,2010-08-16 12:27:00,1
13064,United Kingdom,2010-04-27 10:08:00,2011-11-27 12:31:00,6
13065,United Kingdom,2010-06-10 11:44:00,2010-12-01 16:52:00,6
13066,United Kingdom,2011-11-07 17:06:00,2011-11-15 13:39:00,3
13067,United Kingdom,2010-09-19 13:43:00,2011-09-18 13:38:00,3
13068,United Kingdom,2011-01-24 08:20:00,2011-11-29 15:00:00,2
13069,United Kingdom,2010-06-14 14:27:00,2011-12-09 08:39:00,42
13070,United Kingdom,2009-12-02 12:23:00,2011-05-31 13:45:00,5
13071,United Kingdom,2010-04-06 13:37:00,2010-04-06 13:37:00,1
13072,United Kingdom,2011-03-18 08:12:00,2011-03-18 08:12:00,1
13073,United Kingdom,2010-09-28 09:27:00,2010-10-24 14:06:00,2
13074,United Kingdom,2009-12-16 11:46:00,2010-07-16 16:53:00,5
13075,United Kingdom,2011-08-02 10:19:00,2011-08-02 10:19:00,1
13076,United Kingdom,2010-09-08 10:27:00,2010-09-08 10:27:00,1
13077,United Kingdom,2009-12-11 11:17:00,2011-12-08 19:24:00,14
13078,United Kingdom,2009-12-01 09:06:00,2011-12-08 18:48:00,95
13079,United Kingdom,2010-10-18 14:15:00,2011-12-05 16:53:00,6
13080,United Kingdom,2010-04-09 13:07:00,2011-06-13 14:59:00,5
13081,United Kingdom,2009-12-08 13:58:00,2011-12-08 13:13:00,44
13082,United Kingdom,2009-12-22 15:37:00,2011-08-05 16:16:00,25
13083,United Kingdom,2010-10-10 13:38:00,2011-12-05 15:01:00,3
13084,United Kingdom,2010-08-05 08:49:00,2010-08-09 12:40:00,2
13085,United Kingdom,2009-12-01 07:45:00,2011-07-05 12:11:00,10
13086,United Kingdom,2010-11-22 10:28:00,2010-11-22 10:28:00,1
13087,United Kingdom,2009-12-13 15:16:00,2009-12-13 15:16:00,1
13088,United Kingdom,2010-10-18 15:35:00,2010-10-18 15:35:00,1
13089,United Kingdom,2009-12-02 15:44:00,2011-12-07 09:02:00,247
13090,United Kingdom,2010-08-02 13:58:00,2011-12-01 12:39:00,30
13091,United Kingdom,2009-12-08 12:25:00,2011-11-18 16:48:00,6
13092,United Kingdom,2010-02-10 08:44:00,2011-09-30 11:18:00,15
13093,United Kingdom,2009-12-04 10:32:00,2011-03-17 17:16:00,88
13094,United Kingdom,2010-11-15 14:15:00,2011-11-18 14:07:00,17
13095,United Kingdom,2011-09-30 12:03:00,2011-09-30 12:03:00,1
13096,United Kingdom,2010-11-10 14:08:00,2010-11-10 14:08:00,1
13097,United Kingdom,2009-12-01 13:31:00,2011-11-07 10:43:00,40
13098,United Kingdom,2011-01-26 13:46:00,2011-12-08 14:14:00,41
13099,United Kingdom,2011-09-01 17:40:00,2011-09-01 17:40:00,1
13100,United Kingdom,2010-03-25 12:28:00,2010-03-25 12:28:00,1
13101,United Kingdom,2010-01-27 15:49:00,2011-04-19 14:37:00,4
13102,United Kingdom,2010-05-06 13:12:00,2011-12-08 12:52:00,42
13103,United Kingdom,2010-05-11 14:41:00,2011-10-31 09:38:00,3
13104,United Kingdom,2010-02-24 15:06:00,2011-12-06 13:10:00,9
13105,United Kingdom,2010-09-29 13:41:00,2010-09-29 13:41:00,1
13106,United Kingdom,2010-10-22 13:10:00,2011-08-03 11:50:00,3
13107,United Kingdom,2009-12-08 18:43:00,2011-10-26 14:52:00,15
13108,United Kingdom,2010-09-30 17:09:00,2010-12-02 10:35:00,2
13109,United Kingdom,2010-06-06 12:59:00,2011-12-07 12:38:00,7
13110,United Kingdom,2009-12-01 14:14:00,2011-11-08 14:30:00,14
13111,United Kingdom,2009-12-21 09:00:00,2009-12-21 09:00:00,1
13112,United Kingdom,2009-12-08 17:40:00,2010-06-16 17:03:00,3
13113,United Kingdom,2010-03-28 16:13:00,2011-12-09 12:49:00,60
13114,United Kingdom,2009-12-09 09:56:00,2009-12-09 09:56:00,1
13115,United Kingdom,2010-02-17 13:06:00,2011-12-01 09:39:00,23
13116,United Kingdom,2011-07-24 14:33:00,2011-08-14 14:36:00,2
13117,United Kingdom,2010-03-26 13:50:00,2011-11-18 12:02:00,19
13118,United Kingdom,2010-09-26 15:46:00,2011-11-20 12:46:00,12
13119,United Kingdom,2010-02-09 08:38:00,2010-02-09 08:38:00,1
13120,United Kingdom,2011-04-15 10:19:00,2011-04-15 10:19:00,1
13121,United Kingdom,2011-03-15 16:47:00,2011-03-15 16:51:00,2
13122,United Kingdom,2011-04-13 14:12:00,2011-09-06 15:53:00,2
13123,United Kingdom,2010-06-28 12:43:00,2010-08-24 10:18:00,2
13124,United Kingdom,2010-11-19 15:50:00,2011-09-11 12:45:00,4
13125,United Kingdom,2010-07-04 11:58:00,2010-07-04 11:58:00,1
13126,United Kingdom,2010-03-02 12:24:00,2011-12-05 10:00:00,19
13127,United Kingdom,2011-09-23 10:26:00,2011-09-23 10:26:00,1
13128,United Kingdom,2010-03-18 15:08:00,2010-03-18 15:08:00,1
13129,United Kingdom,2010-06-28 11:54:00,2010-09-13 13:47:00,2
13130,United Kingdom,2011-09-06 15:30:00,2011-09-06 15:30:00,1
13131,United Kingdom,2010-02-09 09:47:00,2011-11-16 13:21:00,8
13132,United Kingdom,2011-03-23 12:44:00,2011-03-23 12:44:00,1
13133,United Kingdom,2010-09-06 15:30:00,2011-03-11 10:31:00,3
13134,United Kingdom,2010-10-19 13:21:00,2011-09-28 09:22:00,9
13135,United Kingdom,2010-08-05 17:28:00,2011-05-27 10:52:00,2
13136,United Kingdom,2009-12-08 17:27:00,2011-10-20 19:13:00,24
13137,United Kingdom,2010-07-25 15:40:00,2011-11-29 12:09:00,17
13138,United Kingdom,2010-11-08 11:45:00,2011-11-17 16:51:00,8
13139,United Kingdom,2010-09-28 09:12:00,2011-11-23 13:54:00,9
13140,United Kingdom,2010-08-05 19:05:00,2011-08-23 15:33:00,5
13141,United Kingdom,2009-12-09 13:34:00,2011-09-16 09:54:00,21
13142,United Kingdom,2011-11-20 16:07:00,2011-11-20 16:07:00,1
13143,United Kingdom,2010-05-04 12:22:00,2010-05-06 16:34:00,2
13144,United Kingdom,2010-10-04 14:14:00,2011-01-11 11:15:00,2
13145,United Kingdom,2010-04-19 11:11:00,2011-10-31 12:45:00,8
13146,United Kingdom,2011-11-13 15:29:00,2011-11-13 15:29:00,1
13147,United Kingdom,2011-09-01 12:28:00,2011-11-29 13:59:00,4
13148,United Kingdom,2009-12-07 15:26:00,2011-11-10 15:23:00,36
13149,United Kingdom,2011-02-23 13:57:00,2011-11-25 13:09:00,4
13150,United Kingdom,2010-03-19 09:03:00,2010-08-26 10:15:00,4
13151,United Kingdom,2010-03-22 09:40:00,2011-05-20 12:55:00,5
13152,United Kingdom,2010-01-14 10:01:00,2010-10-18 13:44:00,9
13153,United Kingdom,2011-12-04 12:14:00,2011-12-04 12:14:00,1
13154,United Kingdom,2009-12-04 08:46:00,2011-07-18 15:21:00,5
13155,United Kingdom,2010-08-05 09:30:00,2011-11-06 15:41:00,6
13156,United Kingdom,2010-02-01 13:45:00,2010-11-19 13:09:00,3
13157,United Kingdom,2010-03-08 11:59:00,2011-10-21 13:50:00,10
13158,United Kingdom,2010-11-16 17:12:00,2011-09-06 11:58:00,5
13159,United Kingdom,2011-08-16 11:44:00,2011-12-01 11:20:00,5
13160,United Kingdom,2011-11-17 13:07:00,2011-11-17 13:07:00,1
13161,United Kingdom,2010-07-27 12:44:00,2011-01-30 14:03:00,2
13162,United Kingdom,2009-12-04 13:59:00,2011-08-09 15:59:00,19
13163,United Kingdom,2010-02-21 16:22:00,2010-04-08 16:21:00,2
13164,United Kingdom,2010-02-10 11:52:00,2010-05-19 13:52:00,3
13165,United Kingdom,2010-10-22 17:04:00,2011-10-24 15:05:00,3
13166,United Kingdom,2010-10-21 14:29:00,2011-03-02 14:28:00,3
13167,United Kingdom,2010-11-14 12:58:00,2011-11-21 12:24:00,5
13168,United Kingdom,2010-06-15 15:00:00,2011-11-03 12:56:00,6
13169,United Kingdom,2010-05-26 15:58:00,2011-10-07 12:11:00,3
13170,United Kingdom,2011-11-13 12:19:00,2011-11-13 12:19:00,1
13171,United Kingdom,2011-02-13 14:16:00,2011-12-01 15:06:00,5
13172,United Kingdom,2010-11-04 15:10:00,2010-11-04 15:10:00,1
13173,United Kingdom,2009-12-10 12:52:00,2011-12-05 15:51:00,13
13174,United Kingdom,2009-12-04 15:40:00,2011-11-23 14:35:00,12
13175,United Kingdom,2009-12-04 12:11:00,2010-06-03 19:13:00,4
13176,United Kingdom,2011-10-24 15:43:00,2011-10-24 15:43:00,1
13177,United Kingdom,2010-10-05 10:35:00,2011-10-06 09:56:00,2
13178,United Kingdom,2009-12-16 14:00:00,2011-11-13 16:14:00,25
13179,United Kingdom,2010-03-31 11:40:00,2010-03-31 11:40:00,1
13180,United Kingdom,2010-04-11 13:37:00,2010-04-11 13:37:00,1
13181,United Kingdom,2010-11-23 15:05:00,2010-11-23 15:05:00,1
13182,United Kingdom,2011-10-25 13:46:00,2011-10-25 13:46:00,1
13183,United Kingdom,2010-03-14 12:32:00,2011-12-02 10:30:00,18
13184,United Kingdom,2011-02-22 17:25:00,2011-11-25 12:02:00,12
13185,United Kingdom,2011-03-17 11:56:00,2011-03-17 11:56:00,1
13186,United Kingdom,2011-08-03 09:09:00,2011-10-31 11:40:00,5
13187,United Kingdom,2010-03-25 17:18:00,2011-01-06 18:57:00,5
13188,United Kingdom,2011-11-28 15:28:00,2011-11-28 15:28:00,1
13189,United Kingdom,2011-08-16 13:12:00,2011-11-21 10:39:00,2
13190,United Kingdom,2009-12-07 12:13:00,2010-06-13 15:47:00,4
13191,United Kingdom,2010-02-19 17:02:00,2010-02-19 17:02:00,1
13192,United Kingdom,2010-01-22 08:37:00,2011-09-05 14:13:00,8
13193,United Kingdom,2011-10-09 14:30:00,2011-10-09 14:30:00,1
13194,United Kingdom,2010-10-14 11:54:00,2011-07-27 09:01:00,2
13195,United Kingdom,2010-10-21 13:07:00,2010-10-21 13:07:00,1
13196,United Kingdom,2010-04-01 12:54:00,2011-11-28 13:54:00,8
13197,United Kingdom,2010-04-09 09:14:00,2010-04-09 09:14:00,1
13198,United Kingdom,2010-10-01 13:27:00,2011-11-29 15:17:00,12
13199,United Kingdom,2009-12-05 10:11:00,2011-12-06 12:30:00,69
13200,United Kingdom,2011-08-05 14:50:00,2011-11-20 15:35:00,4
13201,United Kingdom,2010-03-07 11:01:00,2010-07-25 14:30:00,4
13202,United Kingdom,2009-12-09 10:48:00,2010-11-26 12:05:00,8
13203,United Kingdom,2009-12-17 14:15:00,2011-11-30 10:45:00,11
13204,United Kingdom,2009-12-08 14:56:00,2009-12-08 14:56:00,1
13205,United Kingdom,2010-09-22 16:26:00,2010-09-22 16:26:00,1
13206,United Kingdom,2009-12-07 13:48:00,2010-11-04 16:50:00,15
13207,United Kingdom,2010-04-06 16:37:00,2011-11-24 14:52:00,4
13208,United Kingdom,2009-12-03 13:25:00,2011-10-12 09:54:00,10
13209,United Kingdom,2010-01-24 14:30:00,2011-11-09 13:54:00,16
13210,United Kingdom,2011-09-07 08:18:00,2011-09-07 08:18:00,1
13211,United Kingdom,2009-12-06 14:37:00,2011-11-29 14:43:00,12
13212,United Kingdom,2011-10-09 14:48:00,2011-11-30 15:12:00,4
13213,United Kingdom,2010-05-20 14:50:00,2011-10-14 11:42:00,14
13214,United Kingdom,2010-03-03 14:10:00,2010-10-18 10:00:00,7
13215,United Kingdom,2010-11-02 18:26:00,2010-11-02 18:26:00,1
13216,United Kingdom,2011-03-17 12:18:00,2011-03-17 12:18:00,1
13217,United Kingdom,2010-02-22 12:49:00,2011-08-09 15:32:00,6
13218,United Kingdom,2011-08-04 16:59:00,2011-08-04 16:59:00,1
13219,United Kingdom,2010-03-31 14:18:00,2010-03-31 14:18:00,1
13220,United Kingdom,2010-05-13 10:35:00,2011-09-22 13:38:00,5
13221,United Kingdom,2010-12-15 13:24:00,2011-04-13 16:58:00,2
13222,United Kingdom,2010-05-11 13:54:00,2010-05-11 13:54:00,1
13223,United Kingdom,2010-02-12 13:27:00,2011-05-23 13:03:00,6
13224,United Kingdom,2011-07-11 14:10:00,2011-10-10 15:00:00,3
13225,United Kingdom,2009-12-17 09:09:00,2011-12-06 13:29:00,17
13226,United Kingdom,2010-11-11 13:46:00,2011-03-11 14:35:00,2
13227,United Kingdom,2011-05-22 11:47:00,2011-05-22 11:47:00,1
13228,United Kingdom,2011-09-19 14:28:00,2011-09-19 14:28:00,1
13229,United Kingdom,2011-04-28 12:07:00,2011-04-28 12:07:00,1
13230,United Kingdom,2010-03-18 20:02:00,2011-12-05 16:03:00,31
13231,United Kingdom,2010-06-11 16:53:00,2010-06-11 16:53:00,1
13232,United Kingdom,2011-04-10 13:48:00,2011-11-27 10:39:00,7
13233,United Kingdom,2010-01-14 14:10:00,2011-09-26 13:25:00,4
13234,United Kingdom,2009-12-07 12:32:00,2010-02-05 11:41:00,2
13235,United Kingdom,2011-05-11 17:13:00,2011-05-12 09:48:00,2
13236,United Kingdom,2011-08-25 08:58:00,2011-11-15 12:50:00,3
13237,United Kingdom,2010-11-17 10:07:00,2010-11-17 10:07:00,1
13238,United Kingdom,2010-04-28 15:02:00,2011-11-28 15:30:00,7
13239,United Kingdom,2010-07-25 13:34:00,2011-03-23 10:25:00,6
13240,United Kingdom,2010-02-25 13:17:00,2011-09-04 14:08:00,9
13241,United Kingdom,2010-10-24 11:17:00,2010-10-24 11:17:00,1
13242,United Kingdom,2010-02-09 13:12:00,2011-08-19 12:53:00,7
13243,United Kingdom,2010-03-18 13:10:00,2011-05-20 13:14:00,5
13244,United Kingdom,2011-09-08 11:46:00,2011-09-08 11:46:00,1
13245,United Kingdom,2010-10-03 14:03:00,2011-10-20 11:40:00,2
13246,United Kingdom,2010-07-02 13:36:00,2011-11-21 16:50:00,14
13247,United Kingdom,2011-09-18 11:31:00,2011-11-22 10:59:00,4
13248,United Kingdom,2011-06-03 13:05:00,2011-08-07 12:40:00,2
13249,United Kingdom,2010-01-24 12:11:00,2011-09-08 13:26:00,9
13250,United Kingdom,2010-07-25 14:01:00,2010-09-13 10:43:00,3
13251,United Kingdom,2010-11-02 13:20:00,2010-11-02 13:20:00,1
13252,United Kingdom,2010-03-24 10:30:00,2010-11-10 16:00:00,3
13253,United Kingdom,2010-01-05 12:13:00,2011-07-06 10:09:00,4
13254,United Kingdom,2010-11-28 15:42:00,2010-11-28 15:42:00,1
13255,United Kingdom,2010-07-15 13:20:00,2011-12-06 10:56:00,4
13256,United Kingdom,2011-11-25 15:57:00,2011-11-25 15:57:00,1
13257,United Kingdom,2010-09-29 14:58:00,2010-10-08 12:27:00,3
13258,United Kingdom,2010-11-04 12:45:00,2011-11-28 09:31:00,5
13259,United Kingdom,2010-01-10 10:26:00,2011-10-09 10:48:00,9
13260,United Kingdom,2011-10-09 13:21:00,2011-10-09 13:21:00,1
13261,United Kingdom,2011-02-27 10:41:00,2011-03-16 12:22:00,2
13262,United Kingdom,2010-04-18 12:14:00,2011-03-21 15:06:00,3
13263,United Kingdom,2010-10-22 17:07:00,2011-12-08 13:59:00,39
13264,United Kingdom,2010-09-23 12:42:00,2010-09-23 12:42:00,1
13265,United Kingdom,2011-03-11 09:54:00,2011-10-17 15:02:00,5
13266,United Kingdom,2009-12-17 10:52:00,2011-11-28 14:39:00,30
13267,United Kingdom,2009-12-07 16:56:00,2011-12-07 11:12:00,50
13268,United Kingdom,2011-03-17 13:20:00,2011-11-22 11:51:00,15
13269,United Kingdom,2009-12-02 11:47:00,2011-12-08 14:53:00,30
13270,United Kingdom,2010-12-08 14:53:00,2010-12-08 14:53:00,1
13271,United Kingdom,2011-11-02 14:31:00,2011-11-02 14:43:00,2
13272,United Kingdom,2011-09-11 12:06:00,2011-11-08 14:00:00,2
13273,United Kingdom,2011-08-18 14:02:00,2011-08-18 14:02:00,1
13274,United Kingdom,2010-10-26 13:48:00,2010-10-26 13:48:00,1
13275,United Kingdom,2010-03-17 14:05:00,2010-11-21 12:09:00,2
13276,United Kingdom,2010-03-07 14:05:00,2011-10-07 12:44:00,7
13277,United Kingdom,2010-06-18 08:45:00,2011-11-24 09:21:00,7
13278,United Kingdom,2010-04-08 11:59:00,2011-10-30 11:49:00,5
13279,United Kingdom,2011-09-22 17:24:00,2011-10-06 18:51:00,2
13280,United Kingdom,2010-03-05 09:07:00,2011-08-09 13:14:00,8
13281,United Kingdom,2010-04-27 11:00:00,2010-09-28 18:43:00,3
13282,United Kingdom,2010-10-29 14:11:00,2011-11-21 15:33:00,7
13283,United Kingdom,2010-03-09 14:36:00,2011-10-11 09:50:00,4
13284,United Kingdom,2011-01-13 09:23:00,2011-01-21 10:25:00,2
13285,United Kingdom,2010-03-25 14:26:00,2011-11-16 13:19:00,6
13286,United Kingdom,2010-04-18 15:35:00,2010-04-18 15:35:00,1
13287,United Kingdom,2010-01-04 10:43:00,2010-05-05 13:10:00,7
13288,United Kingdom,2010-02-11 14:59:00,2010-09-22 16:32:00,6
13289,United Kingdom,2009-12-16 11:53:00,2009-12-16 11:53:00,1
13290,United Kingdom,2010-09-27 11:30:00,2010-10-05 12:43:00,3
13291,United Kingdom,2010-02-11 18:36:00,2011-07-07 10:36:00,11
13292,United Kingdom,2010-07-01 14:36:00,2011-11-01 10:04:00,6
13293,United Kingdom,2009-12-01 10:55:00,2010-11-12 13:28:00,7
13294,United Kingdom,2010-03-03 12:54:00,2011-06-03 08:54:00,3
13295,United Kingdom,2010-05-12 09:13:00,2010-12-15 11:21:00,9
13296,United Kingdom,2010-05-11 14:29:00,2011-07-25 13:46:00,6
13297,United Kingdom,2010-06-15 12:35:00,2011-12-02 09:32:00,8
13298,United Kingdom,2011-12-08 13:11:00,2011-12-08 13:11:00,1
13299,United Kingdom,2010-06-29 11:30:00,2011-03-16 12:55:00,5
13300,United Kingdom,2010-05-14 15:56:00,2011-06-28 11:59:00,5
13301,United Kingdom,2011-02-20 13:13:00,2011-08-28 11:25:00,4
13302,United Kingdom,2010-07-01 12:32:00,2011-07-07 17:56:00,2
13303,United Kingdom,2010-11-04 14:55:00,2010-11-04 14:55:00,1
13304,United Kingdom,2010-02-08 12:42:00,2010-12-23 14:35:00,7
13305,United Kingdom,2010-03-10 14:49:00,2011-12-05 15:15:00,16
13306,United Kingdom,2010-10-05 14:55:00,2010-10-05 14:55:00,1
13307,United Kingdom,2010-04-26 13:28:00,2011-08-11 17:14:00,3
13308,United Kingdom,2010-04-22 09:22:00,2011-11-17 09:31:00,5
13309,United Kingdom,2010-11-12 12:10:00,2011-12-02 16:34:00,6
13310,United Kingdom,2010-11-02 17:03:00,2011-12-01 08:23:00,8
13311,United Kingdom,2011-07-12 14:26:00,2011-12-05 12:55:00,2
13312,United Kingdom,2010-09-14 14:36:00,2010-09-14 14:36:00,1
13313,United Kingdom,2009-12-02 13:53:00,2011-11-17 16:48:00,15
13314,United Kingdom,2011-09-27 10:20:00,2011-12-08 12:29:00,4
13315,United Kingdom,2010-01-19 15:34:00,2010-01-19 15:34:00,1
13316,United Kingdom,2010-03-10 10:01:00,2011-11-02 13:40:00,12
13317,United Kingdom,2009-12-13 11:11:00,2011-10-06 19:21:00,31
13318,United Kingdom,2011-11-02 13:26:00,2011-12-08 18:51:00,3
13319,United Kingdom,2009-12-06 14:46:00,2011-12-04 13:34:00,78
13320,United Kingdom,2010-08-18 10:29:00,2011-09-30 12:52:00,9
13321,United Kingdom,2011-09-14 15:18:00,2011-09-28 15:24:00,2
13322,United Kingdom,2011-11-22 14:21:00,2011-11-22 14:21:00,1
13323,United Kingdom,2011-09-16 13:23:00,2011-12-06 17:12:00,5
13324,United Kingdom,2010-05-25 10:23:00,2011-11-07 15:51:00,23
13325,United Kingdom,2011-09-19 10:36:00,2011-09-19 10:36:00,1
13326,United Kingdom,2010-10-03 16:00:00,2010-10-03 16:00:00,1
13327,United Kingdom,2009-12-18 15:35:00,2011-11-01 10:21:00,22
13328,United Kingdom,2011-01-27 15:22:00,2011-01-27 15:22:00,1
13329,United Kingdom,2009-12-04 15:41:00,2011-11-08 10:29:00,14
13330,United Kingdom,2010-02-23 10:12:00,2011-09-08 12:27:00,6
13331,United Kingdom,2010-11-03 08:04:00,2010-11-03 08:04:00,1
13332,United Kingdom,2011-11-25 13:30:00,2011-11-25 13:30:00,1
13333,United Kingdom,2010-02-19 09:26:00,2010-10-24 13:24:00,3
13334,United Kingdom,2010-02-25 10:49:00,2011-09-18 15:21:00,6
13335,United Kingdom,2010-06-17 14:54:00,2010-06-17 14:54:00,1
13336,United Kingdom,2011-09-23 14:05:00,2011-09-23 14:05:00,1
13337,United Kingdom,2010-06-11 13:27:00,2010-07-09 11:53:00,2
13338,United Kingdom,2010-01-05 12:25:00,2011-07-08 14:53:00,10
13339,United Kingdom,2011-05-23 08:31:00,2011-05-23 08:31:00,1
13340,United Kingdom,2010-02-22 14:54:00,2011-10-25 13:15:00,12
13341,United Kingdom,2011-03-24 09:50:00,2011-03-24 09:50:00,1
13342,United Kingdom,2010-05-06 16:44:00,2010-05-06 16:44:00,1
13343,United Kingdom,2011-06-15 12:24:00,2011-06-20 11:37:00,2
13344,United Kingdom,2011-03-07 10:28:00,2011-10-03 09:45:00,3
13345,United Kingdom,2011-02-25 09:01:00,2011-03-08 08:34:00,2
13346,United Kingdom,2010-04-22 12:34:00,2010-09-03 11:41:00,6
13347,United Kingdom,2011-09-30 13:28:00,2011-09-30 13:28:00,1
13348,United Kingdom,2011-10-06 17:28:00,2011-10-06 17:28:00,1
13349,United Kingdom,2011-11-29 08:07:00,2011-11-29 08:07:00,1
13350,United Kingdom,2011-09-21 13:33:00,2011-11-23 16:33:00,3
13351,United Kingdom,2011-10-04 12:55:00,2011-10-04 12:55:00,1
13352,United Kingdom,2011-10-10 13:55:00,2011-12-02 11:58:00,2
13353,United Kingdom,2010-11-16 11:14:00,2010-11-16 11:14:00,1
13354,United Kingdom,2011-09-29 13:17:00,2011-09-29 13:17:00,1
13355,United Kingdom,2011-08-09 14:48:00,2011-08-09 14:48:00,1
13356,United Kingdom,2011-09-20 14:33:00,2011-09-20 14:33:00,1
13357,United Kingdom,2010-03-22 14:30:00,2011-03-27 13:56:00,5
13358,United Kingdom,2011-03-16 11:52:00,2011-03-16 11:52:00,1
13359,United Kingdom,2010-11-01 15:05:00,2011-10-11 16:48:00,4
13360,United Kingdom,2010-01-08 11:16:00,2010-10-07 19:28:00,7
13361,United Kingdom,2010-04-01 07:49:00,2010-08-24 14:56:00,2
13362,United Kingdom,2010-10-10 15:27:00,2011-12-06 13:57:00,10
13363,United Kingdom,2010-10-26 11:07:00,2011-11-22 12:40:00,3
13364,United Kingdom,2011-09-29 18:13:00,2011-10-04 09:48:00,2
13365,United Kingdom,2010-11-11 17:24:00,2011-12-01 08:39:00,4
13366,United Kingdom,2011-10-20 13:37:00,2011-10-20 13:37:00,1
13367,United Kingdom,2010-10-04 10:00:00,2010-10-04 10:00:00,1
13368,United Kingdom,2010-10-12 10:43:00,2011-03-28 09:59:00,5
13369,United Kingdom,2010-12-09 11:30:00,2010-12-20 14:02:00,2
13370,United Kingdom,2010-12-03 10:26:00,2010-12-08 15:57:00,2
13371,United Kingdom,2010-03-17 15:29:00,2010-07-29 12:44:00,4
13372,United Kingdom,2011-09-11 12:46:00,2011-09-11 12:46:00,1
13373,United Kingdom,2009-12-06 12:34:00,2011-10-10 10:51:00,6
13374,United Kingdom,2010-09-16 10:29:00,2010-10-21 10:04:00,2
13375,United Kingdom,2010-09-21 08:12:00,2011-09-19 16:01:00,3
13376,United Kingdom,2011-04-19 13:03:00,2011-09-01 16:16:00,3
13377,United Kingdom,2010-03-04 10:06:00,2010-11-08 12:20:00,4
13378,United Kingdom,2010-10-13 11:52:00,2010-10-13 11:52:00,1
13379,United Kingdom,2011-07-26 12:26:00,2011-11-13 13:45:00,3
13380,United Kingdom,2010-10-03 10:18:00,2010-10-03 10:18:00,1
13381,United Kingdom,2009-12-01 15:18:00,2011-11-18 16:59:00,15
13382,United Kingdom,2009-12-08 09:56:00,2011-03-04 10:03:00,5
13383,United Kingdom,2010-06-14 11:45:00,2010-06-14 11:45:00,1
13384,United Kingdom,2010-07-27 12:22:00,2011-11-09 11:04:00,15
13385,United Kingdom,2011-01-14 09:52:00,2011-01-14 09:52:00,1
13386,United Kingdom,2010-09-28 13:09:00,2010-10-21 12:52:00,2
13387,United Kingdom,2010-10-18 14:07:00,2010-10-18 14:07:00,1
13388,United Kingdom,2010-04-15 10:18:00,2011-08-10 13:35:00,4
13389,United Kingdom,2011-04-21 12:12:00,2011-11-28 14:01:00,3
13390,United Kingdom,2011-09-26 08:38:00,2011-09-26 08:38:00,1
13391,United Kingdom,2011-05-20 10:50:00,2011-05-20 10:50:00,1
13392,United Kingdom,2010-01-31 13:34:00,2010-01-31 13:34:00,1
13393,United Kingdom,2009-12-07 18:12:00,2010-05-05 09:34:00,6
13394,United Kingdom,2009-12-01 11:58:00,2011-12-08 11:36:00,24
13395,United Kingdom,2010-10-14 13:00:00,2011-06-07 15:04:00,3
13396,United Kingdom,2011-01-24 13:37:00,2011-11-18 09:42:00,4
13397,United Kingdom,2010-01-20 09:50:00,2011-09-28 10:56:00,13
13398,United Kingdom,2010-09-17 09:34:00,2011-05-31 13:17:00,2
13399,United Kingdom,2010-07-08 17:47:00,2010-09-01 13:59:00,3
13400,United Kingdom,2010-05-06 09:00:00,2010-05-14 13:25:00,2
13401,United Kingdom,2010-03-25 15:39:00,2010-03-25 15:39:00,1
13402,United Kingdom,2010-05-24 10:56:00,2011-08-04 15:51:00,4
13403,United Kingdom,2009-12-16 13:23:00,2011-11-22 08:28:00,3
13404,United Kingdom,2011-05-11 11:57:00,2011-12-08 15:37:00,2
13405,United Kingdom,2009-12-15 14:13:00,2011-09-26 17:01:00,9
13406,United Kingdom,2010-03-18 07:29:00,2010-10-08 14:44:00,3
13407,United Kingdom,2010-02-16 11:13:00,2010-05-10 12:41:00,6
13408,United Kingdom,2009-12-04 09:31:00,2011-12-08 09:05:00,135
13409,United Kingdom,2010-03-25 15:24:00,2010-03-25 15:24:00,1
13410,United Kingdom,2009-12-08 13:43:00,2011-12-01 08:58:00,12
13411,United Kingdom,2011-08-24 13:57:00,2011-08-24 13:57:00,1
13412,United Kingdom,2010-03-29 16:28:00,2010-03-29 16:28:00,1
13413,United Kingdom,2010-01-21 17:43:00,2010-03-10 12:17:00,8
13414,United Kingdom,2009-12-08 17:10:00,2011-07-29 11:45:00,7
13415,United Kingdom,2009-12-11 14:20:00,2010-08-24 11:38:00,5
13416,United Kingdom,2009-12-03 13:02:00,2011-10-27 08:56:00,3
13417,United Kingdom,2010-02-08 12:39:00,2011-12-05 08:49:00,7
13418,United Kingdom,2009-12-11 12:51:00,2011-11-28 10:23:00,37
13419,United Kingdom,2011-10-07 12:49:00,2011-10-07 12:49:00,1
13420,United Kingdom,2011-06-22 11:35:00,2011-07-28 12:10:00,4
13421,United Kingdom,2010-02-14 12:59:00,2011-10-30 14:21:00,11
13422,United Kingdom,2011-10-06 13:42:00,2011-10-19 13:45:00,2
13423,United Kingdom,2010-10-07 09:02:00,2010-10-07 09:02:00,1
13424,United Kingdom,2010-09-16 10:49:00,2010-09-21 19:46:00,2
13425,United Kingdom,2010-05-09 14:35:00,2011-08-23 17:13:00,8
13426,United Kingdom,2009-12-09 15:16:00,2011-12-09 08:59:00,24
13427,United Kingdom,2009-12-17 13:44:00,2011-11-20 13:02:00,6
13428,United Kingdom,2010-07-13 13:20:00,2011-11-29 14:20:00,3
13429,United Kingdom,2011-09-25 15:59:00,2011-11-29 09:10:00,4
13430,United Kingdom,2011-09-14 14:26:00,2011-11-21 08:19:00,4
13431,United Kingdom,2010-02-18 11:53:00,2011-10-03 13:49:00,9
13432,United Kingdom,2010-04-06 14:42:00,2010-05-17 13:18:00,2
13433,United Kingdom,2010-01-12 08:59:00,2010-09-28 18:46:00,5
13434,United Kingdom,2010-02-22 09:54:00,2011-09-26 14:30:00,5
13435,United Kingdom,2010-07-27 16:56:00,2011-12-04 14:59:00,11
13436,United Kingdom,2011-12-08 10:33:00,2011-12-08 10:33:00,1
13437,United Kingdom,2011-06-02 14:30:00,2011-11-25 14:00:00,7
13438,United Kingdom,2010-06-10 18:46:00,2010-06-10 18:46:00,1
13439,United Kingdom,2010-07-01 14:36:00,2011-03-29 14:20:00,3
13440,United Kingdom,2010-09-14 10:34:00,2010-10-12 17:53:00,10
13441,United Kingdom,2010-10-04 10:38:00,2011-09-09 09:38:00,2
13442,United Kingdom,2009-12-01 14:59:00,2010-02-10 14:03:00,3
13443,United Kingdom,2010-01-31 13:30:00,2010-09-17 12:31:00,7
13444,United Kingdom,2010-07-21 14:34:00,2010-11-30 13:02:00,2
13445,United Kingdom,2010-03-23 15:34:00,2010-03-23 15:34:00,1
13446,United Kingdom,2010-02-14 11:52:00,2010-10-15 15:37:00,18
13447,United Kingdom,2011-11-04 10:10:00,2011-11-16 13:38:00,4
13448,United Kingdom,2009-12-06 12:14:00,2011-11-23 12:33:00,19
13449,United Kingdom,2011-11-16 08:28:00,2011-11-16 08:28:00,1
13450,United Kingdom,2010-04-15 19:15:00,2011-11-13 11:54:00,14
13451,United Kingdom,2010-03-21 16:01:00,2011-11-13 15:58:00,13
13452,United Kingdom,2010-08-24 09:53:00,2011-03-25 14:19:00,3
13453,United Kingdom,2010-11-02 13:23:00,2011-06-27 09:34:00,5
13454,United Kingdom,2010-03-08 14:40:00,2010-03-08 14:40:00,1
13455,United Kingdom,2009-12-09 08:58:00,2011-11-15 11:21:00,11
13456,United Kingdom,2011-05-16 15:34:00,2011-11-22 09:18:00,7
13457,United Kingdom,2009-12-02 12:46:00,2010-01-20 08:48:00,4
13458,United Kingdom,2010-11-16 14:01:00,2011-12-02 15:29:00,24
13459,United Kingdom,2010-01-26 13:35:00,2010-03-25 10:24:00,2
13460,United Kingdom,2011-10-21 09:50:00,2011-11-10 17:17:00,2
13461,United Kingdom,2010-04-21 16:01:00,2011-11-01 09:01:00,8
13462,United Kingdom,2009-12-14 09:48:00,2011-06-09 19:53:00,6
13463,United Kingdom,2010-10-15 15:11:00,2010-10-15 15:11:00,1
13464,United Kingdom,2010-03-19 13:40:00,2011-10-12 15:01:00,7
13465,United Kingdom,2010-05-02 15:30:00,2010-09-19 15:13:00,2
13466,United Kingdom,2010-03-21 13:50:00,2011-08-31 15:29:00,7
13467,United Kingdom,2011-11-03 16:56:00,2011-11-29 10:01:00,2
13468,United Kingdom,2009-12-03 13:32:00,2011-12-08 10:39:00,87
13469,United Kingdom,2010-02-24 15:03:00,2010-02-24 15:03:00,1
13470,United Kingdom,2011-08-16 17:06:00,2011-09-01 14:57:00,2
13471,United Kingdom,2011-10-23 13:10:00,2011-12-08 15:44:00,4
13472,United Kingdom,2010-06-02 09:48:00,2010-09-02 09:41:00,2
13473,United Kingdom,2009-12-15 19:02:00,2011-10-10 11:20:00,10
13474,United Kingdom,2010-08-01 14:40:00,2011-04-17 13:53:00,3
13475,United Kingdom,2011-02-14 12:36:00,2011-06-01 13:52:00,4
13476,United Kingdom,2010-03-05 09:39:00,2011-06-14 12:00:00,7
13477,United Kingdom,2010-01-25 11:52:00,2011-11-02 12:04:00,13
13478,United Kingdom,2010-01-31 15:51:00,2010-08-27 13:23:00,7
13479,United Kingdom,2010-08-19 16:18:00,2011-05-25 16:49:00,7
13480,United Kingdom,2010-01-29 12:35:00,2010-10-19 11:53:00,2
13481,United Kingdom,2009-12-04 12:37:00,2011-10-25 09:07:00,14
13482,United Kingdom,2010-03-22 10:31:00,2011-04-21 17:03:00,2
13483,United Kingdom,2011-10-05 11:53:00,2011-10-05 11:53:00,1
13484,United Kingdom,2010-03-10 11:46:00,2011-04-12 16:30:00,4
13485,United Kingdom,2009-12-03 13:46:00,2011-04-20 13:58:00,15
13486,United Kingdom,2011-07-07 17:19:00,2011-09-22 13:13:00,3
13487,United Kingdom,2009-12-05 10:25:00,2011-10-13 12:07:00,5
13488,United Kingdom,2010-01-25 10:13:00,2011-11-22 14:41:00,29
13489,United Kingdom,2011-02-18 10:42:00,2011-08-26 13:16:00,4
13490,United Kingdom,2010-02-23 14:48:00,2010-02-23 14:48:00,1
13491,United Kingdom,2009-12-07 08:24:00,2011-10-19 08:32:00,27
13492,Switzerland,2011-05-09 10:06:00,2011-07-26 14:25:00,3
13493,Switzerland,2011-02-25 16:42:00,2011-03-09 15:35:00,2
13494,United Kingdom,2011-02-01 11:58:00,2011-02-01 11:58:00,1
13495,United Kingdom,2009-12-07 12:12:00,2011-12-02 11:21:00,13
13496,United Kingdom,2010-12-15 10:17:00,2011-11-29 10:58:00,3
13497,United Kingdom,2010-02-08 10:27:00,2011-03-02 09:04:00,7
13498,United Kingdom,2009-12-09 15:26:00,2009-12-09 15:26:00,1
13499,United Kingdom,2011-03-15 08:52:00,2011-11-22 11:21:00,7
13500,United Kingdom,2010-11-03 13:16:00,2011-11-16 15:35:00,5
13501,Switzerland,2010-05-18 13:24:00,2011-04-11 09:35:00,5
13502,United Kingdom,2010-06-09 10:52:00,2011-11-23 10:39:00,6
13503,United Kingdom,2010-02-16 13:49:00,2011-09-29 13:23:00,12
13504,United Kingdom,2011-10-06 13:20:00,2011-10-06 13:20:00,1
13505,Switzerland,2011-04-21 12:07:00,2011-10-03 12:14:00,8
13506,United Kingdom,2010-09-05 12:33:00,2011-01-31 15:27:00,8
13507,United Kingdom,2011-07-17 11:50:00,2011-12-06 13:13:00,4
13508,United Kingdom,2010-03-07 11:58:00,2011-04-10 11:58:00,2
13509,United Kingdom,2010-07-20 12:10:00,2011-12-01 10:10:00,8
13510,United Kingdom,2009-12-14 13:51:00,2011-12-08 13:46:00,17
13511,United Kingdom,2010-02-01 12:10:00,2010-08-13 11:29:00,2
13512,United Kingdom,2010-05-05 13:22:00,2011-03-24 10:03:00,4
13513,United Kingdom,2010-02-22 16:36:00,2011-08-05 11:50:00,4
13514,United Kingdom,2010-01-26 15:11:00,2011-09-27 09:39:00,4
13515,United Kingdom,2010-03-05 11:58:00,2011-09-28 11:26:00,6
13516,United Kingdom,2010-10-18 08:52:00,2011-11-18 13:15:00,4
13517,United Kingdom,2011-06-13 08:44:00,2011-10-11 11:43:00,5
13518,United Kingdom,2011-09-15 10:29:00,2011-09-15 10:29:00,1
13519,United Kingdom,2010-09-23 11:45:00,2011-10-20 15:56:00,3
13520,Switzerland,2009-12-17 11:11:00,2011-10-12 10:20:00,15
13521,United Kingdom,2011-11-29 15:09:00,2011-12-08 13:50:00,3
13522,United Kingdom,2011-11-09 15:11:00,2011-11-09 15:11:00,1
13523,United Kingdom,2010-11-02 14:55:00,2011-11-06 15:11:00,7
13524,United Kingdom,2011-05-04 12:26:00,2011-10-30 12:34:00,5
13525,United Kingdom,2011-04-05 15:36:00,2011-11-25 12:01:00,2
13526,United Kingdom,2009-12-01 12:56:00,2009-12-01 13:14:00,4
13527,United Kingdom,2010-01-21 12:37:00,2011-11-06 12:04:00,14
13528,United Kingdom,2010-01-26 16:59:00,2010-01-26 16:59:00,1
13529,United Kingdom,2011-05-19 11:50:00,2011-09-22 09:15:00,2
13530,United Kingdom,2010-03-15 14:10:00,2010-03-15 14:10:00,1
13531,United Kingdom,2009-12-03 15:20:00,2011-05-18 16:56:00,6
13532,United Kingdom,2011-11-06 12:25:00,2011-11-06 12:25:00,1
13533,United Kingdom,2011-03-17 12:47:00,2011-06-10 11:54:00,3
13534,United Kingdom,2010-07-07 15:00:00,2011-12-07 14:52:00,60
13535,United Kingdom,2010-11-02 11:49:00,2010-11-02 11:49:00,1
13536,United Kingdom,2011-09-25 13:30:00,2011-12-08 16:38:00,7
13537,United Kingdom,2010-09-14 10:41:00,2010-10-10 12:45:00,2
13538,United Kingdom,2010-02-02 12:47:00,2011-10-27 16:34:00,12
13539,United Kingdom,2010-04-28 12:04:00,2011-09-15 10:18:00,9
13540,United Kingdom,2010-02-22 09:22:00,2010-08-29 14:20:00,3
13541,United Kingdom,2010-05-18 16:15:00,2010-10-12 15:58:00,3
13542,United Kingdom,2009-12-10 19:53:00,2010-11-28 11:24:00,18
13543,United Kingdom,2010-01-21 14:30:00,2010-03-15 13:34:00,2
13544,United Kingdom,2010-03-05 11:31:00,2011-10-31 11:57:00,7
13545,United Kingdom,2009-12-01 12:41:00,2010-11-14 11:27:00,3
13546,United Kingdom,2010-10-11 17:23:00,2011-11-27 14:50:00,5
13547,United Kingdom,2010-10-27 14:14:00,2010-10-27 14:14:00,1
13548,United Kingdom,2010-08-25 13:44:00,2011-09-04 14:50:00,3
13549,United Kingdom,2010-11-17 12:17:00,2011-11-14 09:20:00,9
13550,United Kingdom,2010-11-21 15:24:00,2010-11-21 15:24:00,1
13551,United Kingdom,2010-02-11 15:01:00,2011-01-24 14:46:00,2
13552,United Kingdom,2010-02-19 13:28:00,2011-10-04 15:19:00,32
13553,United Kingdom,2010-02-03 12:21:00,2010-02-03 12:21:00,1
13554,United Kingdom,2010-09-19 12:39:00,2010-11-24 15:05:00,10
13555,United Kingdom,2010-01-19 13:20:00,2011-09-27 12:36:00,16
13556,United Kingdom,2010-09-30 09:01:00,2010-10-06 16:44:00,2
13557,United Kingdom,2009-12-08 17:41:00,2011-11-11 15:24:00,16
13558,United Kingdom,2011-10-02 13:01:00,2011-12-04 11:24:00,4
13559,United Kingdom,2010-06-14 11:52:00,2010-07-15 09:52:00,2
13560,United Kingdom,2011-12-02 13:11:00,2011-12-02 13:11:00,1
13561,United Kingdom,2010-02-28 13:42:00,2011-05-08 12:39:00,11
13562,United Kingdom,2010-01-14 16:33:00,2011-09-19 10:51:00,8
13563,United Kingdom,2011-07-22 17:21:00,2011-09-16 14:45:00,2
13564,United Kingdom,2009-12-02 11:55:00,2011-07-18 14:35:00,54
13565,United Kingdom,2010-10-24 15:51:00,2011-11-20 14:33:00,3
13566,United Kingdom,2010-03-10 12:22:00,2011-10-30 11:59:00,5
13567,United Kingdom,2010-06-16 12:48:00,2010-10-07 12:51:00,5
13568,United Kingdom,2011-06-19 14:42:00,2011-06-19 14:42:00,1
13569,United Kingdom,2010-10-07 13:05:00,2011-11-22 13:07:00,4
13570,United Kingdom,2011-04-10 13:36:00,2011-04-10 13:36:00,1
13571,United Kingdom,2009-12-08 13:02:00,2011-11-27 10:47:00,26
13572,United Kingdom,2011-05-18 11:59:00,2011-05-18 11:59:00,1
13573,United Kingdom,2010-03-12 16:06:00,2011-10-20 14:33:00,6
13574,United Kingdom,2010-10-24 13:28:00,2010-10-24 13:28:00,1
13575,United Kingdom,2011-06-16 14:24:00,2011-11-16 13:14:00,5
13576,United Kingdom,2009-12-08 15:12:00,2011-11-29 15:34:00,32
13577,United Kingdom,2009-12-14 16:10:00,2011-11-14 15:19:00,14
13578,United Kingdom,2010-10-26 13:44:00,2010-10-26 13:44:00,1
13579,United Kingdom,2010-02-18 13:53:00,2011-11-25 08:41:00,6
13580,United Kingdom,2010-10-29 15:01:00,2010-10-29 15:01:00,1
13581,United Kingdom,2010-10-21 16:30:00,2011-02-03 14:41:00,2
13582,United Kingdom,2010-04-01 11:38:00,2010-11-15 11:34:00,2
13583,United Kingdom,2010-01-29 13:53:00,2011-07-07 10:40:00,2
13584,United Kingdom,2010-02-02 08:40:00,2011-02-06 12:49:00,5
13585,United Kingdom,2009-12-01 14:56:00,2010-06-27 12:33:00,4
13586,United Kingdom,2010-06-16 13:47:00,2010-06-16 13:47:00,1
13587,United Kingdom,2010-02-14 13:17:00,2011-11-08 11:17:00,6
13588,United Kingdom,2011-03-29 15:53:00,2011-11-24 10:42:00,13
13589,United Kingdom,2009-12-06 10:26:00,2011-11-25 12:10:00,6
13590,United Kingdom,2009-12-01 13:37:00,2011-11-28 12:54:00,21
13591,United Kingdom,2009-12-14 15:44:00,2011-10-06 12:26:00,8
13592,United Kingdom,2011-03-20 14:01:00,2011-11-04 09:49:00,4
13593,United Kingdom,2010-03-02 16:36:00,2011-08-23 13:35:00,16
13594,United Kingdom,2010-01-07 13:25:00,2011-10-18 10:19:00,3
13595,United Kingdom,2010-03-03 14:42:00,2010-07-11 12:36:00,3
13596,United Kingdom,2011-11-27 11:57:00,2011-12-04 12:01:00,2
13597,United Kingdom,2010-11-02 09:30:00,2010-11-16 13:53:00,3
13598,United Kingdom,2010-02-26 11:22:00,2011-10-23 14:35:00,6
13599,United Kingdom,2009-12-01 12:30:00,2011-12-08 19:26:00,52
13600,United Kingdom,2010-03-15 17:16:00,2011-01-31 15:27:00,2
13601,United Kingdom,2010-06-11 15:03:00,2011-10-25 17:31:00,4
13602,United Kingdom,2010-05-28 11:49:00,2011-10-06 11:47:00,4
13603,United Kingdom,2011-11-13 15:57:00,2011-11-13 15:57:00,1
13604,United Kingdom,2010-02-19 12:02:00,2010-02-25 18:38:00,2
13605,United Kingdom,2010-05-17 15:46:00,2010-11-17 17:16:00,2
13606,United Kingdom,2011-02-01 11:42:00,2011-11-10 17:46:00,3
13607,United Kingdom,2010-11-02 11:48:00,2011-10-30 16:17:00,3
13608,United Kingdom,2010-06-17 12:28:00,2010-06-17 12:28:00,1
13609,United Kingdom,2010-04-25 13:26:00,2010-04-25 13:26:00,1
13610,United Kingdom,2010-01-05 14:12:00,2011-11-27 15:38:00,17
13611,United Kingdom,2009-12-03 07:57:00,2011-09-11 14:51:00,14
13612,United Kingdom,2010-03-17 12:14:00,2010-07-09 16:18:00,2
13613,United Kingdom,2010-02-17 12:40:00,2010-09-13 12:01:00,5
13614,United Kingdom,2010-06-06 13:42:00,2011-11-15 14:47:00,6
13615,United Kingdom,2010-01-28 15:43:00,2011-01-31 11:29:00,12
13616,United Kingdom,2010-01-17 14:56:00,2010-05-20 12:59:00,2
13617,United Kingdom,2010-08-01 15:23:00,2011-10-30 13:50:00,9
13618,United Kingdom,2011-06-19 11:09:00,2011-06-19 11:09:00,1
13619,United Kingdom,2010-02-03 14:16:00,2010-06-13 11:39:00,2
13620,United Kingdom,2010-06-29 15:02:00,2010-06-29 15:02:00,1
13621,United Kingdom,2011-08-15 08:26:00,2011-08-15 08:26:00,1
13622,United Kingdom,2010-01-12 13:22:00,2010-01-20 10:30:00,2
13623,United Kingdom,2009-12-02 11:36:00,2011-11-09 12:00:00,15
13624,United Kingdom,2010-11-16 13:43:00,2010-11-23 18:42:00,2
13625,United Kingdom,2010-04-22 10:50:00,2010-04-22 10:50:00,1
13626,United Kingdom,2010-11-25 16:12:00,2011-04-01 10:05:00,3
13627,United Kingdom,2010-03-09 14:03:00,2011-10-11 14:20:00,10
13628,United Kingdom,2010-02-01 14:44:00,2010-02-01 14:44:00,1
13629,United Kingdom,2010-02-11 17:34:00,2011-11-16 13:21:00,19
13630,United Kingdom,2011-02-27 12:49:00,2011-12-04 15:16:00,11
13631,United Kingdom,2011-03-17 17:13:00,2011-09-01 09:57:00,12
13632,United Kingdom,2010-04-07 10:59:00,2011-11-15 10:51:00,10
13633,United Kingdom,2010-04-15 15:27:00,2010-04-15 15:27:00,1
13634,United Kingdom,2010-01-10 14:26:00,2011-11-06 13:40:00,17
13635,United Kingdom,2009-12-01 09:46:00,2011-10-03 10:55:00,6
13636,United Kingdom,2011-02-27 14:29:00,2011-11-03 10:30:00,6
13637,United Kingdom,2011-04-27 13:06:00,2011-10-18 13:32:00,3
13638,United Kingdom,2011-11-24 10:38:00,2011-11-24 10:38:00,1
13639,United Kingdom,2010-09-29 10:05:00,2011-09-26 13:36:00,2
13640,United Kingdom,2010-04-07 15:33:00,2010-04-07 15:33:00,1
13641,United Kingdom,2009-12-05 13:17:00,2010-03-09 07:37:00,7
13642,United Kingdom,2010-10-03 12:23:00,2011-05-08 12:34:00,5
13643,United Kingdom,2009-12-08 12:48:00,2011-11-08 15:37:00,15
13644,United Kingdom,2011-08-26 11:53:00,2011-12-01 08:18:00,5
13645,United Kingdom,2011-08-11 16:11:00,2011-08-11 16:11:00,1
13646,United Kingdom,2010-11-05 11:02:00,2010-11-05 12:13:00,3
13647,United Kingdom,2010-04-15 12:55:00,2011-11-30 12:00:00,9
13648,United Kingdom,2009-12-01 18:13:00,2010-11-04 14:46:00,11
13649,United Kingdom,2010-06-30 16:35:00,2011-03-28 11:51:00,6
13650,United Kingdom,2010-01-26 08:44:00,2011-11-23 12:22:00,16
13651,United Kingdom,2010-11-23 09:44:00,2011-11-04 14:59:00,4
13652,United Kingdom,2010-02-25 17:37:00,2011-10-25 08:51:00,5
13653,United Kingdom,2010-08-09 08:19:00,2010-08-09 08:19:00,1
13654,United Kingdom,2009-12-02 11:43:00,2011-10-27 16:24:00,11
13655,United Kingdom,2010-04-27 09:59:00,2011-08-17 14:25:00,8
13656,United Kingdom,2010-04-23 12:50:00,2011-06-28 10:31:00,7
13657,United Kingdom,2011-05-22 12:35:00,2011-11-29 12:32:00,2
13658,United Kingdom,2010-02-05 13:17:00,2011-11-30 10:13:00,13
13659,United Kingdom,2010-02-17 09:05:00,2011-05-26 19:56:00,17
13660,United Kingdom,2010-11-04 16:10:00,2010-11-09 10:01:00,2
13661,United Kingdom,2010-04-15 14:58:00,2010-04-15 14:58:00,1
13662,United Kingdom,2010-02-19 13:21:00,2011-09-15 12:04:00,17
13663,United Kingdom,2010-03-03 10:11:00,2011-06-13 15:44:00,6
13664,United Kingdom,2010-01-26 16:31:00,2010-01-26 16:31:00,1
13665,United Kingdom,2010-07-23 13:29:00,2010-11-18 13:06:00,3
13666,United Kingdom,2009-12-04 10:48:00,2011-10-10 15:39:00,5
13667,United Kingdom,2011-07-13 15:42:00,2011-07-13 15:42:00,1
13668,United Kingdom,2009-12-11 14:28:00,2011-12-07 12:14:00,47
13669,United Kingdom,2010-10-28 15:05:00,2011-10-20 09:32:00,3
13670,United Kingdom,2011-09-25 15:25:00,2011-09-25 15:25:00,1
13671,United Kingdom,2010-11-10 10:50:00,2010-11-10 10:50:00,1
13672,United Kingdom,2009-12-09 11:40:00,2011-02-11 13:55:00,7
13673,United Kingdom,2011-11-07 15:40:00,2011-11-21 12:11:00,2
13674,United Kingdom,2010-10-03 10:41:00,2010-10-06 11:15:00,2
13675,United Kingdom,2011-02-28 12:14:00,2011-07-11 12:57:00,2
13676,United Kingdom,2010-03-30 16:53:00,2010-06-18 17:30:00,3
13677,United Kingdom,2010-07-07 17:25:00,2010-10-31 11:32:00,2
13678,United Kingdom,2011-07-11 10:14:00,2011-07-11 10:14:00,1
13679,United Kingdom,2009-12-04 16:52:00,2010-08-03 12:13:00,3
13680,United Kingdom,2009-12-04 14:14:00,2011-12-08 13:47:00,13
13681,United Kingdom,2011-07-07 15:21:00,2011-11-22 11:13:00,4
13682,United Kingdom,2011-06-05 14:06:00,2011-06-05 14:06:00,1
13683,United Kingdom,2010-09-08 10:00:00,2010-09-08 10:00:00,1
13684,United Kingdom,2010-03-28 14:48:00,2011-02-27 10:25:00,6
13685,United Kingdom,2011-10-10 12:59:00,2011-12-07 11:41:00,7
13686,United Kingdom,2010-11-03 13:44:00,2011-06-10 09:10:00,3
13687,United Kingdom,2010-09-27 16:30:00,2010-09-27 16:30:00,1
13688,United Kingdom,2010-03-14 14:11:00,2010-03-14 14:11:00,1
13689,United Kingdom,2010-09-21 10:27:00,2011-10-07 13:21:00,2
13690,United Kingdom,2011-10-11 15:03:00,2011-10-11 15:03:00,1
13691,United Kingdom,2010-11-08 17:34:00,2010-11-08 17:34:00,1
13692,United Kingdom,2010-10-15 13:28:00,2011-11-15 11:17:00,8
13693,United Kingdom,2009-12-07 11:29:00,2011-01-18 15:23:00,13
13694,United Kingdom,2009-12-04 15:26:00,2011-12-06 09:32:00,164
13695,United Kingdom,2010-05-11 11:07:00,2011-11-08 14:26:00,16
13696,United Kingdom,2010-01-13 12:08:00,2010-10-14 09:44:00,4
13697,United Kingdom,2011-11-01 09:14:00,2011-11-01 09:14:00,1
13698,United Kingdom,2010-01-27 09:02:00,2010-04-22 11:52:00,2
13699,United Kingdom,2010-06-07 13:03:00,2011-07-07 16:51:00,3
13700,United Kingdom,2010-02-07 10:53:00,2011-11-13 13:00:00,14
13701,United Kingdom,2010-09-19 12:39:00,2010-09-28 18:34:00,2
13702,United Kingdom,2010-09-20 11:40:00,2010-09-20 11:40:00,1
13703,United Kingdom,2010-10-20 13:11:00,2011-01-25 13:10:00,3
13704,United Kingdom,2011-09-12 14:40:00,2011-12-04 15:13:00,10
13705,United Kingdom,2010-03-25 17:19:00,2011-12-02 12:32:00,7
13706,United Kingdom,2010-03-23 09:18:00,2011-02-10 09:21:00,2
13707,United Kingdom,2010-06-21 11:57:00,2011-03-17 18:03:00,5
13708,United Kingdom,2011-03-13 13:46:00,2011-03-13 13:46:00,1
13709,United Kingdom,2010-01-11 10:40:00,2011-12-06 10:28:00,22
13710,United Kingdom,2010-04-06 12:54:00,2011-11-08 08:16:00,3
13711,United Kingdom,2009-12-01 14:01:00,2011-05-05 10:31:00,15
13712,United Kingdom,2010-04-08 11:16:00,2011-04-07 12:33:00,2
13713,United Kingdom,2010-05-05 16:48:00,2010-10-27 16:18:00,3
13714,United Kingdom,2010-08-31 13:57:00,2010-08-31 13:57:00,1
13715,United Kingdom,2010-03-11 15:33:00,2011-03-03 19:21:00,21
13716,United Kingdom,2011-03-15 13:49:00,2011-03-15 13:49:00,1
13717,United Kingdom,2010-08-11 09:40:00,2011-11-07 14:13:00,11
13718,United Kingdom,2011-02-17 11:58:00,2011-04-07 13:24:00,2
13719,United Kingdom,2010-05-17 14:36:00,2011-11-24 15:26:00,11
13720,United Kingdom,2011-03-30 09:17:00,2011-08-15 12:46:00,4
13721,United Kingdom,2010-11-09 17:59:00,2011-11-03 14:05:00,2
13722,United Kingdom,2010-03-03 14:13:00,2011-08-11 15:26:00,11
13723,United Kingdom,2010-04-07 14:32:00,2011-05-06 17:04:00,6
13724,United Kingdom,2010-03-12 15:28:00,2010-03-12 15:28:00,1
13725,United Kingdom,2011-02-04 12:18:00,2011-10-21 10:03:00,11
13726,United Kingdom,2011-08-31 11:06:00,2011-11-01 10:49:00,2
13727,United Kingdom,2009-12-09 13:25:00,2011-11-11 09:46:00,9
13728,United Kingdom,2009-12-09 17:13:00,2011-11-03 10:49:00,16
13729,United Kingdom,2010-01-24 14:57:00,2010-09-30 10:44:00,5
13730,United Kingdom,2011-07-01 12:47:00,2011-07-27 08:35:00,2
13731,United Kingdom,2011-04-07 10:10:00,2011-05-04 14:33:00,2
13732,United Kingdom,2011-11-11 15:49:00,2011-11-11 15:49:00,1
13733,United Kingdom,2009-12-04 15:28:00,2010-10-25 12:18:00,3
13734,United Kingdom,2010-04-16 08:42:00,2010-07-19 12:04:00,6
13735,United Kingdom,2009-12-13 13:31:00,2011-11-15 11:14:00,22
13736,United Kingdom,2009-12-06 12:07:00,2011-12-04 15:19:00,12
13737,United Kingdom,2011-05-23 16:32:00,2011-05-23 16:32:00,1
13738,United Kingdom,2010-11-08 15:23:00,2010-11-08 15:23:00,1
13739,United Kingdom,2010-06-30 10:25:00,2011-11-21 13:35:00,2
13740,United Kingdom,2009-12-02 12:22:00,2011-04-13 10:32:00,5
13741,United Kingdom,2011-05-06 13:43:00,2011-09-29 09:19:00,4
13742,United Kingdom,2011-01-23 14:59:00,2011-11-23 11:07:00,14
13743,United Kingdom,2011-03-25 14:46:00,2011-12-07 10:09:00,8
13744,United Kingdom,2011-02-20 14:08:00,2011-09-05 15:19:00,2
13745,United Kingdom,2010-06-11 17:19:00,2011-07-11 14:21:00,4
13746,United Kingdom,2010-10-22 11:55:00,2010-10-22 11:55:00,1
13747,United Kingdom,2010-10-11 09:15:00,2010-12-01 10:37:00,2
13748,United Kingdom,2009-12-01 16:44:00,2011-09-05 09:45:00,9
13749,United Kingdom,2010-01-07 16:52:00,2010-01-07 16:52:00,1
13750,United Kingdom,2010-04-01 14:49:00,2011-10-17 12:16:00,13
13751,United Kingdom,2011-02-24 15:56:00,2011-02-24 15:56:00,1
13752,United Kingdom,2010-06-30 10:23:00,2011-08-07 14:16:00,7
13753,United Kingdom,2009-12-03 10:20:00,2011-02-25 12:48:00,4
13754,United Kingdom,2010-09-28 15:29:00,2011-07-11 11:51:00,3
13755,United Kingdom,2011-10-07 15:45:00,2011-12-06 12:26:00,10
13756,United Kingdom,2009-12-15 15:18:00,2011-12-07 16:44:00,25
13757,United Kingdom,2010-02-03 12:37:00,2010-02-03 12:37:00,1
13758,United Kingdom,2009-12-01 10:06:00,2011-11-28 11:11:00,19
13759,United Kingdom,2011-09-29 15:40:00,2011-11-06 14:47:00,2
13760,United Kingdom,2010-04-25 13:10:00,2011-10-16 16:13:00,6
13761,United Kingdom,2010-02-21 11:08:00,2011-10-20 14:01:00,6
13762,United Kingdom,2010-01-10 12:13:00,2011-05-19 15:23:00,6
13763,United Kingdom,2010-09-30 17:39:00,2011-10-07 15:13:00,6
13764,United Kingdom,2010-03-07 12:56:00,2011-09-30 12:03:00,6
13765,United Kingdom,2010-02-24 13:46:00,2010-02-24 13:46:00,1
13766,United Kingdom,2010-08-01 14:25:00,2010-08-01 14:25:00,1
13767,United Kingdom,2009-12-01 10:52:00,2011-12-07 15:00:00,96
13768,United Kingdom,2009-12-01 12:33:00,2010-05-25 10:19:00,8
13769,United Kingdom,2009-12-16 11:59:00,2011-12-07 15:08:00,29
13770,United Kingdom,2009-12-09 14:44:00,2010-10-13 15:10:00,4
13771,United Kingdom,2010-02-25 12:37:00,2011-10-06 14:18:00,10
13772,United Kingdom,2010-02-23 13:55:00,2011-11-06 11:43:00,9
13773,United Kingdom,2010-02-18 10:27:00,2010-11-08 11:49:00,2
13774,United Kingdom,2011-09-19 12:06:00,2011-09-19 12:06:00,1
13775,United Kingdom,2010-04-28 12:15:00,2010-04-28 12:15:00,1
13776,United Kingdom,2010-01-26 16:51:00,2010-10-07 16:59:00,8
13777,United Kingdom,2009-12-02 09:47:00,2011-12-09 12:25:00,73
13778,United Kingdom,2010-05-23 13:34:00,2011-08-28 15:25:00,5
13779,United Kingdom,2010-07-12 11:24:00,2010-07-12 11:24:00,1
13780,United Kingdom,2010-10-28 19:51:00,2011-12-02 13:49:00,3
13781,United Kingdom,2009-12-18 15:46:00,2011-04-03 12:08:00,4
13782,United Kingdom,2009-12-06 12:52:00,2011-11-27 11:54:00,14
13783,United Kingdom,2010-02-04 13:47:00,2010-08-09 09:23:00,4
13784,United Kingdom,2010-09-15 12:27:00,2011-11-30 09:33:00,15
13785,United Kingdom,2010-09-05 16:01:00,2010-10-07 09:25:00,4
13786,United Kingdom,2009-12-03 15:32:00,2010-12-07 13:53:00,8
13787,United Kingdom,2010-01-14 10:13:00,2011-09-25 12:06:00,9
13788,United Kingdom,2010-07-22 15:50:00,2010-07-22 15:50:00,1
13789,United Kingdom,2010-11-16 15:31:00,2010-11-16 15:31:00,1
13790,United Kingdom,2011-12-05 15:48:00,2011-12-05 15:48:00,1
13791,United Kingdom,2011-06-24 16:38:00,2011-10-27 14:38:00,3
13792,United Kingdom,2010-10-13 11:05:00,2011-10-04 14:31:00,3
13793,United Kingdom,2010-03-03 08:25:00,2010-03-03 08:25:00,1
13794,United Kingdom,2010-06-11 12:30:00,2010-06-11 12:30:00,1
13795,United Kingdom,2010-03-12 12:44:00,2010-11-16 17:25:00,4
13796,United Kingdom,2010-07-28 14:45:00,2010-07-28 14:45:00,1
13797,United Kingdom,2010-03-02 12:17:00,2010-09-29 10:34:00,4
13798,United Kingdom,2009-12-08 16:21:00,2011-12-08 15:51:00,125
13799,United Kingdom,2010-03-05 16:39:00,2011-08-15 12:07:00,13
13800,United Kingdom,2009-12-03 10:03:00,2011-02-03 12:27:00,3
13801,United Kingdom,2011-10-04 10:15:00,2011-10-04 10:15:00,1
13802,United Kingdom,2010-02-16 10:11:00,2011-07-24 13:26:00,24
13803,United Kingdom,2010-03-31 10:00:00,2011-03-29 12:57:00,4
13804,United Kingdom,2010-09-29 10:26:00,2011-11-09 12:32:00,9
13805,United Kingdom,2011-08-02 15:29:00,2011-10-18 14:50:00,2
13806,United Kingdom,2011-10-07 11:43:00,2011-10-07 11:43:00,1
13807,United Kingdom,2009-12-04 12:41:00,2010-12-07 15:48:00,4
13808,United Kingdom,2011-09-04 12:07:00,2011-12-04 12:18:00,5
13809,Cyprus,2010-09-05 11:42:00,2011-02-07 13:15:00,3
13810,Germany,2011-10-14 12:57:00,2011-11-11 08:33:00,4
13811,Germany,2011-04-14 18:40:00,2011-06-09 09:54:00,4
13812,Germany,2011-08-26 12:54:00,2011-10-28 14:27:00,3
13813,Germany,2009-12-06 10:16:00,2011-10-31 10:38:00,12
13814,Germany,2010-06-30 14:12:00,2011-10-14 16:57:00,5
13815,Germany,2010-02-12 10:26:00,2011-11-17 14:19:00,10
13816,Germany,2011-10-06 14:37:00,2011-11-16 08:38:00,4
13817,Germany,2010-12-23 11:46:00,2011-11-10 17:49:00,2
13818,United Kingdom,2010-10-06 12:35:00,2010-10-06 12:35:00,1
13819,United Kingdom,2009-12-01 16:18:00,2011-02-11 10:38:00,7
13820,United Kingdom,2010-01-28 12:05:00,2010-10-17 13:46:00,5
13821,United Kingdom,2010-01-04 13:36:00,2011-07-18 09:49:00,7
13822,United Kingdom,2011-10-30 15:55:00,2011-12-04 12:13:00,2
13823,United Kingdom,2009-12-15 14:34:00,2011-11-21 10:22:00,8
13824,United Kingdom,2010-03-12 15:17:00,2011-11-07 12:41:00,14
13825,United Kingdom,2009-12-09 14:30:00,2010-03-28 11:02:00,2
13826,United Kingdom,2011-06-16 13:48:00,2011-07-04 16:27:00,2
13827,United Kingdom,2011-07-19 15:38:00,2011-10-13 12:38:00,3
13828,United Kingdom,2011-11-17 16:02:00,2011-11-17 16:02:00,1
13829,United Kingdom,2010-10-14 18:19:00,2010-12-15 16:36:00,2
13830,United Kingdom,2010-05-07 12:24:00,2010-05-14 13:16:00,2
13831,United Kingdom,2009-12-10 14:50:00,2011-11-23 15:41:00,20
13832,United Kingdom,2010-10-13 14:41:00,2011-11-22 12:31:00,3
13833,United Kingdom,2010-10-31 14:11:00,2011-07-03 13:27:00,2
13834,United Kingdom,2009-12-17 17:47:00,2010-05-12 10:27:00,3
13835,United Kingdom,2010-03-04 08:26:00,2011-11-14 15:37:00,8
13836,United Kingdom,2010-10-21 13:27:00,2010-11-05 13:31:00,3
13837,United Kingdom,2011-01-26 12:15:00,2011-05-12 12:10:00,2
13838,United Kingdom,2010-05-09 11:40:00,2011-12-04 11:00:00,10
13839,United Kingdom,2010-08-10 13:52:00,2010-08-10 13:52:00,1
13840,United Kingdom,2010-10-19 13:34:00,2010-10-19 13:34:00,1
13841,United Kingdom,2011-04-01 12:10:00,2011-04-01 12:10:00,1
13842,United Kingdom,2010-02-16 15:54:00,2011-10-12 10:51:00,19
13843,United Kingdom,2010-11-23 17:48:00,2010-11-23 17:48:00,1
13844,United Kingdom,2011-11-28 13:21:00,2011-11-28 13:21:00,1
13845,United Kingdom,2011-10-06 08:25:00,2011-10-06 08:25:00,1
13846,United Kingdom,2010-11-05 09:47:00,2011-11-15 12:07:00,5
13847,United Kingdom,2009-12-20 10:41:00,2009-12-20 10:41:00,1
13848,United Kingdom,2009-12-09 16:17:00,2011-09-08 12:58:00,8
13849,United Kingdom,2010-03-25 12:03:00,2011-10-19 10:59:00,6
13850,United Kingdom,2011-08-02 14:04:00,2011-09-12 18:00:00,2
13851,United Kingdom,2010-01-29 11:54:00,2011-09-05 12:36:00,9
13852,United Kingdom,2010-04-08 09:06:00,2010-04-12 08:16:00,2
13853,United Kingdom,2011-10-13 14:18:00,2011-12-01 08:12:00,2
13854,United Kingdom,2010-01-08 11:28:00,2011-12-01 09:06:00,45
13855,United Kingdom,2009-12-08 16:56:00,2010-07-27 09:53:00,5
13856,United Kingdom,2010-03-30 15:40:00,2011-06-24 10:03:00,15
13857,United Kingdom,2010-05-17 14:21:00,2010-11-11 12:54:00,7
13858,United Kingdom,2011-10-13 16:17:00,2011-10-13 16:17:00,1
13859,United Kingdom,2010-06-28 15:36:00,2011-01-17 16:14:00,2
13860,United Kingdom,2011-09-14 09:27:00,2011-12-08 12:57:00,6
13861,United Kingdom,2010-06-27 11:37:00,2010-10-06 14:20:00,3
13862,United Kingdom,2010-11-15 13:43:00,2011-11-21 16:24:00,11
13863,United Kingdom,2010-04-25 13:09:00,2011-04-08 17:03:00,6
13864,United Kingdom,2010-11-18 12:50:00,2010-11-18 12:50:00,1
13865,United Kingdom,2011-02-23 12:04:00,2011-10-12 13:31:00,4
13866,United Kingdom,2011-09-26 14:54:00,2011-09-26 14:54:00,1
13867,United Kingdom,2011-05-05 17:28:00,2011-11-08 15:48:00,3
13868,United Kingdom,2011-11-01 12:45:00,2011-12-02 16:32:00,2
13869,United Kingdom,2010-01-17 14:53:00,2011-08-08 13:53:00,10
13870,United Kingdom,2010-02-08 12:08:00,2011-12-07 13:23:00,18
13871,United Kingdom,2009-12-20 13:09:00,2011-11-17 10:49:00,21
13872,United Kingdom,2009-12-08 19:06:00,2010-07-14 15:39:00,6
13873,United Kingdom,2010-03-03 12:31:00,2011-08-12 10:08:00,9
13874,United Kingdom,2009-12-11 13:23:00,2010-12-16 18:20:00,10
13875,United Kingdom,2009-12-17 10:30:00,2011-10-17 09:36:00,14
13876,United Kingdom,2011-10-07 10:22:00,2011-10-07 10:22:00,1
13877,United Kingdom,2010-01-19 10:53:00,2011-09-14 15:49:00,5
13878,United Kingdom,2010-04-14 13:50:00,2011-10-16 12:19:00,4
13879,United Kingdom,2010-03-04 10:49:00,2010-03-04 10:49:00,1
13880,United Kingdom,2010-05-26 14:29:00,2011-11-18 13:44:00,17
13881,United Kingdom,2010-03-04 14:41:00,2011-12-06 12:50:00,51
13882,United Kingdom,2011-10-06 15:28:00,2011-12-07 11:16:00,6
13883,United Kingdom,2009-12-08 17:26:00,2011-12-08 19:20:00,26
13884,United Kingdom,2010-08-26 19:57:00,2011-12-02 16:30:00,14
13885,United Kingdom,2011-05-23 08:52:00,2011-06-03 15:07:00,2
13886,United Kingdom,2011-09-29 13:17:00,2011-09-29 13:17:00,1
13887,United Kingdom,2011-05-19 17:22:00,2011-05-19 17:22:00,1
13888,United Kingdom,2010-05-13 11:57:00,2011-08-12 10:13:00,7
13889,United Kingdom,2010-01-22 14:32:00,2011-09-08 09:13:00,8
13890,United Kingdom,2009-12-06 15:15:00,2011-12-08 15:36:00,22
13891,United Kingdom,2010-05-06 16:02:00,2010-11-26 15:57:00,3
13892,United Kingdom,2010-05-13 10:32:00,2011-11-13 11:50:00,6
13893,United Kingdom,2011-02-15 11:30:00,2011-02-15 11:30:00,1
13894,United Kingdom,2011-02-02 12:54:00,2011-11-17 13:35:00,5
13895,United Kingdom,2009-12-03 13:09:00,2011-11-18 17:15:00,8
13896,United Kingdom,2010-03-24 08:55:00,2010-03-24 08:55:00,1
13897,United Kingdom,2010-01-31 13:48:00,2011-10-20 14:30:00,3
13898,United Kingdom,2010-10-24 15:42:00,2011-01-18 10:28:00,2
13899,United Kingdom,2011-03-10 09:30:00,2011-11-23 13:40:00,2
13900,United Kingdom,2010-03-25 13:46:00,2011-06-09 19:26:00,7
13901,United Kingdom,2010-01-05 09:29:00,2011-09-28 14:48:00,20
13902,Denmark,2009-12-08 17:13:00,2010-03-17 13:09:00,8
13903,United Kingdom,2010-11-04 17:44:00,2010-11-04 17:44:00,1
13904,United Kingdom,2011-02-18 11:18:00,2011-11-02 13:41:00,2
13905,United Kingdom,2009-12-07 11:41:00,2010-05-17 17:04:00,3
13906,United Kingdom,2010-10-26 15:00:00,2010-10-26 15:00:00,1
13907,United Kingdom,2010-01-17 12:22:00,2010-01-17 12:22:00,1
13908,United Kingdom,2011-03-08 12:04:00,2011-09-21 11:49:00,5
13909,United Kingdom,2010-07-06 16:52:00,2010-10-12 17:22:00,2
13910,United Kingdom,2010-09-22 16:19:00,2010-09-22 16:19:00,1
13911,United Kingdom,2010-03-01 16:31:00,2011-10-13 15:43:00,22
13912,United Kingdom,2010-10-12 08:43:00,2010-10-12 08:43:00,1
13913,United Kingdom,2010-07-21 10:11:00,2010-07-21 10:11:00,1
13914,United Kingdom,2011-11-03 16:28:00,2011-12-06 10:54:00,3
13915,United Kingdom,2009-12-08 13:42:00,2010-11-10 15:17:00,2
13916,United Kingdom,2009-12-01 11:10:00,2010-09-02 10:04:00,5
13917,United Kingdom,2011-06-01 12:46:00,2011-10-21 09:56:00,2
13918,United Kingdom,2011-03-31 18:05:00,2011-10-21 12:25:00,2
13919,Denmark,2010-06-17 09:30:00,2011-10-17 15:24:00,5
13920,United Kingdom,2010-05-26 15:48:00,2010-10-04 12:37:00,5
13921,United Kingdom,2009-12-18 12:19:00,2010-11-05 15:04:00,5
13922,United Kingdom,2010-08-29 14:36:00,2010-12-23 10:38:00,5
13923,United Kingdom,2011-10-17 12:33:00,2011-10-17 12:33:00,1
13924,United Kingdom,2011-09-28 15:07:00,2011-12-08 09:39:00,11
13925,United Kingdom,2011-07-28 12:09:00,2011-11-03 13:00:00,6
13926,United Kingdom,2011-11-16 13:16:00,2011-11-16 13:16:00,1
13927,United Kingdom,2010-09-28 16:12:00,2011-09-26 12:00:00,3
13928,United Kingdom,2011-07-29 15:59:00,2011-11-29 10:33:00,4
13929,United Kingdom,2010-01-14 07:25:00,2011-06-23 15:26:00,14
13930,United Kingdom,2011-07-26 11:00:00,2011-10-13 09:45:00,2
13931,United Kingdom,2009-12-03 10:26:00,2011-09-15 10:03:00,12
13932,United Kingdom,2011-02-18 12:02:00,2011-02-18 12:02:00,1
13933,United Kingdom,2011-07-14 13:35:00,2011-08-22 14:03:00,2
13934,United Kingdom,2011-03-21 08:39:00,2011-03-21 08:39:00,1
13935,United Kingdom,2010-02-25 16:01:00,2010-04-22 11:21:00,3
13936,United Kingdom,2010-10-21 14:21:00,2011-06-21 17:44:00,4
13937,United Kingdom,2010-11-02 12:37:00,2011-06-23 16:35:00,3
13938,United Kingdom,2011-11-04 14:37:00,2011-11-04 14:37:00,1
13939,United Kingdom,2010-04-06 12:43:00,2011-11-16 13:33:00,10
13940,United Kingdom,2011-07-18 16:05:00,2011-11-22 15:15:00,4
13941,United Kingdom,2009-12-16 16:10:00,2011-11-18 09:43:00,17
13942,United Kingdom,2010-06-23 12:35:00,2010-06-23 12:35:00,1
13943,United Kingdom,2010-05-11 11:30:00,2010-05-11 11:30:00,1
13944,United Kingdom,2010-02-24 15:02:00,2010-02-24 15:02:00,1
13945,United Kingdom,2010-08-17 09:59:00,2010-11-10 10:00:00,2
13946,United Kingdom,2009-12-04 11:07:00,2011-09-21 13:33:00,7
13947,United Kingdom,2011-10-05 14:42:00,2011-10-05 14:42:00,1
13948,United Kingdom,2009-12-04 12:14:00,2010-12-14 10:18:00,5
13949,United Kingdom,2011-09-06 11:55:00,2011-12-07 09:35:00,6
13950,United Kingdom,2011-04-07 11:29:00,2011-11-28 14:44:00,5
13951,United Kingdom,2011-02-18 15:21:00,2011-06-16 16:43:00,3
13952,United Kingdom,2009-12-16 09:41:00,2011-05-12 19:27:00,17
13953,United Kingdom,2009-12-11 12:58:00,2011-12-02 16:04:00,12
13954,United Kingdom,2011-09-30 10:52:00,2011-12-08 12:50:00,3
13955,United Kingdom,2010-11-29 17:35:00,2011-07-08 17:19:00,3
13956,United Kingdom,2011-03-13 12:51:00,2011-12-04 13:20:00,5
13957,United Kingdom,2010-02-19 10:32:00,2010-10-18 10:02:00,3
13958,United Kingdom,2009-12-05 13:12:00,2010-12-02 17:03:00,12
13959,United Kingdom,2010-07-16 15:11:00,2011-09-21 15:06:00,6
13960,United Kingdom,2011-09-29 12:39:00,2011-11-18 15:27:00,2
13961,United Kingdom,2010-11-12 14:40:00,2010-11-19 15:13:00,2
13962,United Kingdom,2010-09-30 10:35:00,2011-11-18 08:47:00,3
13963,United Kingdom,2010-04-21 16:20:00,2011-02-04 14:43:00,18
13964,United Kingdom,2010-10-05 12:38:00,2010-11-17 13:53:00,3
13965,United Kingdom,2010-01-05 15:21:00,2010-09-10 16:46:00,5
13966,United Kingdom,2010-09-30 13:08:00,2010-09-30 13:08:00,1
13967,United Kingdom,2010-11-08 13:24:00,2011-07-17 12:02:00,2
13968,United Kingdom,2010-10-12 13:22:00,2010-10-12 13:22:00,1
13969,United Kingdom,2010-03-25 13:15:00,2011-12-02 15:11:00,39
13970,United Kingdom,2010-09-28 11:53:00,2010-11-18 13:21:00,2
13971,United Kingdom,2010-01-26 09:51:00,2011-12-01 08:27:00,18
13972,United Kingdom,2011-05-22 11:34:00,2011-09-30 11:54:00,2
13973,United Kingdom,2011-02-25 15:21:00,2011-02-25 15:21:00,1
13974,United Kingdom,2010-05-06 17:55:00,2011-10-21 14:41:00,4
13975,United Kingdom,2010-02-02 11:10:00,2011-11-08 13:19:00,14
13976,United Kingdom,2010-02-09 13:08:00,2011-05-17 09:13:00,4
13977,United Kingdom,2010-10-24 14:08:00,2010-10-24 14:08:00,1
13978,United Kingdom,2011-10-25 15:04:00,2011-11-25 11:36:00,2
13979,United Kingdom,2009-12-03 10:02:00,2011-09-27 13:32:00,11
13980,United Kingdom,2010-02-21 14:18:00,2011-10-10 13:34:00,9
13981,United Kingdom,2010-10-20 10:03:00,2010-11-04 11:10:00,2
13982,United Kingdom,2010-01-20 14:04:00,2011-10-31 16:24:00,13
13983,United Kingdom,2009-12-09 13:53:00,2011-11-10 11:06:00,30
13984,United Kingdom,2009-12-07 11:51:00,2011-11-13 12:38:00,13
13985,United Kingdom,2010-02-09 13:56:00,2011-12-05 17:06:00,24
13986,United Kingdom,2011-11-22 15:00:00,2011-11-22 15:00:00,1
13987,United Kingdom,2010-11-04 09:54:00,2010-11-25 10:20:00,2
13988,United Kingdom,2010-03-24 11:05:00,2011-11-20 10:15:00,11
13989,United Kingdom,2010-05-25 12:13:00,2011-10-05 09:47:00,5
13990,United Kingdom,2011-05-10 15:19:00,2011-05-10 15:19:00,1
13991,United Kingdom,2011-07-19 12:58:00,2011-11-27 16:18:00,7
13992,United Kingdom,2010-09-02 17:04:00,2011-11-09 15:23:00,3
13993,United Kingdom,2009-12-03 11:57:00,2011-11-07 13:00:00,24
13994,United Kingdom,2011-07-14 18:28:00,2011-12-06 11:05:00,6
13995,United Kingdom,2009-12-18 12:43:00,2011-11-24 14:22:00,18
13996,United Kingdom,2010-11-05 15:07:00,2010-11-18 16:27:00,2
13997,United Kingdom,2010-06-07 17:33:00,2010-07-08 18:06:00,3
13998,United Kingdom,2010-05-12 13:18:00,2010-09-19 10:20:00,3
13999,United Kingdom,2009-12-05 12:42:00,2011-11-29 13:40:00,36
14000,United Kingdom,2009-12-02 09:50:00,2011-05-17 13:44:00,8
14001,United Kingdom,2010-08-03 12:49:00,2011-10-25 10:31:00,10
14002,United Kingdom,2011-07-06 14:59:00,2011-07-28 15:55:00,2
14003,United Kingdom,2009-12-07 08:53:00,2009-12-07 08:53:00,1
14004,United Kingdom,2010-09-30 09:39:00,2011-10-27 14:40:00,11
14005,United Kingdom,2011-05-08 10:33:00,2011-11-30 12:41:00,5
14006,United Kingdom,2010-02-25 09:45:00,2011-08-16 09:39:00,7
14007,United Kingdom,2010-07-15 09:06:00,2010-07-15 09:06:00,1
14008,United Kingdom,2010-10-03 13:09:00,2010-11-29 13:19:00,2
14009,United Kingdom,2010-09-03 12:08:00,2011-05-25 15:47:00,4
14010,United Kingdom,2010-05-23 12:46:00,2010-05-23 13:00:00,3
14011,United Kingdom,2010-04-11 13:40:00,2010-08-16 15:31:00,3
14012,United Kingdom,2011-03-07 12:26:00,2011-03-07 12:26:00,1
14013,United Kingdom,2009-12-07 18:09:00,2011-08-21 15:01:00,6
14014,United Kingdom,2010-05-12 09:04:00,2011-09-23 13:18:00,3
14015,United Kingdom,2011-10-18 10:02:00,2011-10-18 10:02:00,1
14016,EIRE,2010-01-08 14:12:00,2011-07-08 14:27:00,13
14017,United Kingdom,2010-05-17 14:52:00,2010-05-17 14:52:00,1
14018,United Kingdom,2010-03-04 14:23:00,2010-03-04 14:23:00,1
14019,United Kingdom,2011-07-24 15:39:00,2011-10-24 10:13:00,4
14020,United Kingdom,2010-06-28 15:29:00,2011-11-23 09:22:00,5
14021,United Kingdom,2010-04-26 11:22:00,2011-07-07 15:46:00,7
14022,United Kingdom,2010-08-10 09:38:00,2011-04-28 14:39:00,2
14023,United Kingdom,2011-04-03 15:50:00,2011-12-02 13:58:00,2
14024,United Kingdom,2010-11-14 10:51:00,2011-08-10 11:30:00,3
14025,United Kingdom,2010-05-05 09:56:00,2010-09-01 10:11:00,10
14026,United Kingdom,2010-03-24 14:10:00,2010-08-26 10:31:00,2
14027,United Kingdom,2011-10-10 09:01:00,2011-10-10 09:01:00,1
14028,United Kingdom,2010-06-07 12:02:00,2010-07-29 12:24:00,5
14029,United Kingdom,2011-07-18 16:57:00,2011-10-07 14:46:00,2
14030,United Kingdom,2009-12-01 13:38:00,2011-11-21 16:48:00,22
14031,United Kingdom,2009-12-03 15:35:00,2011-12-02 17:13:00,55
14032,United Kingdom,2009-12-14 12:02:00,2011-12-07 15:23:00,25
14033,United Kingdom,2010-06-02 15:10:00,2010-06-02 15:10:00,1
14034,United Kingdom,2011-07-05 13:06:00,2011-11-17 14:02:00,4
14035,United Kingdom,2010-04-06 12:39:00,2011-11-11 10:03:00,11
14036,United Kingdom,2011-02-28 09:26:00,2011-02-28 09:26:00,1
14037,United Kingdom,2009-12-07 11:39:00,2011-06-16 13:57:00,7
14038,United Kingdom,2010-02-04 08:56:00,2011-09-22 13:37:00,8
14039,United Kingdom,2010-05-13 10:15:00,2011-11-06 13:48:00,2
14040,United Kingdom,2009-12-01 12:14:00,2011-10-30 12:42:00,42
14041,United Kingdom,2011-03-18 13:25:00,2011-03-18 13:25:00,1
14042,United Kingdom,2009-12-14 15:07:00,2009-12-14 15:07:00,1
14043,United Kingdom,2009-12-10 14:34:00,2010-08-05 18:18:00,3
14044,United Kingdom,2010-01-24 15:14:00,2011-11-13 12:05:00,11
14045,United Kingdom,2010-01-08 10:08:00,2011-08-22 15:27:00,19
14046,United Kingdom,2011-02-28 14:48:00,2011-02-28 14:48:00,1
14047,United Kingdom,2010-02-01 10:05:00,2011-12-01 11:43:00,19
14048,United Kingdom,2010-11-22 14:08:00,2011-03-07 13:49:00,4
14049,United Kingdom,2010-04-01 14:52:00,2011-11-23 12:20:00,18
14050,United Kingdom,2011-08-25 13:46:00,2011-11-08 10:00:00,2
14051,United Kingdom,2009-12-03 11:53:00,2011-12-09 10:20:00,42
14052,United Kingdom,2010-11-14 11:37:00,2011-11-20 12:30:00,2
14053,United Kingdom,2010-08-10 11:02:00,2011-08-07 14:27:00,4
14054,United Kingdom,2011-10-05 15:49:00,2011-10-05 15:49:00,1
14055,United Kingdom,2009-12-16 15:11:00,2011-08-25 15:04:00,3
14056,United Kingdom,2011-02-28 15:19:00,2011-12-08 13:36:00,29
14057,United Kingdom,2009-12-03 13:17:00,2011-11-16 10:32:00,23
14058,United Kingdom,2010-06-27 11:29:00,2010-09-03 09:31:00,2
14059,United Kingdom,2011-03-18 10:06:00,2011-03-18 10:06:00,1
14060,United Kingdom,2010-03-11 09:47:00,2011-12-05 12:29:00,32
14061,United Kingdom,2009-12-01 18:03:00,2010-07-20 17:22:00,3
14062,United Kingdom,2009-12-10 14:28:00,2011-11-30 10:04:00,27
14063,United Kingdom,2009-12-08 13:46:00,2010-10-05 11:52:00,13
14064,United Kingdom,2010-01-21 13:22:00,2011-11-10 13:14:00,21
14065,United Kingdom,2010-10-04 12:03:00,2010-11-15 16:13:00,4
14066,United Kingdom,2011-03-18 12:21:00,2011-03-18 12:21:00,1
14067,United Kingdom,2011-09-04 12:00:00,2011-10-07 10:21:00,2
14068,United Kingdom,2010-01-31 10:10:00,2011-01-23 16:02:00,5
14069,United Kingdom,2010-05-27 12:30:00,2010-07-13 12:12:00,2
14070,United Kingdom,2010-01-24 12:27:00,2010-01-24 12:27:00,1
14071,United Kingdom,2011-03-20 11:33:00,2011-12-06 12:27:00,9
14072,United Kingdom,2010-02-11 12:31:00,2010-02-11 12:31:00,1
14073,United Kingdom,2011-11-07 15:49:00,2011-11-18 16:14:00,2
14074,United Kingdom,2010-03-26 13:55:00,2010-03-26 13:55:00,1
14075,United Kingdom,2010-06-16 14:47:00,2011-12-05 08:38:00,6
14076,United Kingdom,2011-08-02 15:19:00,2011-08-02 15:19:00,1
14077,United Kingdom,2010-11-09 16:01:00,2011-10-30 12:35:00,6
14078,United Kingdom,2010-03-28 15:05:00,2011-08-30 12:16:00,9
14079,United Kingdom,2010-01-26 17:19:00,2011-08-07 12:10:00,2
14080,United Kingdom,2009-12-02 15:01:00,2011-11-07 11:09:00,6
14081,United Kingdom,2009-12-10 18:27:00,2011-03-17 14:24:00,16
14082,United Kingdom,2010-11-12 11:47:00,2010-12-10 11:02:00,2
14083,United Kingdom,2009-12-18 11:34:00,2011-12-05 13:14:00,11
14084,United Kingdom,2010-07-15 14:36:00,2010-07-15 14:36:00,1
14085,United Kingdom,2009-12-08 13:41:00,2011-12-07 13:46:00,34
14086,United Kingdom,2010-09-03 10:52:00,2010-09-03 10:52:00,1
14087,United Kingdom,2009-12-04 15:27:00,2011-12-07 12:41:00,5
14088,United Kingdom,2010-10-14 19:46:00,2011-11-29 16:16:00,20
14089,United Kingdom,2011-10-14 10:38:00,2011-10-14 10:38:00,1
14090,United Kingdom,2011-01-19 10:51:00,2011-01-19 10:51:00,1
14091,United Kingdom,2010-01-10 13:41:00,2010-02-23 15:17:00,2
14092,United Kingdom,2009-12-16 16:24:00,2011-12-02 12:13:00,27
14093,United Kingdom,2011-11-27 16:27:00,2011-11-27 16:27:00,1
14094,United Kingdom,2010-09-26 11:58:00,2010-09-26 12:02:00,2
14095,United Kingdom,2009-12-17 12:49:00,2009-12-17 12:49:00,1
14096,United Kingdom,2011-08-30 10:49:00,2011-12-05 17:17:00,34
14097,United Kingdom,2010-03-04 10:46:00,2010-08-15 14:20:00,2
14098,United Kingdom,2011-11-03 10:13:00,2011-11-03 10:13:00,1
14099,United Kingdom,2009-12-10 11:55:00,2011-11-23 13:53:00,22
14100,United Kingdom,2011-07-25 11:01:00,2011-07-25 11:01:00,1
14101,United Kingdom,2010-03-28 13:36:00,2011-09-27 12:28:00,14
14102,United Kingdom,2011-10-26 12:46:00,2011-12-04 15:38:00,8
14103,United Kingdom,2010-02-12 14:58:00,2010-02-12 14:58:00,1
14104,United Kingdom,2010-05-28 16:11:00,2011-07-08 12:50:00,5
14105,United Kingdom,2009-12-18 16:57:00,2011-09-15 16:13:00,9
14106,United Kingdom,2009-12-02 14:09:00,2009-12-02 14:09:00,1
14107,United Kingdom,2009-12-09 14:20:00,2011-10-19 12:12:00,13
14108,United Kingdom,2009-12-01 18:07:00,2011-11-09 10:41:00,5
14109,United Kingdom,2011-09-28 10:18:00,2011-11-16 13:51:00,2
14110,United Kingdom,2009-12-01 09:50:00,2011-12-06 12:26:00,35
14111,United Kingdom,2011-04-12 11:36:00,2011-11-25 13:44:00,5
14112,United Kingdom,2009-12-17 17:56:00,2011-11-17 12:30:00,27
14113,United Kingdom,2009-12-07 10:44:00,2011-12-06 12:18:00,31
14114,United Kingdom,2010-04-12 11:07:00,2011-03-11 09:42:00,7
14115,United Kingdom,2010-02-11 11:44:00,2010-07-26 12:36:00,2
14116,United Kingdom,2011-08-10 12:44:00,2011-11-20 10:29:00,5
14117,United Kingdom,2011-07-19 09:49:00,2011-07-19 09:49:00,1
14118,United Kingdom,2010-10-07 11:59:00,2010-10-07 11:59:00,1
14119,United Kingdom,2009-12-21 14:52:00,2010-12-20 13:58:00,3
14120,United Kingdom,2010-10-05 19:12:00,2010-10-05 19:12:00,1
14121,United Kingdom,2011-10-11 10:39:00,2011-12-06 12:19:00,6
14122,United Kingdom,2009-12-02 14:22:00,2010-11-10 09:38:00,5
14123,United Kingdom,2009-12-06 15:35:00,2009-12-06 15:35:00,1
14124,United Kingdom,2011-09-16 13:32:00,2011-09-16 13:32:00,1
14125,United Kingdom,2011-09-22 15:40:00,2011-11-29 12:47:00,3
14126,United Kingdom,2010-09-21 14:51:00,2011-12-02 11:45:00,5
14127,United Kingdom,2010-10-10 11:53:00,2011-08-09 10:49:00,6
14128,United Kingdom,2010-06-06 14:05:00,2011-10-10 12:00:00,4
14129,United Kingdom,2010-05-09 14:54:00,2011-12-08 11:02:00,9
14130,United Kingdom,2009-12-11 16:33:00,2011-01-24 16:05:00,4
14131,United Kingdom,2010-03-01 11:59:00,2010-03-01 11:59:00,1
14132,United Kingdom,2011-06-09 12:04:00,2011-12-07 13:35:00,12
14133,United Kingdom,2009-12-06 12:10:00,2011-08-02 11:34:00,6
14134,United Kingdom,2009-12-10 09:25:00,2010-11-22 12:26:00,15
14135,United Kingdom,2009-12-02 08:58:00,2011-12-08 11:38:00,25
14136,United Kingdom,2009-12-08 09:19:00,2010-11-04 11:53:00,7
14137,United Kingdom,2010-01-13 12:30:00,2010-01-27 10:21:00,2
14138,United Kingdom,2011-10-07 09:38:00,2011-12-08 12:44:00,2
14139,United Kingdom,2010-06-15 09:17:00,2011-10-24 13:34:00,4
14140,United Kingdom,2011-11-08 11:20:00,2011-12-06 09:05:00,3
14141,United Kingdom,2011-08-26 14:40:00,2011-12-07 09:53:00,6
14142,United Kingdom,2010-03-03 15:13:00,2010-12-01 16:33:00,4
14143,United Kingdom,2011-07-29 09:48:00,2011-07-29 09:48:00,1
14144,United Kingdom,2010-08-10 15:17:00,2010-08-10 15:17:00,1
14145,United Kingdom,2010-04-08 09:47:00,2011-10-24 12:10:00,8
14146,United Kingdom,2010-01-13 16:04:00,2011-12-01 10:18:00,13
14147,United Kingdom,2010-03-09 13:43:00,2011-10-21 13:36:00,12
14148,United Kingdom,2010-10-21 14:08:00,2011-04-20 12:02:00,2
14149,United Kingdom,2011-05-03 09:44:00,2011-05-11 12:34:00,3
14150,United Kingdom,2010-12-15 10:04:00,2011-11-04 10:05:00,2
14151,United Kingdom,2009-12-23 10:54:00,2010-02-04 15:35:00,3
14152,United Kingdom,2010-02-18 13:57:00,2011-09-25 12:54:00,9
14153,United Kingdom,2010-08-13 14:35:00,2010-08-13 14:35:00,1
14154,United Kingdom,2010-01-13 12:47:00,2011-04-14 16:26:00,10
14155,United Kingdom,2011-03-18 14:13:00,2011-03-18 14:13:00,1
14156,EIRE,2009-12-01 12:30:00,2011-11-30 10:54:00,202
14157,United Kingdom,2010-03-03 16:49:00,2011-11-20 11:32:00,6
14158,United Kingdom,2011-10-30 15:08:00,2011-10-30 15:08:00,1
14159,United Kingdom,2009-12-03 12:31:00,2011-11-20 12:36:00,25
14160,United Kingdom,2010-01-10 12:06:00,2010-04-08 14:30:00,7
14161,United Kingdom,2009-12-13 11:46:00,2011-05-08 11:41:00,7
14162,United Kingdom,2011-02-20 12:32:00,2011-06-19 11:36:00,2
14163,United Kingdom,2010-09-03 17:15:00,2011-09-13 15:18:00,5
14164,United Kingdom,2011-09-20 12:18:00,2011-09-30 12:24:00,2
14165,United Kingdom,2011-03-09 12:39:00,2011-03-09 12:39:00,1
14166,United Kingdom,2010-03-23 15:10:00,2010-07-22 19:42:00,2
14167,United Kingdom,2010-01-27 16:07:00,2011-10-31 14:29:00,8
14168,United Kingdom,2010-05-24 12:28:00,2010-10-15 10:49:00,3
14169,United Kingdom,2010-09-21 13:39:00,2010-10-05 08:45:00,2
14170,United Kingdom,2010-11-09 14:06:00,2010-11-29 13:10:00,3
14171,United Kingdom,2009-12-09 13:50:00,2011-09-02 16:43:00,2
14172,United Kingdom,2010-03-07 10:58:00,2010-04-13 13:26:00,4
14173,United Kingdom,2009-12-09 12:46:00,2011-11-29 11:54:00,7
14174,United Kingdom,2011-11-06 13:17:00,2011-11-06 13:17:00,1
14175,United Kingdom,2010-03-22 10:43:00,2011-10-19 13:42:00,17
14176,United Kingdom,2010-11-23 13:21:00,2011-02-15 13:12:00,6
14177,United Kingdom,2010-02-26 11:59:00,2011-09-16 09:52:00,14
14178,United Kingdom,2011-06-10 12:51:00,2011-12-01 12:01:00,7
14179,United Kingdom,2011-10-18 14:00:00,2011-10-30 12:07:00,2
14180,United Kingdom,2010-06-09 14:56:00,2011-11-29 10:56:00,42
14181,United Kingdom,2010-05-26 12:32:00,2010-10-25 08:27:00,2
14182,United Kingdom,2010-04-22 15:36:00,2010-09-22 11:45:00,5
14183,United Kingdom,2010-08-15 15:36:00,2010-10-24 14:45:00,2
14184,United Kingdom,2011-10-04 12:43:00,2011-10-04 12:43:00,1
14185,United Kingdom,2011-01-12 13:52:00,2011-01-12 13:52:00,1
14186,United Kingdom,2010-03-05 11:17:00,2010-10-08 13:30:00,5
14187,United Kingdom,2010-08-23 12:06:00,2010-08-23 12:06:00,1
14188,United Kingdom,2011-02-02 13:46:00,2011-12-01 09:46:00,10
14189,United Kingdom,2010-11-16 09:28:00,2011-12-07 15:55:00,25
14190,United Kingdom,2010-02-11 14:27:00,2010-02-11 14:27:00,1
14191,United Kingdom,2009-12-11 10:47:00,2011-12-08 09:23:00,17
14192,United Kingdom,2010-11-16 17:44:00,2010-11-16 17:44:00,1
14193,United Kingdom,2010-11-08 12:31:00,2011-10-03 09:34:00,3
14194,United Kingdom,2009-12-10 19:18:00,2011-12-05 10:38:00,54
14195,United Kingdom,2010-03-15 17:12:00,2011-05-22 10:29:00,10
14196,United Kingdom,2011-08-25 10:25:00,2011-08-25 10:25:00,1
14197,United Kingdom,2010-10-25 10:01:00,2010-10-25 10:01:00,1
14198,United Kingdom,2010-01-05 10:07:00,2011-12-05 16:34:00,13
14199,United Kingdom,2010-06-27 12:13:00,2011-05-05 13:44:00,6
14200,United Kingdom,2010-04-01 13:01:00,2010-04-01 13:01:00,1
14201,United Kingdom,2010-04-30 13:00:00,2011-10-10 13:27:00,12
14202,United Kingdom,2010-03-25 10:36:00,2010-11-23 17:13:00,3
14203,United Kingdom,2010-11-07 13:35:00,2010-11-07 13:35:00,1
14204,United Kingdom,2009-12-02 13:26:00,2011-12-07 13:38:00,4
14205,United Kingdom,2010-03-07 12:20:00,2011-11-29 11:56:00,12
14206,United Kingdom,2010-11-02 11:37:00,2011-04-14 16:38:00,5
14207,United Kingdom,2010-01-21 09:33:00,2010-01-21 09:33:00,1
14208,United Kingdom,2010-06-06 13:11:00,2011-09-06 12:48:00,2
14209,United Kingdom,2009-12-07 17:52:00,2011-11-29 10:18:00,19
14210,United Kingdom,2010-01-06 10:17:00,2011-09-09 12:55:00,21
14211,United Kingdom,2009-12-09 12:48:00,2011-10-17 13:23:00,26
14212,United Kingdom,2010-09-20 11:48:00,2011-09-11 12:45:00,2
14213,United Kingdom,2010-10-31 10:37:00,2010-12-03 09:47:00,2
14214,United Kingdom,2011-03-07 12:26:00,2011-11-09 10:31:00,7
14215,United Kingdom,2009-12-08 09:35:00,2011-11-28 12:19:00,10
14216,United Kingdom,2010-10-21 15:07:00,2011-12-06 14:56:00,6
14217,United Kingdom,2010-06-30 12:54:00,2011-12-08 11:53:00,33
14218,United Kingdom,2011-10-28 10:00:00,2011-10-28 10:00:00,1
14219,United Kingdom,2010-08-03 14:42:00,2011-12-05 16:23:00,3
14220,United Kingdom,2010-05-19 13:26:00,2011-04-06 13:23:00,4
14221,United Kingdom,2009-12-04 10:28:00,2011-10-28 13:42:00,19
14222,United Kingdom,2011-06-15 16:42:00,2011-06-15 16:42:00,1
14223,United Kingdom,2011-03-20 16:02:00,2011-09-08 13:38:00,4
14224,United Kingdom,2010-06-13 13:46:00,2011-08-21 13:24:00,9
14225,United Kingdom,2010-01-12 15:02:00,2010-10-01 10:32:00,5
14226,United Kingdom,2010-09-24 14:32:00,2011-11-11 11:34:00,9
14227,United Kingdom,2010-02-08 09:38:00,2011-11-13 15:48:00,22
14228,United Kingdom,2010-06-11 12:29:00,2010-09-28 09:45:00,3
14229,United Kingdom,2010-08-25 11:47:00,2011-10-19 10:04:00,11
14230,United Kingdom,2010-06-09 13:56:00,2010-09-30 09:07:00,3
14231,United Kingdom,2010-09-15 09:52:00,2011-06-13 15:35:00,6
14232,United Kingdom,2011-03-20 12:44:00,2011-11-08 12:17:00,8
14233,United Kingdom,2010-03-05 16:35:00,2011-10-27 09:25:00,10
14234,United Kingdom,2011-10-13 13:58:00,2011-11-17 17:53:00,4
14235,United Kingdom,2010-03-30 13:36:00,2011-11-29 13:26:00,10
14236,United Kingdom,2010-07-22 14:27:00,2011-09-20 09:13:00,7
14237,United Kingdom,2010-04-28 10:04:00,2010-12-01 13:20:00,3
14238,United Kingdom,2009-12-05 10:58:00,2011-01-17 14:40:00,3
14239,United Kingdom,2009-12-05 12:36:00,2011-10-27 14:40:00,24
14240,United Kingdom,2010-10-12 12:48:00,2011-11-09 13:45:00,3
14241,United Kingdom,2010-01-12 15:11:00,2011-06-09 11:46:00,2
14242,United Kingdom,2011-01-18 08:53:00,2011-04-19 11:46:00,2
14243,United Kingdom,2010-08-20 13:41:00,2011-12-01 11:12:00,23
14244,United Kingdom,2010-02-17 11:40:00,2010-02-18 17:09:00,2
14245,United Kingdom,2011-03-21 10:41:00,2011-06-16 14:33:00,5
14246,United Kingdom,2011-04-08 08:25:00,2011-08-21 11:50:00,3
14247,United Kingdom,2010-06-06 15:07:00,2011-03-06 15:21:00,6
14248,United Kingdom,2010-07-12 14:27:00,2011-01-25 14:45:00,3
14249,United Kingdom,2010-01-29 14:21:00,2010-10-25 12:34:00,12
14250,United Kingdom,2011-09-11 13:44:00,2011-12-02 14:30:00,3
14251,United Kingdom,2011-10-13 12:46:00,2011-12-08 08:32:00,5
14252,United Kingdom,2010-11-23 13:36:00,2010-11-23 13:36:00,1
14253,United Kingdom,2010-03-26 15:08:00,2010-08-03 14:55:00,2
14254,United Kingdom,2010-10-03 11:52:00,2010-10-03 11:52:00,1
14255,United Kingdom,2010-06-11 15:44:00,2010-06-11 15:57:00,4
14256,United Kingdom,2010-01-14 10:35:00,2011-03-30 16:39:00,9
14257,United Kingdom,2010-03-01 15:36:00,2011-10-19 13:38:00,10
14258,United Kingdom,2009-12-04 08:36:00,2011-11-30 15:27:00,32
14259,United Kingdom,2011-07-21 10:44:00,2011-07-21 10:44:00,1
14260,United Kingdom,2010-06-09 11:23:00,2010-08-25 14:55:00,3
14261,United Kingdom,2011-09-22 10:47:00,2011-10-20 10:04:00,2
14262,United Kingdom,2011-04-13 12:23:00,2011-12-01 14:17:00,8
14263,United Kingdom,2010-10-12 14:09:00,2010-10-12 14:09:00,1
14264,United Kingdom,2010-04-07 13:21:00,2011-07-08 10:20:00,8
14265,Unspecified,2010-04-06 14:39:00,2011-08-22 13:32:00,4
14266,United Kingdom,2010-10-07 13:32:00,2010-10-07 13:32:00,1
14267,United Kingdom,2009-12-08 19:09:00,2011-07-12 11:11:00,9
14268,United Kingdom,2010-08-26 10:45:00,2010-08-26 10:45:00,1
14269,United Kingdom,2010-09-26 12:53:00,2010-09-30 18:19:00,2
14270,United Kingdom,2011-01-12 09:33:00,2011-01-12 09:33:00,1
14271,United Kingdom,2010-10-26 17:01:00,2011-04-28 12:47:00,2
14272,United Kingdom,2010-05-06 14:01:00,2011-09-27 10:08:00,4
14273,United Kingdom,2011-04-11 13:24:00,2011-10-19 13:20:00,4
14274,United Kingdom,2010-01-22 12:51:00,2010-01-22 12:51:00,1
14275,United Kingdom,2010-04-11 12:32:00,2010-11-09 09:06:00,6
14276,United Kingdom,2010-02-17 13:10:00,2011-09-12 17:49:00,13
14277,France,2009-12-03 17:52:00,2011-11-24 15:01:00,14
14278,United Kingdom,2010-10-26 12:07:00,2010-10-26 12:07:00,1
14279,United Kingdom,2010-01-27 16:34:00,2010-07-07 08:42:00,2
14280,United Kingdom,2011-05-27 10:37:00,2011-05-27 10:37:00,1
14281,United Kingdom,2010-10-27 14:45:00,2010-10-27 14:45:00,1
14282,United Kingdom,2010-02-15 11:22:00,2011-12-06 17:04:00,26
14283,United Kingdom,2010-05-19 12:22:00,2010-09-02 14:46:00,4
14284,United Kingdom,2010-02-24 12:06:00,2011-11-09 08:11:00,4
14285,United Kingdom,2009-12-08 14:13:00,2011-11-18 14:50:00,9
14286,United Kingdom,2009-12-04 08:40:00,2011-11-16 10:34:00,12
14287,United Kingdom,2011-05-25 11:41:00,2011-12-01 13:25:00,4
14288,United Kingdom,2011-05-10 13:22:00,2011-05-11 15:17:00,2
14289,United Kingdom,2011-02-23 12:33:00,2011-12-01 11:44:00,6
14290,United Kingdom,2009-12-08 11:44:00,2011-11-28 14:02:00,14
14291,United Kingdom,2009-12-09 10:46:00,2011-12-08 10:26:00,25
14292,United Kingdom,2009-12-01 12:19:00,2011-12-02 11:50:00,27
14293,United Kingdom,2009-12-10 10:57:00,2011-12-06 15:17:00,10
14294,United Kingdom,2010-10-28 16:25:00,2010-10-28 16:25:00,1
14295,United Kingdom,2009-12-08 09:49:00,2011-10-30 15:50:00,8
14296,United Kingdom,2010-05-14 14:34:00,2010-10-22 09:25:00,3
14297,United Kingdom,2011-03-10 08:31:00,2011-11-22 09:06:00,6
14298,United Kingdom,2009-12-11 13:49:00,2011-12-06 15:04:00,84
14299,United Kingdom,2009-12-02 10:58:00,2011-12-01 16:05:00,41
14300,United Kingdom,2011-11-21 08:57:00,2011-11-21 08:57:00,1
14301,United Kingdom,2010-02-11 13:07:00,2011-08-24 09:04:00,7
14302,United Kingdom,2009-12-02 08:16:00,2010-10-05 08:10:00,3
14303,United Kingdom,2010-10-01 10:31:00,2010-10-28 15:37:00,2
14304,United Kingdom,2010-05-18 10:50:00,2011-05-01 11:50:00,5
14305,United Kingdom,2011-07-27 14:14:00,2011-09-29 15:29:00,5
14306,United Kingdom,2010-01-31 13:42:00,2011-10-19 13:23:00,7
14307,United Kingdom,2009-12-07 13:06:00,2011-09-12 09:38:00,11
14308,United Kingdom,2010-06-08 16:22:00,2010-06-08 16:52:00,5
14309,United Kingdom,2010-06-07 10:24:00,2011-12-01 13:33:00,12
14310,United Kingdom,2010-10-03 12:34:00,2010-10-03 12:34:00,1
14311,United Kingdom,2010-05-21 10:28:00,2011-04-28 19:49:00,3
14312,United Kingdom,2010-07-23 15:05:00,2011-10-24 09:46:00,11
14313,United Kingdom,2010-03-25 16:20:00,2010-03-25 16:20:00,1
14314,United Kingdom,2010-10-05 08:00:00,2011-08-25 10:39:00,3
14315,United Kingdom,2010-03-15 12:49:00,2011-11-18 15:35:00,10
14316,United Kingdom,2010-03-19 15:18:00,2010-10-13 16:31:00,6
14317,United Kingdom,2011-10-06 10:44:00,2011-10-06 10:44:00,1
14318,United Kingdom,2010-09-05 15:32:00,2010-09-05 15:32:00,1
14319,United Kingdom,2009-12-11 11:59:00,2010-10-11 13:38:00,2
14320,United Kingdom,2010-01-21 11:44:00,2011-05-17 09:24:00,7
14321,United Kingdom,2010-08-23 12:56:00,2011-11-29 09:47:00,8
14322,United Kingdom,2010-02-18 08:49:00,2010-10-08 13:14:00,6
14323,United Kingdom,2011-04-15 11:44:00,2011-08-17 11:37:00,4
14324,United Kingdom,2010-01-15 13:31:00,2010-10-26 11:44:00,2
14325,United Kingdom,2010-05-19 09:20:00,2010-05-19 09:20:00,1
14326,United Kingdom,2010-06-25 12:10:00,2011-04-19 11:08:00,4
14327,United Kingdom,2010-01-08 14:04:00,2011-06-29 13:58:00,6
14328,United Kingdom,2010-09-09 16:43:00,2010-10-05 10:47:00,3
14329,United Kingdom,2009-12-16 15:31:00,2011-12-01 08:27:00,28
14330,United Kingdom,2010-03-26 09:10:00,2010-03-26 09:10:00,1
14331,United Kingdom,2011-07-27 15:14:00,2011-08-07 13:17:00,2
14332,United Kingdom,2010-10-19 13:01:00,2011-11-17 11:54:00,5
14333,United Kingdom,2011-10-03 10:38:00,2011-10-06 19:25:00,2
14334,United Kingdom,2010-05-20 10:04:00,2011-11-23 10:01:00,14
14335,Germany,2011-09-04 13:07:00,2011-11-23 13:41:00,2
14336,United Kingdom,2011-03-08 16:48:00,2011-11-23 11:40:00,4
14337,United Kingdom,2009-12-08 14:04:00,2009-12-08 14:04:00,1
14338,United Kingdom,2010-06-21 10:32:00,2011-07-04 16:00:00,5
14339,United Kingdom,2010-10-07 08:50:00,2011-04-19 11:31:00,5
14340,United Kingdom,2011-05-05 09:44:00,2011-05-05 09:44:00,1
14341,United Kingdom,2009-12-01 12:20:00,2011-10-25 15:48:00,20
14342,United Kingdom,2010-08-24 13:03:00,2011-11-18 13:21:00,9
14343,United Kingdom,2010-01-18 16:47:00,2010-10-14 13:05:00,4
14344,United Kingdom,2010-03-23 15:47:00,2011-08-04 13:51:00,20
14345,United Kingdom,2011-11-01 09:51:00,2011-11-01 09:51:00,1
14346,United Kingdom,2010-07-30 10:44:00,2011-08-11 09:47:00,5
14347,United Kingdom,2009-12-03 10:49:00,2009-12-03 10:49:00,1
14348,United Kingdom,2011-03-24 16:23:00,2011-03-24 16:23:00,1
14349,United Kingdom,2011-11-29 15:39:00,2011-11-29 15:39:00,1
14350,United Kingdom,2010-10-05 15:52:00,2011-03-14 12:27:00,4
14351,United Kingdom,2011-06-28 11:56:00,2011-06-28 11:56:00,1
14352,United Kingdom,2011-03-11 14:58:00,2011-07-05 15:41:00,4
14353,United Kingdom,2010-10-04 12:38:00,2011-05-08 16:06:00,3
14354,United Kingdom,2011-11-09 15:36:00,2011-12-04 11:32:00,2
14355,United Kingdom,2010-03-22 15:08:00,2010-12-09 12:16:00,3
14356,United Kingdom,2011-09-19 14:43:00,2011-10-10 17:16:00,4
14357,United Kingdom,2011-10-27 16:23:00,2011-10-27 16:23:00,1
14358,United Kingdom,2010-01-26 17:24:00,2010-11-15 15:51:00,3
14359,United Kingdom,2011-09-13 09:03:00,2011-11-20 13:17:00,6
14360,United Kingdom,2011-09-06 11:58:00,2011-11-08 09:12:00,4
14361,United Kingdom,2010-05-10 12:29:00,2010-05-10 12:29:00,1
14362,United Kingdom,2011-11-17 15:08:00,2011-11-17 15:08:00,1
14363,United Kingdom,2010-09-14 14:39:00,2010-11-02 17:01:00,2
14364,United Kingdom,2011-05-12 12:56:00,2011-08-23 11:01:00,8
14365,United Kingdom,2010-01-27 09:44:00,2010-11-10 09:52:00,2
14366,United Kingdom,2010-07-02 17:23:00,2010-07-02 17:23:00,1
14367,United Kingdom,2011-03-08 14:12:00,2011-12-01 13:19:00,19
14368,United Kingdom,2011-01-24 09:52:00,2011-01-24 09:52:00,1
14369,United Kingdom,2010-02-16 10:28:00,2010-03-07 15:47:00,2
14370,United Kingdom,2010-02-01 08:35:00,2010-09-15 10:53:00,9
14371,United Kingdom,2011-02-17 16:35:00,2011-02-17 16:35:00,1
14372,United Kingdom,2009-12-14 13:43:00,2010-09-22 16:17:00,3
14373,United Kingdom,2010-12-16 15:40:00,2010-12-16 15:40:00,1
14374,United Kingdom,2010-06-16 14:25:00,2010-06-16 14:25:00,1
14375,United Kingdom,2010-06-16 14:34:00,2011-06-07 13:44:00,3
14376,United Kingdom,2010-01-25 15:36:00,2010-01-25 15:36:00,1
14377,United Kingdom,2011-03-22 13:38:00,2011-06-01 13:32:00,2
14378,United Kingdom,2010-03-28 12:22:00,2010-03-28 12:22:00,1
14379,United Kingdom,2010-08-16 15:31:00,2011-10-26 16:43:00,4
14380,United Kingdom,2010-01-26 17:11:00,2010-04-15 15:47:00,2
14381,United Kingdom,2010-09-14 16:15:00,2011-10-18 17:10:00,2
14382,United Kingdom,2010-11-14 16:27:00,2011-11-13 16:18:00,3
14383,United Kingdom,2011-06-29 10:18:00,2011-11-01 15:53:00,3
14384,United Kingdom,2010-07-27 09:53:00,2010-07-27 09:53:00,1
14385,United Kingdom,2011-11-16 11:55:00,2011-11-30 15:36:00,3
14386,United Kingdom,2011-02-16 09:45:00,2011-02-16 09:45:00,1
14387,United Kingdom,2011-08-22 14:13:00,2011-11-07 12:29:00,3
14388,United Kingdom,2010-01-20 11:54:00,2011-12-01 11:13:00,20
14389,United Kingdom,2009-12-10 19:13:00,2011-12-01 09:19:00,11
14390,United Kingdom,2010-10-10 14:30:00,2011-11-29 13:49:00,18
14391,United Kingdom,2010-05-12 09:42:00,2010-05-12 09:42:00,1
14392,United Kingdom,2010-10-03 12:56:00,2010-10-03 12:56:00,1
14393,United Kingdom,2011-05-05 18:16:00,2011-05-05 18:16:00,1
14394,United Kingdom,2010-05-24 10:43:00,2010-05-24 10:43:00,1
14395,United Kingdom,2010-04-18 13:12:00,2011-12-07 14:34:00,24
14396,United Kingdom,2009-12-02 14:21:00,2011-10-05 16:09:00,7
14397,United Kingdom,2011-05-10 12:25:00,2011-12-09 09:57:00,23
14398,United Kingdom,2010-06-30 11:57:00,2010-11-03 13:46:00,2
14399,United Kingdom,2010-02-03 13:08:00,2010-11-10 13:23:00,9
14400,United Kingdom,2010-03-18 12:11:00,2011-07-21 18:05:00,5
14401,United Kingdom,2009-12-14 13:22:00,2011-12-05 13:30:00,25
14402,United Kingdom,2010-02-25 13:20:00,2010-02-25 13:20:00,1
14403,United Kingdom,2010-03-10 14:00:00,2011-08-01 12:57:00,9
14404,United Kingdom,2009-12-20 14:40:00,2011-11-06 12:30:00,15
14405,United Kingdom,2010-11-18 11:40:00,2010-11-18 11:40:00,1
14406,United Kingdom,2011-08-12 16:54:00,2011-08-12 16:54:00,1
14407,United Kingdom,2011-03-08 11:59:00,2011-08-24 14:02:00,9
14408,United Kingdom,2009-12-07 12:18:00,2011-11-29 11:41:00,11
14409,United Kingdom,2010-05-21 16:45:00,2011-09-29 18:18:00,10
14410,United Kingdom,2010-09-28 15:46:00,2011-11-24 11:16:00,17
14411,United Kingdom,2011-02-02 10:56:00,2011-02-02 10:56:00,1
14412,United Kingdom,2010-10-11 12:33:00,2011-11-04 13:14:00,4
14413,United Kingdom,2010-01-19 14:27:00,2010-12-12 13:37:00,4
14414,United Kingdom,2010-11-30 10:12:00,2011-09-09 12:09:00,9
14415,United Kingdom,2009-12-16 14:08:00,2011-12-08 14:38:00,32
14416,United Kingdom,2011-10-28 15:10:00,2011-11-17 15:22:00,2
14417,United Kingdom,2010-11-17 10:55:00,2010-11-17 10:55:00,1
14418,United Kingdom,2011-08-23 17:18:00,2011-12-06 11:39:00,3
14419,United Kingdom,2010-11-22 11:09:00,2011-11-29 11:22:00,7
14420,United Kingdom,2010-01-17 12:41:00,2011-09-15 16:57:00,7
14421,United Kingdom,2010-01-17 11:30:00,2011-10-13 13:24:00,7
14422,United Kingdom,2009-12-17 12:12:00,2011-12-09 11:26:00,21
14423,United Kingdom,2010-01-14 11:49:00,2011-05-05 15:12:00,4
14424,United Kingdom,2011-11-22 11:48:00,2011-11-22 11:48:00,1
14425,United Kingdom,2009-12-02 11:31:00,2010-10-08 14:24:00,5
14426,United Kingdom,2010-03-04 14:36:00,2011-11-21 11:47:00,27
14427,United Kingdom,2010-03-18 09:49:00,2011-10-20 14:23:00,4
14428,United Kingdom,2011-01-18 16:39:00,2011-12-02 13:17:00,7
14429,United Kingdom,2010-11-01 10:08:00,2010-11-01 10:08:00,1
14430,United Kingdom,2010-04-11 15:59:00,2010-07-16 11:35:00,5
14431,United Kingdom,2010-01-21 10:49:00,2011-02-14 10:56:00,5
14432,United Kingdom,2011-09-11 14:09:00,2011-11-30 08:04:00,6
14433,United Kingdom,2010-08-31 12:35:00,2010-08-31 12:35:00,1
14434,United Kingdom,2011-09-28 15:31:00,2011-11-18 08:56:00,6
14435,United Kingdom,2010-07-26 12:33:00,2010-07-26 12:33:00,1
14436,United Kingdom,2010-06-04 11:32:00,2011-09-02 10:13:00,2
14437,United Kingdom,2010-05-05 12:20:00,2011-07-19 14:56:00,7
14438,United Kingdom,2011-02-06 14:56:00,2011-02-06 14:56:00,1
14439,Greece,2010-01-21 14:01:00,2011-01-24 11:39:00,5
14440,United Kingdom,2009-12-02 12:13:00,2011-12-01 15:42:00,15
14441,United Kingdom,2010-01-18 10:40:00,2011-12-09 09:07:00,19
14442,Channel Islands,2010-01-18 12:59:00,2011-12-08 11:53:00,12
14443,United Kingdom,2010-11-25 14:18:00,2011-10-17 10:10:00,8
14444,United Kingdom,2010-09-09 18:56:00,2010-09-09 18:56:00,1
14445,United Kingdom,2010-09-10 11:09:00,2010-09-10 11:09:00,1
14446,United Kingdom,2010-11-18 12:08:00,2011-12-09 11:34:00,5
14447,United Kingdom,2010-11-04 13:32:00,2011-11-21 08:28:00,6
14448,United Kingdom,2010-12-10 17:26:00,2011-11-30 13:50:00,2
14449,United Kingdom,2010-09-29 13:15:00,2011-11-21 12:06:00,8
14450,United Kingdom,2010-04-08 12:09:00,2011-06-12 10:46:00,7
14451,United Kingdom,2010-01-17 10:35:00,2011-10-10 13:38:00,18
14452,United Kingdom,2010-07-06 13:13:00,2011-11-29 12:06:00,4
14453,United Kingdom,2011-06-02 14:15:00,2011-06-02 14:15:00,1
14454,United Kingdom,2009-12-06 12:56:00,2010-11-28 13:26:00,6
14455,United Kingdom,2010-08-01 13:26:00,2010-10-03 15:48:00,5
14456,United Kingdom,2011-07-20 13:06:00,2011-12-04 13:59:00,14
14457,United Kingdom,2011-02-02 09:39:00,2011-02-02 09:39:00,1
14458,United Kingdom,2010-11-24 12:43:00,2010-11-24 12:43:00,1
14459,United Kingdom,2010-02-26 13:26:00,2011-07-07 13:35:00,3
14460,United Kingdom,2009-12-15 19:06:00,2011-08-21 14:19:00,12
14461,United Kingdom,2010-01-18 12:48:00,2011-07-14 17:11:00,14
14462,United Kingdom,2010-10-03 14:13:00,2011-10-07 09:22:00,16
14463,United Kingdom,2010-07-28 11:35:00,2011-09-02 15:20:00,4
14464,United Kingdom,2010-03-22 15:20:00,2010-05-20 18:00:00,2
14465,United Kingdom,2010-01-07 15:03:00,2011-04-07 12:38:00,11
14466,United Kingdom,2009-12-13 15:44:00,2011-11-10 14:07:00,13
14467,United Kingdom,2009-12-02 12:44:00,2011-11-22 12:48:00,12
14468,United Kingdom,2009-12-06 12:21:00,2009-12-06 12:21:00,1
14469,United Kingdom,2010-01-29 11:12:00,2010-10-19 14:30:00,4
14470,United Kingdom,2010-10-05 12:39:00,2011-11-28 10:31:00,3
14471,United Kingdom,2009-12-07 12:26:00,2010-04-27 17:12:00,2
14472,United Kingdom,2010-01-19 13:09:00,2011-08-28 11:01:00,9
14473,United Kingdom,2011-03-02 13:56:00,2011-09-26 15:10:00,2
14474,United Kingdom,2010-05-09 12:12:00,2011-10-27 12:57:00,3
14475,United Kingdom,2010-10-27 09:20:00,2011-09-29 10:46:00,7
14476,United Kingdom,2011-03-27 15:39:00,2011-03-27 15:39:00,1
14477,United Kingdom,2009-12-23 10:17:00,2011-11-20 11:11:00,10
14478,United Kingdom,2009-12-01 13:20:00,2010-11-22 15:29:00,4
14479,United Kingdom,2009-12-06 13:48:00,2011-03-31 09:07:00,4
14480,United Kingdom,2009-12-21 16:32:00,2011-11-28 16:35:00,5
14481,United Kingdom,2010-01-31 12:43:00,2011-06-28 10:38:00,6
14482,United Kingdom,2010-08-26 14:13:00,2011-11-21 13:14:00,14
14483,United Kingdom,2009-12-03 10:16:00,2011-07-13 09:45:00,3
14484,United Kingdom,2009-12-17 10:57:00,2011-10-20 14:11:00,4
14485,United Kingdom,2011-11-01 12:25:00,2011-11-01 12:25:00,1
14486,United Kingdom,2010-06-04 10:30:00,2010-07-16 09:42:00,2
14487,United Kingdom,2010-11-25 13:36:00,2011-11-13 12:17:00,8
14488,United Kingdom,2011-10-03 09:30:00,2011-10-19 14:39:00,2
14489,United Kingdom,2010-04-06 09:52:00,2011-05-16 14:51:00,4
14490,United Kingdom,2010-10-07 11:36:00,2010-10-29 15:04:00,2
14491,United Kingdom,2010-12-02 12:10:00,2011-06-17 15:22:00,2
14492,United Kingdom,2010-03-30 14:23:00,2010-10-05 13:21:00,10
14493,United Kingdom,2010-03-08 08:33:00,2011-12-02 16:14:00,14
14494,United Kingdom,2009-12-08 13:25:00,2011-11-14 09:21:00,3
14495,United Kingdom,2010-02-18 08:49:00,2011-10-20 12:28:00,4
14496,United Kingdom,2010-03-16 13:15:00,2011-02-01 09:01:00,10
14497,United Kingdom,2010-02-04 09:59:00,2011-02-11 15:20:00,3
14498,United Kingdom,2010-06-07 16:05:00,2011-10-28 12:09:00,10
14499,United Kingdom,2010-08-27 11:57:00,2011-11-13 13:01:00,10
14500,United Kingdom,2011-06-03 10:08:00,2011-09-12 16:45:00,3
14501,United Kingdom,2011-01-24 10:43:00,2011-10-06 20:15:00,3
14502,United Kingdom,2011-01-30 15:52:00,2011-11-20 11:50:00,14
14503,United Kingdom,2011-06-14 10:00:00,2011-12-06 13:30:00,6
14504,United Kingdom,2011-03-06 14:38:00,2011-10-23 16:00:00,4
14505,United Kingdom,2009-12-09 14:48:00,2011-11-22 15:45:00,27
14506,United Kingdom,2010-04-19 08:27:00,2011-11-22 13:02:00,7
14507,United Kingdom,2009-12-10 17:04:00,2011-11-16 12:21:00,14
14508,United Kingdom,2010-06-17 13:02:00,2011-11-17 19:48:00,6
14509,United Kingdom,2010-06-23 13:21:00,2010-06-23 13:21:00,1
14510,United Kingdom,2010-09-29 13:35:00,2010-11-29 12:46:00,4
14511,United Kingdom,2011-07-29 12:13:00,2011-11-28 17:05:00,6
14512,United Kingdom,2009-12-07 13:49:00,2011-06-05 12:39:00,7
14513,United Kingdom,2010-05-20 17:57:00,2011-08-31 11:25:00,7
14514,United Kingdom,2009-12-13 13:21:00,2011-10-09 16:05:00,10
14515,United Kingdom,2010-06-07 12:37:00,2011-11-22 11:37:00,15
14516,United Kingdom,2010-07-11 14:07:00,2010-07-11 14:07:00,1
14517,United Kingdom,2011-07-21 11:42:00,2011-11-06 14:20:00,2
14518,United Kingdom,2011-10-06 14:43:00,2011-10-06 14:43:00,1
14519,United Kingdom,2009-12-11 10:40:00,2010-01-25 11:18:00,2
14520,United Kingdom,2011-02-22 09:15:00,2011-12-08 09:46:00,2
14521,United Kingdom,2010-08-05 16:35:00,2010-08-19 13:04:00,2
14522,United Kingdom,2010-01-24 13:55:00,2011-11-15 13:24:00,8
14523,United Kingdom,2011-08-23 13:13:00,2011-08-23 13:13:00,1
14524,United Kingdom,2010-10-19 11:44:00,2011-11-08 12:29:00,13
14525,United Kingdom,2009-12-13 14:01:00,2011-12-01 08:53:00,21
14526,United Kingdom,2010-11-15 13:32:00,2010-11-15 13:32:00,1
14527,United Kingdom,2009-12-02 12:06:00,2011-12-07 12:19:00,190
14528,United Kingdom,2011-11-02 17:09:00,2011-11-02 17:09:00,1
14529,United Kingdom,2011-08-21 14:10:00,2011-10-10 15:27:00,3
14530,United Kingdom,2010-01-21 11:25:00,2011-11-14 10:38:00,19
14531,United Kingdom,2010-08-17 10:16:00,2010-08-17 10:16:00,1
14532,United Kingdom,2010-01-10 11:47:00,2011-04-17 13:05:00,12
14533,United Kingdom,2010-04-08 12:13:00,2011-11-15 12:05:00,15
14534,United Kingdom,2010-03-15 14:16:00,2011-12-07 12:19:00,38
14535,United Kingdom,2010-02-24 15:03:00,2011-10-11 16:24:00,11
14536,United Kingdom,2011-03-25 12:21:00,2011-03-25 12:21:00,1
14537,United Kingdom,2010-03-26 13:44:00,2011-10-13 10:54:00,3
14538,United Kingdom,2010-01-25 15:42:00,2011-10-06 10:31:00,5
14539,United Kingdom,2011-10-26 12:03:00,2011-11-24 09:50:00,2
14540,United Kingdom,2009-12-07 13:00:00,2011-11-30 10:15:00,12
14541,United Kingdom,2010-01-07 11:59:00,2011-10-12 10:08:00,14
14542,United Kingdom,2011-06-07 08:19:00,2011-06-07 08:19:00,1
14543,United Kingdom,2009-12-01 13:47:00,2011-12-06 10:32:00,50
14544,United Kingdom,2010-08-26 16:00:00,2011-11-15 15:06:00,3
14545,United Kingdom,2010-02-03 15:23:00,2010-02-03 15:23:00,1
14546,United Kingdom,2009-12-06 13:10:00,2011-12-05 16:33:00,20
14547,United Kingdom,2011-10-16 14:35:00,2011-12-06 11:06:00,9
14548,United Kingdom,2009-12-06 14:00:00,2011-07-12 12:19:00,9
14549,United Kingdom,2009-12-02 14:06:00,2011-02-01 13:47:00,4
14550,United Kingdom,2010-08-13 12:05:00,2011-11-29 12:12:00,4
14551,United Kingdom,2010-01-27 12:06:00,2011-11-21 13:36:00,9
14552,United Kingdom,2010-04-26 13:44:00,2011-07-11 12:49:00,3
14553,United Kingdom,2010-07-18 12:07:00,2011-11-20 13:20:00,10
14554,United Kingdom,2011-10-18 13:04:00,2011-11-29 16:44:00,4
14555,United Kingdom,2009-12-18 11:39:00,2011-10-13 16:24:00,7
14556,United Kingdom,2010-01-20 11:49:00,2010-04-22 14:57:00,3
14557,United Kingdom,2011-09-15 15:48:00,2011-10-06 20:36:00,2
14558,United Kingdom,2009-12-01 14:47:00,2010-02-24 17:01:00,5
14559,United Kingdom,2010-11-14 16:05:00,2010-11-14 16:05:00,1
14560,United Kingdom,2009-12-02 10:15:00,2011-12-02 15:22:00,46
14561,United Kingdom,2011-06-08 13:26:00,2011-09-25 12:39:00,3
14562,United Kingdom,2010-02-07 14:10:00,2011-12-06 11:05:00,30
14563,United Kingdom,2010-04-26 12:51:00,2010-07-18 12:01:00,2
14564,Channel Islands,2009-12-04 09:27:00,2010-10-08 14:20:00,5
14565,United Kingdom,2010-08-23 09:48:00,2011-09-05 12:37:00,7
14566,Channel Islands,2010-06-24 10:34:00,2011-08-21 11:05:00,4
14567,United Kingdom,2011-08-01 13:48:00,2011-11-04 13:57:00,3
14568,Channel Islands,2010-09-30 17:15:00,2010-10-11 17:03:00,2
14569,United Kingdom,2010-04-15 11:49:00,2011-12-08 14:58:00,4
14570,United Kingdom,2010-09-22 13:07:00,2011-03-04 10:58:00,3
14571,United Kingdom,2010-10-10 15:06:00,2010-10-10 15:06:00,1
14572,United Kingdom,2010-03-28 13:47:00,2011-12-06 14:40:00,15
14573,United Kingdom,2010-01-08 16:34:00,2011-06-13 11:15:00,17
14574,United Kingdom,2009-12-07 12:42:00,2009-12-07 12:42:00,1
14575,United Kingdom,2010-08-08 14:51:00,2010-08-08 14:51:00,1
14576,United Kingdom,2010-12-02 17:51:00,2010-12-02 17:51:00,1
14577,United Kingdom,2009-12-11 12:09:00,2011-11-27 12:47:00,7
14578,United Kingdom,2011-12-06 17:18:00,2011-12-06 17:18:00,1
14579,United Kingdom,2010-10-03 14:36:00,2010-10-03 14:36:00,1
14580,United Kingdom,2010-07-09 15:20:00,2010-07-09 15:20:00,1
14581,United Kingdom,2010-06-13 15:48:00,2011-11-23 12:39:00,2
14582,United Kingdom,2011-10-30 11:56:00,2011-10-30 11:56:00,1
14583,United Kingdom,2010-03-28 15:16:00,2011-12-04 12:32:00,8
14584,United Kingdom,2010-02-17 14:01:00,2011-06-23 18:33:00,9
14585,United Kingdom,2010-10-19 12:17:00,2011-10-20 14:33:00,5
14586,United Kingdom,2011-03-08 10:04:00,2011-04-26 17:32:00,3
14587,United Kingdom,2011-01-12 13:16:00,2011-11-21 11:34:00,10
14588,United Kingdom,2010-05-10 15:08:00,2010-05-10 15:08:00,1
14589,United Kingdom,2010-12-03 11:42:00,2010-12-03 11:42:00,1
14590,United Kingdom,2009-12-07 14:10:00,2010-10-11 12:06:00,28
14591,United Kingdom,2011-05-10 14:09:00,2011-11-24 13:57:00,4
14592,United Kingdom,2011-10-06 18:08:00,2011-11-04 16:35:00,3
14593,United Kingdom,2009-12-09 12:57:00,2011-11-18 12:48:00,18
14594,United Kingdom,2010-12-01 13:54:00,2011-12-02 13:28:00,2
14595,United Kingdom,2010-01-20 13:59:00,2011-11-20 12:12:00,8
14596,United Kingdom,2010-03-23 12:13:00,2010-03-23 12:13:00,1
14597,United Kingdom,2010-09-28 13:17:00,2011-11-28 13:13:00,6
14598,United Kingdom,2010-05-19 13:07:00,2011-10-26 13:19:00,3
14599,United Kingdom,2010-07-18 15:54:00,2010-11-14 14:49:00,2
14600,United Kingdom,2010-11-11 15:56:00,2011-02-07 09:48:00,2
14601,United Kingdom,2011-11-29 09:48:00,2011-11-29 09:48:00,1
14602,United Kingdom,2010-02-21 15:47:00,2010-02-21 15:47:00,1
14603,United Kingdom,2011-03-10 10:27:00,2011-03-10 10:27:00,1
14604,United Kingdom,2010-03-16 13:00:00,2010-03-16 13:00:00,1
14605,United Kingdom,2009-12-08 13:59:00,2010-11-30 14:07:00,4
14606,United Kingdom,2009-12-03 12:40:00,2011-12-08 19:28:00,259
14607,United Kingdom,2009-12-15 11:25:00,2011-11-24 10:35:00,27
14608,United Kingdom,2009-12-06 12:34:00,2011-12-05 16:52:00,12
14609,United Kingdom,2010-02-09 09:48:00,2011-09-28 12:54:00,11
14610,United Kingdom,2010-07-13 16:06:00,2010-11-09 10:58:00,2
14611,United Kingdom,2010-04-20 10:19:00,2010-09-26 16:07:00,3
14612,United Kingdom,2010-10-20 16:01:00,2010-10-20 16:01:00,1
14613,United Kingdom,2010-01-28 13:02:00,2010-01-28 13:02:00,1
14614,United Kingdom,2010-11-18 13:04:00,2010-11-18 13:04:00,1
14615,United Kingdom,2010-06-09 13:59:00,2010-11-10 13:36:00,6
14616,United Kingdom,2010-06-09 09:42:00,2011-04-11 09:54:00,5
14617,United Kingdom,2010-10-20 10:40:00,2010-11-02 11:41:00,2
14618,United Kingdom,2010-06-11 10:11:00,2011-11-30 13:45:00,9
14619,United Kingdom,2010-06-16 14:41:00,2011-04-14 17:13:00,3
14620,United Kingdom,2011-03-01 08:30:00,2011-05-19 14:14:00,3
14621,United Kingdom,2009-12-01 13:47:00,2011-12-08 16:22:00,16
14622,United Kingdom,2011-06-08 12:42:00,2011-06-08 12:42:00,1
14623,United Kingdom,2010-04-16 17:12:00,2011-11-07 13:56:00,12
14624,United Kingdom,2010-04-14 10:44:00,2011-10-13 13:44:00,6
14625,United Kingdom,2009-12-11 14:10:00,2011-06-07 15:40:00,18
14626,United Kingdom,2009-12-10 14:57:00,2011-12-01 08:55:00,15
14627,United Kingdom,2009-12-11 14:08:00,2011-02-01 10:49:00,3
14628,United Kingdom,2010-01-25 14:40:00,2011-09-09 14:58:00,5
14629,United Kingdom,2011-10-23 16:13:00,2011-12-05 16:55:00,3
14630,United Kingdom,2010-08-12 16:38:00,2010-08-12 16:38:00,1
14631,United Kingdom,2010-08-09 14:45:00,2011-10-20 11:17:00,7
14632,United Kingdom,2011-03-22 08:49:00,2011-03-22 08:49:00,1
14633,United Kingdom,2011-03-18 17:07:00,2011-03-18 17:07:00,1
14634,United Kingdom,2010-05-04 10:16:00,2010-09-28 10:40:00,7
14635,United Kingdom,2010-09-12 10:47:00,2010-09-12 10:47:00,1
14636,United Kingdom,2011-03-16 09:52:00,2011-11-03 16:12:00,2
14637,United Kingdom,2010-01-31 15:52:00,2010-01-31 15:52:00,1
14638,United Kingdom,2011-10-20 10:10:00,2011-10-20 10:10:00,1
14639,United Kingdom,2010-02-16 12:35:00,2011-10-18 15:06:00,11
14640,United Kingdom,2010-01-22 15:44:00,2011-11-24 11:00:00,16
14641,United Kingdom,2011-11-18 10:42:00,2011-11-18 10:42:00,1
14642,United Kingdom,2011-10-12 11:08:00,2011-10-12 11:08:00,1
14643,United Kingdom,2009-12-11 11:52:00,2011-06-22 14:41:00,6
14644,United Kingdom,2009-12-03 16:24:00,2011-11-30 14:58:00,12
14645,United Kingdom,2010-03-15 11:33:00,2011-07-06 09:15:00,4
14646,Netherlands,2009-12-02 16:52:00,2011-12-08 12:12:00,164
14647,United Kingdom,2010-07-04 13:27:00,2011-05-22 13:40:00,2
14648,United Kingdom,2009-12-10 13:59:00,2010-11-01 11:17:00,19
14649,United Kingdom,2010-01-20 13:10:00,2011-12-05 12:30:00,11
14650,United Kingdom,2010-04-29 20:27:00,2010-04-29 20:27:00,1
14651,United Kingdom,2010-03-18 11:39:00,2011-10-03 15:52:00,9
14652,United Kingdom,2011-09-23 14:21:00,2011-09-23 14:21:00,1
14653,United Kingdom,2009-12-02 11:51:00,2011-12-08 13:45:00,12
14654,United Kingdom,2009-12-01 12:57:00,2009-12-01 12:57:00,1
14655,United Kingdom,2010-04-22 14:29:00,2011-12-06 10:52:00,12
14656,United Kingdom,2010-04-15 12:10:00,2011-06-23 13:51:00,5
14657,United Kingdom,2010-09-30 19:57:00,2011-11-22 12:47:00,7
14658,United Kingdom,2011-08-14 15:42:00,2011-12-04 15:35:00,2
14659,United Kingdom,2011-01-28 12:43:00,2011-12-01 12:17:00,12
14660,United Kingdom,2011-08-31 10:40:00,2011-09-14 11:34:00,2
14661,United Kingdom,2011-11-13 11:51:00,2011-11-13 11:51:00,1
14662,United Kingdom,2009-12-03 16:47:00,2011-11-11 12:13:00,7
14663,United Kingdom,2010-10-05 13:12:00,2010-10-05 13:21:00,2
14664,United Kingdom,2011-11-06 14:56:00,2011-11-20 10:59:00,2
14665,United Kingdom,2010-04-26 11:17:00,2011-10-10 11:54:00,9
14666,United Kingdom,2011-11-15 12:57:00,2011-11-15 12:57:00,1
14667,United Kingdom,2009-12-02 12:38:00,2011-11-29 11:30:00,61
14668,United Kingdom,2010-09-20 15:03:00,2010-09-20 15:03:00,1
14669,United Kingdom,2009-12-02 13:06:00,2011-04-12 11:43:00,7
14670,United Kingdom,2009-12-07 13:59:00,2011-03-04 14:13:00,3
14671,United Kingdom,2010-05-20 18:21:00,2010-06-08 13:39:00,2
14672,United Kingdom,2010-01-28 11:33:00,2011-04-19 10:19:00,4
14673,United Kingdom,2010-10-26 10:14:00,2011-12-06 14:31:00,7
14674,United Kingdom,2010-07-18 14:25:00,2010-07-18 14:25:00,1
14675,United Kingdom,2010-11-16 12:22:00,2011-11-23 12:58:00,2
14676,United Kingdom,2010-03-10 09:30:00,2011-11-08 13:29:00,16
14677,United Kingdom,2010-04-26 09:48:00,2010-04-26 09:48:00,1
14678,United Kingdom,2010-05-09 14:32:00,2010-05-17 14:27:00,2
14679,United Kingdom,2009-12-08 17:13:00,2010-12-03 10:07:00,5
14680,United Kingdom,2009-12-04 12:36:00,2011-11-14 16:59:00,87
14681,United Kingdom,2010-02-24 08:54:00,2011-09-29 15:52:00,6
14682,United Kingdom,2010-02-05 14:47:00,2011-06-05 12:12:00,6
14683,United Kingdom,2010-04-30 17:18:00,2010-04-30 17:18:00,1
14684,United Kingdom,2010-11-14 14:07:00,2011-11-14 11:33:00,6
14685,United Kingdom,2009-12-13 10:32:00,2010-05-12 13:08:00,13
14686,United Kingdom,2010-02-18 15:48:00,2010-10-21 18:31:00,6
14687,United Kingdom,2010-06-06 10:36:00,2011-08-25 11:59:00,3
14688,United Kingdom,2010-09-09 12:35:00,2011-12-02 12:26:00,34
14689,United Kingdom,2011-05-15 11:22:00,2011-05-15 11:22:00,1
14690,United Kingdom,2010-10-25 12:20:00,2011-10-26 15:39:00,5
14691,United Kingdom,2011-05-11 09:55:00,2011-11-09 12:30:00,5
14692,United Kingdom,2010-04-01 14:04:00,2011-07-25 15:08:00,13
14693,United Kingdom,2010-07-02 08:28:00,2011-03-20 12:50:00,8
14694,United Kingdom,2010-04-01 19:46:00,2010-04-01 19:46:00,1
14695,United Kingdom,2009-12-07 11:05:00,2010-07-08 14:18:00,4
14696,United Kingdom,2010-10-14 11:43:00,2011-12-05 13:43:00,10
14697,United Kingdom,2011-05-05 15:29:00,2011-05-05 15:39:00,2
14698,United Kingdom,2011-10-19 12:54:00,2011-12-08 12:26:00,5
14699,United Kingdom,2010-07-02 12:04:00,2011-05-09 14:54:00,4
14700,United Kingdom,2010-08-11 12:19:00,2011-11-07 14:40:00,5
14701,United Kingdom,2010-01-24 12:15:00,2011-11-29 12:38:00,18
14702,United Kingdom,2009-12-10 20:22:00,2011-12-08 19:29:00,32
14703,United Kingdom,2011-11-25 09:23:00,2011-11-25 09:23:00,1
14704,United Kingdom,2010-03-25 17:21:00,2011-11-28 12:51:00,11
14705,United Kingdom,2011-05-25 12:39:00,2011-05-25 12:39:00,1
14706,United Kingdom,2010-03-31 11:09:00,2010-03-31 11:09:00,1
14707,United Kingdom,2010-05-12 11:07:00,2010-09-30 11:37:00,2
14708,United Kingdom,2010-09-10 10:26:00,2011-12-07 08:21:00,6
14709,United Kingdom,2009-12-05 15:26:00,2011-11-24 15:41:00,27
14710,United Kingdom,2009-12-03 17:12:00,2011-11-25 14:53:00,13
14711,United Kingdom,2011-03-22 13:32:00,2011-11-29 14:58:00,12
14712,United Kingdom,2010-10-17 14:49:00,2011-11-10 12:59:00,4
14713,United Kingdom,2009-12-03 19:22:00,2011-11-30 16:26:00,25
14714,United Kingdom,2010-01-21 11:06:00,2011-11-15 13:07:00,7
14715,United Kingdom,2010-01-19 12:18:00,2011-11-15 12:10:00,8
14716,United Kingdom,2010-09-21 12:07:00,2011-10-27 17:29:00,3
14717,United Kingdom,2009-12-06 12:46:00,2009-12-06 13:05:00,2
14718,United Kingdom,2010-10-25 13:07:00,2010-10-25 13:07:00,1
14719,United Kingdom,2011-04-04 14:17:00,2011-12-08 12:43:00,6
14720,United Kingdom,2011-08-05 12:06:00,2011-12-04 12:02:00,3
14721,United Kingdom,2010-11-25 13:08:00,2010-11-25 13:08:00,1
14722,United Kingdom,2010-08-10 13:28:00,2011-07-15 14:58:00,3
14723,United Kingdom,2009-12-04 11:22:00,2011-11-29 15:23:00,11
14724,United Kingdom,2010-04-28 13:26:00,2010-04-28 13:26:00,1
14725,United Kingdom,2010-06-23 11:34:00,2011-11-15 12:42:00,5
14726,United Kingdom,2010-02-23 12:35:00,2010-02-23 12:35:00,1
14727,United Kingdom,2010-06-11 13:23:00,2011-03-10 14:45:00,4
14728,United Kingdom,2010-10-22 15:57:00,2010-10-22 15:57:00,1
14729,United Kingdom,2010-03-24 13:30:00,2010-12-01 12:43:00,3
14730,United Kingdom,2011-03-08 12:49:00,2011-12-08 14:39:00,8
14731,United Kingdom,2011-05-11 13:06:00,2011-10-23 15:54:00,3
14732,United Kingdom,2009-12-09 10:48:00,2011-12-01 14:34:00,24
14733,United Kingdom,2010-11-02 15:42:00,2011-11-30 14:54:00,18
14734,United Kingdom,2010-06-06 15:15:00,2010-10-19 13:09:00,5
14735,United Kingdom,2009-12-04 11:32:00,2011-12-06 12:09:00,59
14736,United Kingdom,2010-08-11 15:13:00,2010-08-11 15:21:00,2
14737,United Kingdom,2010-11-04 11:29:00,2011-12-06 10:16:00,4
14738,United Kingdom,2009-12-07 10:21:00,2011-10-31 12:57:00,12
14739,United Kingdom,2009-12-02 13:23:00,2011-12-07 14:32:00,28
14740,United Kingdom,2010-02-25 11:40:00,2011-06-01 15:17:00,13
14741,United Kingdom,2010-10-18 09:33:00,2011-11-28 08:48:00,7
14742,United Kingdom,2010-09-30 14:07:00,2010-09-30 14:07:00,1
14743,United Kingdom,2010-04-26 10:26:00,2010-04-26 10:26:00,1
14744,United Kingdom,2010-05-18 14:06:00,2011-11-23 12:51:00,17
14745,United Kingdom,2010-03-12 10:33:00,2011-08-19 10:05:00,17
14746,United Kingdom,2010-10-12 11:06:00,2010-10-29 14:44:00,4
14747,United Kingdom,2011-04-04 14:09:00,2011-04-06 10:17:00,2
14748,United Kingdom,2009-12-01 11:56:00,2011-11-10 18:33:00,16
14749,United Kingdom,2010-08-17 12:36:00,2010-08-17 12:36:00,1
14750,United Kingdom,2009-12-03 17:57:00,2009-12-03 17:57:00,1
14751,United Kingdom,2009-12-13 14:08:00,2010-01-24 13:37:00,2
14752,United Kingdom,2011-10-27 11:55:00,2011-10-27 11:55:00,1
14753,United Kingdom,2010-09-05 11:04:00,2011-09-13 14:50:00,2
14754,United Kingdom,2010-01-18 11:04:00,2011-10-26 12:01:00,7
14755,United Kingdom,2009-12-03 16:51:00,2011-11-30 11:24:00,30
14756,United Kingdom,2010-10-11 11:50:00,2011-11-24 18:13:00,4
14757,United Kingdom,2011-09-25 14:36:00,2011-09-25 14:36:00,1
14758,United Kingdom,2010-04-08 08:27:00,2011-07-18 08:21:00,7
14759,United Kingdom,2011-04-21 10:55:00,2011-12-05 12:03:00,3
14760,United Kingdom,2011-02-15 16:27:00,2011-02-18 14:36:00,2
14761,United Kingdom,2010-09-21 14:22:00,2011-10-12 12:10:00,3
14762,United Kingdom,2010-03-23 15:36:00,2011-03-21 08:20:00,2
14763,United Kingdom,2009-12-07 17:59:00,2009-12-07 17:59:00,1
14764,United Kingdom,2011-10-24 11:54:00,2011-10-27 10:46:00,2
14765,United Kingdom,2011-06-16 19:49:00,2011-11-10 19:53:00,3
14766,United Kingdom,2010-06-06 11:11:00,2011-12-01 16:05:00,14
14767,United Kingdom,2010-08-22 14:54:00,2010-08-22 14:54:00,1
14768,United Kingdom,2011-08-04 13:25:00,2011-11-22 12:54:00,3
14769,United Kingdom,2009-12-16 09:17:00,2011-12-07 10:24:00,21
14770,United Kingdom,2010-02-25 18:58:00,2011-04-21 14:21:00,9
14771,United Kingdom,2009-12-03 09:44:00,2010-04-13 10:34:00,3
14772,United Kingdom,2011-08-19 15:04:00,2011-08-19 15:04:00,1
14773,United Kingdom,2010-04-26 10:29:00,2010-04-30 10:30:00,2
14774,United Kingdom,2010-06-29 12:26:00,2010-06-29 12:26:00,1
14775,United Kingdom,2010-12-02 16:38:00,2011-10-12 15:27:00,3
14776,United Kingdom,2010-09-19 14:12:00,2011-10-19 15:34:00,19
14777,United Kingdom,2010-11-01 12:50:00,2011-12-05 13:20:00,4
14778,United Kingdom,2011-02-04 11:43:00,2011-08-04 15:23:00,2
14779,United Kingdom,2011-01-20 12:04:00,2011-03-04 12:42:00,3
14780,United Kingdom,2011-09-21 15:15:00,2011-10-16 12:46:00,2
14781,United Kingdom,2010-10-15 15:25:00,2010-10-15 15:25:00,1
14782,United Kingdom,2011-01-24 11:12:00,2011-01-24 11:12:00,1
14783,United Kingdom,2010-02-18 16:16:00,2010-02-22 16:08:00,2
14784,United Kingdom,2010-11-15 09:49:00,2011-11-13 13:30:00,3
14785,United Kingdom,2011-11-24 13:40:00,2011-11-29 13:21:00,2
14786,United Kingdom,2010-06-07 13:42:00,2010-06-07 13:42:00,1
14787,United Kingdom,2010-08-25 14:38:00,2010-08-25 14:38:00,1
14788,United Kingdom,2010-04-22 18:16:00,2011-12-02 17:06:00,3
14789,United Kingdom,2011-11-11 08:59:00,2011-11-11 08:59:00,1
14790,United Kingdom,2009-12-11 14:37:00,2011-11-23 09:28:00,10
14791,United Kingdom,2010-04-12 10:24:00,2010-04-12 10:24:00,1
14792,United Kingdom,2011-10-06 18:34:00,2011-10-07 09:19:00,2
14793,United Kingdom,2010-06-22 16:54:00,2011-12-05 16:25:00,3
14794,United Kingdom,2010-08-09 15:44:00,2011-12-07 10:11:00,13
14795,United Kingdom,2011-06-26 13:04:00,2011-06-26 13:04:00,1
14796,United Kingdom,2009-12-14 15:06:00,2011-12-08 15:31:00,39
14797,United Kingdom,2010-07-20 14:07:00,2010-07-20 14:07:00,1
14798,United Kingdom,2010-03-01 08:38:00,2011-10-18 10:58:00,9
14799,United Kingdom,2009-12-02 11:18:00,2011-10-19 16:16:00,2
14800,United Kingdom,2010-09-30 14:38:00,2011-10-23 12:46:00,23
14801,United Kingdom,2011-10-09 15:24:00,2011-10-09 15:24:00,1
14802,United Kingdom,2010-09-24 13:42:00,2010-10-05 14:49:00,6
14803,United Kingdom,2011-02-20 13:21:00,2011-06-30 13:58:00,3
14804,United Kingdom,2011-12-01 11:20:00,2011-12-01 11:20:00,1
14805,United Kingdom,2010-03-28 12:34:00,2011-11-24 16:20:00,7
14806,United Kingdom,2010-09-26 15:50:00,2011-09-25 15:32:00,2
14807,United Kingdom,2010-02-28 11:33:00,2010-11-14 12:47:00,2
14808,United Kingdom,2011-06-20 12:53:00,2011-10-31 12:21:00,15
14809,United Kingdom,2010-03-28 15:42:00,2010-03-28 15:44:00,2
14810,United Kingdom,2010-10-06 13:12:00,2011-10-30 11:19:00,13
14811,United Kingdom,2010-11-17 13:09:00,2010-11-17 13:09:00,1
14812,United Kingdom,2010-04-20 12:13:00,2010-04-20 12:13:00,1
14813,United Kingdom,2010-04-08 11:49:00,2010-12-05 11:57:00,4
14814,United Kingdom,2010-05-07 14:10:00,2010-05-07 14:10:00,1
14815,United Kingdom,2011-10-03 11:36:00,2011-11-03 11:36:00,2
14816,United Kingdom,2011-05-26 13:16:00,2011-05-26 13:16:00,1
14817,United Kingdom,2009-12-08 18:52:00,2011-05-23 13:35:00,9
14818,United Kingdom,2010-03-02 12:48:00,2011-09-27 11:01:00,6
14819,United Kingdom,2009-12-21 15:54:00,2011-10-06 13:41:00,4
14820,United Kingdom,2010-01-31 12:49:00,2011-11-18 15:41:00,9
14821,United Kingdom,2010-02-01 13:33:00,2010-12-08 08:43:00,7
14822,United Kingdom,2010-08-11 12:52:00,2010-08-11 12:52:00,1
14823,United Kingdom,2011-05-29 12:48:00,2011-06-12 13:12:00,3
14824,United Kingdom,2010-03-12 13:07:00,2011-11-29 14:20:00,12
14825,United Kingdom,2010-04-06 14:14:00,2011-12-06 11:38:00,27
14826,United Kingdom,2010-01-13 13:08:00,2010-05-07 09:00:00,2
14827,United Kingdom,2010-02-12 15:47:00,2010-02-12 15:47:00,1
14828,United Kingdom,2009-12-07 11:19:00,2011-05-27 10:16:00,14
14829,United Kingdom,2010-09-29 13:14:00,2011-11-10 16:16:00,9
14830,United Kingdom,2011-10-17 14:29:00,2011-10-17 14:29:00,1
14831,United Kingdom,2009-12-02 09:21:00,2010-05-14 14:23:00,7
14832,United Kingdom,2010-03-19 13:56:00,2010-03-19 15:15:00,3
14833,United Kingdom,2010-07-29 10:06:00,2010-07-29 10:06:00,1
14834,United Kingdom,2010-10-28 17:37:00,2011-11-22 10:30:00,9
14835,United Kingdom,2010-04-01 19:34:00,2010-06-30 17:30:00,3
14836,United Kingdom,2011-11-09 13:26:00,2011-11-29 16:45:00,3
14837,United Kingdom,2010-01-24 10:20:00,2011-09-11 10:58:00,12
14838,United Kingdom,2009-12-03 09:52:00,2010-10-12 15:46:00,2
14839,United Kingdom,2010-01-04 16:29:00,2010-10-17 13:01:00,3
14840,United Kingdom,2010-06-18 15:42:00,2011-03-17 12:00:00,3
14841,United Kingdom,2009-12-02 16:49:00,2011-10-17 15:03:00,14
14842,United Kingdom,2011-02-04 15:32:00,2011-11-04 13:09:00,8
14843,United Kingdom,2010-09-29 12:39:00,2010-09-29 12:39:00,1
14844,United Kingdom,2010-04-12 12:50:00,2011-10-07 10:41:00,12
14845,United Kingdom,2010-04-19 10:19:00,2010-04-19 10:19:00,1
14846,United Kingdom,2010-10-08 17:07:00,2010-10-12 15:30:00,2
14847,United Kingdom,2010-05-24 12:29:00,2011-07-14 10:52:00,4
14848,United Kingdom,2010-10-31 12:22:00,2010-10-31 12:22:00,1
14849,United Kingdom,2010-01-10 11:40:00,2011-11-18 10:58:00,50
14850,United Kingdom,2010-05-20 13:28:00,2011-02-01 11:21:00,9
14851,United Kingdom,2010-03-19 11:52:00,2011-11-16 14:20:00,3
14852,United Kingdom,2010-03-05 14:51:00,2011-10-12 13:20:00,21
14853,United Kingdom,2010-04-13 09:26:00,2011-12-01 09:44:00,7
14854,United Kingdom,2010-01-22 09:48:00,2011-09-22 17:00:00,14
14855,United Kingdom,2010-04-08 10:30:00,2011-08-12 14:02:00,7
14856,United Kingdom,2011-10-14 09:35:00,2011-11-03 14:53:00,3
14857,United Kingdom,2010-03-15 11:00:00,2011-10-11 09:23:00,10
14858,United Kingdom,2010-07-22 10:51:00,2010-07-22 10:51:00,1
14859,United Kingdom,2010-06-03 10:26:00,2011-11-27 11:18:00,6
14860,United Kingdom,2011-11-20 14:17:00,2011-12-01 09:44:00,2
14861,United Kingdom,2009-12-08 12:12:00,2011-10-18 12:54:00,14
14862,United Kingdom,2011-07-14 11:20:00,2011-11-14 10:01:00,2
14863,United Kingdom,2011-11-10 15:04:00,2011-11-10 15:04:00,1
14864,United Kingdom,2009-12-08 17:07:00,2009-12-08 17:07:00,1
14865,United Kingdom,2009-12-01 16:05:00,2011-12-02 16:25:00,4
14866,United Kingdom,2010-08-26 11:54:00,2011-11-29 11:45:00,20
14867,United Kingdom,2009-12-05 15:47:00,2011-06-07 11:39:00,19
14868,United Kingdom,2010-10-15 14:52:00,2011-12-06 14:49:00,13
14869,United Kingdom,2009-12-16 11:43:00,2011-12-06 10:55:00,9
14870,United Kingdom,2010-01-25 09:05:00,2011-03-23 10:51:00,9
14871,United Kingdom,2009-12-01 11:57:00,2011-12-06 13:42:00,9
14872,United Kingdom,2010-03-16 14:41:00,2010-08-16 10:44:00,4
14873,United Kingdom,2010-03-16 10:51:00,2011-05-13 13:52:00,2
14874,United Kingdom,2010-06-22 14:58:00,2010-06-22 14:58:00,1
14875,United Kingdom,2010-09-24 10:28:00,2011-11-30 14:41:00,7
14876,United Kingdom,2010-05-27 13:49:00,2010-07-06 14:57:00,2
14877,United Kingdom,2010-03-07 12:25:00,2010-10-17 13:09:00,2
14878,United Kingdom,2010-02-21 11:14:00,2011-11-27 11:15:00,28
14879,United Kingdom,2010-01-24 11:35:00,2010-01-24 11:35:00,1
14880,United Kingdom,2011-02-24 12:27:00,2011-09-23 13:42:00,3
14881,United Kingdom,2011-11-20 11:06:00,2011-11-20 11:06:00,1
14882,United Kingdom,2010-03-30 15:02:00,2011-11-13 12:47:00,15
14883,United Kingdom,2011-05-12 09:49:00,2011-11-21 10:23:00,7
14884,United Kingdom,2010-02-08 12:56:00,2010-02-08 12:56:00,1
14885,United Kingdom,2010-08-31 10:11:00,2011-07-31 12:05:00,4
14886,United Kingdom,2011-04-01 08:56:00,2011-04-01 08:56:00,1
14887,United Kingdom,2011-09-21 15:32:00,2011-09-21 15:32:00,1
14888,United Kingdom,2011-05-16 14:58:00,2011-05-16 14:58:00,1
14889,United Kingdom,2011-01-07 15:19:00,2011-01-07 15:19:00,1
14890,United Kingdom,2010-02-18 09:00:00,2011-03-31 11:57:00,3
14891,United Kingdom,2010-09-29 12:41:00,2011-07-14 18:08:00,4
14892,United Kingdom,2010-01-18 08:58:00,2010-01-18 08:58:00,1
14893,United Kingdom,2010-04-01 09:03:00,2011-11-30 12:31:00,6
14894,United Kingdom,2009-12-02 10:42:00,2011-09-15 13:51:00,5
14895,United Kingdom,2009-12-03 10:58:00,2011-12-02 09:23:00,48
14896,United Kingdom,2009-12-06 12:42:00,2011-05-19 10:20:00,10
14897,United Kingdom,2009-12-15 17:05:00,2011-12-02 10:32:00,9
14898,United Kingdom,2009-12-03 16:40:00,2011-11-16 14:54:00,18
14899,United Kingdom,2010-11-09 15:20:00,2010-11-09 15:20:00,1
14900,United Kingdom,2010-07-05 15:09:00,2010-07-05 15:09:00,1
14901,United Kingdom,2010-07-29 11:11:00,2011-11-28 17:09:00,13
14902,United Kingdom,2010-06-04 12:35:00,2011-11-18 17:09:00,5
14903,United Kingdom,2011-03-06 11:50:00,2011-11-18 16:07:00,10
14904,United Kingdom,2010-10-08 12:48:00,2011-12-07 12:55:00,4
14905,United Kingdom,2009-12-03 14:36:00,2011-07-08 13:36:00,10
14906,United Kingdom,2010-09-20 15:19:00,2010-09-20 16:33:00,3
14907,United Kingdom,2009-12-08 18:35:00,2011-12-06 14:14:00,23
14908,United Kingdom,2010-09-02 16:39:00,2011-09-26 12:56:00,2
14909,United Kingdom,2010-02-14 15:47:00,2010-10-07 16:47:00,5
14910,United Kingdom,2011-10-16 11:06:00,2011-12-07 10:06:00,7
14911,EIRE,2009-12-01 11:41:00,2011-12-08 15:54:00,510
14912,Italy,2010-01-26 16:29:00,2011-11-23 12:29:00,11
14913,United Kingdom,2010-08-11 08:40:00,2011-11-04 08:29:00,8
14914,United Kingdom,2010-04-13 10:14:00,2010-04-13 10:14:00,1
14915,United Kingdom,2009-12-03 10:17:00,2011-09-15 10:27:00,13
14916,United Kingdom,2010-04-01 10:57:00,2011-09-30 09:20:00,11
14917,United Kingdom,2010-04-22 09:44:00,2010-04-22 11:28:00,2
14918,United Kingdom,2010-04-08 11:18:00,2011-08-16 11:50:00,9
14919,United Kingdom,2010-06-18 13:06:00,2010-06-18 13:06:00,1
14920,United Kingdom,2010-05-23 15:25:00,2011-05-11 10:32:00,3
14921,United Kingdom,2011-05-22 12:51:00,2011-11-09 13:17:00,2
14922,United Kingdom,2010-07-20 09:45:00,2010-11-11 11:14:00,2
14923,United Kingdom,2011-10-20 11:51:00,2011-10-20 11:51:00,1
14924,United Kingdom,2010-03-10 12:51:00,2011-04-08 09:25:00,3
14925,United Kingdom,2009-12-08 13:44:00,2009-12-08 13:44:00,1
14926,United Kingdom,2010-04-20 09:59:00,2010-11-23 07:13:00,3
14927,United Kingdom,2010-11-08 12:30:00,2010-11-08 12:30:00,1
14928,United Kingdom,2010-03-22 09:14:00,2010-03-30 15:51:00,2
14929,United Kingdom,2010-10-14 12:22:00,2011-11-07 17:21:00,2
14930,Channel Islands,2010-04-12 11:22:00,2011-08-23 10:31:00,9
14931,Channel Islands,2011-04-13 09:32:00,2011-12-05 10:19:00,6
14932,Channel Islands,2010-11-19 09:16:00,2010-12-09 11:48:00,2
14933,Channel Islands,2010-09-21 17:29:00,2010-09-22 10:47:00,5
14934,Channel Islands,2010-09-24 12:08:00,2011-09-28 09:45:00,9
14935,Channel Islands,2010-03-30 11:48:00,2011-02-15 14:44:00,2
14936,Channel Islands,2010-05-05 12:26:00,2011-11-30 15:07:00,14
14937,Channel Islands,2011-08-01 14:16:00,2011-10-14 12:29:00,4
14938,Channel Islands,2010-05-26 13:35:00,2010-07-25 16:00:00,4
14939,Channel Islands,2010-03-19 12:35:00,2010-03-19 12:35:00,1
14940,United Kingdom,2009-12-06 15:46:00,2010-10-18 10:47:00,2
14941,United Kingdom,2010-05-10 11:30:00,2010-05-10 11:30:00,1
14942,United Kingdom,2009-12-10 10:00:00,2010-11-03 10:51:00,5
14943,United Kingdom,2010-02-14 16:04:00,2010-02-14 16:04:00,1
14944,United Kingdom,2010-02-17 08:47:00,2011-11-10 09:10:00,24
14945,United Kingdom,2010-10-22 11:26:00,2010-10-22 11:26:00,1
14946,United Kingdom,2011-11-25 13:33:00,2011-11-25 13:33:00,1
14947,United Kingdom,2010-03-25 11:29:00,2011-09-28 15:48:00,6
14948,United Kingdom,2011-05-04 14:52:00,2011-11-16 17:16:00,7
14949,United Kingdom,2009-12-18 15:28:00,2010-09-06 12:16:00,6
14950,United Kingdom,2011-11-20 13:48:00,2011-12-01 09:42:00,2
14951,United Kingdom,2011-09-21 15:15:00,2011-09-21 15:15:00,1
14952,United Kingdom,2009-12-03 15:34:00,2011-10-24 13:50:00,43
14953,United Kingdom,2010-09-30 12:16:00,2011-11-14 14:59:00,5
14954,United Kingdom,2010-01-05 16:38:00,2011-11-27 14:30:00,2
14955,United Kingdom,2009-12-07 11:35:00,2009-12-07 11:35:00,1
14956,United Kingdom,2010-10-14 16:40:00,2010-10-14 16:40:00,1
14957,United Kingdom,2010-03-05 10:50:00,2011-03-31 17:59:00,2
14958,United Kingdom,2009-12-03 16:02:00,2011-07-15 14:20:00,6
14959,United Kingdom,2011-02-16 13:00:00,2011-10-11 16:28:00,5
14960,United Kingdom,2011-06-21 13:38:00,2011-12-01 12:54:00,2
14961,United Kingdom,2009-12-04 11:32:00,2011-11-29 09:42:00,28
14962,United Kingdom,2010-05-04 14:57:00,2011-03-14 09:42:00,4
14963,United Kingdom,2010-07-02 12:43:00,2011-11-30 12:16:00,13
14964,United Kingdom,2011-04-06 14:13:00,2011-04-06 14:13:00,1
14965,United Kingdom,2011-09-04 13:15:00,2011-09-04 13:20:00,2
14966,United Kingdom,2009-12-15 13:48:00,2011-11-25 12:20:00,6
14967,United Kingdom,2009-12-03 14:07:00,2011-10-21 11:06:00,7
14968,United Kingdom,2010-09-07 13:28:00,2011-11-09 13:58:00,2
14969,United Kingdom,2010-01-05 12:43:00,2010-01-05 12:43:00,1
14970,United Kingdom,2010-02-14 13:37:00,2011-10-02 13:44:00,16
14971,United Kingdom,2011-10-27 13:33:00,2011-11-04 17:07:00,3
14972,United Kingdom,2010-11-23 16:17:00,2011-08-03 14:54:00,2
14973,United Kingdom,2011-04-28 12:22:00,2011-08-24 15:51:00,3
14974,United Kingdom,2011-11-02 13:01:00,2011-11-02 13:01:00,1
14975,United Kingdom,2010-10-14 14:11:00,2011-10-13 14:08:00,2
14976,United Kingdom,2011-01-17 11:09:00,2011-10-13 16:37:00,8
14977,United Kingdom,2009-12-14 10:37:00,2009-12-14 10:37:00,1
14978,United Kingdom,2010-04-28 10:50:00,2011-09-28 13:07:00,12
14979,United Kingdom,2009-12-04 12:54:00,2009-12-04 12:54:00,1
14980,United Kingdom,2009-12-02 14:09:00,2009-12-02 14:09:00,1
14981,United Kingdom,2010-10-12 11:04:00,2011-04-07 13:45:00,3
14982,United Kingdom,2010-05-16 15:52:00,2010-05-16 15:52:00,1
14983,United Kingdom,2010-01-19 17:32:00,2010-01-19 17:32:00,1
14984,United Kingdom,2010-01-11 13:22:00,2011-11-20 14:28:00,6
14985,United Kingdom,2010-12-16 19:51:00,2011-05-25 14:29:00,2
14986,United Kingdom,2010-01-24 15:54:00,2010-11-28 15:25:00,2
14987,United Kingdom,2009-12-02 14:56:00,2011-11-24 09:59:00,9
14988,United Kingdom,2010-04-16 13:34:00,2011-05-12 12:05:00,7
14989,United Kingdom,2010-02-16 10:40:00,2010-02-16 10:40:00,1
14990,United Kingdom,2009-12-09 13:31:00,2010-04-06 13:54:00,2
14991,United Kingdom,2010-10-05 13:01:00,2010-10-05 13:01:00,1
14992,United Kingdom,2010-09-23 17:48:00,2010-09-23 17:48:00,1
14993,United Kingdom,2010-05-25 12:47:00,2010-05-25 12:47:00,1
14994,United Kingdom,2010-03-26 12:40:00,2010-11-22 12:59:00,8
14995,United Kingdom,2011-03-04 13:14:00,2011-11-01 11:39:00,2
14996,United Kingdom,2010-08-15 13:41:00,2010-08-15 13:44:00,2
14997,United Kingdom,2010-02-22 12:11:00,2011-10-24 13:28:00,5
14998,United Kingdom,2010-04-13 16:07:00,2011-06-22 17:30:00,4
14999,United Kingdom,2010-04-26 10:47:00,2010-04-26 10:47:00,1
15000,United Kingdom,2011-10-23 11:42:00,2011-10-23 11:42:00,1
15001,United Kingdom,2010-11-10 13:31:00,2010-11-10 13:51:00,2
15002,United Kingdom,2010-01-12 11:40:00,2011-08-16 10:44:00,9
15003,United Kingdom,2010-01-26 13:04:00,2010-08-23 15:44:00,7
15004,United Kingdom,2011-07-15 14:05:00,2011-07-15 14:05:00,1
15005,United Kingdom,2009-12-01 13:20:00,2011-11-24 12:25:00,76
15006,United Kingdom,2010-09-12 13:03:00,2011-10-19 15:08:00,2
15007,United Kingdom,2011-07-03 16:00:00,2011-07-03 16:00:00,1
15008,United Kingdom,2010-03-12 11:13:00,2010-08-16 13:09:00,2
15009,United Kingdom,2011-11-14 17:40:00,2011-11-27 13:35:00,3
15010,United Kingdom,2011-11-04 12:42:00,2011-11-04 12:42:00,1
15011,United Kingdom,2010-10-19 12:05:00,2010-11-09 11:10:00,2
15012,United Kingdom,2010-05-12 11:49:00,2011-10-17 12:22:00,3
15013,United Kingdom,2010-01-31 12:15:00,2010-08-09 12:05:00,10
15014,United Kingdom,2011-06-16 19:40:00,2011-10-27 20:07:00,2
15015,United Kingdom,2009-12-14 13:49:00,2010-07-26 13:50:00,20
15016,United Kingdom,2010-06-14 13:06:00,2011-06-20 12:06:00,6
15017,United Kingdom,2011-11-06 10:33:00,2011-11-06 10:33:00,1
15018,United Kingdom,2010-12-07 10:47:00,2011-11-01 12:47:00,4
15019,United Kingdom,2011-03-18 12:35:00,2011-03-18 12:35:00,1
15020,United Kingdom,2010-11-25 13:29:00,2010-11-25 13:29:00,1
15021,United Kingdom,2010-07-29 16:35:00,2011-12-01 11:53:00,17
15022,United Kingdom,2010-01-31 16:02:00,2011-11-28 12:35:00,5
15023,United Kingdom,2010-02-03 15:45:00,2011-12-06 17:23:00,23
15024,United Kingdom,2010-10-11 16:14:00,2011-11-30 12:06:00,16
15025,United Kingdom,2010-05-20 13:28:00,2011-11-06 15:20:00,2
15026,United Kingdom,2010-09-17 13:52:00,2011-09-20 13:52:00,5
15027,United Kingdom,2010-03-25 14:39:00,2011-11-09 10:16:00,13
15028,United Kingdom,2010-11-10 14:32:00,2011-12-01 14:06:00,6
15029,United Kingdom,2010-03-30 12:16:00,2010-03-31 16:04:00,2
15030,United Kingdom,2010-03-04 17:10:00,2011-09-29 10:50:00,9
15031,United Kingdom,2009-12-08 13:38:00,2011-12-05 14:19:00,16
15032,United Kingdom,2009-12-10 15:27:00,2011-03-28 15:30:00,10
15033,United Kingdom,2011-01-14 13:28:00,2011-12-05 12:40:00,11
15034,United Kingdom,2010-05-11 13:30:00,2011-11-24 12:11:00,17
15035,United Kingdom,2011-09-11 11:08:00,2011-09-11 11:08:00,1
15036,United Kingdom,2011-06-13 12:19:00,2011-09-28 15:42:00,3
15037,United Kingdom,2010-11-28 12:14:00,2010-11-28 13:05:00,2
15038,United Kingdom,2010-10-10 14:35:00,2011-10-27 14:42:00,10
15039,United Kingdom,2009-12-10 11:39:00,2011-11-30 11:31:00,107
15040,United Kingdom,2010-06-16 11:40:00,2010-06-16 11:40:00,1
15041,United Kingdom,2010-09-21 13:16:00,2011-06-22 16:16:00,2
15042,United Kingdom,2010-04-23 14:01:00,2011-05-24 16:25:00,2
15043,United Kingdom,2010-06-24 15:50:00,2011-11-08 14:26:00,6
15044,United Kingdom,2009-12-16 15:13:00,2011-11-20 13:20:00,47
15045,United Kingdom,2011-03-27 11:44:00,2011-07-11 11:33:00,3
15046,United Kingdom,2010-01-14 14:29:00,2011-11-30 15:50:00,28
15047,United Kingdom,2011-03-15 10:49:00,2011-03-15 10:49:00,1
15048,United Kingdom,2010-12-06 12:15:00,2011-10-05 14:55:00,5
15049,United Kingdom,2011-03-11 12:13:00,2011-03-11 12:13:00,1
15050,United Kingdom,2010-08-16 12:00:00,2011-11-14 16:17:00,7
15051,United Kingdom,2009-12-01 13:29:00,2011-11-16 15:38:00,10
15052,United Kingdom,2011-01-24 15:52:00,2011-01-24 15:52:00,1
15053,United Kingdom,2011-03-03 12:06:00,2011-12-05 12:08:00,3
15054,United Kingdom,2011-10-30 14:33:00,2011-11-27 15:02:00,2
15055,United Kingdom,2009-12-16 15:48:00,2010-08-22 11:06:00,3
15056,United Kingdom,2010-07-07 15:58:00,2010-07-07 15:58:00,1
15057,United Kingdom,2009-12-05 15:27:00,2011-03-09 15:17:00,6
15058,United Kingdom,2010-02-24 14:07:00,2011-11-14 14:57:00,17
15059,United Kingdom,2009-12-06 10:57:00,2011-10-30 11:35:00,27
15060,United Kingdom,2011-11-30 14:03:00,2011-12-01 13:47:00,4
15061,United Kingdom,2009-12-01 12:18:00,2011-12-06 12:06:00,138
15062,United Kingdom,2010-04-08 15:41:00,2011-09-29 16:51:00,8
15063,United Kingdom,2011-05-10 13:25:00,2011-05-10 13:25:00,1
15064,United Kingdom,2009-12-22 16:17:00,2010-10-25 14:32:00,4
15065,United Kingdom,2010-10-25 09:13:00,2011-11-02 09:45:00,7
15066,United Kingdom,2011-10-17 13:25:00,2011-11-08 09:56:00,2
15067,United Kingdom,2010-04-11 15:54:00,2011-09-22 13:20:00,6
15068,United Kingdom,2010-03-28 13:18:00,2011-10-24 14:47:00,4
15069,United Kingdom,2011-06-13 14:16:00,2011-06-13 14:16:00,1
15070,United Kingdom,2009-12-15 13:49:00,2010-12-02 11:23:00,3
15071,United Kingdom,2010-05-18 12:45:00,2011-09-07 11:43:00,4
15072,United Kingdom,2010-08-17 15:46:00,2010-08-17 15:46:00,1
15073,United Kingdom,2010-01-27 08:48:00,2011-11-30 10:44:00,9
15074,United Kingdom,2010-08-29 11:47:00,2011-08-26 14:45:00,3
15075,United Kingdom,2011-09-23 12:27:00,2011-09-23 12:27:00,1
15076,United Kingdom,2010-07-05 14:11:00,2011-06-20 08:23:00,5
15077,United Kingdom,2009-12-09 17:10:00,2010-09-09 18:20:00,4
15078,United Kingdom,2009-12-04 12:03:00,2011-12-02 15:41:00,64
15079,United Kingdom,2009-12-08 11:22:00,2011-05-11 12:45:00,17
15080,United Kingdom,2010-07-26 10:03:00,2010-10-08 11:52:00,2
15081,United Kingdom,2010-06-22 10:25:00,2011-11-17 17:08:00,13
15082,United Kingdom,2010-02-09 10:23:00,2010-02-09 10:23:00,1
15083,United Kingdom,2011-03-28 12:18:00,2011-03-28 12:18:00,1
15084,United Kingdom,2010-03-04 10:45:00,2010-11-25 11:58:00,2
15085,United Kingdom,2009-12-10 11:47:00,2009-12-10 11:47:00,1
15086,United Kingdom,2010-03-24 13:56:00,2010-05-24 12:27:00,2
15087,United Kingdom,2011-03-03 10:34:00,2011-03-03 10:34:00,1
15088,United Kingdom,2011-10-03 14:05:00,2011-11-18 13:14:00,3
15089,United Kingdom,2011-08-03 14:14:00,2011-11-29 16:31:00,6
15090,United Kingdom,2011-02-04 14:03:00,2011-02-04 14:03:00,1
15091,United Kingdom,2009-12-01 12:18:00,2011-10-17 10:47:00,6
15092,United Kingdom,2010-09-03 12:33:00,2011-05-08 14:10:00,4
15093,United Kingdom,2009-12-08 12:46:00,2011-11-21 13:09:00,34
15094,United Kingdom,2010-03-05 12:56:00,2010-09-02 16:55:00,2
15095,United Kingdom,2010-01-21 09:37:00,2011-08-28 12:01:00,11
15096,United Kingdom,2011-10-28 10:27:00,2011-10-28 10:27:00,1
15097,United Kingdom,2010-05-05 14:22:00,2011-12-05 14:03:00,5
15098,United Kingdom,2011-06-10 15:22:00,2011-06-10 15:39:00,5
15099,United Kingdom,2011-09-16 13:13:00,2011-09-16 13:13:00,1
15100,United Kingdom,2010-01-07 14:33:00,2011-01-13 17:09:00,14
15101,United Kingdom,2010-04-28 15:00:00,2011-12-01 10:18:00,11
15102,United Kingdom,2010-06-11 10:16:00,2010-06-27 12:16:00,2
15103,United Kingdom,2011-09-14 13:54:00,2011-11-08 14:53:00,2
15104,United Kingdom,2011-03-02 14:16:00,2011-06-26 11:35:00,3
15105,United Kingdom,2010-03-23 12:18:00,2011-11-21 16:54:00,9
15106,United Kingdom,2011-03-15 12:52:00,2011-11-22 09:16:00,7
15107,United Kingdom,2010-09-14 10:47:00,2011-02-01 14:46:00,12
15108,European Community,2011-04-26 10:54:00,2011-07-21 10:24:00,5
15109,United Kingdom,2009-12-04 12:33:00,2011-04-13 09:53:00,4
15110,United Kingdom,2010-08-11 15:49:00,2011-11-16 11:16:00,9
15111,United Kingdom,2010-04-26 13:12:00,2011-11-10 16:58:00,5
15112,United Kingdom,2010-04-07 14:17:00,2010-04-07 14:17:00,1
15113,United Kingdom,2011-10-16 15:27:00,2011-11-30 08:23:00,4
15114,United Kingdom,2010-10-14 16:44:00,2011-11-09 15:05:00,12
15115,United Kingdom,2009-12-07 11:20:00,2011-11-21 14:59:00,3
15116,United Kingdom,2011-05-19 08:50:00,2011-11-22 12:25:00,4
15117,United Kingdom,2010-03-15 13:39:00,2011-11-25 08:12:00,9
15118,United Kingdom,2011-07-28 14:54:00,2011-07-28 14:54:00,1
15119,United Kingdom,2011-04-08 09:08:00,2011-04-08 09:08:00,1
15120,United Kingdom,2011-07-29 09:48:00,2011-08-02 10:05:00,2
15121,United Kingdom,2011-02-24 12:41:00,2011-10-20 14:51:00,2
15122,United Kingdom,2010-03-30 14:05:00,2011-09-15 16:27:00,16
15123,United Kingdom,2010-03-16 09:49:00,2011-12-02 13:12:00,5
15124,United Kingdom,2010-02-26 10:49:00,2011-11-17 10:09:00,4
15125,United Kingdom,2010-03-31 13:29:00,2011-11-14 13:57:00,36
15126,United Kingdom,2010-01-21 17:09:00,2010-06-21 12:31:00,2
15127,United Kingdom,2010-07-08 10:07:00,2011-10-05 10:30:00,2
15128,United Kingdom,2010-10-05 16:46:00,2011-10-10 13:54:00,9
15129,United Kingdom,2010-04-08 17:15:00,2011-10-20 14:40:00,23
15130,United Kingdom,2011-06-23 10:15:00,2011-06-23 10:15:00,1
15131,United Kingdom,2010-11-10 12:07:00,2010-11-10 12:07:00,1
15132,United Kingdom,2011-03-22 12:02:00,2011-11-21 17:10:00,5
15133,United Kingdom,2010-07-07 12:31:00,2011-08-04 10:44:00,5
15134,United Kingdom,2010-10-13 12:44:00,2011-11-25 08:55:00,10
15135,United Kingdom,2010-06-01 13:33:00,2011-04-20 15:58:00,3
15136,United Kingdom,2011-09-04 16:05:00,2011-12-07 12:26:00,5
15137,United Kingdom,2009-12-08 18:47:00,2010-07-07 09:41:00,5
15138,United Kingdom,2010-11-11 09:16:00,2010-11-19 14:28:00,2
15139,United Kingdom,2011-01-07 12:44:00,2011-04-14 11:39:00,2
15140,United Kingdom,2010-09-23 13:07:00,2011-10-18 14:07:00,9
15141,United Kingdom,2010-03-28 15:58:00,2010-09-08 11:33:00,9
15142,United Kingdom,2010-07-27 09:05:00,2011-10-24 12:51:00,7
15143,United Kingdom,2010-10-03 13:58:00,2011-04-28 12:03:00,2
15144,United Kingdom,2009-12-13 11:35:00,2011-12-01 15:12:00,33
15145,United Kingdom,2011-04-05 15:20:00,2011-12-05 17:21:00,4
15146,United Kingdom,2011-02-21 13:07:00,2011-06-28 12:09:00,3
15147,United Kingdom,2011-04-13 15:57:00,2011-05-05 11:20:00,2
15148,United Kingdom,2011-11-29 08:21:00,2011-11-29 08:21:00,1
15149,United Kingdom,2010-02-28 11:13:00,2011-07-29 10:58:00,5
15150,United Kingdom,2010-06-14 12:01:00,2011-11-22 12:52:00,14
15151,United Kingdom,2010-07-18 12:19:00,2010-10-12 16:37:00,2
15152,United Kingdom,2010-01-07 15:15:00,2011-11-30 12:32:00,18
15153,United Kingdom,2011-11-08 17:09:00,2011-11-08 17:09:00,1
15154,United Kingdom,2010-08-18 17:41:00,2011-09-26 16:43:00,4
15155,United Kingdom,2010-11-21 12:59:00,2010-11-21 12:59:00,1
15156,United Kingdom,2011-11-06 12:41:00,2011-12-08 18:22:00,3
15157,United Kingdom,2009-12-10 14:44:00,2011-12-06 11:28:00,7
15158,United Kingdom,2010-11-03 13:46:00,2011-10-25 13:53:00,3
15159,United Kingdom,2010-10-04 09:31:00,2011-12-08 12:05:00,38
15160,United Kingdom,2010-10-14 15:26:00,2010-12-17 14:15:00,4
15161,United Kingdom,2010-11-16 16:08:00,2010-11-16 16:08:00,1
15162,United Kingdom,2009-12-08 13:14:00,2009-12-11 11:31:00,2
15163,United Kingdom,2011-05-31 15:22:00,2011-11-21 13:10:00,2
15164,United Kingdom,2010-01-18 13:34:00,2011-10-02 12:05:00,10
15165,United Kingdom,2010-12-01 14:03:00,2010-12-01 14:03:00,1
15166,United Kingdom,2010-08-29 12:31:00,2010-08-29 12:31:00,1
15167,United Kingdom,2010-02-04 14:13:00,2011-01-23 12:41:00,5
15168,United Kingdom,2011-11-14 11:26:00,2011-11-14 11:26:00,1
15169,United Kingdom,2009-12-13 11:16:00,2010-11-22 13:04:00,2
15170,United Kingdom,2010-10-29 10:34:00,2010-10-29 10:34:00,1
15171,United Kingdom,2011-01-12 15:36:00,2011-01-19 12:39:00,2
15172,United Kingdom,2011-04-17 11:56:00,2011-12-01 11:51:00,5
15173,United Kingdom,2010-04-01 12:26:00,2010-11-24 10:21:00,8
15174,United Kingdom,2010-10-25 09:40:00,2011-01-21 09:06:00,2
15175,United Kingdom,2011-09-29 11:31:00,2011-09-29 11:31:00,1
15176,United Kingdom,2010-02-10 10:36:00,2010-04-22 11:40:00,2
15177,United Kingdom,2010-10-10 12:48:00,2010-10-10 12:48:00,1
15178,United Kingdom,2011-03-24 15:12:00,2011-03-24 15:12:00,1
15179,United Kingdom,2009-12-03 12:27:00,2011-11-21 12:53:00,17
15180,United Kingdom,2010-04-29 15:27:00,2010-12-07 14:57:00,3
15181,United Kingdom,2009-12-08 19:02:00,2011-10-04 13:58:00,8
15182,United Kingdom,2010-01-29 14:48:00,2011-07-08 13:37:00,14
15183,United Kingdom,2010-05-04 11:31:00,2010-06-10 10:43:00,4
15184,United Kingdom,2009-12-16 12:06:00,2011-11-10 13:41:00,4
15185,United Kingdom,2011-09-30 14:06:00,2011-09-30 14:06:00,1
15186,United Kingdom,2010-01-12 10:14:00,2011-11-25 14:58:00,5
15187,United Kingdom,2011-05-11 13:49:00,2011-12-08 11:56:00,18
15188,United Kingdom,2009-12-14 13:30:00,2009-12-14 13:30:00,1
15189,United Kingdom,2010-07-18 13:37:00,2011-12-08 13:22:00,58
15190,United Kingdom,2010-10-01 13:09:00,2010-10-01 13:09:00,1
15191,United Kingdom,2010-01-20 12:35:00,2010-09-02 15:37:00,3
15192,United Kingdom,2010-01-29 10:13:00,2011-08-12 11:41:00,5
15193,United Kingdom,2011-10-10 08:23:00,2011-10-10 08:23:00,1
15194,United Kingdom,2009-12-03 10:37:00,2011-12-06 15:10:00,39
15195,United Kingdom,2011-12-07 12:20:00,2011-12-07 12:20:00,1
15196,United Kingdom,2009-12-13 11:14:00,2010-10-03 10:50:00,2
15197,United Kingdom,2009-12-11 12:56:00,2011-12-01 08:14:00,10
15198,United Kingdom,2010-01-19 10:01:00,2011-09-08 14:42:00,6
15199,United Kingdom,2010-05-13 10:14:00,2011-10-11 15:12:00,10
15200,United Kingdom,2010-08-02 09:38:00,2010-08-02 09:38:00,1
15201,United Kingdom,2010-04-07 14:50:00,2011-09-22 09:53:00,14
15202,United Kingdom,2010-10-13 12:55:00,2010-10-15 13:09:00,8
15203,United Kingdom,2009-12-08 18:06:00,2011-11-14 08:16:00,15
15204,United Kingdom,2010-12-17 13:49:00,2010-12-17 13:49:00,1
15205,United Kingdom,2011-08-04 16:07:00,2011-09-15 19:36:00,3
15206,United Kingdom,2011-03-09 08:59:00,2011-11-29 13:41:00,4
15207,United Kingdom,2010-06-10 17:29:00,2010-10-26 11:11:00,5
15208,United Kingdom,2010-10-12 12:17:00,2011-12-08 17:24:00,7
15209,United Kingdom,2009-12-09 17:26:00,2009-12-09 17:26:00,1
15210,United Kingdom,2010-05-13 14:42:00,2011-04-28 16:11:00,3
15211,United Kingdom,2010-12-09 16:08:00,2011-10-10 13:31:00,2
15212,United Kingdom,2010-11-28 10:45:00,2011-04-14 13:12:00,3
15213,United Kingdom,2011-01-14 11:05:00,2011-01-25 12:25:00,3
15214,United Kingdom,2011-04-11 09:46:00,2011-12-08 12:07:00,8
15215,United Kingdom,2010-04-06 11:21:00,2011-10-26 12:28:00,11
15216,United Kingdom,2010-03-31 09:52:00,2011-09-13 11:41:00,2
15217,United Kingdom,2010-05-25 13:51:00,2010-05-25 13:51:00,1
15218,United Kingdom,2010-01-26 10:47:00,2011-11-29 11:48:00,25
15219,United Kingdom,2010-03-01 11:33:00,2011-06-16 16:57:00,2
15220,United Kingdom,2011-03-04 10:24:00,2011-10-19 12:39:00,7
15221,United Kingdom,2010-03-12 10:40:00,2010-12-08 13:08:00,7
15222,United Kingdom,2009-12-16 13:49:00,2011-01-25 08:03:00,17
15223,United Kingdom,2009-12-05 11:19:00,2011-04-28 11:31:00,6
15224,United Kingdom,2010-01-15 16:14:00,2010-12-16 15:02:00,8
15225,United Kingdom,2011-04-19 14:51:00,2011-04-19 14:51:00,1
15226,United Kingdom,2011-02-02 11:41:00,2011-02-02 11:41:00,1
15227,United Kingdom,2010-03-16 08:23:00,2011-11-03 11:59:00,9
15228,United Kingdom,2010-07-28 10:21:00,2011-10-04 13:56:00,7
15229,United Kingdom,2010-05-02 13:50:00,2010-05-02 13:50:00,1
15230,United Kingdom,2011-04-13 11:04:00,2011-04-14 14:39:00,2
15231,United Kingdom,2010-03-28 15:12:00,2010-04-22 18:12:00,2
15232,United Kingdom,2011-07-22 12:21:00,2011-08-18 16:27:00,2
15233,United Kingdom,2010-11-03 13:36:00,2010-11-03 13:36:00,1
15234,United Kingdom,2011-03-08 08:53:00,2011-03-08 08:53:00,1
15235,United Kingdom,2010-11-16 12:48:00,2011-05-06 09:44:00,16
15236,United Kingdom,2011-02-14 10:52:00,2011-02-14 10:52:00,1
15237,United Kingdom,2011-04-26 15:04:00,2011-12-08 09:46:00,4
15238,United Kingdom,2011-06-08 16:00:00,2011-11-10 14:28:00,5
15239,United Kingdom,2011-09-22 09:53:00,2011-11-29 14:14:00,3
15240,United Kingdom,2009-12-05 14:57:00,2011-10-26 09:50:00,20
15241,United Kingdom,2010-02-23 13:59:00,2011-10-04 09:05:00,12
15242,United Kingdom,2010-10-13 15:33:00,2010-10-13 15:33:00,1
15243,United Kingdom,2010-09-30 17:28:00,2011-09-26 14:12:00,2
15244,United Kingdom,2010-02-11 14:48:00,2011-10-05 13:19:00,4
15245,United Kingdom,2010-04-23 14:23:00,2011-07-28 18:56:00,8
15246,United Kingdom,2010-06-02 11:28:00,2011-04-15 14:45:00,3
15247,United Kingdom,2010-06-20 14:08:00,2011-08-09 12:52:00,4
15248,United Kingdom,2010-06-23 14:34:00,2010-10-24 13:09:00,4
15249,United Kingdom,2010-03-26 14:51:00,2011-11-08 11:45:00,21
15250,United Kingdom,2010-03-09 07:35:00,2010-03-09 07:35:00,1
15251,United Kingdom,2010-01-29 12:42:00,2011-11-30 15:02:00,31
15252,United Kingdom,2010-04-07 10:24:00,2011-11-03 13:30:00,7
15253,United Kingdom,2010-05-02 11:17:00,2011-11-23 16:22:00,12
15254,United Kingdom,2009-12-01 14:20:00,2011-08-04 15:04:00,4
15255,United Kingdom,2009-12-03 09:10:00,2011-10-04 12:43:00,11
15256,United Kingdom,2010-05-27 11:41:00,2011-07-14 11:47:00,2
15257,United Kingdom,2010-10-21 14:03:00,2011-03-03 13:57:00,3
15258,United Kingdom,2011-05-06 14:16:00,2011-06-24 12:30:00,2
15259,United Kingdom,2010-01-26 09:41:00,2010-07-15 08:47:00,4
15260,United Kingdom,2009-12-06 11:45:00,2011-08-31 13:55:00,30
15261,United Kingdom,2010-10-01 11:59:00,2011-07-27 15:20:00,4
15262,United Kingdom,2010-08-08 15:55:00,2011-01-20 12:16:00,3
15263,United Kingdom,2011-08-25 10:26:00,2011-08-25 10:26:00,1
15264,United Kingdom,2010-06-27 13:29:00,2011-10-06 13:49:00,3
15265,United Kingdom,2009-12-01 17:08:00,2011-07-11 14:46:00,4
15266,United Kingdom,2010-01-07 12:19:00,2011-01-05 13:40:00,6
15267,United Kingdom,2011-06-10 10:24:00,2011-11-17 15:59:00,5
15268,United Kingdom,2010-04-13 11:27:00,2010-08-18 10:33:00,4
15269,United Kingdom,2010-11-14 12:58:00,2011-11-16 09:32:00,3
15270,United Kingdom,2009-12-17 15:02:00,2011-11-24 09:24:00,31
15271,United Kingdom,2010-08-05 14:57:00,2011-12-02 14:11:00,26
15272,United Kingdom,2010-02-14 13:39:00,2011-10-13 12:59:00,6
15273,United Kingdom,2010-04-19 11:31:00,2010-04-19 11:31:00,1
15274,United Kingdom,2011-11-21 14:17:00,2011-12-05 16:57:00,2
15275,United Kingdom,2011-11-02 11:20:00,2011-11-08 17:54:00,2
15276,United Kingdom,2010-10-01 12:24:00,2011-10-04 16:39:00,5
15277,United Kingdom,2010-10-10 16:02:00,2011-10-24 10:08:00,2
15278,United Kingdom,2010-02-12 14:53:00,2010-05-27 10:03:00,4
15279,United Kingdom,2010-02-02 10:15:00,2010-12-20 10:48:00,7
15280,United Kingdom,2010-05-17 14:17:00,2011-06-20 17:14:00,3
15281,United Kingdom,2010-10-08 12:14:00,2011-10-12 09:10:00,22
15282,United Kingdom,2010-05-18 16:27:00,2010-05-18 16:27:00,1
15283,United Kingdom,2010-07-09 15:46:00,2010-11-14 14:54:00,4
15284,United Kingdom,2010-07-27 13:25:00,2010-07-27 13:25:00,1
15285,United Kingdom,2010-10-28 09:46:00,2010-10-28 09:46:00,1
15286,United Kingdom,2011-10-21 11:08:00,2011-10-21 11:08:00,1
15287,United Kingdom,2009-12-02 12:13:00,2011-11-17 15:34:00,6
15288,United Kingdom,2010-02-12 15:27:00,2011-10-27 16:58:00,10
15289,United Kingdom,2010-03-28 11:45:00,2011-11-10 13:49:00,7
15290,United Kingdom,2010-02-24 10:15:00,2011-12-05 11:39:00,30
15291,United Kingdom,2009-12-03 11:09:00,2011-11-14 11:02:00,53
15292,United Kingdom,2011-05-22 15:00:00,2011-05-22 15:00:00,1
15293,United Kingdom,2010-02-12 11:54:00,2010-02-12 11:54:00,1
15294,United Kingdom,2010-10-25 11:45:00,2010-11-04 17:45:00,2
15295,United Kingdom,2010-02-23 13:03:00,2010-02-23 13:03:00,1
15296,United Kingdom,2010-01-21 13:48:00,2011-10-26 16:33:00,20
15297,United Kingdom,2011-10-07 09:42:00,2011-11-29 16:32:00,4
15298,United Kingdom,2009-12-08 17:04:00,2011-12-07 17:17:00,29
15299,United Kingdom,2009-12-01 12:11:00,2011-10-03 14:19:00,15
15300,United Kingdom,2011-10-06 17:08:00,2011-10-06 17:08:00,1
15301,United Kingdom,2010-09-15 15:41:00,2011-10-20 09:57:00,19
15302,United Kingdom,2009-12-09 13:11:00,2009-12-17 17:39:00,2
15303,United Kingdom,2010-01-25 09:42:00,2011-02-22 13:59:00,4
15304,United Kingdom,2010-10-14 10:24:00,2011-10-10 10:23:00,11
15305,United Kingdom,2010-06-02 13:50:00,2010-06-02 13:50:00,1
15306,United Kingdom,2010-02-18 17:12:00,2011-10-06 12:56:00,10
15307,United Kingdom,2011-09-05 11:38:00,2011-09-05 11:38:00,1
15308,United Kingdom,2011-03-10 13:08:00,2011-03-14 12:24:00,2
15309,United Kingdom,2009-12-04 13:01:00,2010-04-08 11:11:00,10
15310,United Kingdom,2010-08-18 11:38:00,2010-08-18 11:38:00,1
15311,United Kingdom,2009-12-01 11:21:00,2011-12-09 12:00:00,270
15312,United Kingdom,2009-12-16 09:23:00,2011-09-25 13:10:00,14
15313,United Kingdom,2011-08-21 16:02:00,2011-08-21 16:02:00,1
15314,United Kingdom,2010-10-07 15:41:00,2011-05-24 14:39:00,4
15315,United Kingdom,2011-08-15 15:17:00,2011-10-06 12:51:00,3
15316,United Kingdom,2011-01-17 11:34:00,2011-01-17 11:34:00,1
15317,United Kingdom,2009-12-08 16:43:00,2010-01-31 15:55:00,2
15318,United Kingdom,2011-12-06 11:30:00,2011-12-06 11:30:00,1
15319,United Kingdom,2011-03-01 12:48:00,2011-03-01 12:48:00,1
15320,United Kingdom,2011-10-26 13:27:00,2011-10-26 13:27:00,1
15321,United Kingdom,2009-12-17 18:46:00,2011-10-21 13:58:00,18
15322,United Kingdom,2010-08-20 13:10:00,2011-10-06 20:38:00,3
15323,United Kingdom,2010-02-16 09:21:00,2010-06-24 15:49:00,4
15324,United Kingdom,2010-01-07 14:37:00,2010-01-07 14:37:00,1
15325,United Kingdom,2010-02-16 13:30:00,2011-08-28 11:55:00,9
15326,United Kingdom,2009-12-01 13:19:00,2011-01-10 11:38:00,10
15327,United Kingdom,2011-10-18 11:55:00,2011-10-18 11:55:00,1
15328,United Kingdom,2010-10-28 09:05:00,2010-10-28 09:05:00,1
15329,United Kingdom,2009-12-14 12:18:00,2011-11-04 12:56:00,20
15330,United Kingdom,2011-10-10 12:30:00,2011-11-07 17:50:00,2
15331,United Kingdom,2010-04-09 14:26:00,2010-07-28 09:42:00,4
15332,Lithuania,2010-07-14 13:01:00,2010-12-08 14:43:00,6
15333,United Kingdom,2011-05-15 13:27:00,2011-05-15 13:27:00,1
15334,United Kingdom,2011-06-19 13:51:00,2011-07-06 11:22:00,3
15335,United Kingdom,2011-10-17 12:50:00,2011-10-17 12:50:00,1
15336,United Kingdom,2010-11-03 12:39:00,2010-11-03 12:39:00,1
15337,United Kingdom,2010-10-24 15:29:00,2010-11-02 10:34:00,2
15338,United Kingdom,2010-01-31 14:25:00,2010-01-31 14:25:00,1
15339,United Kingdom,2010-02-08 13:38:00,2011-10-04 12:51:00,11
15340,United Kingdom,2010-05-27 10:27:00,2010-05-27 10:27:00,1
15341,United Kingdom,2010-05-28 07:45:00,2011-09-20 09:40:00,3
15342,United Kingdom,2011-08-02 10:19:00,2011-08-15 16:20:00,2
15343,United Kingdom,2011-09-13 13:55:00,2011-09-13 13:55:00,1
15344,United Kingdom,2011-09-26 14:48:00,2011-12-09 10:45:00,5
15345,United Kingdom,2011-10-25 11:28:00,2011-11-04 13:24:00,2
15346,United Kingdom,2010-10-04 15:11:00,2011-01-11 11:18:00,4
15347,United Kingdom,2010-09-28 12:50:00,2010-12-08 15:25:00,6
15348,United Kingdom,2011-09-28 13:17:00,2011-09-28 13:17:00,1
15349,United Kingdom,2011-06-05 15:46:00,2011-07-04 16:06:00,2
15350,United Kingdom,2010-11-21 15:14:00,2010-12-01 13:33:00,2
15351,United Kingdom,2010-10-03 12:18:00,2011-11-27 12:52:00,15
15352,United Kingdom,2010-06-09 11:28:00,2010-06-09 11:28:00,1
15353,United Kingdom,2009-12-02 10:46:00,2011-03-30 12:15:00,8
15354,United Kingdom,2010-04-15 16:12:00,2010-04-20 11:45:00,7
15355,United Kingdom,2011-10-17 15:22:00,2011-11-10 13:44:00,2
15356,United Kingdom,2010-10-13 13:12:00,2011-11-08 13:11:00,13
15357,Unspecified,2010-01-26 16:49:00,2010-01-26 16:49:00,1
15358,United Kingdom,2009-12-07 12:19:00,2011-12-05 09:04:00,55
15359,United Kingdom,2010-01-15 11:30:00,2010-06-03 10:42:00,9
15360,United Kingdom,2011-10-31 09:35:00,2011-10-31 09:35:00,1
15361,United Kingdom,2010-06-14 13:27:00,2010-12-13 09:52:00,4
15362,United Kingdom,2009-12-01 09:08:00,2010-09-17 10:37:00,2
15363,United Kingdom,2010-08-04 08:41:00,2011-04-12 15:48:00,3
15364,United Kingdom,2011-03-30 13:39:00,2011-09-05 09:46:00,2
15365,United Kingdom,2010-02-04 16:43:00,2011-11-14 08:29:00,15
15366,United Kingdom,2010-02-26 10:10:00,2011-09-25 15:01:00,7
15367,United Kingdom,2009-12-10 14:20:00,2011-10-13 14:13:00,13
15368,United Kingdom,2010-11-10 15:52:00,2011-11-18 14:42:00,2
15369,United Kingdom,2009-12-08 07:43:00,2011-07-18 15:11:00,13
15370,United Kingdom,2010-10-25 12:08:00,2011-10-30 10:58:00,9
15371,United Kingdom,2010-02-15 13:14:00,2010-02-15 13:14:00,1
15372,United Kingdom,2010-02-14 11:24:00,2011-07-25 16:39:00,10
15373,United Kingdom,2010-05-02 11:57:00,2011-12-01 15:05:00,18
15374,United Kingdom,2010-03-25 12:03:00,2011-08-03 09:59:00,2
15375,United Kingdom,2010-01-18 15:38:00,2010-01-18 15:38:00,1
15376,United Kingdom,2011-05-01 13:45:00,2011-10-30 15:04:00,3
15377,United Kingdom,2010-10-20 11:42:00,2010-11-22 08:55:00,5
15378,United Kingdom,2010-07-26 08:47:00,2010-09-03 11:30:00,2
15379,United Kingdom,2010-11-04 11:59:00,2011-06-23 13:13:00,9
15380,United Kingdom,2009-12-01 13:50:00,2011-12-01 12:13:00,13
15381,United Kingdom,2010-05-05 14:35:00,2011-05-10 11:55:00,6
15382,United Kingdom,2009-12-04 14:13:00,2011-11-25 10:58:00,20
15383,United Kingdom,2010-01-26 16:24:00,2010-01-26 16:24:00,1
15384,United Kingdom,2010-04-26 12:38:00,2011-06-23 10:57:00,5
15385,United Kingdom,2010-01-31 13:02:00,2011-10-30 15:11:00,3
15386,United Kingdom,2011-06-06 13:47:00,2011-06-06 13:47:00,1
15387,United Kingdom,2010-08-04 16:05:00,2010-08-04 16:05:00,1
15388,Canada,2011-03-14 13:53:00,2011-03-14 13:53:00,1
15389,United Kingdom,2010-01-27 12:44:00,2011-06-20 16:18:00,5
15390,Canada,2010-10-26 17:23:00,2010-11-08 15:19:00,2
15391,United Kingdom,2010-05-04 15:04:00,2010-05-18 12:11:00,2
15392,United Kingdom,2010-10-04 12:50:00,2011-12-05 11:01:00,8
15393,United Kingdom,2009-12-15 17:56:00,2011-11-23 16:48:00,5
15394,United Kingdom,2009-12-15 19:05:00,2011-11-30 11:49:00,13
15395,United Kingdom,2011-01-18 12:40:00,2011-01-18 12:40:00,1
15396,United Kingdom,2010-05-05 09:04:00,2011-08-19 10:56:00,2
15397,United Kingdom,2011-02-23 09:25:00,2011-02-23 09:25:00,1
15398,United Kingdom,2011-09-22 14:56:00,2011-11-23 16:47:00,3
15399,United Kingdom,2011-09-21 15:57:00,2011-12-08 13:04:00,3
15400,United Kingdom,2010-05-28 08:33:00,2011-09-08 13:57:00,9
15401,United Kingdom,2010-05-20 10:56:00,2010-09-13 13:42:00,2
15402,United Kingdom,2010-04-27 12:12:00,2011-07-14 12:17:00,7
15403,United Kingdom,2009-12-09 12:45:00,2010-08-05 12:21:00,2
15404,United Kingdom,2010-11-29 11:03:00,2010-11-29 11:03:00,1
15405,United Kingdom,2010-05-12 15:56:00,2011-06-03 14:44:00,2
15406,United Kingdom,2010-09-12 13:06:00,2011-11-21 16:14:00,6
15407,United Kingdom,2011-02-07 13:18:00,2011-11-06 11:55:00,4
15408,United Kingdom,2011-03-20 15:02:00,2011-03-20 15:02:00,1
15409,United Kingdom,2009-12-18 15:35:00,2010-01-07 11:52:00,2
15410,United Kingdom,2010-04-19 08:57:00,2011-09-16 14:47:00,10
15411,United Kingdom,2011-06-10 12:30:00,2011-11-13 15:19:00,5
15412,United Kingdom,2011-06-21 15:24:00,2011-06-21 15:24:00,1
15413,United Kingdom,2009-12-01 10:18:00,2010-10-05 15:15:00,7
15414,United Kingdom,2011-04-11 13:45:00,2011-11-30 09:50:00,3
15415,United Kingdom,2011-01-30 14:13:00,2011-01-30 14:13:00,1
15416,United Kingdom,2010-02-01 11:55:00,2011-10-06 09:38:00,9
15417,United Kingdom,2011-09-15 15:26:00,2011-09-15 15:26:00,1
15418,United Kingdom,2010-05-02 11:31:00,2010-10-10 13:38:00,2
15419,United Kingdom,2011-11-15 09:23:00,2011-11-15 09:23:00,1
15420,United Kingdom,2009-12-05 13:29:00,2010-10-01 15:46:00,6
15421,United Kingdom,2009-12-07 15:10:00,2011-10-12 09:20:00,10
15422,United Kingdom,2010-02-07 11:52:00,2011-01-20 16:17:00,8
15423,United Kingdom,2010-03-28 13:42:00,2011-11-01 14:01:00,4
15424,United Kingdom,2010-09-02 17:17:00,2011-03-30 13:02:00,3
15425,United Kingdom,2010-02-14 12:36:00,2010-11-04 18:13:00,4
15426,United Kingdom,2010-05-02 15:10:00,2011-11-20 15:36:00,11
15427,United Kingdom,2011-10-23 14:47:00,2011-11-06 14:29:00,3
15428,United Kingdom,2009-12-17 17:46:00,2011-11-24 16:54:00,4
15429,United Kingdom,2011-09-25 13:42:00,2011-11-13 12:28:00,3
15430,United Kingdom,2010-06-29 15:04:00,2010-08-29 10:42:00,3
15431,United Kingdom,2010-07-25 12:44:00,2010-07-25 12:44:00,1
15432,United Kingdom,2010-06-16 14:34:00,2011-11-16 16:30:00,4
15433,United Kingdom,2011-03-17 14:12:00,2011-09-21 16:24:00,3
15434,United Kingdom,2010-01-24 15:35:00,2011-12-01 13:33:00,13
15435,United Kingdom,2011-11-17 16:39:00,2011-11-17 16:39:00,1
15436,United Kingdom,2011-04-19 16:52:00,2011-11-27 16:05:00,3
15437,United Kingdom,2010-03-09 10:45:00,2011-03-22 13:11:00,2
15438,United Kingdom,2011-07-31 14:19:00,2011-07-31 14:19:00,1
15439,United Kingdom,2010-02-24 12:05:00,2010-10-31 10:38:00,4
15440,United Kingdom,2011-05-15 11:30:00,2011-10-16 12:16:00,3
15441,United Kingdom,2009-12-09 14:55:00,2010-11-08 15:50:00,3
15442,United Kingdom,2011-04-05 12:24:00,2011-04-05 12:24:00,1
15443,United Kingdom,2010-03-07 12:10:00,2011-12-08 10:40:00,16
15444,United Kingdom,2011-10-30 16:12:00,2011-11-30 17:37:00,2
15445,United Kingdom,2010-04-28 15:00:00,2011-03-20 15:06:00,2
15446,United Kingdom,2009-12-13 13:53:00,2010-11-28 11:59:00,5
15447,United Kingdom,2010-03-24 14:40:00,2011-01-13 11:26:00,6
15448,United Kingdom,2010-02-03 13:29:00,2011-01-31 10:42:00,2
15449,United Kingdom,2011-03-23 10:43:00,2011-11-13 15:02:00,5
15450,United Kingdom,2011-11-09 17:11:00,2011-11-09 17:11:00,1
15451,United Kingdom,2010-04-19 14:08:00,2010-10-01 13:40:00,2
15452,United Kingdom,2010-07-16 14:23:00,2011-11-10 12:13:00,6
15453,United Kingdom,2011-06-05 12:37:00,2011-12-08 10:59:00,7
15454,United Kingdom,2010-03-31 13:15:00,2010-12-12 14:21:00,2
15455,United Kingdom,2010-04-21 12:43:00,2010-04-21 12:43:00,1
15456,United Kingdom,2009-12-08 12:54:00,2011-03-01 13:51:00,10
15457,United Kingdom,2011-03-22 15:31:00,2011-03-22 15:31:00,1
15458,United Kingdom,2010-11-02 19:50:00,2011-11-14 13:08:00,2
15459,United Kingdom,2010-07-30 14:31:00,2010-10-18 15:25:00,2
15460,United Kingdom,2010-12-20 16:08:00,2010-12-20 16:08:00,1
15461,United Kingdom,2009-12-01 11:35:00,2010-09-05 12:31:00,3
15462,United Kingdom,2010-09-20 10:23:00,2011-09-06 13:11:00,4
15463,United Kingdom,2011-11-10 12:57:00,2011-11-10 12:57:00,1
15464,United Kingdom,2011-01-05 15:56:00,2011-01-05 15:56:00,1
15465,United Kingdom,2009-12-10 09:42:00,2011-11-20 10:11:00,39
15466,United Kingdom,2009-12-03 12:28:00,2011-09-15 14:08:00,4
15467,United Kingdom,2011-07-10 14:42:00,2011-11-30 14:17:00,4
15468,United Kingdom,2010-11-12 09:39:00,2011-11-04 13:11:00,7
15469,United Kingdom,2010-09-27 10:09:00,2011-10-27 19:16:00,6
15470,United Kingdom,2010-05-13 09:35:00,2010-05-13 09:35:00,1
15471,United Kingdom,2010-06-07 12:17:00,2011-12-07 14:12:00,3
15472,United Kingdom,2011-08-18 15:17:00,2011-08-18 15:17:00,1
15473,United Kingdom,2010-09-21 09:14:00,2011-11-25 15:15:00,11
15474,United Kingdom,2010-04-23 11:14:00,2010-04-23 11:14:00,1
15475,United Kingdom,2011-09-23 15:20:00,2011-09-23 15:20:00,1
15476,United Kingdom,2010-09-23 14:00:00,2010-11-24 15:17:00,5
15477,United Kingdom,2010-02-28 10:37:00,2010-02-28 10:37:00,1
15478,United Kingdom,2010-05-13 18:49:00,2011-10-30 14:19:00,3
15479,United Kingdom,2009-12-06 15:08:00,2009-12-06 15:08:00,1
15480,Malta,2010-02-01 14:52:00,2011-08-15 14:32:00,7
15481,Norway,2010-11-03 14:52:00,2010-11-03 14:52:00,1
15482,United Kingdom,2009-12-02 16:59:00,2011-11-24 10:46:00,24
15483,United Kingdom,2010-01-24 15:42:00,2011-07-01 13:07:00,10
15484,United Kingdom,2009-12-05 15:18:00,2011-12-08 15:03:00,7
15485,United Kingdom,2009-12-01 17:31:00,2011-11-09 14:31:00,8
15486,United Kingdom,2010-06-30 13:15:00,2010-06-30 13:15:00,1
15487,United Kingdom,2010-01-29 12:07:00,2010-01-29 12:07:00,1
15488,United Kingdom,2010-05-05 13:03:00,2011-09-08 10:11:00,5
15489,United Kingdom,2010-01-15 16:58:00,2011-11-17 08:53:00,12
15490,United Kingdom,2010-10-05 13:11:00,2010-10-05 13:14:00,2
15491,United Kingdom,2011-04-18 10:04:00,2011-09-05 15:56:00,7
15492,United Kingdom,2011-09-26 14:02:00,2011-11-11 14:53:00,2
15493,United Kingdom,2010-02-23 11:14:00,2011-11-07 12:04:00,11
15494,United Kingdom,2009-12-10 20:16:00,2011-11-18 14:51:00,6
15495,United Kingdom,2010-11-25 13:46:00,2010-11-25 13:46:00,1
15496,United Kingdom,2010-03-18 13:16:00,2010-03-18 13:16:00,1
15497,United Kingdom,2009-12-18 15:08:00,2011-11-22 11:51:00,11
15498,United Kingdom,2009-12-16 17:27:00,2011-12-09 10:28:00,55
15499,United Kingdom,2009-12-16 12:17:00,2009-12-16 12:17:00,1
15500,United Kingdom,2011-09-19 13:47:00,2011-12-01 13:47:00,4
15501,United Kingdom,2010-10-20 12:47:00,2010-10-31 11:15:00,2
15502,United Kingdom,2010-06-03 11:12:00,2011-11-24 12:48:00,27
15503,United Kingdom,2009-12-13 11:34:00,2010-12-12 10:57:00,2
15504,United Kingdom,2010-02-12 12:34:00,2011-09-19 13:45:00,5
15505,United Kingdom,2011-07-07 13:33:00,2011-10-18 07:56:00,7
15506,United Kingdom,2010-08-19 12:38:00,2011-11-17 12:11:00,6
15507,United Kingdom,2011-06-21 11:19:00,2011-06-21 11:19:00,1
15508,United Kingdom,2011-04-18 15:31:00,2011-06-03 15:43:00,6
15509,United Kingdom,2010-11-24 14:48:00,2010-11-24 14:48:00,1
15510,United Kingdom,2011-01-13 12:10:00,2011-01-13 12:10:00,1
15511,United Kingdom,2011-09-15 15:05:00,2011-11-28 09:43:00,5
15512,United Kingdom,2010-02-01 13:23:00,2011-07-07 10:20:00,4
15513,United Kingdom,2010-01-13 14:59:00,2011-11-08 16:21:00,41
15514,United Kingdom,2009-12-04 16:37:00,2011-11-27 14:40:00,20
15515,United Kingdom,2010-11-17 13:39:00,2010-11-17 13:39:00,1
15516,United Kingdom,2011-10-24 11:33:00,2011-10-26 10:51:00,3
15517,United Kingdom,2011-04-20 14:02:00,2011-04-20 14:02:00,1
15518,United Kingdom,2009-12-20 12:21:00,2011-10-06 13:05:00,23
15519,United Kingdom,2010-09-19 13:57:00,2010-11-21 14:35:00,2
15520,United Kingdom,2011-12-08 10:58:00,2011-12-08 10:58:00,1
15521,United Kingdom,2010-01-05 10:19:00,2011-11-03 13:52:00,24
15522,United Kingdom,2011-09-13 12:26:00,2011-11-07 11:26:00,2
15523,United Kingdom,2009-12-02 15:16:00,2011-09-16 16:29:00,18
15524,United Kingdom,2010-04-12 09:19:00,2011-11-15 12:09:00,2
15525,United Kingdom,2010-11-22 12:10:00,2011-12-07 15:39:00,5
15526,United Kingdom,2011-11-06 15:01:00,2011-11-06 15:04:00,2
15527,United Kingdom,2009-12-15 17:31:00,2011-11-21 12:17:00,31
15528,United Kingdom,2011-03-30 16:14:00,2011-03-30 16:14:00,1
15529,United Kingdom,2010-11-10 14:26:00,2011-11-17 11:29:00,13
15530,United Kingdom,2010-07-15 11:10:00,2011-11-18 12:25:00,5
15531,United Kingdom,2011-11-09 17:47:00,2011-12-01 18:43:00,2
15532,United Kingdom,2010-06-08 14:52:00,2011-11-14 14:51:00,12
15533,United Kingdom,2011-09-11 15:41:00,2011-11-20 15:35:00,5
15534,United Kingdom,2009-12-14 12:48:00,2009-12-14 12:48:00,1
15535,United Kingdom,2010-09-16 20:04:00,2011-06-19 16:02:00,10
15536,United Kingdom,2010-10-26 16:31:00,2010-10-26 16:31:00,1
15537,United Kingdom,2011-06-29 13:10:00,2011-06-29 13:10:00,1
15538,United Kingdom,2010-02-14 12:38:00,2010-06-20 10:49:00,11
15539,United Kingdom,2011-12-02 13:36:00,2011-12-02 13:36:00,1
15540,United Kingdom,2010-11-29 11:10:00,2011-11-28 13:51:00,2
15541,United Kingdom,2011-08-17 14:58:00,2011-08-17 14:58:00,1
15542,United Kingdom,2009-12-02 11:53:00,2010-07-15 13:42:00,4
15543,United Kingdom,2010-09-06 11:28:00,2011-02-24 15:26:00,2
15544,United Kingdom,2010-01-28 14:39:00,2011-12-01 09:16:00,26
15545,United Kingdom,2010-12-03 17:28:00,2011-10-16 13:24:00,2
15546,United Kingdom,2010-04-12 11:45:00,2010-04-12 11:55:00,3
15547,United Kingdom,2009-12-06 13:40:00,2011-12-02 12:52:00,28
15548,United Kingdom,2010-04-23 12:20:00,2010-04-23 12:20:00,1
15549,United Kingdom,2010-01-11 13:16:00,2011-09-23 16:22:00,9
15550,United Kingdom,2009-12-03 15:15:00,2011-12-05 15:38:00,14
15551,United Kingdom,2010-06-07 15:05:00,2011-11-03 12:37:00,9
15552,United Kingdom,2010-03-26 16:17:00,2011-05-06 14:47:00,2
15553,United Kingdom,2011-10-10 14:02:00,2011-10-10 14:02:00,1
15554,United Kingdom,2011-03-07 09:00:00,2011-03-07 09:00:00,1
15555,United Kingdom,2009-12-06 11:58:00,2011-11-27 16:19:00,46
15556,United Kingdom,2011-11-15 16:08:00,2011-11-15 16:08:00,1
15557,United Kingdom,2011-11-11 12:46:00,2011-11-11 12:46:00,1
15558,United Kingdom,2010-03-10 15:25:00,2010-03-10 15:30:00,2
15559,United Kingdom,2010-05-20 14:06:00,2010-05-20 14:06:00,1
15560,United Kingdom,2010-11-07 10:14:00,2010-11-07 10:15:00,2
15561,United Kingdom,2010-02-14 12:22:00,2011-11-28 11:07:00,9
15562,United Kingdom,2009-12-13 15:17:00,2010-12-23 09:55:00,3
15563,United Kingdom,2010-01-28 11:36:00,2011-12-01 09:36:00,11
15564,United Kingdom,2010-02-01 15:58:00,2010-09-02 15:52:00,2
15565,United Kingdom,2011-09-30 10:44:00,2011-10-20 14:33:00,2
15566,United Kingdom,2009-12-15 14:53:00,2010-11-12 12:11:00,2
15567,United Kingdom,2011-11-21 10:48:00,2011-11-21 10:48:00,1
15568,United Kingdom,2011-09-27 14:37:00,2011-12-07 11:27:00,3
15569,United Kingdom,2010-02-28 10:55:00,2011-08-28 10:15:00,10
15570,United Kingdom,2010-03-28 14:04:00,2011-12-02 14:47:00,27
15571,United Kingdom,2009-12-06 12:10:00,2011-11-28 10:02:00,14
15572,United Kingdom,2010-04-14 14:38:00,2011-12-05 10:09:00,10
15573,United Kingdom,2009-12-10 14:19:00,2011-11-08 11:38:00,5
15574,United Kingdom,2010-09-01 14:37:00,2011-06-15 12:01:00,7
15575,United Kingdom,2010-03-30 12:50:00,2010-03-30 12:50:00,1
15576,United Kingdom,2011-11-02 12:03:00,2011-11-02 12:03:00,1
15577,United Kingdom,2009-12-13 16:17:00,2011-07-11 17:03:00,5
15578,United Kingdom,2011-06-30 13:03:00,2011-06-30 13:03:00,1
15579,United Kingdom,2010-10-03 14:37:00,2011-10-02 12:45:00,7
15580,United Kingdom,2010-02-07 11:21:00,2010-11-28 11:01:00,14
15581,United Kingdom,2009-12-02 12:19:00,2011-08-11 09:38:00,43
15582,United Kingdom,2011-05-03 13:36:00,2011-11-15 09:55:00,3
15583,United Kingdom,2010-11-28 15:04:00,2010-11-28 15:04:00,1
15584,United Kingdom,2010-02-07 12:16:00,2011-11-16 10:55:00,7
15585,United Kingdom,2011-06-16 08:38:00,2011-06-16 08:38:00,1
15586,United Kingdom,2010-01-08 10:02:00,2010-04-27 17:07:00,4
15587,United Kingdom,2010-08-05 08:44:00,2011-10-20 13:37:00,7
15588,United Kingdom,2010-01-31 12:19:00,2010-01-31 12:19:00,1
15589,United Kingdom,2011-02-02 10:46:00,2011-04-01 11:22:00,4
15590,United Kingdom,2010-04-12 10:09:00,2011-02-23 16:36:00,6
15591,United Kingdom,2010-02-04 09:20:00,2010-05-06 09:23:00,3
15592,United Kingdom,2011-10-24 08:59:00,2011-10-24 08:59:00,1
15593,United Kingdom,2011-09-30 11:46:00,2011-09-30 11:46:00,1
15594,United Kingdom,2011-04-19 10:08:00,2011-11-24 08:53:00,6
15595,United Kingdom,2010-08-09 12:27:00,2010-08-09 12:27:00,1
15596,United Kingdom,2010-07-28 11:46:00,2011-08-31 10:55:00,16
15597,United Kingdom,2010-05-13 13:10:00,2011-11-10 11:46:00,3
15598,United Kingdom,2010-10-08 09:20:00,2011-11-04 13:14:00,4
15599,United Kingdom,2010-09-20 10:15:00,2011-11-13 11:44:00,3
15600,United Kingdom,2010-04-25 11:50:00,2010-10-07 14:30:00,5
15601,United Kingdom,2009-12-01 14:53:00,2011-11-28 15:15:00,35
15602,United Kingdom,2009-12-02 09:35:00,2011-12-01 14:14:00,25
15603,United Kingdom,2010-03-01 16:02:00,2011-09-22 10:04:00,3
15604,United Kingdom,2011-10-18 14:47:00,2011-10-18 14:47:00,1
15605,United Kingdom,2010-01-14 14:03:00,2011-11-03 14:17:00,10
15606,United Kingdom,2010-03-02 14:48:00,2011-10-13 13:32:00,19
15607,United Kingdom,2010-01-08 12:16:00,2011-01-07 12:44:00,13
15608,United Kingdom,2010-10-20 10:10:00,2011-11-11 13:20:00,5
15609,United Kingdom,2011-06-08 13:00:00,2011-06-10 09:55:00,2
15610,United Kingdom,2011-10-19 10:36:00,2011-10-19 10:36:00,1
15611,United Kingdom,2010-01-25 14:50:00,2011-11-30 12:36:00,32
15612,United Kingdom,2011-10-09 12:49:00,2011-11-03 14:52:00,2
15613,United Kingdom,2010-04-08 12:51:00,2010-04-08 12:51:00,1
15614,United Kingdom,2009-12-01 11:48:00,2010-10-07 17:23:00,7
15615,United Kingdom,2009-12-02 15:28:00,2011-11-29 14:42:00,54
15616,United Kingdom,2010-09-27 13:10:00,2010-09-27 13:10:00,1
15617,United Kingdom,2010-07-20 13:16:00,2010-11-08 16:07:00,3
15618,United Kingdom,2011-07-26 10:13:00,2011-11-07 08:34:00,5
15619,United Kingdom,2011-11-29 08:14:00,2011-11-29 08:14:00,1
15620,United Kingdom,2010-10-26 11:32:00,2011-10-20 19:17:00,8
15621,United Kingdom,2011-11-18 11:49:00,2011-12-05 14:01:00,6
15622,United Kingdom,2010-01-07 13:24:00,2011-12-06 14:57:00,30
15623,United Kingdom,2009-12-10 14:46:00,2011-07-21 17:26:00,8
15624,United Kingdom,2011-03-28 13:32:00,2011-08-15 11:38:00,4
15625,United Kingdom,2010-06-15 15:23:00,2011-08-31 16:13:00,14
15626,United Kingdom,2010-10-14 17:16:00,2011-09-26 10:03:00,4
15627,United Kingdom,2010-07-05 11:56:00,2010-09-08 14:14:00,2
15628,United Kingdom,2009-12-13 13:39:00,2011-12-05 10:24:00,21
15629,United Kingdom,2010-06-25 11:39:00,2010-09-15 13:46:00,4
15630,United Kingdom,2010-03-05 14:30:00,2011-10-25 15:36:00,4
15631,United Kingdom,2010-03-07 14:52:00,2010-03-07 14:52:00,1
15632,United Kingdom,2011-03-10 08:29:00,2011-11-24 09:51:00,10
15633,United Kingdom,2009-12-08 17:51:00,2010-07-18 13:54:00,18
15634,United Kingdom,2010-11-21 15:30:00,2011-11-22 16:28:00,2
15635,United Kingdom,2010-11-09 08:58:00,2010-11-09 08:58:00,1
15636,United Kingdom,2010-05-19 11:37:00,2011-09-11 11:17:00,4
15637,United Kingdom,2009-12-15 17:54:00,2011-10-18 08:28:00,5
15638,United Kingdom,2010-01-27 11:44:00,2011-02-11 15:12:00,9
15639,United Kingdom,2010-04-13 13:11:00,2011-07-28 14:30:00,5
15640,United Kingdom,2009-12-14 16:36:00,2011-12-05 14:35:00,34
15641,United Kingdom,2009-12-06 15:31:00,2011-08-26 14:04:00,12
15642,United Kingdom,2009-12-10 11:51:00,2009-12-10 11:51:00,1
15643,United Kingdom,2011-03-02 14:34:00,2011-06-13 17:19:00,6
15644,United Kingdom,2011-03-23 15:37:00,2011-06-26 14:54:00,4
15645,United Kingdom,2010-10-10 12:51:00,2011-11-21 11:55:00,4
15646,United Kingdom,2010-10-25 13:06:00,2011-07-05 09:53:00,6
15647,United Kingdom,2010-10-20 15:09:00,2010-10-20 15:09:00,1
15648,United Kingdom,2011-03-17 18:59:00,2011-05-19 15:53:00,4
15649,United Kingdom,2010-11-17 16:22:00,2011-01-07 13:34:00,4
15650,United Kingdom,2010-03-21 11:46:00,2010-07-12 16:02:00,3
15651,United Kingdom,2010-04-22 13:26:00,2011-11-03 08:41:00,5
15652,United Kingdom,2010-08-11 16:58:00,2011-09-09 14:22:00,6
15653,United Kingdom,2011-08-16 09:50:00,2011-09-08 10:49:00,2
15654,United Kingdom,2011-11-13 15:15:00,2011-11-30 13:08:00,2
15655,United Kingdom,2011-04-10 15:25:00,2011-04-20 16:28:00,2
15656,United Kingdom,2011-02-28 15:32:00,2011-10-25 14:56:00,4
15657,United Kingdom,2011-11-17 12:19:00,2011-11-17 12:19:00,1
15658,United Kingdom,2009-12-03 11:19:00,2011-06-02 15:22:00,13
15659,United Kingdom,2010-02-24 13:32:00,2011-10-27 09:23:00,3
15660,United Kingdom,2010-02-05 16:01:00,2011-11-14 16:58:00,18
15661,United Kingdom,2010-05-10 07:59:00,2011-01-26 13:56:00,8
15662,United Kingdom,2009-12-01 13:49:00,2010-02-16 16:47:00,2
15663,United Kingdom,2011-08-25 15:50:00,2011-08-25 15:50:00,1
15664,United Kingdom,2010-02-28 12:50:00,2011-10-20 10:57:00,7
15665,United Kingdom,2010-03-14 15:07:00,2011-06-24 14:57:00,5
15666,United Kingdom,2010-08-01 15:41:00,2010-08-24 16:14:00,2
15667,United Kingdom,2011-10-31 10:56:00,2011-10-31 10:56:00,1
15668,United Kingdom,2011-05-06 10:39:00,2011-05-06 10:39:00,1
15669,United Kingdom,2011-03-21 09:13:00,2011-10-30 16:03:00,5
15670,United Kingdom,2010-06-01 15:34:00,2011-02-16 10:50:00,3
15671,United Kingdom,2011-03-14 09:37:00,2011-11-21 12:43:00,10
15672,United Kingdom,2009-12-14 16:52:00,2009-12-14 16:52:00,1
15673,United Kingdom,2010-02-22 14:28:00,2011-09-12 16:12:00,10
15674,United Kingdom,2009-12-08 17:08:00,2011-09-27 15:17:00,18
15675,United Kingdom,2010-10-31 14:14:00,2011-09-19 13:48:00,4
15676,United Kingdom,2011-03-01 10:19:00,2011-11-30 17:39:00,5
15677,United Kingdom,2010-09-02 12:08:00,2011-10-21 15:36:00,3
15678,United Kingdom,2010-07-05 12:49:00,2011-10-18 09:25:00,3
15679,United Kingdom,2011-06-10 08:24:00,2011-11-15 16:19:00,4
15680,United Kingdom,2009-12-02 12:15:00,2011-11-30 13:46:00,12
15681,United Kingdom,2010-05-24 14:18:00,2011-11-21 13:25:00,16
15682,United Kingdom,2010-01-21 14:37:00,2010-04-19 15:30:00,3
15683,United Kingdom,2010-08-23 12:01:00,2011-08-14 12:56:00,2
15684,United Kingdom,2009-12-04 16:13:00,2010-06-10 18:51:00,6
15685,United Kingdom,2010-09-15 13:43:00,2010-09-15 13:43:00,1
15686,United Kingdom,2010-10-15 13:50:00,2010-10-15 13:50:00,1
15687,United Kingdom,2011-01-13 15:13:00,2011-12-01 08:33:00,11
15688,United Kingdom,2010-10-17 12:06:00,2010-10-17 12:06:00,1
15689,United Kingdom,2010-04-01 09:53:00,2011-08-12 09:37:00,3
15690,United Kingdom,2011-08-31 11:40:00,2011-12-05 15:59:00,2
15691,United Kingdom,2009-12-06 16:01:00,2011-04-01 15:13:00,5
15692,United Kingdom,2011-11-11 14:12:00,2011-11-11 14:12:00,1
15693,United Kingdom,2010-02-18 14:37:00,2010-02-18 14:37:00,1
15694,United Kingdom,2009-12-07 15:43:00,2011-12-09 09:44:00,29
15695,United Kingdom,2010-01-27 10:56:00,2011-03-18 08:32:00,4
15696,United Kingdom,2010-01-24 14:36:00,2011-11-06 14:02:00,21
15697,United Kingdom,2010-01-19 09:10:00,2010-01-19 09:10:00,1
15698,United Kingdom,2010-03-25 17:38:00,2010-03-25 17:38:00,1
15699,United Kingdom,2011-11-22 08:26:00,2011-11-22 08:26:00,1
15700,United Kingdom,2011-06-19 15:36:00,2011-06-20 16:53:00,3
15701,United Kingdom,2011-08-21 12:36:00,2011-12-07 14:39:00,4
15702,Nigeria,2010-01-26 17:23:00,2010-08-20 14:50:00,2
15703,United Kingdom,2011-03-20 10:51:00,2011-03-20 10:51:00,1
15704,United Kingdom,2010-05-05 14:51:00,2011-07-22 13:35:00,8
15705,United Kingdom,2011-05-22 15:37:00,2011-05-22 15:37:00,1
15706,United Kingdom,2011-08-15 14:32:00,2011-10-11 10:14:00,7
15707,United Kingdom,2011-09-14 14:19:00,2011-11-04 14:35:00,4
15708,United Kingdom,2010-10-10 11:33:00,2011-10-30 10:54:00,14
15709,United Kingdom,2010-04-29 18:31:00,2011-03-01 10:38:00,2
15710,United Kingdom,2010-10-18 17:05:00,2010-10-18 17:05:00,1
15711,United Kingdom,2010-01-24 12:13:00,2010-06-01 12:14:00,2
15712,United Kingdom,2009-12-01 11:17:00,2011-11-30 14:09:00,13
15713,United Kingdom,2009-12-16 09:41:00,2011-07-19 13:34:00,6
15714,United Kingdom,2010-06-02 12:08:00,2011-11-28 11:26:00,5
15715,United Kingdom,2010-03-30 12:17:00,2010-06-02 09:56:00,5
15716,United Kingdom,2009-12-07 12:42:00,2011-07-17 11:59:00,11
15717,United Kingdom,2010-04-26 10:41:00,2011-04-19 13:21:00,5
15718,United Kingdom,2010-06-17 16:20:00,2010-06-17 16:20:00,1
15719,United Kingdom,2009-12-01 12:47:00,2011-11-07 12:29:00,39
15720,United Kingdom,2010-06-07 15:40:00,2011-11-15 14:48:00,2
15721,United Kingdom,2011-11-28 12:14:00,2011-11-28 12:14:00,1
15722,United Kingdom,2010-03-09 13:58:00,2011-11-04 11:43:00,15
15723,United Kingdom,2010-05-14 12:55:00,2010-12-10 11:12:00,4
15724,United Kingdom,2010-11-04 10:22:00,2011-05-22 14:40:00,5
15725,United Kingdom,2011-11-24 14:51:00,2011-11-24 14:51:00,1
15726,United Kingdom,2010-11-14 16:12:00,2010-11-14 16:12:00,1
15727,United Kingdom,2010-01-24 12:12:00,2011-11-23 12:36:00,15
15728,United Kingdom,2010-09-21 14:46:00,2011-10-21 14:03:00,3
15729,United Kingdom,2010-11-01 13:44:00,2011-05-25 16:43:00,5
15730,United Kingdom,2010-10-04 14:15:00,2011-10-05 12:31:00,7
15731,United Kingdom,2010-06-04 10:10:00,2010-06-04 10:10:00,1
15732,United Kingdom,2010-02-04 10:10:00,2011-05-11 14:24:00,12
15733,United Kingdom,2011-03-02 09:05:00,2011-03-02 09:05:00,1
15734,United Kingdom,2010-06-10 14:25:00,2011-08-17 10:50:00,4
15735,United Kingdom,2010-10-14 13:38:00,2010-10-14 13:38:00,1
15736,United Kingdom,2010-09-30 14:19:00,2010-10-05 19:59:00,3
15737,United Kingdom,2011-04-11 10:01:00,2011-11-25 11:21:00,12
15738,United Kingdom,2009-12-10 15:52:00,2011-11-21 08:26:00,45
15739,United Kingdom,2011-10-04 13:42:00,2011-10-04 13:42:00,1
15740,United Kingdom,2011-10-21 14:29:00,2011-10-21 14:29:00,1
15741,United Kingdom,2010-03-31 11:55:00,2010-09-07 16:21:00,2
15742,United Kingdom,2010-03-30 15:25:00,2010-03-30 15:25:00,1
15743,United Kingdom,2011-06-08 10:14:00,2011-11-23 17:19:00,4
15744,United Kingdom,2011-09-23 09:52:00,2011-09-23 09:52:00,1
15745,United Kingdom,2011-04-17 13:04:00,2011-12-01 11:18:00,6
15746,United Kingdom,2011-07-28 15:21:00,2011-07-28 15:27:00,2
15747,United Kingdom,2010-01-18 11:21:00,2011-11-27 12:26:00,10
15748,United Kingdom,2010-09-16 16:52:00,2011-10-30 12:51:00,3
15749,United Kingdom,2011-01-11 12:55:00,2011-04-18 13:20:00,4
15750,United Kingdom,2009-12-01 16:26:00,2011-12-07 12:34:00,24
15751,United Kingdom,2009-12-06 13:08:00,2010-09-05 12:44:00,14
15752,United Kingdom,2010-09-08 11:56:00,2011-10-31 11:37:00,10
15753,United Kingdom,2011-02-08 12:41:00,2011-02-08 12:41:00,1
15754,United Kingdom,2010-02-22 13:31:00,2011-10-20 11:44:00,12
15755,United Kingdom,2009-12-04 08:24:00,2011-12-08 18:59:00,20
15756,United Kingdom,2011-04-04 14:00:00,2011-10-09 13:30:00,4
15757,United Kingdom,2010-06-10 13:47:00,2011-10-05 12:14:00,6
15758,United Kingdom,2011-11-15 10:48:00,2011-11-15 10:48:00,1
15759,United Kingdom,2009-12-02 10:08:00,2011-05-05 15:13:00,10
15760,Norway,2010-03-19 11:30:00,2010-03-19 11:53:00,5
15761,United Kingdom,2010-09-23 09:33:00,2010-09-23 09:33:00,1
15762,United Kingdom,2011-09-23 15:17:00,2011-10-05 16:15:00,2
15763,United Kingdom,2011-09-23 12:10:00,2011-11-08 09:44:00,3
15764,United Kingdom,2010-08-18 13:58:00,2011-09-19 16:16:00,14
15765,United Kingdom,2010-02-11 10:25:00,2010-02-11 10:25:00,1
15766,United Kingdom,2010-01-26 15:55:00,2011-10-06 17:03:00,4
15767,United Kingdom,2009-12-04 14:56:00,2010-03-08 15:48:00,2
15768,United Kingdom,2009-12-03 12:10:00,2011-08-16 10:48:00,36
15769,United Kingdom,2009-12-11 09:58:00,2011-12-02 13:52:00,51
15770,United Kingdom,2010-04-06 11:47:00,2010-04-06 11:47:00,1
15771,United Kingdom,2010-01-15 12:14:00,2010-04-14 13:56:00,3
15772,United Kingdom,2010-10-17 13:33:00,2010-10-17 13:33:00,1
15773,United Kingdom,2010-10-26 15:27:00,2011-12-04 12:48:00,2
15774,United Kingdom,2010-02-21 12:57:00,2011-10-02 12:04:00,7
15775,United Kingdom,2010-03-18 07:32:00,2011-04-08 12:56:00,2
15776,United Kingdom,2011-07-29 13:46:00,2011-07-29 13:46:00,1
15777,United Kingdom,2010-05-20 10:37:00,2011-04-12 16:43:00,9
15778,United Kingdom,2010-10-04 15:10:00,2010-10-04 15:10:00,1
15779,United Kingdom,2010-06-25 15:55:00,2010-09-02 16:40:00,2
15780,United Kingdom,2010-12-17 11:43:00,2011-06-09 12:01:00,3
15781,United Kingdom,2011-02-07 09:15:00,2011-11-14 14:57:00,4
15782,United Kingdom,2009-12-17 17:50:00,2011-11-30 10:49:00,6
15783,United Kingdom,2011-11-29 09:50:00,2011-11-29 09:50:00,1
15784,United Kingdom,2010-02-05 14:42:00,2010-08-29 10:38:00,2
15785,United Kingdom,2009-12-15 16:28:00,2011-11-10 12:08:00,26
15786,United Kingdom,2010-06-21 10:13:00,2011-10-27 10:53:00,9
15787,United Kingdom,2011-10-09 13:11:00,2011-11-13 14:55:00,3
15788,United Kingdom,2010-07-19 12:48:00,2010-07-27 12:31:00,2
15789,United Kingdom,2010-03-26 11:21:00,2010-12-16 14:35:00,7
15790,United Kingdom,2011-11-29 14:53:00,2011-11-29 14:53:00,1
15791,United Kingdom,2010-03-08 09:41:00,2011-10-27 10:14:00,9
15792,United Kingdom,2010-03-31 09:42:00,2010-11-05 08:21:00,2
15793,United Kingdom,2009-12-01 12:54:00,2011-11-30 15:08:00,9
15794,United Kingdom,2009-12-02 15:10:00,2009-12-03 13:04:00,2
15795,United Kingdom,2010-01-18 11:31:00,2011-07-13 10:43:00,8
15796,United Kingdom,2009-12-01 12:18:00,2011-12-08 19:55:00,22
15797,United Kingdom,2010-01-27 13:12:00,2011-08-18 17:04:00,6
15798,United Kingdom,2010-01-27 11:55:00,2010-08-04 09:13:00,3
15799,United Kingdom,2010-10-17 14:26:00,2011-09-25 12:46:00,4
15800,United Kingdom,2010-03-31 13:17:00,2011-08-24 14:23:00,7
15801,United Kingdom,2011-08-22 09:53:00,2011-10-24 13:52:00,4
15802,United Kingdom,2011-07-20 11:23:00,2011-07-20 11:40:00,3
15803,United Kingdom,2010-02-01 16:29:00,2011-10-19 14:56:00,4
15804,United Kingdom,2011-05-25 10:12:00,2011-12-09 12:31:00,19
15805,United Kingdom,2009-12-10 12:57:00,2011-11-16 16:32:00,40
15806,United Kingdom,2011-03-08 09:24:00,2011-10-24 14:35:00,3
15807,United Kingdom,2010-02-11 15:32:00,2011-10-20 14:10:00,6
15808,United Kingdom,2009-12-01 16:30:00,2011-02-06 14:33:00,24
15809,United Kingdom,2010-06-22 14:23:00,2011-11-04 12:05:00,9
15810,United Kingdom,2009-12-22 10:24:00,2011-09-22 09:38:00,13
15811,United Kingdom,2010-11-16 16:46:00,2011-11-22 15:29:00,10
15812,United Kingdom,2009-12-15 13:40:00,2011-08-24 14:19:00,13
15813,United Kingdom,2011-04-14 09:09:00,2011-05-16 08:13:00,2
15814,United Kingdom,2010-04-15 14:31:00,2011-12-06 15:01:00,8
15815,United Kingdom,2011-03-25 08:43:00,2011-10-07 12:42:00,5
15816,United Kingdom,2010-06-15 12:54:00,2010-06-15 13:36:00,3
15817,United Kingdom,2010-06-14 13:31:00,2010-10-15 11:07:00,3
15818,United Kingdom,2010-04-30 12:58:00,2010-04-30 12:58:00,1
15819,United Kingdom,2010-03-18 11:08:00,2011-10-21 14:50:00,11
15820,United Kingdom,2011-01-24 12:00:00,2011-01-24 12:00:00,1
15821,United Kingdom,2011-10-09 13:28:00,2011-10-26 15:48:00,2
15822,United Kingdom,2009-12-06 14:34:00,2011-12-06 14:50:00,8
15823,United Kingdom,2009-12-08 15:12:00,2011-01-06 12:58:00,6
15824,United Kingdom,2010-06-25 15:10:00,2010-09-12 13:20:00,2
15825,United Kingdom,2011-06-20 13:27:00,2011-06-20 13:27:00,1
15826,United Kingdom,2010-05-20 17:00:00,2011-10-19 13:24:00,6
15827,United Kingdom,2010-01-08 11:25:00,2011-09-27 15:35:00,42
15828,United Kingdom,2010-11-29 16:41:00,2010-11-29 16:41:00,1
15829,United Kingdom,2011-07-22 10:23:00,2011-09-01 16:45:00,2
15830,United Kingdom,2011-11-02 10:40:00,2011-11-10 13:35:00,2
15831,United Kingdom,2011-01-19 14:44:00,2011-10-12 13:14:00,4
15832,United Kingdom,2011-03-30 15:29:00,2011-03-30 15:29:00,1
15833,United Kingdom,2009-12-02 11:59:00,2009-12-02 11:59:00,1
15834,United Kingdom,2010-10-11 14:05:00,2011-09-30 14:41:00,9
15835,United Kingdom,2011-01-13 10:35:00,2011-10-26 15:47:00,4
15836,United Kingdom,2011-10-20 17:13:00,2011-10-25 15:37:00,2
15837,United Kingdom,2010-08-11 10:16:00,2011-10-06 09:01:00,2
15838,United Kingdom,2009-12-15 09:51:00,2011-11-28 14:00:00,38
15839,United Kingdom,2011-07-14 16:35:00,2011-11-14 13:25:00,5
15840,United Kingdom,2011-06-20 11:42:00,2011-10-12 09:08:00,3
15841,United Kingdom,2009-12-10 08:29:00,2011-10-06 18:31:00,12
15842,United Kingdom,2010-06-30 09:06:00,2010-11-16 17:58:00,3
15843,United Kingdom,2011-02-09 10:19:00,2011-02-09 10:19:00,1
15844,United Kingdom,2011-10-24 15:19:00,2011-10-24 15:19:00,1
15845,United Kingdom,2010-01-26 14:44:00,2011-11-22 09:42:00,14
15846,United Kingdom,2010-11-19 14:40:00,2010-11-19 14:40:00,1
15847,United Kingdom,2010-03-08 08:47:00,2011-11-01 14:41:00,5
15848,United Kingdom,2010-03-28 10:54:00,2010-03-28 10:54:00,1
15849,United Kingdom,2010-04-22 12:55:00,2010-04-22 12:55:00,1
15850,United Kingdom,2009-12-13 13:27:00,2011-11-20 14:14:00,6
15851,United Kingdom,2010-07-01 12:34:00,2010-07-01 12:34:00,1
15852,United Kingdom,2010-07-01 10:16:00,2011-06-06 11:22:00,3
15853,United Kingdom,2011-10-19 10:38:00,2011-10-19 10:38:00,1
15854,United Kingdom,2009-12-10 12:08:00,2011-12-05 13:39:00,21
15855,United Kingdom,2010-08-20 17:15:00,2011-07-26 10:20:00,6
15856,United Kingdom,2009-12-03 14:02:00,2011-12-05 17:09:00,58
15857,United Kingdom,2010-10-05 16:43:00,2011-11-21 12:18:00,2
15858,United Kingdom,2009-12-10 11:42:00,2011-11-24 12:48:00,15
15859,United Kingdom,2010-10-03 12:52:00,2010-10-03 12:52:00,1
15860,United Kingdom,2009-12-06 12:31:00,2011-10-30 11:25:00,17
15861,United Kingdom,2010-01-28 19:41:00,2011-11-27 15:59:00,15
15862,United Kingdom,2009-12-17 11:33:00,2011-12-01 13:28:00,13
15863,United Kingdom,2009-12-17 10:20:00,2011-11-14 12:49:00,5
15864,United Kingdom,2010-11-23 15:02:00,2011-11-17 13:32:00,9
15865,United Kingdom,2010-01-05 13:58:00,2011-10-30 12:43:00,5
15866,United Kingdom,2011-08-30 14:09:00,2011-08-30 14:09:00,1
15867,United Kingdom,2009-12-14 15:16:00,2011-12-04 13:37:00,35
15868,United Kingdom,2010-05-05 14:11:00,2010-05-05 14:11:00,1
15869,United Kingdom,2010-03-23 16:50:00,2011-03-07 17:23:00,3
15870,United Kingdom,2010-09-19 16:22:00,2011-11-07 10:58:00,4
15871,United Kingdom,2010-09-28 14:16:00,2010-09-28 14:16:00,1
15872,United Kingdom,2010-06-07 14:53:00,2011-11-25 11:55:00,4
15873,United Kingdom,2010-07-27 11:58:00,2010-08-04 11:51:00,5
15874,United Kingdom,2010-01-07 13:56:00,2011-10-07 12:58:00,25
15875,United Kingdom,2010-03-03 16:51:00,2010-03-03 16:51:00,1
15876,United Kingdom,2010-09-17 15:26:00,2010-10-26 18:58:00,2
15877,United Kingdom,2011-11-22 11:18:00,2011-12-08 11:57:00,3
15878,United Kingdom,2009-12-06 12:28:00,2010-05-27 12:17:00,2
15879,United Kingdom,2009-12-17 19:54:00,2010-10-31 16:21:00,4
15880,United Kingdom,2010-12-05 13:00:00,2010-12-05 13:09:00,2
15881,United Kingdom,2010-12-10 13:32:00,2011-01-31 16:59:00,8
15882,United Kingdom,2009-12-10 15:33:00,2011-05-25 11:35:00,10
15883,United Kingdom,2011-11-06 14:50:00,2011-12-07 17:05:00,2
15884,United Kingdom,2009-12-03 18:12:00,2010-10-03 15:55:00,3
15885,United Kingdom,2010-01-21 12:47:00,2011-09-08 10:43:00,20
15886,United Kingdom,2010-04-20 15:03:00,2011-10-10 14:25:00,4
15887,United Kingdom,2010-06-02 11:53:00,2010-10-29 08:36:00,3
15888,United Kingdom,2010-07-01 11:51:00,2011-09-21 09:44:00,4
15889,United Kingdom,2009-12-10 12:21:00,2011-07-06 11:10:00,9
15890,United Kingdom,2010-04-14 08:43:00,2010-11-10 12:46:00,5
15891,United Kingdom,2011-04-27 12:35:00,2011-04-27 12:35:00,1
15892,United Kingdom,2010-02-08 16:23:00,2010-02-08 16:23:00,1
15893,United Kingdom,2010-08-15 11:12:00,2010-08-15 11:12:00,1
15894,United Kingdom,2010-12-05 14:06:00,2011-03-31 13:50:00,2
15895,United Kingdom,2011-07-13 10:27:00,2011-07-13 10:27:00,1
15896,United Kingdom,2010-03-25 12:23:00,2010-03-25 12:23:00,1
15897,United Kingdom,2011-05-29 13:32:00,2011-05-29 13:50:00,2
15898,United Kingdom,2009-12-11 16:11:00,2011-12-08 15:23:00,29
15899,United Kingdom,2010-12-06 10:36:00,2010-12-06 10:36:00,1
15900,United Kingdom,2010-05-26 11:27:00,2011-11-16 12:19:00,5
15901,United Kingdom,2010-06-14 12:39:00,2011-11-23 12:43:00,9
15902,United Kingdom,2010-11-24 16:57:00,2010-11-24 16:57:00,1
15903,United Kingdom,2009-12-08 17:04:00,2011-11-30 08:08:00,15
15904,United Kingdom,2011-12-01 14:50:00,2011-12-01 14:50:00,1
15905,United Kingdom,2010-06-14 16:00:00,2010-06-14 16:00:00,1
15906,United Kingdom,2010-09-15 12:17:00,2011-11-20 12:24:00,12
15907,United Kingdom,2011-05-13 13:01:00,2011-12-06 12:21:00,3
15908,United Kingdom,2010-07-15 19:21:00,2010-08-06 11:56:00,2
15909,United Kingdom,2011-06-19 10:38:00,2011-06-19 10:38:00,1
15910,United Kingdom,2010-01-21 11:51:00,2011-12-09 10:51:00,15
15911,United Kingdom,2009-12-09 13:26:00,2010-09-17 13:57:00,10
15912,United Kingdom,2009-12-10 12:58:00,2011-06-14 14:29:00,9
15913,United Kingdom,2010-06-23 16:31:00,2010-06-23 16:31:00,1
15914,United Kingdom,2010-11-26 16:09:00,2010-11-26 16:10:00,2
15915,United Kingdom,2010-11-03 11:13:00,2010-11-03 11:13:00,1
15916,United Kingdom,2009-12-10 15:01:00,2011-11-23 13:46:00,17
15917,United Kingdom,2009-12-02 14:55:00,2011-04-06 10:40:00,5
15918,United Kingdom,2010-03-18 11:40:00,2011-06-02 11:42:00,3
15919,United Kingdom,2010-12-06 11:26:00,2011-11-20 11:28:00,2
15920,United Kingdom,2009-12-14 13:09:00,2011-07-08 15:31:00,9
15921,United Kingdom,2010-03-09 11:03:00,2011-06-20 11:03:00,4
15922,United Kingdom,2010-12-01 13:51:00,2010-12-02 13:05:00,2
15923,United Kingdom,2010-12-02 12:16:00,2010-12-02 12:16:00,1
15924,United Kingdom,2009-12-08 15:00:00,2009-12-08 15:00:00,1
15925,United Kingdom,2011-05-29 15:35:00,2011-05-29 15:35:00,1
15926,United Kingdom,2010-06-15 15:23:00,2010-06-15 15:23:00,1
15927,United Kingdom,2010-03-02 13:25:00,2010-03-02 13:25:00,1
15928,United Kingdom,2010-02-21 15:16:00,2010-02-21 15:16:00,1
15929,United Kingdom,2010-03-05 14:56:00,2010-03-05 14:56:00,1
15930,United Kingdom,2011-10-03 14:52:00,2011-10-03 14:52:00,1
15931,United Kingdom,2010-10-07 16:46:00,2010-10-07 16:46:00,1
15932,United Kingdom,2011-02-23 14:50:00,2011-12-05 17:13:00,11
15933,United Kingdom,2011-09-14 12:05:00,2011-11-18 13:14:00,3
15934,United Kingdom,2010-10-06 12:08:00,2010-10-18 10:13:00,2
15935,United Kingdom,2009-12-08 17:23:00,2011-04-14 13:27:00,3
15936,United Kingdom,2010-08-29 11:42:00,2010-11-25 16:39:00,2
15937,United Kingdom,2011-10-06 15:48:00,2011-10-06 15:48:00,1
15938,United Kingdom,2010-06-01 09:42:00,2011-08-19 12:56:00,9
15939,United Kingdom,2010-11-30 12:07:00,2011-09-11 11:30:00,17
15940,United Kingdom,2010-10-26 18:17:00,2011-02-01 16:21:00,3
15941,United Kingdom,2010-03-12 14:45:00,2010-07-14 16:01:00,2
15942,United Kingdom,2011-07-29 09:01:00,2011-07-29 09:01:00,1
15943,United Kingdom,2010-01-31 11:04:00,2010-02-28 12:49:00,2
15944,United Kingdom,2009-12-13 12:57:00,2011-03-08 10:33:00,4
15945,United Kingdom,2009-12-01 13:47:00,2010-12-09 13:14:00,4
15946,United Kingdom,2010-03-16 10:49:00,2010-07-25 12:18:00,3
15947,United Kingdom,2011-09-18 10:46:00,2011-09-18 10:46:00,1
15948,United Kingdom,2010-10-11 12:16:00,2011-12-01 15:32:00,3
15949,United Kingdom,2011-09-29 17:34:00,2011-11-23 09:09:00,2
15950,United Kingdom,2010-01-26 10:54:00,2011-12-08 10:34:00,13
15951,United Kingdom,2010-11-23 18:20:00,2011-12-08 18:57:00,4
15952,United Kingdom,2011-04-28 12:55:00,2011-11-06 11:18:00,4
15953,United Kingdom,2009-12-03 14:00:00,2011-11-24 15:32:00,21
15954,United Kingdom,2010-04-29 13:35:00,2010-04-29 13:35:00,1
15955,United Kingdom,2010-02-23 16:36:00,2011-11-15 14:15:00,25
15956,United Kingdom,2009-12-13 11:16:00,2010-06-06 13:06:00,2
15957,United Kingdom,2010-10-15 12:11:00,2011-11-08 12:14:00,3
15958,United Kingdom,2010-06-07 10:59:00,2011-09-26 13:41:00,4
15959,United Kingdom,2010-01-26 16:19:00,2010-01-26 16:38:00,3
15960,United Kingdom,2010-09-30 15:50:00,2010-11-30 15:57:00,5
15961,United Kingdom,2010-11-25 15:59:00,2010-11-25 15:59:00,1
15962,United Kingdom,2010-09-16 13:48:00,2010-09-16 13:48:00,1
15963,United Kingdom,2011-10-25 13:05:00,2011-11-20 11:33:00,2
15964,United Kingdom,2010-02-14 15:30:00,2010-02-14 15:30:00,1
15965,United Kingdom,2009-12-03 11:45:00,2011-11-22 16:44:00,14
15966,United Kingdom,2010-09-15 10:44:00,2010-09-21 19:40:00,2
15967,United Kingdom,2009-12-01 13:28:00,2011-11-16 15:41:00,13
15968,United Kingdom,2010-11-16 13:04:00,2010-11-16 13:04:00,1
15969,United Kingdom,2010-07-05 13:10:00,2011-12-07 11:06:00,6
15970,United Kingdom,2010-04-20 11:30:00,2011-02-09 12:08:00,2
15971,United Kingdom,2009-12-08 09:46:00,2011-11-22 12:50:00,20
15972,United Kingdom,2010-04-18 14:06:00,2010-09-09 13:20:00,5
15973,United Kingdom,2010-10-06 15:00:00,2011-04-18 09:39:00,5
15974,United Kingdom,2011-02-24 10:10:00,2011-10-31 13:13:00,8
15975,United Kingdom,2011-09-16 13:33:00,2011-09-16 13:33:00,1
15976,United Kingdom,2010-06-06 14:01:00,2011-06-27 13:00:00,6
15977,United Kingdom,2011-10-31 16:24:00,2011-11-22 13:29:00,2
15978,United Kingdom,2010-03-05 14:39:00,2011-09-23 15:21:00,5
15979,United Kingdom,2010-04-16 11:35:00,2010-04-16 11:35:00,1
15980,United Kingdom,2010-06-01 14:40:00,2011-09-12 09:41:00,9
15981,United Kingdom,2010-03-29 10:07:00,2011-11-15 08:00:00,27
15982,United Kingdom,2010-04-13 15:47:00,2010-04-13 15:47:00,1
15983,United Kingdom,2009-12-06 12:52:00,2011-11-17 17:34:00,8
15984,United Kingdom,2009-12-01 13:38:00,2011-12-07 12:16:00,32
15985,United Kingdom,2010-05-27 15:51:00,2011-08-08 16:31:00,8
15986,United Kingdom,2010-11-23 10:02:00,2011-11-09 15:17:00,2
15987,United Kingdom,2010-11-25 12:56:00,2011-11-27 15:38:00,8
15988,United Kingdom,2010-02-21 11:36:00,2011-11-20 13:23:00,3
15989,United Kingdom,2009-12-02 15:51:00,2010-11-29 12:03:00,2
15990,United Kingdom,2010-02-28 12:30:00,2011-10-26 15:58:00,7
15991,United Kingdom,2010-06-23 15:50:00,2010-06-23 15:50:00,1
15992,United Kingdom,2010-09-12 11:52:00,2011-12-06 11:00:00,3
15993,United Kingdom,2011-10-26 16:21:00,2011-12-01 10:45:00,10
15994,United Kingdom,2010-03-14 11:55:00,2011-10-16 12:28:00,5
15995,United Kingdom,2010-10-21 13:57:00,2010-10-21 13:57:00,1
15996,United Kingdom,2010-11-07 15:49:00,2011-09-12 15:14:00,8
15997,United Kingdom,2010-04-01 13:04:00,2010-04-01 13:04:00,1
15998,United Kingdom,2009-12-01 11:45:00,2011-11-03 12:45:00,21
15999,United Kingdom,2009-12-04 12:31:00,2009-12-04 12:31:00,1
16000,United Kingdom,2011-12-07 12:14:00,2011-12-07 12:17:00,3
16001,United Kingdom,2010-06-15 09:51:00,2010-11-23 17:10:00,2
16002,United Kingdom,2010-03-24 13:08:00,2010-03-24 13:08:00,1
16003,United Kingdom,2009-12-03 18:51:00,2011-11-10 09:57:00,10
16004,United Kingdom,2010-01-25 13:56:00,2010-08-22 11:48:00,5
16005,United Kingdom,2010-09-15 13:21:00,2011-11-27 13:47:00,11
16006,United Kingdom,2010-11-17 12:03:00,2011-05-12 13:12:00,2
16007,United Kingdom,2010-06-14 13:18:00,2011-10-23 11:05:00,7
16008,United Kingdom,2010-03-19 11:07:00,2011-11-16 10:32:00,15
16009,United Kingdom,2011-07-03 11:26:00,2011-11-17 16:51:00,4
16010,United Kingdom,2010-10-24 10:54:00,2011-04-08 10:14:00,12
16011,United Kingdom,2009-12-01 11:04:00,2011-12-01 16:31:00,30
16012,United Kingdom,2010-06-28 11:39:00,2011-11-04 13:25:00,5
16013,United Kingdom,2009-12-08 10:24:00,2011-12-06 10:36:00,94
16014,United Kingdom,2010-01-31 12:43:00,2011-11-04 11:23:00,6
16015,United Kingdom,2011-10-21 12:56:00,2011-12-06 10:58:00,4
16016,United Kingdom,2010-11-02 13:27:00,2011-12-06 14:35:00,14
16017,United Kingdom,2010-01-05 12:06:00,2011-10-23 12:56:00,5
16018,United Kingdom,2009-12-07 13:57:00,2011-10-31 14:13:00,4
16019,United Kingdom,2009-12-14 14:12:00,2011-12-08 10:06:00,35
16020,United Kingdom,2011-10-05 13:54:00,2011-11-23 11:18:00,3
16021,United Kingdom,2010-06-13 11:05:00,2010-11-09 14:48:00,2
16022,United Kingdom,2011-03-24 13:16:00,2011-03-24 13:16:00,1
16023,United Kingdom,2011-03-18 13:32:00,2011-10-24 16:34:00,3
16024,United Kingdom,2010-10-24 11:40:00,2011-11-27 13:26:00,3
16025,United Kingdom,2011-11-10 11:45:00,2011-11-10 11:45:00,1
16026,United Kingdom,2011-10-27 13:53:00,2011-10-27 13:53:00,1
16027,United Kingdom,2010-01-08 13:21:00,2011-09-09 10:47:00,18
16028,United Kingdom,2010-04-23 11:45:00,2010-04-23 11:45:00,1
16029,United Kingdom,2009-12-08 11:23:00,2011-11-01 10:27:00,125
16030,United Kingdom,2011-02-03 11:28:00,2011-02-03 11:28:00,1
16031,United Kingdom,2011-04-06 14:23:00,2011-09-08 13:07:00,2
16032,United Kingdom,2010-07-04 13:31:00,2010-09-09 18:00:00,6
16033,United Kingdom,2010-08-11 16:44:00,2011-12-04 12:44:00,36
16034,United Kingdom,2010-10-26 13:00:00,2011-05-27 16:17:00,7
16035,United Kingdom,2010-05-28 15:09:00,2010-05-28 15:09:00,1
16036,United Kingdom,2010-03-29 14:47:00,2011-09-13 14:53:00,4
16037,United Kingdom,2010-03-01 12:31:00,2011-03-15 09:13:00,7
16038,United Kingdom,2011-05-22 11:29:00,2011-12-02 12:40:00,4
16039,United Kingdom,2010-03-21 15:17:00,2010-10-12 10:44:00,3
16040,United Kingdom,2010-04-09 10:12:00,2011-10-05 13:47:00,8
16041,United Kingdom,2011-07-21 16:27:00,2011-11-09 12:25:00,3
16042,United Kingdom,2010-09-12 12:00:00,2011-11-17 17:50:00,11
16043,United Kingdom,2010-08-15 11:26:00,2011-11-02 12:50:00,8
16044,United Kingdom,2010-09-30 18:12:00,2010-09-30 18:12:00,1
16045,United Kingdom,2010-07-29 12:50:00,2011-08-12 12:41:00,9
16046,United Kingdom,2010-05-26 13:18:00,2010-05-26 13:18:00,1
16047,EIRE,2010-01-26 16:34:00,2010-01-26 16:34:00,1
16048,United Kingdom,2010-06-08 12:36:00,2011-09-15 10:12:00,6
16049,United Kingdom,2010-07-11 13:53:00,2011-10-30 13:19:00,6
16050,United Kingdom,2010-11-03 15:55:00,2011-06-19 11:44:00,3
16051,United Kingdom,2010-01-27 09:38:00,2010-01-27 09:38:00,1
16052,United Kingdom,2011-10-16 15:13:00,2011-10-16 15:13:00,1
16053,United Kingdom,2010-04-08 11:11:00,2011-11-07 11:21:00,8
16054,United Kingdom,2010-04-01 18:37:00,2011-07-17 13:08:00,7
16055,United Kingdom,2011-05-03 09:26:00,2011-05-03 09:26:00,1
16056,United Kingdom,2011-10-25 15:19:00,2011-10-25 15:19:00,1
16057,United Kingdom,2009-12-10 12:38:00,2011-12-05 16:36:00,17
16058,United Kingdom,2010-10-29 16:48:00,2010-10-29 16:48:00,1
16059,United Kingdom,2010-05-19 13:04:00,2011-10-05 09:56:00,12
16060,United Kingdom,2010-08-02 15:26:00,2010-11-04 12:10:00,3
16061,United Kingdom,2010-10-04 15:29:00,2011-03-15 14:41:00,3
16062,United Kingdom,2010-06-21 13:32:00,2011-11-30 12:15:00,8
16063,United Kingdom,2011-03-24 14:55:00,2011-03-24 14:56:00,1
16064,United Kingdom,2009-12-14 16:11:00,2009-12-14 16:11:00,1
16065,United Kingdom,2010-09-02 13:27:00,2010-12-09 13:03:00,10
16066,United Kingdom,2011-08-07 14:33:00,2011-11-23 11:54:00,5
16067,United Kingdom,2010-02-02 18:01:00,2010-05-26 12:33:00,6
16068,United Kingdom,2010-04-25 11:52:00,2010-04-25 11:52:00,1
16069,United Kingdom,2010-10-18 10:32:00,2010-10-18 10:32:00,1
16070,United Kingdom,2011-11-07 16:36:00,2011-11-17 15:50:00,2
16071,United Kingdom,2010-02-22 14:48:00,2011-10-26 11:14:00,4
16072,United Kingdom,2010-06-08 16:47:00,2011-02-24 14:32:00,4
16073,United Kingdom,2011-02-15 15:41:00,2011-02-21 12:33:00,2
16074,United Kingdom,2010-11-14 13:19:00,2010-11-14 13:19:00,1
16075,United Kingdom,2010-05-24 15:57:00,2010-07-25 11:31:00,3
16076,United Kingdom,2011-05-15 12:31:00,2011-12-06 14:59:00,11
16077,United Kingdom,2010-03-24 10:42:00,2010-05-14 16:38:00,2
16078,United Kingdom,2010-02-08 13:29:00,2011-03-01 09:47:00,2
16079,United Kingdom,2011-10-30 13:06:00,2011-11-23 12:48:00,3
16080,United Kingdom,2010-09-15 14:19:00,2011-09-19 10:42:00,6
16081,United Kingdom,2010-02-03 12:46:00,2011-10-14 13:06:00,8
16082,United Kingdom,2010-02-07 15:16:00,2010-02-07 15:16:00,1
16083,United Kingdom,2010-11-16 11:53:00,2011-08-31 10:47:00,4
16084,United Kingdom,2011-02-13 16:05:00,2011-02-13 16:05:00,1
16085,United Kingdom,2010-01-20 14:03:00,2011-11-16 13:24:00,13
16086,United Kingdom,2009-12-02 13:20:00,2011-10-11 13:09:00,11
16087,United Kingdom,2010-01-19 12:30:00,2010-11-15 16:44:00,5
16088,United Kingdom,2010-04-27 10:56:00,2010-05-13 10:16:00,2
16089,United Kingdom,2010-07-18 15:51:00,2010-11-18 13:51:00,2
16090,United Kingdom,2010-03-25 13:05:00,2010-03-25 13:05:00,1
16091,United Kingdom,2011-05-25 09:18:00,2011-07-08 08:45:00,2
16092,United Kingdom,2010-05-09 16:10:00,2011-09-02 11:46:00,10
16093,United Kingdom,2011-08-25 11:09:00,2011-08-25 11:09:00,1
16094,United Kingdom,2009-12-11 13:33:00,2011-11-28 12:45:00,19
16095,United Kingdom,2010-09-09 16:54:00,2010-09-09 16:54:00,1
16096,United Kingdom,2010-03-04 15:44:00,2011-03-20 13:38:00,4
16097,United Kingdom,2011-04-13 13:47:00,2011-04-13 13:47:00,1
16098,United Kingdom,2009-12-15 09:40:00,2011-09-13 09:59:00,14
16099,United Kingdom,2010-03-03 11:13:00,2011-10-20 13:13:00,8
16100,United Kingdom,2010-09-03 11:39:00,2010-09-03 11:39:00,1
16101,United Kingdom,2010-05-27 12:50:00,2011-11-30 16:54:00,7
16102,United Kingdom,2011-08-03 12:50:00,2011-10-28 13:19:00,3
16103,United Kingdom,2010-01-08 12:08:00,2011-12-02 14:16:00,27
16104,United Kingdom,2009-12-06 10:41:00,2011-10-09 10:23:00,11
16105,United Kingdom,2010-04-14 13:27:00,2011-04-05 10:13:00,5
16106,United Kingdom,2011-10-05 10:37:00,2011-10-05 10:37:00,1
16107,United Kingdom,2011-06-09 18:42:00,2011-11-22 09:40:00,7
16108,United Kingdom,2010-03-18 14:14:00,2011-09-16 11:51:00,8
16109,United Kingdom,2010-01-10 10:37:00,2011-05-05 09:17:00,4
16110,United Kingdom,2010-07-05 13:04:00,2011-10-25 14:35:00,4
16111,United Kingdom,2010-10-07 19:51:00,2010-10-07 19:51:00,1
16112,United Kingdom,2011-01-05 11:47:00,2011-07-19 14:28:00,4
16113,United Kingdom,2011-06-09 16:16:00,2011-06-09 16:16:00,1
16114,United Kingdom,2011-06-22 10:13:00,2011-06-22 10:13:00,1
16115,United Kingdom,2010-05-14 11:59:00,2011-11-30 11:32:00,12
16116,United Kingdom,2011-05-12 12:01:00,2011-05-18 09:23:00,2
16117,United Kingdom,2010-04-27 11:50:00,2011-06-03 11:42:00,4
16118,United Kingdom,2010-02-25 09:40:00,2010-11-11 19:54:00,5
16119,United Kingdom,2009-12-16 11:56:00,2011-12-01 15:11:00,8
16120,United Kingdom,2010-10-13 15:07:00,2011-10-11 14:22:00,7
16121,United Kingdom,2010-05-23 10:52:00,2011-10-13 12:59:00,6
16122,United Kingdom,2010-10-10 15:26:00,2011-09-27 15:34:00,6
16123,United Kingdom,2011-10-19 09:18:00,2011-10-19 09:18:00,1
16124,United Kingdom,2009-12-07 10:33:00,2011-01-27 16:05:00,6
16125,United Kingdom,2009-12-14 15:38:00,2010-12-07 15:48:00,14
16126,United Kingdom,2009-12-02 13:34:00,2011-11-10 16:03:00,15
16127,United Kingdom,2009-12-13 12:19:00,2011-10-31 13:58:00,2
16128,United Kingdom,2009-12-01 11:50:00,2011-11-22 11:14:00,14
16129,United Kingdom,2010-07-20 12:32:00,2010-10-28 14:29:00,3
16130,United Kingdom,2010-04-01 13:58:00,2010-10-13 15:14:00,4
16131,United Kingdom,2009-12-02 10:09:00,2011-10-19 11:53:00,15
16132,United Kingdom,2010-03-22 10:25:00,2010-06-13 13:49:00,2
16133,United Kingdom,2010-03-31 12:21:00,2011-12-06 11:24:00,78
16134,United Kingdom,2010-06-17 09:48:00,2011-11-18 10:05:00,7
16135,United Kingdom,2010-05-05 09:35:00,2011-03-22 12:30:00,2
16136,United Kingdom,2010-02-14 12:49:00,2011-10-11 09:10:00,5
16137,United Kingdom,2010-01-28 15:04:00,2010-01-28 15:04:00,1
16138,United Kingdom,2010-04-28 09:51:00,2010-12-06 15:10:00,4
16139,United Kingdom,2009-12-03 13:51:00,2011-11-21 08:37:00,5
16140,United Kingdom,2010-09-24 12:03:00,2011-10-18 10:59:00,5
16141,United Kingdom,2010-10-18 14:12:00,2011-09-12 13:11:00,2
16142,United Kingdom,2011-04-04 10:16:00,2011-04-04 10:16:00,1
16143,United Kingdom,2009-12-10 09:44:00,2011-12-06 14:13:00,16
16144,United Kingdom,2011-04-07 10:09:00,2011-04-07 10:09:00,1
16145,United Kingdom,2010-05-04 13:31:00,2011-12-01 10:33:00,29
16146,United Kingdom,2010-09-17 10:46:00,2011-07-05 14:20:00,4
16147,United Kingdom,2010-02-05 12:26:00,2011-07-29 09:57:00,7
16148,United Kingdom,2009-12-17 19:06:00,2011-02-16 14:01:00,4
16149,United Kingdom,2010-10-06 15:54:00,2011-12-05 11:29:00,3
16150,United Kingdom,2009-12-01 14:02:00,2011-11-01 09:29:00,20
16151,United Kingdom,2010-04-20 11:25:00,2010-04-20 11:25:00,1
16152,United Kingdom,2011-03-16 09:47:00,2011-03-16 09:47:00,1
16153,United Kingdom,2010-05-26 12:41:00,2011-10-21 10:50:00,13
16154,United Kingdom,2010-01-26 16:23:00,2010-01-26 16:23:00,1
16155,United Kingdom,2010-06-18 11:23:00,2010-11-23 12:03:00,6
16156,United Kingdom,2009-12-02 17:06:00,2011-12-01 12:42:00,26
16157,United Kingdom,2011-09-28 11:48:00,2011-11-24 11:41:00,4
16158,United Kingdom,2009-12-05 15:00:00,2010-07-05 13:55:00,10
16159,United Kingdom,2009-12-03 11:51:00,2011-03-03 12:27:00,5
16160,United Kingdom,2011-09-15 10:53:00,2011-10-06 18:30:00,4
16161,United Kingdom,2010-02-08 11:06:00,2011-12-08 12:10:00,57
16162,United Kingdom,2011-04-01 15:03:00,2011-04-01 15:03:00,1
16163,United Kingdom,2009-12-02 10:00:00,2011-04-28 19:43:00,14
16164,United Kingdom,2011-10-28 09:12:00,2011-11-22 15:04:00,4
16165,United Kingdom,2010-07-22 14:17:00,2010-07-22 14:17:00,1
16166,United Kingdom,2010-01-17 14:16:00,2010-10-07 15:44:00,4
16167,United Kingdom,2009-12-01 10:46:00,2010-10-21 15:33:00,6
16168,United Kingdom,2009-12-03 12:38:00,2011-11-29 12:45:00,73
16169,United Kingdom,2011-09-25 11:33:00,2011-12-01 15:28:00,4
16170,United Kingdom,2010-02-18 13:50:00,2011-10-20 08:21:00,25
16171,United Kingdom,2011-10-11 14:51:00,2011-10-11 14:51:00,1
16172,United Kingdom,2010-07-14 15:34:00,2011-09-05 13:22:00,8
16173,United Kingdom,2011-09-02 15:23:00,2011-11-24 10:53:00,7
16174,United Kingdom,2010-04-15 15:12:00,2011-08-05 13:26:00,7
16175,United Kingdom,2010-05-25 12:01:00,2011-09-06 14:32:00,7
16176,United Kingdom,2010-03-29 14:52:00,2010-10-14 13:54:00,7
16177,United Kingdom,2010-03-02 14:03:00,2011-10-20 12:57:00,12
16178,United Kingdom,2010-11-03 14:46:00,2011-07-24 16:05:00,2
16179,United Kingdom,2011-10-10 09:41:00,2011-10-10 09:41:00,1
16180,United Kingdom,2010-06-23 13:19:00,2011-08-31 16:28:00,16
16181,United Kingdom,2011-09-27 13:38:00,2011-09-27 13:38:00,1
16182,United Kingdom,2010-03-09 09:34:00,2011-09-28 13:23:00,9
16183,United Kingdom,2010-10-28 14:43:00,2011-10-03 14:59:00,4
16184,United Kingdom,2011-05-12 13:33:00,2011-10-06 17:43:00,7
16185,United Kingdom,2010-05-24 11:04:00,2011-11-23 09:41:00,3
16186,United Kingdom,2009-12-09 15:36:00,2011-11-17 12:43:00,30
16187,United Kingdom,2011-02-28 13:34:00,2011-11-08 09:50:00,17
16188,United Kingdom,2010-10-27 11:50:00,2011-10-26 12:19:00,6
16189,United Kingdom,2011-09-15 15:21:00,2011-11-24 11:47:00,2
16190,United Kingdom,2009-12-14 11:59:00,2011-10-30 15:59:00,8
16191,United Kingdom,2009-12-11 12:24:00,2011-12-07 11:26:00,40
16192,United Kingdom,2009-12-04 12:28:00,2009-12-04 12:28:00,1
16193,United Kingdom,2010-10-25 10:25:00,2011-04-17 11:45:00,2
16194,United Kingdom,2010-11-29 13:28:00,2010-11-29 13:28:00,1
16195,United Kingdom,2009-12-16 14:09:00,2009-12-16 14:09:00,1
16196,United Kingdom,2010-08-08 11:40:00,2010-08-08 11:40:00,1
16197,United Kingdom,2009-12-16 11:44:00,2010-08-27 12:56:00,9
16198,United Kingdom,2010-09-28 13:59:00,2011-09-25 14:58:00,2
16199,United Kingdom,2010-03-18 18:47:00,2010-11-12 12:55:00,7
16200,United Kingdom,2009-12-02 15:04:00,2011-12-05 14:40:00,13
16201,United Kingdom,2010-10-20 12:00:00,2011-12-06 16:02:00,6
16202,United Kingdom,2009-12-02 10:48:00,2010-12-14 10:43:00,11
16203,United Kingdom,2010-07-23 13:09:00,2011-10-12 12:31:00,7
16204,United Kingdom,2009-12-08 17:44:00,2011-11-16 13:40:00,4
16205,United Kingdom,2010-06-15 11:58:00,2011-11-09 09:32:00,7
16206,United Kingdom,2009-12-14 13:50:00,2011-10-16 10:41:00,14
16207,United Kingdom,2011-11-14 13:51:00,2011-11-14 13:51:00,1
16208,United Kingdom,2010-02-24 14:24:00,2011-10-26 11:36:00,10
16209,United Kingdom,2010-06-11 11:58:00,2011-09-12 11:58:00,9
16210,United Kingdom,2009-12-02 12:54:00,2011-12-08 12:36:00,37
16211,United Kingdom,2010-09-27 15:24:00,2011-09-19 16:23:00,4
16212,United Kingdom,2010-02-07 15:26:00,2011-11-20 13:00:00,5
16213,United Kingdom,2011-09-22 10:03:00,2011-09-22 10:03:00,1
16214,United Kingdom,2010-09-30 13:57:00,2011-06-22 11:30:00,4
16215,United Kingdom,2011-09-20 10:18:00,2011-09-20 10:18:00,1
16216,United Kingdom,2011-03-17 15:34:00,2011-03-17 15:34:00,1
16217,United Kingdom,2011-03-02 15:28:00,2011-04-18 13:31:00,4
16218,United Kingdom,2010-05-27 16:09:00,2011-11-10 09:59:00,19
16219,United Kingdom,2010-07-27 11:44:00,2010-07-27 11:44:00,1
16220,United Kingdom,2009-12-11 13:36:00,2009-12-11 13:36:00,1
16221,United Kingdom,2010-08-10 13:32:00,2011-11-03 11:43:00,10
16222,United Kingdom,2009-12-18 14:31:00,2011-01-25 13:38:00,2
16223,United Kingdom,2010-11-09 12:07:00,2010-11-30 11:50:00,2
16224,United Kingdom,2010-11-17 13:14:00,2011-10-13 17:51:00,5
16225,United Kingdom,2010-02-07 12:41:00,2011-10-26 08:30:00,18
16226,United Kingdom,2010-10-22 11:19:00,2011-05-20 14:41:00,5
16227,United Kingdom,2010-06-22 13:28:00,2011-05-04 16:27:00,6
16228,United Kingdom,2010-11-04 18:54:00,2010-11-30 13:53:00,4
16229,United Kingdom,2010-01-22 12:27:00,2011-09-13 17:16:00,7
16230,United Kingdom,2011-05-03 15:12:00,2011-06-03 10:06:00,2
16231,United Kingdom,2010-04-21 12:06:00,2010-11-25 15:00:00,4
16232,United Kingdom,2010-06-07 14:04:00,2011-11-07 11:12:00,10
16233,United Kingdom,2009-12-02 13:23:00,2011-09-29 17:27:00,12
16234,United Kingdom,2010-05-27 10:39:00,2010-08-23 10:45:00,4
16235,United Kingdom,2010-08-26 12:10:00,2011-10-30 10:56:00,11
16236,United Kingdom,2011-09-22 14:10:00,2011-09-22 14:10:00,1
16237,United Kingdom,2010-09-28 17:02:00,2010-09-28 17:02:00,1
16238,United Kingdom,2010-10-13 12:36:00,2010-10-13 12:36:00,1
16239,United Kingdom,2010-09-02 19:17:00,2011-10-14 08:29:00,7
16240,United Kingdom,2011-09-23 13:44:00,2011-12-01 14:02:00,5
16241,United Kingdom,2010-10-25 13:40:00,2011-11-30 11:08:00,16
16242,United Kingdom,2010-03-15 16:02:00,2011-12-01 15:12:00,18
16243,United Kingdom,2011-10-16 12:09:00,2011-11-06 12:32:00,2
16244,United Kingdom,2010-12-02 11:41:00,2011-05-12 10:18:00,2
16245,United Kingdom,2011-03-28 09:30:00,2011-11-16 10:14:00,5
16246,United Kingdom,2010-02-08 12:32:00,2010-09-06 12:04:00,2
16247,United Kingdom,2011-06-22 14:23:00,2011-06-22 14:23:00,1
16248,United Kingdom,2011-10-09 11:32:00,2011-10-09 11:32:00,1
16249,United Kingdom,2011-04-14 13:50:00,2011-10-18 10:07:00,5
16250,United Kingdom,2010-11-18 10:43:00,2011-03-23 15:07:00,3
16251,United Kingdom,2010-07-15 14:55:00,2010-07-15 14:55:00,1
16252,United Kingdom,2010-11-22 11:57:00,2010-12-08 16:15:00,2
16253,United Kingdom,2009-12-08 17:24:00,2011-11-08 11:23:00,9
16254,United Kingdom,2010-03-17 15:43:00,2010-11-26 13:22:00,3
16255,United Kingdom,2010-01-24 12:21:00,2011-11-23 12:40:00,19
16256,United Kingdom,2010-04-21 10:34:00,2011-03-27 12:14:00,4
16257,United Kingdom,2011-06-16 10:11:00,2011-06-16 10:11:00,1
16258,United Kingdom,2010-03-10 14:19:00,2011-10-25 13:30:00,16
16259,United Kingdom,2010-04-13 16:57:00,2010-10-25 14:27:00,3
16260,United Kingdom,2011-10-20 09:40:00,2011-10-20 09:40:00,1
16261,United Kingdom,2010-09-23 16:40:00,2011-11-22 17:23:00,6
16262,United Kingdom,2010-01-28 16:43:00,2010-12-14 11:55:00,3
16263,United Kingdom,2010-10-12 14:52:00,2010-10-12 14:52:00,1
16264,United Kingdom,2010-09-19 16:14:00,2010-09-27 15:00:00,2
16265,United Kingdom,2010-10-28 15:18:00,2011-11-30 16:41:00,15
16266,United Kingdom,2010-02-04 16:21:00,2011-09-27 12:08:00,14
16267,United Kingdom,2010-04-27 14:10:00,2010-04-27 14:10:00,1
16268,United Kingdom,2011-09-29 18:30:00,2011-09-29 18:30:00,2
16269,United Kingdom,2010-09-28 11:50:00,2010-10-07 16:17:00,2
16270,United Kingdom,2010-12-21 14:26:00,2010-12-21 14:26:00,1
16271,United Kingdom,2010-03-07 12:03:00,2011-12-07 12:45:00,11
16272,United Kingdom,2011-08-15 10:53:00,2011-08-15 10:54:00,1
16273,United Kingdom,2010-02-21 16:02:00,2010-03-01 13:24:00,2
16274,United Kingdom,2010-12-01 15:35:00,2010-12-01 15:35:00,1
16275,United Kingdom,2010-03-08 14:41:00,2011-05-27 12:41:00,3
16276,United Kingdom,2010-04-11 12:02:00,2011-06-16 09:34:00,3
16277,United Kingdom,2009-12-06 11:27:00,2009-12-06 11:27:00,1
16278,United Kingdom,2010-07-28 15:40:00,2011-11-16 16:09:00,7
16279,United Kingdom,2010-04-22 14:09:00,2011-11-18 15:00:00,10
16280,United Kingdom,2009-12-14 15:49:00,2009-12-14 15:49:00,1
16281,United Kingdom,2010-01-26 13:41:00,2011-09-28 14:57:00,4
16282,United Kingdom,2009-12-21 11:52:00,2011-01-04 11:42:00,3
16283,United Kingdom,2010-02-28 13:50:00,2011-12-04 12:08:00,12
16284,United Kingdom,2010-11-11 13:27:00,2011-11-08 16:12:00,3
16285,United Kingdom,2010-03-03 16:03:00,2010-03-03 16:03:00,1
16286,United Kingdom,2010-03-26 09:58:00,2010-08-19 14:48:00,4
16287,United Kingdom,2010-01-19 09:46:00,2011-06-23 09:08:00,5
16288,United Kingdom,2010-08-26 14:45:00,2010-08-26 14:45:00,1
16289,United Kingdom,2010-09-03 14:02:00,2010-09-03 14:07:00,2
16290,United Kingdom,2010-05-23 11:46:00,2010-09-01 11:52:00,4
16291,Portugal,2010-01-26 16:26:00,2010-01-26 16:26:00,1
16292,United Kingdom,2010-04-14 13:29:00,2011-08-14 14:30:00,9
16293,United Kingdom,2009-12-11 09:58:00,2011-12-01 09:13:00,19
16294,United Kingdom,2010-08-20 12:01:00,2010-08-20 12:01:00,1
16295,United Kingdom,2011-10-06 10:45:00,2011-11-30 08:17:00,4
16296,United Kingdom,2009-12-18 12:03:00,2010-03-23 13:11:00,6
16297,United Kingdom,2011-03-16 08:29:00,2011-05-11 11:15:00,4
16298,United Kingdom,2010-09-23 15:23:00,2011-11-17 11:59:00,9
16299,United Kingdom,2010-08-19 17:46:00,2010-08-24 11:02:00,2
16300,United Kingdom,2010-02-02 11:40:00,2010-10-05 13:14:00,3
16301,United Kingdom,2009-12-03 10:20:00,2009-12-03 10:20:00,1
16302,United Kingdom,2011-08-05 09:44:00,2011-08-24 09:25:00,2
16303,United Kingdom,2010-03-18 14:12:00,2011-11-14 10:49:00,9
16304,United Kingdom,2010-01-14 08:30:00,2010-01-14 08:30:00,1
16305,United Kingdom,2011-07-24 12:18:00,2011-07-24 12:18:00,1
16306,United Kingdom,2010-10-01 09:36:00,2011-05-10 12:12:00,10
16307,United Kingdom,2010-05-11 14:40:00,2010-10-06 14:31:00,3
16308,United Kingdom,2009-12-15 15:48:00,2011-11-02 11:24:00,7
16309,United Kingdom,2011-04-13 11:46:00,2011-09-09 12:26:00,3
16310,United Kingdom,2010-03-07 15:41:00,2010-10-21 14:47:00,2
16311,United Kingdom,2011-10-21 13:13:00,2011-11-22 08:54:00,2
16312,United Kingdom,2010-10-03 14:15:00,2010-10-03 14:15:00,1
16313,United Kingdom,2011-10-21 09:04:00,2011-12-06 13:02:00,2
16314,United Kingdom,2010-08-24 11:52:00,2010-11-15 12:06:00,3
16315,United Kingdom,2010-06-21 13:53:00,2011-01-13 11:57:00,2
16316,United Kingdom,2010-08-03 14:38:00,2011-10-06 13:48:00,19
16317,United Kingdom,2010-05-04 10:17:00,2011-08-12 12:46:00,6
16318,United Kingdom,2011-11-04 13:05:00,2011-11-04 13:05:00,1
16319,United Kingdom,2011-05-06 11:27:00,2011-05-06 11:27:00,1
16320,Unspecified,2010-01-27 13:29:00,2011-06-20 15:25:00,8
16321,Australia,2009-12-01 10:33:00,2011-09-28 14:55:00,10
16322,United Kingdom,2011-11-03 14:33:00,2011-12-08 15:41:00,2
16323,United Kingdom,2010-05-11 09:48:00,2011-05-27 14:48:00,2
16324,United Kingdom,2011-06-15 14:26:00,2011-08-03 12:58:00,3
16325,United Kingdom,2009-12-04 13:21:00,2011-10-26 16:29:00,17
16326,United Kingdom,2010-01-28 13:23:00,2011-12-04 10:11:00,26
16327,United Kingdom,2009-12-14 13:06:00,2011-11-25 13:23:00,20
16328,United Kingdom,2010-05-25 14:02:00,2010-05-25 14:02:00,1
16329,United Kingdom,2009-12-01 11:34:00,2010-10-08 12:44:00,4
16330,United Kingdom,2010-02-15 12:36:00,2011-11-22 12:24:00,8
16331,United Kingdom,2010-03-07 10:55:00,2010-10-03 13:47:00,6
16332,United Kingdom,2010-04-29 13:41:00,2011-11-11 14:22:00,13
16333,United Kingdom,2011-02-03 10:50:00,2011-12-02 12:19:00,22
16334,United Kingdom,2010-08-04 16:38:00,2010-08-04 16:38:00,1
16335,United Kingdom,2009-12-04 10:18:00,2010-06-06 11:35:00,8
16336,United Kingdom,2010-03-18 08:05:00,2010-10-15 12:32:00,4
16337,United Kingdom,2011-11-03 10:03:00,2011-11-03 10:03:00,1
16338,United Kingdom,2011-07-05 13:56:00,2011-07-05 13:56:00,1
16339,United Kingdom,2011-02-28 13:41:00,2011-02-28 13:41:00,1
16340,United Kingdom,2010-06-06 13:26:00,2011-08-24 14:53:00,3
16341,United Kingdom,2010-04-09 10:30:00,2011-11-15 09:12:00,10
16342,United Kingdom,2011-06-13 10:10:00,2011-09-25 14:36:00,4
16343,United Kingdom,2010-10-28 14:15:00,2011-11-23 17:45:00,3
16344,United Kingdom,2010-02-09 12:16:00,2011-07-04 15:50:00,4
16345,United Kingdom,2010-08-13 17:13:00,2011-10-26 16:03:00,2
16346,United Kingdom,2010-11-19 15:55:00,2010-11-19 15:55:00,1
16347,United Kingdom,2010-03-12 12:41:00,2011-11-28 13:14:00,13
16348,United Kingdom,2010-10-05 13:57:00,2011-11-07 15:44:00,8
16349,United Kingdom,2011-02-22 12:40:00,2011-02-22 12:40:00,1
16350,United Kingdom,2010-10-07 16:33:00,2011-11-18 15:53:00,12
16351,United Kingdom,2009-12-04 16:12:00,2011-01-11 10:26:00,18
16352,United Kingdom,2011-11-02 08:44:00,2011-11-22 10:32:00,2
16353,United Kingdom,2009-12-07 13:55:00,2011-12-06 12:23:00,41
16354,United Kingdom,2010-04-27 13:33:00,2011-10-07 14:28:00,5
16355,United Kingdom,2010-11-29 14:21:00,2010-11-30 15:08:00,2
16356,United Kingdom,2010-06-06 11:26:00,2011-05-26 11:51:00,7
16357,United Kingdom,2010-11-23 18:52:00,2011-11-06 16:04:00,4
16358,United Kingdom,2010-11-10 11:36:00,2011-12-08 15:09:00,6
16359,United Kingdom,2010-02-16 10:39:00,2011-12-02 17:04:00,20
16360,United Kingdom,2011-09-12 13:50:00,2011-12-05 12:16:00,8
16361,United Kingdom,2011-09-29 13:13:00,2011-11-30 12:32:00,4
16362,United Kingdom,2010-09-28 09:24:00,2011-11-07 13:01:00,11
16363,United Kingdom,2011-10-17 14:14:00,2011-10-17 14:14:00,1
16364,United Kingdom,2011-07-25 14:35:00,2011-11-28 11:27:00,2
16365,United Kingdom,2009-12-11 12:41:00,2011-11-22 11:24:00,16
16366,United Kingdom,2009-12-16 10:39:00,2011-11-21 08:19:00,4
16367,United Kingdom,2010-11-21 13:23:00,2011-11-02 13:13:00,3
16368,United Kingdom,2010-09-30 11:30:00,2011-12-07 13:12:00,3
16369,United Kingdom,2010-04-07 16:52:00,2011-11-21 16:25:00,7
16370,United Kingdom,2011-04-28 16:40:00,2011-09-18 15:55:00,4
16371,United Kingdom,2010-09-17 12:09:00,2010-09-17 12:09:00,1
16372,United Kingdom,2010-04-11 15:20:00,2011-11-06 13:08:00,6
16373,United Kingdom,2010-10-24 13:10:00,2010-11-22 15:50:00,2
16374,United Kingdom,2010-04-30 13:10:00,2011-10-04 15:21:00,5
16375,United Kingdom,2010-08-26 14:12:00,2010-08-26 14:25:00,2
16376,United Kingdom,2011-11-22 16:47:00,2011-12-01 11:38:00,3
16377,United Kingdom,2010-04-01 10:36:00,2011-03-17 15:41:00,2
16378,United Kingdom,2011-02-02 12:42:00,2011-04-06 15:07:00,3
16379,United Kingdom,2011-09-22 09:33:00,2011-12-05 15:38:00,5
16380,United Kingdom,2011-10-09 15:40:00,2011-10-09 15:40:00,1
16381,United Kingdom,2010-10-17 13:06:00,2010-11-09 09:56:00,2
16382,United Kingdom,2010-06-07 12:42:00,2010-10-27 16:23:00,2
16383,United Kingdom,2010-02-04 13:18:00,2011-09-26 12:45:00,9
16384,United Kingdom,2010-04-28 14:01:00,2011-09-11 11:19:00,4
16385,United Kingdom,2010-03-18 12:45:00,2011-10-10 13:12:00,5
16386,United Kingdom,2010-11-17 11:19:00,2011-11-11 12:28:00,3
16387,United Kingdom,2010-03-11 12:22:00,2011-01-21 11:34:00,5
16388,United Kingdom,2010-02-24 10:20:00,2010-02-24 10:20:00,1
16389,United Kingdom,2011-03-01 15:47:00,2011-10-17 14:41:00,5
16390,United Kingdom,2010-01-29 15:25:00,2010-06-21 10:11:00,3
16391,United Kingdom,2010-05-27 11:27:00,2010-11-04 12:27:00,4
16392,United Kingdom,2010-05-27 11:17:00,2011-03-15 12:11:00,3
16393,United Kingdom,2009-12-01 12:13:00,2011-12-07 12:51:00,30
16394,United Kingdom,2011-02-23 10:58:00,2011-10-20 19:16:00,9
16395,United Kingdom,2009-12-06 12:23:00,2011-10-10 12:50:00,17
16396,United Kingdom,2010-08-20 14:17:00,2010-08-23 15:51:00,3
16397,United Kingdom,2010-03-21 15:36:00,2010-03-21 15:36:00,1
16398,United Kingdom,2011-03-31 09:38:00,2011-07-18 10:14:00,4
16399,United Kingdom,2010-11-15 15:03:00,2011-11-20 16:12:00,3
16400,United Kingdom,2009-12-08 12:38:00,2011-09-06 12:27:00,9
16401,United Kingdom,2010-06-02 13:13:00,2011-12-08 18:15:00,39
16402,United Kingdom,2010-12-05 13:42:00,2011-03-20 12:25:00,2
16403,United Kingdom,2011-01-31 13:39:00,2011-02-10 16:40:00,2
16404,United Kingdom,2009-12-07 12:32:00,2011-09-30 14:55:00,2
16405,United Kingdom,2011-02-02 17:08:00,2011-02-10 15:24:00,2
16406,United Kingdom,2010-02-24 11:51:00,2011-11-21 11:57:00,4
16407,United Kingdom,2010-10-03 13:56:00,2011-11-27 11:05:00,14
16408,United Kingdom,2010-04-27 14:08:00,2010-04-27 14:08:00,1
16409,United Kingdom,2009-12-13 15:38:00,2011-11-03 16:45:00,12
16410,United Kingdom,2009-12-05 14:51:00,2009-12-05 14:51:00,1
16411,United Kingdom,2010-10-07 15:09:00,2011-11-20 13:23:00,4
16412,United Kingdom,2010-02-04 13:46:00,2011-10-17 12:35:00,5
16413,United Kingdom,2010-11-29 12:49:00,2011-10-14 12:08:00,2
16414,United Kingdom,2010-01-14 10:21:00,2011-11-18 09:42:00,5
16415,United Kingdom,2010-02-01 12:30:00,2011-10-26 13:35:00,3
16416,United Kingdom,2010-02-23 12:00:00,2011-11-13 12:50:00,10
16417,United Kingdom,2010-08-04 09:08:00,2010-08-04 09:08:00,1
16418,United Kingdom,2010-10-13 12:31:00,2011-10-26 12:39:00,5
16419,United Kingdom,2010-02-09 13:26:00,2011-08-19 12:33:00,9
16420,United Kingdom,2010-11-08 15:15:00,2010-11-08 15:15:00,1
16421,United Kingdom,2010-08-27 12:02:00,2010-11-28 13:31:00,3
16422,United Kingdom,2009-12-01 13:52:00,2011-11-22 14:00:00,146
16423,United Kingdom,2011-11-15 09:21:00,2011-11-15 09:21:00,1
16424,United Kingdom,2010-11-22 11:24:00,2011-06-01 13:40:00,3
16425,United Kingdom,2011-02-10 14:30:00,2011-02-10 14:30:00,1
16426,United Kingdom,2011-03-08 15:45:00,2011-12-07 14:01:00,10
16427,United Kingdom,2011-02-28 15:18:00,2011-03-21 17:10:00,2
16428,United Kingdom,2010-07-30 12:10:00,2011-09-19 16:31:00,4
16429,United Kingdom,2011-08-25 13:54:00,2011-08-25 13:54:00,1
16430,United Kingdom,2010-01-27 12:45:00,2011-10-13 14:47:00,7
16431,United Kingdom,2011-02-15 14:02:00,2011-05-10 14:09:00,3
16432,United Kingdom,2011-10-06 13:59:00,2011-10-06 13:59:00,1
16433,United Kingdom,2010-10-27 12:26:00,2011-11-11 14:09:00,2
16434,United Kingdom,2010-01-17 14:51:00,2011-11-10 14:28:00,13
16435,United Kingdom,2010-07-13 13:29:00,2010-07-15 18:22:00,3
16436,United Kingdom,2009-12-06 16:02:00,2010-02-09 13:19:00,4
16437,United Kingdom,2010-10-06 12:34:00,2010-11-23 16:59:00,2
16438,United Kingdom,2011-09-18 13:31:00,2011-12-04 10:51:00,5
16439,United Kingdom,2009-12-17 14:22:00,2009-12-17 14:22:00,1
16440,United Kingdom,2010-08-03 11:32:00,2011-12-02 12:02:00,6
16441,United Kingdom,2010-03-22 18:00:00,2011-10-03 17:48:00,6
16442,United Kingdom,2009-12-13 11:05:00,2011-12-08 11:43:00,5
16443,United Kingdom,2010-07-07 11:57:00,2010-07-07 11:57:00,1
16444,United Kingdom,2010-03-24 14:06:00,2011-10-24 13:50:00,20
16445,United Kingdom,2010-10-24 12:39:00,2011-11-06 12:32:00,4
16446,United Kingdom,2010-10-04 16:38:00,2011-12-09 09:27:00,4
16447,United Kingdom,2010-02-17 14:09:00,2011-07-27 12:45:00,3
16448,United Kingdom,2010-08-25 16:58:00,2011-05-25 16:28:00,2
16449,United Kingdom,2011-03-04 12:15:00,2011-06-02 11:07:00,3
16450,United Kingdom,2009-12-10 19:05:00,2011-07-13 11:47:00,4
16451,United Kingdom,2009-12-04 15:11:00,2011-09-13 09:17:00,4
16452,United Kingdom,2010-01-15 12:22:00,2010-03-19 12:39:00,2
16453,United Kingdom,2010-06-09 13:15:00,2010-06-27 12:46:00,2
16454,United Kingdom,2010-02-02 16:18:00,2011-10-26 11:40:00,8
16455,United Kingdom,2010-03-30 10:31:00,2011-10-07 12:17:00,13
16456,United Kingdom,2010-03-29 11:16:00,2011-09-01 13:50:00,14
16457,United Kingdom,2011-05-05 13:19:00,2011-05-05 13:19:00,1
16458,United Kingdom,2010-05-26 14:38:00,2011-12-07 09:34:00,30
16459,United Kingdom,2009-12-10 12:42:00,2009-12-10 12:42:00,1
16460,United Kingdom,2011-09-19 10:15:00,2011-11-11 13:46:00,3
16461,United Kingdom,2010-03-03 13:57:00,2011-06-15 12:07:00,3
16462,United Kingdom,2011-03-01 08:58:00,2011-10-06 18:16:00,4
16463,United Kingdom,2011-05-19 14:45:00,2011-11-18 14:01:00,7
16464,United Kingdom,2011-07-20 13:53:00,2011-11-20 12:11:00,3
16465,United Kingdom,2010-09-21 10:46:00,2010-10-22 09:22:00,3
16466,United Kingdom,2010-03-07 14:31:00,2011-11-06 11:35:00,16
16467,United Kingdom,2009-12-02 11:59:00,2010-07-19 11:49:00,8
16468,United Kingdom,2010-08-15 13:10:00,2011-09-26 14:13:00,3
16469,United Kingdom,2010-07-13 13:17:00,2011-11-16 12:25:00,5
16470,United Kingdom,2009-12-11 12:21:00,2011-10-19 12:11:00,12
16471,United Kingdom,2010-02-25 10:07:00,2011-03-10 09:41:00,6
16472,United Kingdom,2010-04-21 11:48:00,2010-10-01 13:56:00,2
16473,United Kingdom,2010-11-30 16:29:00,2011-06-28 09:10:00,5
16474,United Kingdom,2011-07-17 14:51:00,2011-12-02 13:02:00,11
16475,United Kingdom,2011-03-11 09:39:00,2011-09-12 14:37:00,4
16476,United Kingdom,2010-10-04 10:29:00,2010-10-18 13:51:00,3
16477,United Kingdom,2010-08-12 09:43:00,2011-10-07 09:44:00,11
16478,United Kingdom,2011-10-05 12:02:00,2011-11-14 15:51:00,3
16479,United Kingdom,2011-11-29 13:04:00,2011-11-29 13:40:00,2
16480,United Kingdom,2011-09-25 11:40:00,2011-09-25 11:40:00,1
16481,United Kingdom,2010-01-26 13:09:00,2010-02-18 11:14:00,3
16482,United Kingdom,2011-11-24 12:33:00,2011-11-24 12:33:00,1
16483,United Kingdom,2011-05-31 13:08:00,2011-05-31 13:08:00,1
16484,United Kingdom,2011-06-02 10:39:00,2011-06-19 12:06:00,3
16485,United Kingdom,2009-12-06 12:28:00,2011-09-23 15:50:00,7
16486,United Kingdom,2010-06-20 12:16:00,2010-06-20 12:16:00,1
16487,United Kingdom,2010-02-18 17:36:00,2010-05-11 13:38:00,2
16488,United Kingdom,2011-07-14 11:46:00,2011-11-06 13:42:00,4
16489,United Kingdom,2010-09-29 15:02:00,2010-11-24 14:40:00,2
16490,United Kingdom,2010-09-29 16:30:00,2010-10-05 19:52:00,2
16491,United Kingdom,2010-10-22 15:42:00,2011-10-24 10:18:00,3
16492,United Kingdom,2010-06-17 08:20:00,2010-06-17 08:20:00,1
16493,United Kingdom,2010-03-26 13:05:00,2011-09-28 11:13:00,9
16494,United Kingdom,2011-02-16 12:49:00,2011-02-16 12:49:00,1
16495,United Kingdom,2011-03-08 16:38:00,2011-12-06 13:20:00,3
16496,United Kingdom,2010-07-18 13:42:00,2011-12-01 10:31:00,7
16497,United Kingdom,2009-12-03 14:11:00,2011-10-21 10:55:00,23
16498,United Kingdom,2011-06-30 19:52:00,2011-07-01 15:07:00,3
16499,United Kingdom,2010-06-11 12:22:00,2010-12-14 15:20:00,13
16500,United Kingdom,2010-06-14 14:54:00,2011-12-05 12:04:00,10
16501,United Kingdom,2010-11-21 14:10:00,2010-11-21 14:10:00,1
16502,United Kingdom,2010-03-29 13:39:00,2010-03-29 13:44:00,2
16503,United Kingdom,2010-06-21 14:07:00,2011-08-25 11:46:00,13
16504,United Kingdom,2011-11-14 15:18:00,2011-11-14 15:18:00,1
16505,United Kingdom,2011-11-08 12:14:00,2011-11-08 12:14:00,1
16506,United Kingdom,2011-10-30 15:50:00,2011-11-20 12:17:00,2
16507,United Kingdom,2010-05-16 12:56:00,2010-05-16 12:56:00,1
16508,United Kingdom,2010-03-19 13:41:00,2010-03-19 13:41:00,1
16509,United Kingdom,2011-02-16 09:25:00,2011-02-16 09:25:00,1
16510,United Kingdom,2010-01-17 12:30:00,2010-12-02 13:39:00,6
16511,United Kingdom,2010-03-01 12:21:00,2011-11-18 10:41:00,6
16512,United Kingdom,2009-12-11 14:31:00,2009-12-11 14:31:00,1
16513,United Kingdom,2011-10-27 14:56:00,2011-12-05 10:18:00,4
16514,United Kingdom,2010-03-19 13:48:00,2010-03-19 13:48:00,1
16515,United Kingdom,2010-06-17 12:17:00,2011-10-18 13:10:00,10
16516,United Kingdom,2011-11-09 14:59:00,2011-11-09 14:59:00,1
16517,United Kingdom,2011-03-07 13:50:00,2011-03-07 13:50:00,1
16518,United Kingdom,2010-06-01 13:31:00,2011-10-09 15:04:00,6
16519,United Kingdom,2010-03-01 13:51:00,2011-11-14 15:41:00,4
16520,United Kingdom,2010-03-02 16:40:00,2011-06-06 13:24:00,8
16521,United Kingdom,2010-03-01 13:22:00,2010-10-20 13:09:00,3
16522,United Kingdom,2010-09-15 13:32:00,2010-09-30 10:54:00,2
16523,United Kingdom,2009-12-08 14:29:00,2011-12-08 09:06:00,39
16524,United Kingdom,2010-01-17 13:16:00,2010-09-19 13:37:00,2
16525,United Kingdom,2009-12-02 13:53:00,2011-12-07 15:07:00,54
16526,United Kingdom,2010-05-04 16:34:00,2011-06-21 12:02:00,2
16527,United Kingdom,2010-10-11 13:25:00,2011-09-19 16:21:00,2
16528,United Kingdom,2011-12-06 12:45:00,2011-12-06 12:45:00,1
16529,United Kingdom,2010-06-27 13:29:00,2011-06-02 17:23:00,4
16530,United Kingdom,2010-02-09 15:30:00,2010-02-09 15:30:00,1
16531,United Kingdom,2010-09-24 09:49:00,2011-11-17 16:29:00,12
16532,United Kingdom,2010-03-29 10:26:00,2011-11-22 11:08:00,5
16533,United Kingdom,2011-10-02 15:07:00,2011-11-20 13:08:00,5
16534,United Kingdom,2010-03-07 15:47:00,2010-03-07 15:47:00,1
16535,United Kingdom,2010-01-28 15:26:00,2011-12-04 15:18:00,3
16536,United Kingdom,2011-08-21 15:54:00,2011-08-24 13:20:00,2
16537,United Kingdom,2010-03-08 13:41:00,2010-03-08 13:41:00,1
16538,United Kingdom,2010-04-23 16:25:00,2010-06-16 16:59:00,3
16539,United Kingdom,2010-06-25 15:24:00,2011-12-07 08:41:00,10
16540,United Kingdom,2010-10-21 17:22:00,2010-10-21 17:22:00,1
16541,United Kingdom,2009-12-04 12:29:00,2009-12-04 13:22:00,2
16542,United Kingdom,2010-11-03 14:44:00,2011-10-17 10:47:00,2
16543,United Kingdom,2010-04-27 11:38:00,2010-05-05 13:34:00,2
16544,United Kingdom,2010-02-15 13:20:00,2010-07-08 11:11:00,6
16545,United Kingdom,2010-11-29 10:39:00,2011-06-28 10:37:00,2
16546,United Kingdom,2010-09-23 15:43:00,2011-02-22 11:20:00,7
16547,United Kingdom,2010-06-11 13:02:00,2010-06-11 13:02:00,1
16548,United Kingdom,2010-04-19 16:15:00,2010-04-19 16:15:00,1
16549,United Kingdom,2009-12-03 17:59:00,2011-11-29 15:06:00,37
16550,United Kingdom,2009-12-02 11:24:00,2011-08-23 11:12:00,29
16551,United Kingdom,2009-12-13 16:12:00,2011-09-05 09:38:00,7
16552,United Kingdom,2010-12-01 12:36:00,2011-04-11 10:04:00,2
16553,United Kingdom,2010-02-11 18:46:00,2011-06-29 15:42:00,36
16554,United Kingdom,2009-12-15 09:42:00,2011-12-06 14:52:00,18
16555,United Kingdom,2010-07-22 13:39:00,2011-11-04 14:31:00,10
16556,United Kingdom,2009-12-07 10:51:00,2011-10-04 11:36:00,24
16557,United Kingdom,2011-07-25 13:28:00,2011-11-15 14:04:00,2
16558,United Kingdom,2009-12-03 18:11:00,2011-12-09 10:20:00,47
16559,United Kingdom,2010-11-07 13:52:00,2010-11-07 13:52:00,1
16560,United Kingdom,2009-12-08 12:05:00,2011-11-18 17:05:00,10
16561,United Kingdom,2011-10-11 09:53:00,2011-12-04 11:50:00,2
16562,United Kingdom,2010-08-20 11:45:00,2010-08-20 11:45:00,1
16563,United Kingdom,2009-12-01 18:35:00,2011-10-17 11:51:00,7
16564,United Kingdom,2010-05-19 14:41:00,2010-05-19 14:41:00,1
16565,United Kingdom,2010-06-02 12:47:00,2010-12-10 15:21:00,5
16566,United Kingdom,2011-02-20 10:29:00,2011-11-24 16:34:00,6
16567,United Kingdom,2011-01-07 09:31:00,2011-05-29 13:57:00,2
16568,United Kingdom,2010-03-08 14:51:00,2010-10-08 10:54:00,2
16569,United Kingdom,2009-12-16 15:05:00,2011-12-06 15:32:00,5
16570,United Kingdom,2009-12-03 17:38:00,2011-12-01 08:56:00,31
16571,United Kingdom,2010-03-18 09:12:00,2011-12-06 14:07:00,17
16572,United Kingdom,2011-03-09 12:04:00,2011-08-04 16:34:00,4
16573,United Kingdom,2011-02-22 15:14:00,2011-09-27 11:17:00,4
16574,United Kingdom,2010-02-19 11:46:00,2011-09-29 13:39:00,3
16575,United Kingdom,2010-01-26 16:30:00,2010-01-26 16:30:00,1
16576,United Kingdom,2010-07-06 10:42:00,2010-10-26 10:59:00,5
16577,United Kingdom,2010-02-11 09:45:00,2010-02-11 09:45:00,1
16578,United Kingdom,2010-03-23 15:11:00,2010-03-23 15:11:00,1
16579,United Kingdom,2010-10-10 11:58:00,2010-12-09 15:00:00,2
16580,United Kingdom,2009-12-11 12:40:00,2009-12-11 12:40:00,1
16581,United Kingdom,2011-06-10 10:05:00,2011-07-07 15:50:00,2
16582,United Kingdom,2011-08-18 17:02:00,2011-08-18 17:02:00,1
16583,United Kingdom,2010-02-04 12:18:00,2010-12-01 12:03:00,2
16584,United Kingdom,2010-02-16 10:41:00,2011-09-20 13:45:00,7
16585,United Kingdom,2010-01-13 13:31:00,2010-04-25 10:34:00,2
16586,United Kingdom,2010-03-14 11:24:00,2011-04-05 09:32:00,3
16587,United Kingdom,2011-04-21 15:51:00,2011-04-21 15:51:00,1
16588,United Kingdom,2010-05-14 13:43:00,2010-11-18 17:56:00,4
16589,United Kingdom,2010-09-15 14:56:00,2011-09-29 14:50:00,4
16590,United Kingdom,2010-10-21 12:09:00,2010-11-23 19:01:00,3
16591,United Kingdom,2011-10-02 10:43:00,2011-10-02 10:43:00,1
16592,United Kingdom,2009-12-18 15:57:00,2011-12-05 13:49:00,34
16593,United Kingdom,2009-12-05 10:44:00,2011-10-20 12:41:00,9
16594,United Kingdom,2011-09-25 14:08:00,2011-09-25 14:08:00,1
16595,United Kingdom,2010-01-17 12:12:00,2011-10-09 13:15:00,5
16596,United Kingdom,2009-12-10 13:09:00,2011-11-24 10:02:00,4
16597,United Kingdom,2011-12-05 15:44:00,2011-12-05 15:44:00,1
16598,United Kingdom,2011-02-27 11:42:00,2011-03-07 13:42:00,2
16599,United Kingdom,2010-11-19 12:45:00,2010-11-19 12:45:00,1
16600,United Kingdom,2009-12-18 12:59:00,2011-12-05 16:00:00,16
16601,United Kingdom,2010-03-26 13:39:00,2011-10-30 11:09:00,3
16602,United Kingdom,2010-11-16 09:13:00,2011-11-08 16:18:00,5
16603,United Kingdom,2011-09-09 13:02:00,2011-09-26 10:06:00,2
16604,United Kingdom,2010-05-20 16:34:00,2010-06-09 14:50:00,3
16605,United Kingdom,2009-12-15 19:03:00,2009-12-15 19:03:00,1
16606,United Kingdom,2010-10-01 13:21:00,2010-10-31 13:57:00,2
16607,United Kingdom,2010-04-29 14:01:00,2011-11-22 10:24:00,29
16608,United Kingdom,2010-02-14 11:57:00,2010-09-12 11:44:00,2
16609,United Kingdom,2011-04-01 10:11:00,2011-11-24 13:32:00,9
16610,United Kingdom,2011-05-04 13:13:00,2011-05-04 13:13:00,1
16611,United Kingdom,2010-03-10 16:07:00,2011-06-06 15:46:00,7
16612,United Kingdom,2009-12-03 15:54:00,2011-11-07 07:38:00,10
16613,United Kingdom,2011-09-30 15:52:00,2011-09-30 15:52:00,1
16614,United Kingdom,2010-05-10 15:18:00,2011-06-10 11:36:00,3
16615,United Kingdom,2010-03-23 15:13:00,2010-05-20 09:24:00,2
16616,United Kingdom,2011-07-05 13:38:00,2011-11-24 16:31:00,2
16617,United Kingdom,2011-04-18 10:35:00,2011-04-18 10:35:00,1
16618,United Kingdom,2011-01-21 11:55:00,2011-11-08 13:52:00,6
16619,United Kingdom,2010-02-22 12:05:00,2011-03-31 12:20:00,5
16620,United Kingdom,2009-12-01 14:35:00,2011-12-06 12:19:00,6
16621,United Kingdom,2011-03-07 11:32:00,2011-10-19 11:38:00,4
16622,United Kingdom,2010-06-14 10:44:00,2010-06-15 14:41:00,2
16623,United Kingdom,2010-04-26 14:04:00,2011-04-08 10:09:00,5
16624,United Kingdom,2011-05-26 14:20:00,2011-09-20 12:39:00,2
16625,United Kingdom,2010-06-14 11:56:00,2011-03-10 12:50:00,6
16626,United Kingdom,2011-03-18 12:27:00,2011-12-09 11:56:00,20
16627,United Kingdom,2011-09-21 14:38:00,2011-09-21 14:38:00,1
16628,United Kingdom,2010-03-08 12:24:00,2011-11-10 12:45:00,8
16629,United Kingdom,2011-09-04 16:12:00,2011-09-27 10:34:00,2
16630,United Kingdom,2010-09-30 18:21:00,2010-10-28 14:30:00,2
16631,United Kingdom,2010-02-26 10:49:00,2010-08-15 11:20:00,8
16632,United Kingdom,2010-05-07 16:46:00,2010-08-11 11:39:00,2
16633,United Kingdom,2011-04-19 14:36:00,2011-11-22 13:41:00,7
16634,United Kingdom,2010-01-21 09:30:00,2011-05-01 12:09:00,10
16635,United Kingdom,2010-10-29 09:41:00,2010-10-29 09:41:00,1
16636,United Kingdom,2010-03-03 14:06:00,2010-09-27 13:13:00,4
16637,United Kingdom,2011-04-28 10:20:00,2011-11-07 13:17:00,5
16638,United Kingdom,2010-08-18 13:33:00,2011-11-17 11:09:00,16
16639,United Kingdom,2010-10-26 18:23:00,2011-11-14 13:47:00,5
16640,United Kingdom,2010-11-07 10:48:00,2010-11-07 10:48:00,1
16641,United Kingdom,2010-01-07 12:22:00,2011-08-26 12:49:00,2
16642,United Kingdom,2010-10-20 14:22:00,2011-12-05 11:31:00,5
16643,United Kingdom,2010-10-13 09:47:00,2011-04-08 08:24:00,3
16644,United Kingdom,2011-05-11 12:53:00,2011-06-15 12:39:00,2
16645,United Kingdom,2009-12-04 09:49:00,2009-12-04 09:49:00,1
16646,United Kingdom,2010-09-16 13:28:00,2010-09-21 20:07:00,2
16647,United Kingdom,2010-06-13 15:52:00,2011-06-23 11:47:00,4
16648,United Kingdom,2010-04-28 14:58:00,2011-11-01 09:52:00,4
16649,United Kingdom,2010-07-07 15:41:00,2010-07-07 15:41:00,1
16650,United Kingdom,2010-07-08 14:18:00,2011-09-29 09:51:00,7
16651,United Kingdom,2010-05-02 11:46:00,2010-05-02 11:46:00,1
16652,United Kingdom,2010-03-17 10:22:00,2011-10-17 11:43:00,24
16653,United Kingdom,2011-09-29 13:38:00,2011-11-23 14:51:00,3
16654,United Kingdom,2010-04-06 13:29:00,2011-07-21 15:23:00,9
16655,United Kingdom,2010-01-31 15:40:00,2011-11-22 11:25:00,14
16656,United Kingdom,2009-12-04 12:59:00,2011-11-17 14:43:00,44
16657,United Kingdom,2011-03-30 12:02:00,2011-11-30 11:48:00,4
16658,United Kingdom,2010-03-30 16:24:00,2010-12-06 13:47:00,9
16659,United Kingdom,2011-06-03 15:03:00,2011-06-03 15:03:00,1
16660,United Kingdom,2010-01-14 11:09:00,2011-11-23 14:53:00,8
16661,United Kingdom,2009-12-17 15:39:00,2010-06-17 15:24:00,5
16662,United Kingdom,2010-11-10 16:56:00,2010-11-10 16:56:00,1
16663,United Kingdom,2009-12-10 13:12:00,2009-12-10 13:12:00,1
16664,United Kingdom,2010-05-19 17:11:00,2010-05-19 17:11:00,1
16665,United Kingdom,2010-12-12 14:03:00,2010-12-12 14:03:00,1
16666,United Kingdom,2010-03-28 15:13:00,2011-11-20 14:01:00,2
16667,United Kingdom,2011-02-28 12:57:00,2011-10-02 15:26:00,2
16668,United Kingdom,2010-03-18 18:25:00,2011-11-24 17:43:00,13
16669,United Kingdom,2010-03-23 15:37:00,2011-11-16 12:26:00,5
16670,United Kingdom,2009-12-10 15:28:00,2011-11-23 09:34:00,33
16671,United Kingdom,2011-06-28 11:20:00,2011-11-11 13:40:00,3
16672,United Kingdom,2011-03-18 10:15:00,2011-12-07 16:29:00,23
16673,United Kingdom,2010-01-29 14:22:00,2010-01-29 14:22:00,1
16674,United Kingdom,2011-09-02 13:59:00,2011-10-16 11:31:00,2
16675,United Kingdom,2010-08-18 13:11:00,2010-09-24 12:15:00,2
16676,United Kingdom,2010-10-17 13:07:00,2011-11-06 12:01:00,7
16677,United Kingdom,2010-02-25 16:11:00,2010-11-11 18:01:00,3
16678,United Kingdom,2011-03-02 09:24:00,2011-12-07 12:17:00,17
16679,United Kingdom,2010-06-10 18:35:00,2010-12-08 13:51:00,3
16680,United Kingdom,2010-06-23 09:30:00,2011-10-27 17:35:00,3
16681,United Kingdom,2010-03-08 14:10:00,2011-09-28 11:11:00,7
16682,United Kingdom,2011-06-05 11:02:00,2011-12-05 12:13:00,5
16683,United Kingdom,2010-06-24 10:36:00,2010-06-28 13:20:00,2
16684,United Kingdom,2009-12-07 12:56:00,2011-12-05 14:06:00,65
16685,United Kingdom,2011-10-09 13:44:00,2011-10-09 13:58:00,2
16686,United Kingdom,2009-12-06 15:48:00,2011-10-23 13:49:00,18
16687,United Kingdom,2010-11-14 11:46:00,2010-11-14 11:46:00,1
16688,United Kingdom,2011-10-10 12:23:00,2011-12-08 15:24:00,4
16689,United Kingdom,2011-09-18 13:29:00,2011-09-25 11:39:00,3
16690,United Kingdom,2010-09-14 15:00:00,2011-10-27 10:58:00,5
16691,United Kingdom,2010-05-27 14:55:00,2010-10-17 15:03:00,2
16692,United Kingdom,2010-09-24 11:31:00,2011-03-28 14:46:00,4
16693,United Kingdom,2010-02-21 12:42:00,2011-10-02 11:10:00,5
16694,United Kingdom,2009-12-16 15:45:00,2009-12-16 15:45:00,1
16695,United Kingdom,2010-05-27 12:24:00,2010-05-27 12:36:00,2
16696,United Kingdom,2011-04-05 15:20:00,2011-07-27 14:23:00,4
16697,United Kingdom,2011-04-12 17:12:00,2011-04-12 17:12:00,1
16698,United Kingdom,2011-03-31 13:33:00,2011-04-27 10:52:00,2
16699,United Kingdom,2009-12-04 13:31:00,2010-11-24 14:38:00,8
16700,United Kingdom,2009-12-02 10:51:00,2011-12-01 11:00:00,31
16701,United Kingdom,2009-12-01 19:19:00,2011-12-01 11:10:00,34
16702,United Kingdom,2009-12-07 16:40:00,2010-10-20 14:10:00,5
16703,United Kingdom,2009-12-08 14:08:00,2009-12-08 14:08:00,1
16704,United Kingdom,2010-02-05 14:14:00,2010-03-31 14:02:00,2
16705,United Kingdom,2009-12-09 13:34:00,2011-12-09 12:08:00,61
16706,United Kingdom,2011-08-17 15:53:00,2011-11-02 13:50:00,3
16707,United Kingdom,2010-03-09 15:16:00,2010-11-04 14:39:00,4
16708,United Kingdom,2011-10-25 12:20:00,2011-10-25 12:20:00,1
16709,United Kingdom,2009-12-09 13:16:00,2011-09-16 10:56:00,14
16710,United Kingdom,2009-12-04 13:41:00,2011-11-20 14:50:00,23
16711,United Kingdom,2009-12-02 13:22:00,2011-12-06 16:32:00,10
16712,United Kingdom,2010-11-03 15:45:00,2011-11-30 13:48:00,13
16713,United Kingdom,2009-12-15 12:49:00,2011-11-21 12:36:00,41
16714,United Kingdom,2009-12-01 11:50:00,2011-05-05 11:09:00,7
16715,United Kingdom,2010-05-26 12:35:00,2011-09-22 18:15:00,2
16716,United Kingdom,2010-03-19 11:05:00,2011-03-18 10:03:00,4
16717,United Kingdom,2009-12-07 15:55:00,2011-11-30 17:42:00,20
16718,United Kingdom,2009-12-06 13:07:00,2010-12-05 13:03:00,5
16719,United Kingdom,2009-12-13 10:59:00,2011-11-25 09:27:00,17
16720,United Kingdom,2009-12-17 17:54:00,2011-11-13 16:22:00,4
16721,United Kingdom,2011-03-22 16:08:00,2011-03-22 16:08:00,1
16722,United Kingdom,2009-12-03 19:23:00,2011-11-22 13:28:00,26
16723,United Kingdom,2009-12-04 13:23:00,2011-09-09 13:01:00,4
16724,United Kingdom,2010-10-31 11:40:00,2010-10-31 11:40:00,1
16725,United Kingdom,2009-12-13 15:54:00,2011-02-10 16:52:00,16
16726,United Kingdom,2010-10-24 16:09:00,2011-11-13 14:53:00,7
16727,United Kingdom,2010-01-20 10:48:00,2010-12-10 13:48:00,4
16728,United Kingdom,2011-03-20 13:28:00,2011-10-24 14:36:00,4
16729,United Kingdom,2011-04-12 14:22:00,2011-11-03 19:11:00,26
16730,United Kingdom,2011-01-24 14:01:00,2011-10-18 14:11:00,4
16731,United Kingdom,2010-03-01 15:05:00,2010-03-01 15:05:00,1
16732,United Kingdom,2009-12-08 13:04:00,2011-11-08 09:54:00,9
16733,United Kingdom,2010-06-28 10:12:00,2010-06-28 10:12:00,1
16734,United Kingdom,2011-08-17 15:00:00,2011-10-18 13:44:00,3
16735,United Kingdom,2009-12-08 09:24:00,2011-09-22 11:49:00,22
16736,United Kingdom,2009-12-03 16:12:00,2010-07-22 10:09:00,8
16737,United Kingdom,2010-05-11 09:53:00,2011-10-17 13:03:00,2
16738,United Kingdom,2011-02-15 09:46:00,2011-02-15 09:46:00,1
16739,United Kingdom,2010-06-21 09:38:00,2011-06-20 17:15:00,4
16740,United Kingdom,2010-11-09 13:34:00,2010-11-09 13:34:00,1
16741,United Kingdom,2010-03-24 15:15:00,2010-03-24 15:15:00,1
16742,United Kingdom,2009-12-16 17:22:00,2011-10-24 12:02:00,15
16743,United Kingdom,2010-04-22 13:21:00,2011-11-10 13:13:00,15
16744,United Kingdom,2011-06-19 15:13:00,2011-11-28 13:06:00,7
16745,United Kingdom,2011-02-01 11:31:00,2011-09-14 11:58:00,18
16746,United Kingdom,2009-12-04 13:00:00,2011-12-05 12:33:00,46
16747,United Kingdom,2011-10-03 10:18:00,2011-11-14 13:37:00,4
16748,United Kingdom,2009-12-10 12:28:00,2011-11-22 10:17:00,15
16749,United Kingdom,2009-12-15 14:05:00,2010-04-27 13:06:00,2
16750,United Kingdom,2011-04-21 16:53:00,2011-10-26 12:48:00,5
16751,United Kingdom,2011-11-09 10:48:00,2011-11-09 10:48:00,1
16752,United Kingdom,2010-12-02 12:18:00,2010-12-02 12:18:00,1
16753,United Kingdom,2011-10-12 13:14:00,2011-10-12 13:14:00,1
16754,United Kingdom,2010-03-08 11:32:00,2010-12-02 17:38:00,35
16755,United Kingdom,2009-12-09 14:25:00,2011-08-17 13:21:00,10
16756,United Kingdom,2010-03-09 15:56:00,2011-05-09 09:33:00,9
16757,United Kingdom,2010-10-26 15:09:00,2011-01-25 11:59:00,2
16758,United Kingdom,2011-10-05 14:47:00,2011-10-05 14:47:00,1
16759,United Kingdom,2011-11-09 09:06:00,2011-12-02 12:42:00,4
16760,United Kingdom,2010-10-05 15:55:00,2010-10-05 15:55:00,1
16761,United Kingdom,2011-09-04 11:15:00,2011-09-04 11:15:00,1
16762,United Kingdom,2011-07-18 12:52:00,2011-11-20 11:43:00,3
16763,United Kingdom,2009-12-01 15:26:00,2011-06-07 14:24:00,3
16764,United Kingdom,2011-07-19 17:17:00,2011-12-06 11:41:00,18
16765,United Kingdom,2010-11-22 13:42:00,2011-02-18 15:41:00,2
16766,United Kingdom,2011-03-11 13:34:00,2011-03-11 15:22:00,2
16767,United Kingdom,2010-04-28 16:49:00,2011-11-09 09:42:00,16
16768,United Kingdom,2009-12-07 11:47:00,2011-10-23 10:38:00,14
16769,United Kingdom,2009-12-14 11:10:00,2011-03-24 13:41:00,4
16770,United Kingdom,2010-08-22 16:08:00,2011-10-13 12:21:00,11
16771,United Kingdom,2009-12-09 11:52:00,2011-11-06 13:28:00,10
16772,United Kingdom,2009-12-18 10:50:00,2010-10-18 13:39:00,5
16773,United Kingdom,2009-12-06 15:01:00,2011-10-13 14:37:00,3
16774,United Kingdom,2010-02-16 16:53:00,2011-10-03 12:41:00,9
16775,United Kingdom,2010-09-23 17:34:00,2011-11-29 15:22:00,17
16776,United Kingdom,2010-10-20 12:13:00,2011-10-10 13:04:00,2
16777,United Kingdom,2010-03-17 12:42:00,2011-09-20 13:41:00,6
16778,United Kingdom,2011-03-10 15:21:00,2011-09-26 13:48:00,2
16779,United Kingdom,2009-12-03 13:03:00,2011-12-07 14:54:00,62
16780,United Kingdom,2010-10-28 19:41:00,2011-08-31 16:09:00,3
16781,United Kingdom,2010-02-08 13:56:00,2010-12-09 15:18:00,3
16782,United Kingdom,2009-12-09 11:58:00,2011-11-29 13:20:00,50
16783,United Kingdom,2010-09-29 11:53:00,2010-09-29 11:53:00,1
16784,United Kingdom,2010-03-28 12:55:00,2011-11-20 12:20:00,5
16785,United Kingdom,2010-10-26 10:36:00,2010-10-26 10:36:00,1
16786,United Kingdom,2010-11-11 08:25:00,2010-11-11 08:25:00,1
16787,United Kingdom,2010-01-10 11:12:00,2010-11-07 11:01:00,4
16788,United Kingdom,2010-02-07 12:40:00,2011-08-08 14:53:00,5
16789,United Kingdom,2011-12-01 15:12:00,2011-12-01 15:12:00,1
16790,United Kingdom,2011-11-02 11:23:00,2011-12-06 11:53:00,8
16791,United Kingdom,2009-12-03 18:08:00,2011-11-10 19:12:00,18
16792,United Kingdom,2010-01-04 13:47:00,2011-03-02 14:41:00,5
16793,United Kingdom,2011-10-13 15:08:00,2011-10-13 15:08:00,1
16794,United Kingdom,2010-03-25 15:17:00,2011-12-08 17:54:00,17
16795,United Kingdom,2010-01-25 12:10:00,2010-12-09 14:08:00,5
16796,United Kingdom,2011-09-11 14:01:00,2011-09-11 14:01:00,1
16797,United Kingdom,2009-12-02 12:34:00,2010-11-11 19:14:00,9
16798,United Kingdom,2009-12-10 19:35:00,2010-06-03 19:01:00,4
16799,United Kingdom,2010-09-12 12:46:00,2010-10-03 14:28:00,3
16800,United Kingdom,2011-11-28 14:06:00,2011-11-28 14:06:00,1
16801,United Kingdom,2011-03-11 13:56:00,2011-06-29 15:33:00,5
16802,United Kingdom,2009-12-09 13:00:00,2010-01-29 13:44:00,2
16803,United Kingdom,2011-10-05 14:28:00,2011-10-05 14:28:00,1
16804,United Kingdom,2011-03-14 15:48:00,2011-11-16 16:43:00,3
16805,United Kingdom,2009-12-08 14:29:00,2011-06-19 11:23:00,5
16806,United Kingdom,2011-04-14 19:59:00,2011-08-28 15:27:00,4
16807,United Kingdom,2010-02-26 15:52:00,2011-07-20 12:00:00,8
16808,United Kingdom,2011-03-10 19:05:00,2011-09-01 19:34:00,2
16809,United Kingdom,2010-04-13 15:34:00,2011-11-16 15:45:00,10
16810,United Kingdom,2010-10-15 15:32:00,2011-05-31 15:32:00,4
16811,United Kingdom,2011-11-22 17:19:00,2011-12-05 11:39:00,2
16812,United Kingdom,2010-11-22 14:36:00,2010-12-14 12:35:00,5
16813,United Kingdom,2011-05-19 13:28:00,2011-12-01 14:03:00,10
16814,United Kingdom,2010-04-11 12:45:00,2011-11-25 13:27:00,37
16815,United Kingdom,2010-06-21 12:05:00,2010-09-12 10:59:00,2
16816,United Kingdom,2010-12-16 17:01:00,2011-08-28 14:16:00,4
16817,United Kingdom,2010-10-04 09:06:00,2011-12-07 11:03:00,18
16818,United Kingdom,2011-05-18 11:42:00,2011-11-29 10:41:00,13
16819,United Kingdom,2010-08-31 17:31:00,2010-08-31 17:37:00,2
16820,United Kingdom,2011-09-05 12:06:00,2011-09-05 12:06:00,1
16821,United Kingdom,2010-11-23 10:04:00,2010-11-23 10:04:00,1
16822,United Kingdom,2009-12-08 17:05:00,2010-02-14 11:05:00,3
16823,United Kingdom,2009-12-02 09:57:00,2011-04-26 15:00:00,8
16824,United Kingdom,2010-11-11 12:21:00,2011-11-24 12:38:00,3
16825,United Kingdom,2010-06-23 13:14:00,2011-11-01 11:51:00,5
16826,United Kingdom,2011-10-19 14:05:00,2011-10-19 14:05:00,1
16827,United Kingdom,2010-04-29 19:07:00,2010-11-11 14:04:00,5
16828,United Kingdom,2011-08-19 13:24:00,2011-09-07 15:10:00,2
16829,United Kingdom,2010-11-16 18:11:00,2011-07-06 10:48:00,2
16830,United Kingdom,2009-12-13 12:11:00,2011-11-01 11:35:00,5
16831,United Kingdom,2010-05-24 09:08:00,2010-05-24 09:08:00,1
16832,United Kingdom,2010-09-07 12:35:00,2011-06-08 15:36:00,5
16833,United Kingdom,2010-03-26 15:31:00,2011-12-08 14:39:00,6
16834,United Kingdom,2010-02-03 14:24:00,2011-04-26 09:37:00,2
16835,United Kingdom,2010-05-19 08:41:00,2011-08-03 13:50:00,10
16836,United Kingdom,2010-05-14 12:52:00,2011-10-31 10:05:00,4
16837,United Kingdom,2011-04-08 08:48:00,2011-11-08 14:27:00,12
16838,United Kingdom,2010-02-14 15:27:00,2011-05-26 13:13:00,6
16839,United Kingdom,2010-02-11 15:02:00,2011-12-01 09:03:00,51
16840,United Kingdom,2010-01-26 16:25:00,2010-04-15 15:48:00,3
16841,United Kingdom,2010-01-12 11:32:00,2011-11-03 11:51:00,14
16842,United Kingdom,2011-02-10 14:51:00,2011-10-06 17:38:00,4
16843,United Kingdom,2009-12-10 11:40:00,2011-10-28 09:06:00,38
16844,United Kingdom,2010-05-06 09:16:00,2010-05-26 10:29:00,2
16845,United Kingdom,2010-03-31 13:09:00,2010-03-31 13:09:00,1
16846,United Kingdom,2010-03-10 12:03:00,2011-10-20 13:55:00,3
16847,United Kingdom,2010-03-31 13:32:00,2011-10-27 13:29:00,2
16848,United Kingdom,2010-10-03 11:01:00,2011-10-18 08:42:00,4
16849,United Kingdom,2011-06-06 09:16:00,2011-06-06 09:16:00,1
16850,United Kingdom,2011-01-10 11:09:00,2011-01-10 11:09:00,1
16851,United Kingdom,2011-10-19 09:48:00,2011-12-05 13:32:00,3
16852,United Kingdom,2011-06-16 15:49:00,2011-11-29 13:22:00,2
16853,United Kingdom,2009-12-08 17:32:00,2009-12-08 17:32:00,1
16854,United Kingdom,2010-03-09 14:32:00,2010-10-18 16:31:00,2
16855,United Kingdom,2011-10-27 16:31:00,2011-11-16 12:03:00,2
16856,United Kingdom,2010-09-23 13:11:00,2011-11-25 08:59:00,3
16857,United Kingdom,2010-09-23 10:49:00,2010-09-23 10:49:00,1
16858,United Kingdom,2009-12-15 11:09:00,2010-12-08 14:52:00,16
16859,United Kingdom,2010-03-04 12:37:00,2011-08-25 14:12:00,10
16860,United Kingdom,2010-02-15 13:46:00,2010-09-13 10:05:00,4
16861,United Kingdom,2010-07-19 11:44:00,2011-10-11 09:05:00,6
16862,United Kingdom,2010-01-07 12:57:00,2010-06-10 13:05:00,4
16863,United Kingdom,2010-10-26 10:03:00,2011-11-10 15:23:00,5
16864,United Kingdom,2010-04-20 11:56:00,2010-10-01 16:16:00,2
16865,United Kingdom,2010-11-03 11:34:00,2010-11-03 11:34:00,1
16866,United Kingdom,2011-07-01 12:34:00,2011-07-22 10:06:00,3
16867,United Kingdom,2010-01-19 09:11:00,2010-01-19 09:11:00,1
16868,United Kingdom,2010-04-25 11:31:00,2010-11-10 13:17:00,3
16869,United Kingdom,2011-06-17 13:01:00,2011-11-17 12:02:00,5
16870,United Kingdom,2010-08-27 13:53:00,2010-08-27 13:53:00,1
16871,United Kingdom,2011-03-14 10:31:00,2011-11-17 19:27:00,7
16872,United Kingdom,2010-09-02 17:36:00,2011-09-23 16:05:00,6
16873,United Kingdom,2010-02-09 14:17:00,2011-12-05 12:05:00,17
16874,United Kingdom,2010-11-25 13:08:00,2010-11-25 13:08:00,1
16875,United Kingdom,2010-01-05 09:16:00,2011-10-06 19:20:00,20
16876,United Kingdom,2010-11-01 11:59:00,2010-11-01 11:59:00,1
16877,United Kingdom,2011-05-15 16:13:00,2011-11-27 13:47:00,6
16878,United Kingdom,2011-09-16 17:39:00,2011-11-15 08:52:00,2
16879,United Kingdom,2010-09-27 14:19:00,2010-10-15 14:51:00,2
16880,United Kingdom,2010-08-03 13:54:00,2011-11-09 11:33:00,8
16881,United Kingdom,2011-10-04 10:33:00,2011-10-04 10:33:00,1
16882,United Kingdom,2011-01-26 17:43:00,2011-10-04 10:42:00,3
16883,United Kingdom,2009-12-04 12:07:00,2011-06-05 12:51:00,20
16884,United Kingdom,2010-05-18 12:00:00,2011-11-02 11:52:00,4
16885,United Kingdom,2010-11-19 12:51:00,2011-11-24 13:40:00,4
16886,United Kingdom,2010-09-09 15:08:00,2010-09-21 11:46:00,2
16887,United Kingdom,2009-12-01 13:41:00,2011-11-04 14:07:00,3
16888,United Kingdom,2010-01-07 13:07:00,2010-11-04 12:39:00,3
16889,United Kingdom,2010-05-23 10:46:00,2011-05-29 11:05:00,6
16890,United Kingdom,2010-05-06 16:27:00,2010-08-20 11:23:00,3
16891,United Kingdom,2009-12-04 12:37:00,2011-12-08 11:15:00,11
16892,United Kingdom,2009-12-08 14:20:00,2011-12-08 13:18:00,9
16893,United Kingdom,2010-11-28 15:14:00,2010-12-08 12:06:00,2
16894,United Kingdom,2010-06-22 14:21:00,2010-07-25 15:43:00,5
16895,United Kingdom,2010-02-12 11:07:00,2011-10-06 12:15:00,5
16896,United Kingdom,2010-06-02 15:40:00,2010-06-02 15:40:00,1
16897,United Kingdom,2011-01-30 11:52:00,2011-02-13 15:45:00,3
16898,United Kingdom,2010-05-12 12:18:00,2011-11-13 15:44:00,6
16899,United Kingdom,2010-11-07 15:00:00,2011-12-02 12:03:00,8
16900,United Kingdom,2011-10-07 13:17:00,2011-11-28 10:50:00,5
16901,United Kingdom,2009-12-10 16:30:00,2009-12-10 16:30:00,1
16902,United Kingdom,2011-08-15 14:17:00,2011-08-15 14:17:00,1
16903,United Kingdom,2010-10-20 14:42:00,2011-11-10 15:32:00,4
16904,United Kingdom,2010-10-24 16:03:00,2011-12-05 13:10:00,21
16905,United Kingdom,2009-12-10 20:04:00,2011-12-04 14:01:00,20
16906,United Kingdom,2010-05-13 13:23:00,2011-09-19 11:49:00,7
16907,United Kingdom,2010-07-01 17:30:00,2011-11-10 18:04:00,9
16908,United Kingdom,2009-12-17 13:35:00,2009-12-17 13:38:00,2
16909,United Kingdom,2011-09-28 16:45:00,2011-10-06 18:06:00,2
16910,United Kingdom,2011-09-09 14:14:00,2011-12-05 12:51:00,8
16911,United Kingdom,2010-02-16 16:12:00,2010-03-22 15:57:00,3
16912,United Kingdom,2009-12-09 12:32:00,2011-11-16 15:51:00,18
16913,United Kingdom,2010-02-26 12:06:00,2011-02-22 12:56:00,3
16914,United Kingdom,2011-11-03 15:27:00,2011-11-03 15:27:00,1
16915,United Kingdom,2010-05-19 13:32:00,2011-11-30 16:39:00,11
16916,United Kingdom,2010-10-20 12:56:00,2011-11-16 12:08:00,4
16917,United Kingdom,2009-12-11 13:07:00,2011-03-08 11:55:00,3
16918,United Kingdom,2009-12-03 12:27:00,2011-10-21 12:50:00,19
16919,United Kingdom,2010-08-19 15:28:00,2011-07-06 13:35:00,28
16920,United Kingdom,2010-10-24 14:07:00,2010-10-24 14:07:00,1
16921,United Kingdom,2010-04-18 15:34:00,2011-10-09 16:22:00,3
16922,United Kingdom,2010-05-16 11:24:00,2010-05-16 11:24:00,1
16923,United Kingdom,2010-01-31 11:14:00,2011-11-27 13:00:00,41
16924,United Kingdom,2011-09-16 12:54:00,2011-11-18 12:53:00,4
16925,United Kingdom,2010-06-17 15:03:00,2010-06-17 15:03:00,1
16926,United Kingdom,2010-07-01 12:57:00,2010-12-03 13:42:00,6
16927,United Kingdom,2010-12-13 11:57:00,2011-08-16 11:10:00,3
16928,United Kingdom,2010-02-03 12:30:00,2011-09-20 15:10:00,33
16929,United Kingdom,2011-07-07 12:39:00,2011-12-06 08:37:00,7
16930,United Kingdom,2011-10-02 14:25:00,2011-11-13 16:13:00,3
16931,United Kingdom,2010-11-07 13:24:00,2011-12-04 13:15:00,23
16932,United Kingdom,2010-05-17 14:15:00,2011-10-17 14:12:00,3
16933,United Kingdom,2009-12-09 15:03:00,2011-12-08 12:54:00,16
16934,United Kingdom,2010-03-28 12:43:00,2011-10-16 12:40:00,7
16935,United Kingdom,2010-10-14 13:09:00,2010-11-23 09:16:00,3
16936,United Kingdom,2010-11-19 11:54:00,2011-11-14 11:04:00,2
16937,United Kingdom,2010-07-28 17:56:00,2010-07-28 17:56:00,1
16938,United Kingdom,2010-02-17 14:47:00,2011-12-01 10:20:00,10
16939,United Kingdom,2010-02-28 13:33:00,2010-08-08 12:24:00,3
16940,United Kingdom,2009-12-08 13:08:00,2011-10-18 13:15:00,11
16941,United Kingdom,2010-04-07 11:13:00,2010-04-07 11:13:00,1
16942,United Kingdom,2011-04-26 11:59:00,2011-11-27 12:40:00,10
16943,United Kingdom,2010-03-18 16:18:00,2011-05-12 11:57:00,7
16944,United Kingdom,2010-04-09 11:03:00,2010-04-09 11:03:00,1
16945,United Kingdom,2009-12-09 11:33:00,2011-11-18 11:39:00,35
16946,United Kingdom,2010-03-02 10:49:00,2010-11-21 14:06:00,6
16947,United Kingdom,2010-03-03 10:54:00,2011-04-18 09:38:00,10
16948,United Kingdom,2010-02-21 13:48:00,2011-07-24 12:46:00,7
16949,United Kingdom,2011-01-27 12:11:00,2011-12-06 11:07:00,7
16950,United Kingdom,2010-01-24 11:26:00,2011-10-14 09:06:00,12
16951,United Kingdom,2011-02-08 14:58:00,2011-08-08 13:25:00,4
16952,United Kingdom,2009-12-11 13:52:00,2011-08-22 13:03:00,5
16953,United Kingdom,2011-11-09 15:54:00,2011-11-09 15:54:00,1
16954,United Kingdom,2010-01-18 14:49:00,2011-12-09 09:46:00,21
16955,United Kingdom,2009-12-01 12:44:00,2011-06-08 10:36:00,9
16956,United Kingdom,2011-11-22 08:56:00,2011-11-30 14:28:00,2
16957,United Kingdom,2011-03-03 09:25:00,2011-04-14 13:56:00,2
16958,United Kingdom,2010-09-30 14:25:00,2010-09-30 14:25:00,1
16959,United Kingdom,2011-09-13 15:03:00,2011-09-13 15:03:00,1
16960,United Kingdom,2010-03-02 13:36:00,2011-11-01 11:35:00,9
16961,United Kingdom,2009-12-04 09:37:00,2011-08-15 13:46:00,6
16962,United Kingdom,2010-10-26 11:36:00,2010-10-26 11:36:00,1
16963,United Kingdom,2011-06-05 13:48:00,2011-06-05 13:48:00,1
16964,United Kingdom,2009-12-06 12:51:00,2009-12-06 12:53:00,2
16965,United Kingdom,2011-04-27 12:08:00,2011-04-27 12:08:00,1
16966,United Kingdom,2011-04-13 14:17:00,2011-12-01 13:40:00,10
16967,United Kingdom,2011-06-03 14:24:00,2011-06-03 14:24:00,1
16968,United Kingdom,2011-08-24 10:51:00,2011-12-05 15:02:00,2
16969,United Kingdom,2011-06-01 12:10:00,2011-10-31 13:12:00,3
16970,United Kingdom,2010-03-23 13:50:00,2010-03-23 13:50:00,1
16971,United Kingdom,2011-11-01 15:06:00,2011-12-07 09:15:00,2
16972,United Kingdom,2010-09-09 11:20:00,2010-11-22 10:59:00,2
16973,United Kingdom,2010-11-18 13:56:00,2010-11-18 13:56:00,1
16974,United Kingdom,2010-05-24 10:43:00,2010-07-05 10:18:00,2
16975,United Kingdom,2010-07-22 11:38:00,2010-10-22 10:35:00,5
16976,United Kingdom,2011-03-17 16:33:00,2011-03-17 16:33:00,1
16977,United Kingdom,2010-03-18 11:06:00,2010-11-09 13:17:00,4
16978,United Kingdom,2010-02-11 16:27:00,2011-09-23 12:50:00,3
16979,United Kingdom,2010-09-15 14:30:00,2011-12-06 12:21:00,12
16980,United Kingdom,2010-10-07 14:05:00,2011-03-29 16:36:00,3
16981,United Kingdom,2010-06-17 15:49:00,2010-06-17 15:49:00,1
16982,United Kingdom,2011-10-10 12:28:00,2011-10-10 12:28:00,1
16983,United Kingdom,2010-09-19 12:38:00,2011-11-27 12:10:00,12
16984,United Kingdom,2010-03-07 15:34:00,2011-09-22 18:21:00,19
16985,United Kingdom,2009-12-10 13:34:00,2011-11-22 13:33:00,26
16986,United Kingdom,2010-02-04 14:46:00,2011-11-10 11:55:00,11
16987,United Kingdom,2009-12-02 14:34:00,2011-12-06 17:26:00,12
16988,United Kingdom,2010-11-25 09:22:00,2011-12-04 16:02:00,2
16989,United Kingdom,2011-07-12 09:11:00,2011-12-02 16:39:00,6
16990,United Kingdom,2010-10-13 11:42:00,2011-05-05 08:30:00,2
16991,United Kingdom,2010-10-14 14:08:00,2010-10-14 14:08:00,1
16992,United Kingdom,2010-02-11 12:36:00,2011-11-29 11:50:00,15
16993,United Kingdom,2010-05-12 13:55:00,2010-09-02 17:45:00,3
16994,United Kingdom,2010-03-23 16:19:00,2010-03-23 16:19:00,1
16995,United Kingdom,2010-12-02 17:09:00,2010-12-02 17:09:00,1
16996,United Kingdom,2010-10-18 12:24:00,2011-11-09 16:43:00,13
16997,United Kingdom,2011-01-18 11:51:00,2011-02-24 17:28:00,3
16998,United Kingdom,2010-09-21 14:39:00,2011-07-13 09:49:00,7
16999,United Kingdom,2011-09-26 15:43:00,2011-11-16 13:53:00,2
17000,United Kingdom,2010-10-27 14:16:00,2010-11-08 13:35:00,2
17001,United Kingdom,2010-03-25 12:41:00,2011-12-09 09:38:00,19
17002,United Kingdom,2010-03-08 15:46:00,2011-09-27 16:48:00,8
17003,United Kingdom,2010-05-10 11:20:00,2010-11-02 13:15:00,4
17004,United Kingdom,2010-10-11 15:43:00,2011-10-24 14:25:00,4
17005,United Kingdom,2010-04-30 10:52:00,2010-08-26 10:57:00,3
17006,United Kingdom,2010-03-05 13:33:00,2011-12-05 12:09:00,8
17007,United Kingdom,2010-09-28 13:51:00,2011-10-20 10:47:00,8
17008,United Kingdom,2010-10-06 15:19:00,2010-10-06 15:19:00,1
17009,United Kingdom,2010-06-06 16:01:00,2010-06-06 16:01:00,1
17010,United Kingdom,2011-11-21 14:49:00,2011-11-23 11:04:00,2
17011,United Kingdom,2010-02-26 09:47:00,2011-11-09 13:30:00,4
17012,United Kingdom,2009-12-14 17:34:00,2009-12-14 17:34:00,1
17013,United Kingdom,2010-04-15 14:22:00,2010-04-15 15:04:00,2
17014,United Kingdom,2011-10-04 11:36:00,2011-12-01 14:09:00,4
17015,United Kingdom,2011-06-07 13:19:00,2011-11-11 10:45:00,3
17016,United Kingdom,2010-05-12 12:32:00,2010-05-12 12:32:00,1
17017,United Kingdom,2009-12-03 13:22:00,2011-12-07 09:32:00,41
17018,United Kingdom,2009-12-05 10:27:00,2011-10-30 11:42:00,6
17019,United Kingdom,2009-12-02 10:34:00,2011-11-28 13:06:00,13
17020,United Kingdom,2010-03-03 12:27:00,2010-06-15 13:06:00,2
17021,United Kingdom,2010-04-29 20:05:00,2010-09-23 20:01:00,6
17022,United Kingdom,2010-10-03 10:27:00,2011-11-08 17:09:00,2
17023,United Kingdom,2010-01-11 15:09:00,2010-10-18 15:37:00,3
17024,United Kingdom,2011-07-05 09:31:00,2011-10-25 13:47:00,3
17025,United Kingdom,2010-03-08 13:37:00,2011-10-10 09:06:00,5
17026,United Kingdom,2010-10-18 15:22:00,2011-06-07 14:28:00,3
17027,United Kingdom,2009-12-10 12:10:00,2011-09-22 12:24:00,10
17028,United Kingdom,2009-12-18 14:28:00,2010-05-07 15:33:00,3
17029,United Kingdom,2010-02-14 10:19:00,2011-08-21 11:06:00,7
17030,United Kingdom,2011-10-07 08:49:00,2011-10-07 08:49:00,1
17031,United Kingdom,2010-05-07 14:52:00,2011-11-28 10:23:00,6
17032,United Kingdom,2009-12-10 15:36:00,2010-09-24 10:20:00,13
17033,United Kingdom,2010-11-07 12:55:00,2011-09-14 14:34:00,4
17034,United Kingdom,2010-07-14 12:55:00,2011-11-23 15:14:00,7
17035,United Kingdom,2009-12-03 10:37:00,2011-04-08 11:23:00,5
17036,United Kingdom,2010-11-21 14:26:00,2010-11-21 14:26:00,1
17037,United Kingdom,2011-09-13 12:49:00,2011-09-22 17:20:00,2
17038,United Kingdom,2010-10-20 16:04:00,2011-11-09 13:50:00,2
17039,United Kingdom,2010-04-14 12:56:00,2010-04-14 12:56:00,1
17040,United Kingdom,2010-06-07 15:08:00,2011-07-25 10:19:00,2
17041,United Kingdom,2010-04-18 14:25:00,2011-11-13 11:21:00,7
17042,United Kingdom,2011-04-06 14:53:00,2011-12-07 12:26:00,5
17043,United Kingdom,2009-12-09 15:20:00,2011-11-07 15:33:00,8
17044,United Kingdom,2009-12-07 12:25:00,2011-12-01 08:54:00,16
17045,United Kingdom,2010-10-06 14:52:00,2011-08-18 17:09:00,5
17046,United Kingdom,2010-03-29 13:46:00,2011-07-05 14:24:00,5
17047,United Kingdom,2009-12-08 08:48:00,2011-09-15 13:27:00,6
17048,United Kingdom,2010-01-18 13:55:00,2011-08-16 14:51:00,11
17049,United Kingdom,2010-03-04 10:23:00,2011-12-07 10:48:00,25
17050,United Kingdom,2010-01-26 14:54:00,2011-09-04 13:48:00,12
17051,United Kingdom,2010-03-21 14:55:00,2011-05-29 14:13:00,4
17052,United Kingdom,2011-11-11 14:50:00,2011-11-11 14:50:00,1
17053,United Kingdom,2011-08-01 10:23:00,2011-08-03 10:55:00,2
17054,United Kingdom,2011-04-08 13:14:00,2011-11-11 12:56:00,6
17055,United Kingdom,2010-09-20 12:21:00,2010-09-20 12:21:00,1
17056,United Kingdom,2009-12-01 12:55:00,2009-12-01 12:55:00,1
17057,United Kingdom,2010-04-22 19:21:00,2010-04-22 19:21:00,1
17058,United Kingdom,2011-04-14 09:18:00,2011-09-19 10:13:00,3
17059,United Kingdom,2010-01-26 14:43:00,2011-11-10 12:27:00,10
17060,United Kingdom,2011-03-18 13:27:00,2011-03-18 13:27:00,1
17061,United Kingdom,2011-04-21 13:29:00,2011-09-27 11:24:00,12
17062,United Kingdom,2010-09-26 11:57:00,2011-01-30 11:01:00,7
17063,United Kingdom,2009-12-01 12:36:00,2011-12-01 08:46:00,23
17064,United Kingdom,2011-01-16 16:10:00,2011-10-12 10:18:00,3
17065,United Kingdom,2010-03-12 11:40:00,2011-07-19 14:45:00,3
17066,United Kingdom,2009-12-13 13:24:00,2009-12-13 13:24:00,1
17067,United Kingdom,2009-12-08 12:03:00,2009-12-15 08:39:00,3
17068,United Kingdom,2010-03-28 14:26:00,2011-11-27 13:14:00,49
17069,United Kingdom,2009-12-03 12:27:00,2011-11-11 17:13:00,21
17070,United Kingdom,2010-10-25 15:57:00,2011-08-17 17:01:00,2
17071,United Kingdom,2010-01-24 13:05:00,2011-12-01 09:06:00,20
17072,United Kingdom,2010-03-24 16:33:00,2010-03-24 16:33:00,1
17073,United Kingdom,2011-08-22 14:37:00,2011-11-22 11:47:00,4
17074,United Kingdom,2010-05-26 12:04:00,2010-05-26 12:04:00,1
17075,United Kingdom,2009-12-14 11:24:00,2011-11-22 11:58:00,11
17076,United Kingdom,2009-12-04 12:12:00,2011-11-03 17:53:00,6
17077,United Kingdom,2010-05-10 16:36:00,2010-05-10 16:36:00,1
17078,United Kingdom,2011-11-03 18:49:00,2011-11-03 19:17:00,2
17079,United Kingdom,2011-09-22 15:34:00,2011-09-22 15:34:00,1
17080,United Kingdom,2010-07-01 16:03:00,2011-11-17 12:59:00,8
17081,United Kingdom,2010-02-22 13:19:00,2011-11-14 12:56:00,6
17082,United Kingdom,2009-12-15 11:25:00,2011-11-06 15:17:00,6
17083,United Kingdom,2009-12-11 13:41:00,2011-08-22 15:43:00,11
17084,United Kingdom,2010-11-08 12:00:00,2011-11-04 14:54:00,4
17085,United Kingdom,2009-12-06 12:16:00,2011-08-08 14:15:00,32
17086,United Kingdom,2011-10-07 11:22:00,2011-12-02 13:54:00,6
17087,United Kingdom,2009-12-02 10:41:00,2009-12-02 10:41:00,1
17088,United Kingdom,2011-03-31 09:48:00,2011-11-11 14:23:00,4
17089,United Kingdom,2010-11-18 15:33:00,2010-11-18 15:33:00,1
17090,United Kingdom,2010-07-19 16:02:00,2011-12-05 13:44:00,15
17091,United Kingdom,2009-12-01 13:40:00,2011-12-07 10:43:00,23
17092,United Kingdom,2010-02-02 16:42:00,2011-10-20 19:51:00,14
17093,United Kingdom,2010-04-26 10:22:00,2010-04-26 10:22:00,1
17094,United Kingdom,2010-10-12 10:48:00,2011-01-25 17:24:00,3
17095,United Kingdom,2009-12-15 12:32:00,2011-11-17 16:40:00,12
17096,United Kingdom,2010-06-02 14:48:00,2011-11-30 15:05:00,17
17097,Spain,2010-10-05 14:09:00,2011-12-07 17:05:00,10
17098,United Kingdom,2010-06-17 10:30:00,2010-11-23 12:13:00,3
17099,United Kingdom,2010-06-24 16:25:00,2010-06-24 16:25:00,1
17100,United Kingdom,2011-11-21 16:36:00,2011-11-21 16:36:00,2
17101,United Kingdom,2010-06-07 15:12:00,2011-11-29 13:57:00,7
17102,United Kingdom,2011-03-23 10:08:00,2011-03-23 10:08:00,1
17103,United Kingdom,2009-12-17 14:08:00,2009-12-17 14:08:00,1
17104,United Kingdom,2010-10-12 12:21:00,2010-10-12 12:21:00,1
17105,United Kingdom,2011-02-06 14:46:00,2011-07-03 15:53:00,2
17106,United Kingdom,2010-11-15 14:11:00,2010-11-15 14:11:00,1
17107,United Kingdom,2010-01-31 15:47:00,2011-11-07 08:41:00,13
17108,United Kingdom,2010-02-14 12:22:00,2010-02-14 12:22:00,1
17109,United Kingdom,2010-07-30 12:42:00,2011-11-10 16:59:00,10
17110,United Kingdom,2010-04-08 13:32:00,2011-06-27 12:58:00,3
17111,United Kingdom,2010-10-10 15:21:00,2011-10-23 15:59:00,2
17112,United Kingdom,2010-07-25 11:14:00,2010-07-25 11:14:00,1
17113,United Kingdom,2010-01-11 10:14:00,2010-07-22 17:00:00,8
17114,United Kingdom,2011-01-09 11:39:00,2011-12-04 12:17:00,10
17115,United Kingdom,2009-12-05 12:13:00,2011-12-01 14:30:00,13
17116,United Kingdom,2010-03-01 16:29:00,2010-03-01 16:29:00,1
17117,United Kingdom,2011-02-24 13:54:00,2011-02-24 13:54:00,1
17118,United Kingdom,2011-01-26 12:19:00,2011-01-26 12:19:00,1
17119,United Kingdom,2011-10-11 11:03:00,2011-12-06 14:40:00,3
17120,United Kingdom,2011-04-20 15:21:00,2011-04-20 15:21:00,1
17121,United Kingdom,2010-11-02 11:47:00,2010-11-02 11:47:00,1
17122,United Kingdom,2010-07-28 09:34:00,2011-08-12 14:33:00,4
17123,United Kingdom,2010-05-16 11:52:00,2011-07-01 10:47:00,3
17124,United Kingdom,2011-06-07 14:02:00,2011-06-07 14:02:00,1
17125,United Kingdom,2011-10-20 14:41:00,2011-10-20 14:41:00,1
17126,United Kingdom,2010-08-31 13:41:00,2011-07-10 13:52:00,11
17127,United Kingdom,2009-12-04 15:18:00,2010-10-07 09:54:00,5
17128,United Kingdom,2011-01-09 12:02:00,2011-01-09 12:02:00,1
17129,United Kingdom,2010-07-07 13:46:00,2010-07-07 13:46:00,1
17130,United Kingdom,2010-01-26 16:47:00,2010-01-26 16:47:00,1
17131,United Kingdom,2011-09-25 12:42:00,2011-12-04 12:52:00,5
17132,United Kingdom,2010-08-08 13:49:00,2010-09-13 16:31:00,2
17133,United Kingdom,2010-03-21 12:31:00,2011-11-24 12:27:00,13
17134,United Kingdom,2010-09-23 18:32:00,2011-08-25 09:53:00,3
17135,United Kingdom,2010-05-09 16:03:00,2011-11-23 16:48:00,11
17136,United Kingdom,2010-02-15 13:13:00,2010-02-15 13:13:00,1
17137,United Kingdom,2010-01-31 12:27:00,2010-10-19 14:51:00,6
17138,United Kingdom,2010-02-04 14:19:00,2011-03-09 11:54:00,7
17139,United Kingdom,2010-01-11 11:31:00,2011-11-24 10:12:00,29
17140,United Kingdom,2011-04-06 13:33:00,2011-04-06 13:33:00,1
17141,United Kingdom,2010-01-24 14:19:00,2010-10-17 14:54:00,4
17142,United Kingdom,2010-01-24 15:23:00,2011-04-14 18:22:00,4
17143,United Kingdom,2010-07-12 13:26:00,2010-10-18 15:27:00,2
17144,United Kingdom,2011-09-16 12:50:00,2011-12-08 17:57:00,2
17145,United Kingdom,2010-02-19 12:07:00,2010-08-31 16:53:00,7
17146,United Kingdom,2010-02-02 09:39:00,2011-08-26 12:44:00,16
17147,United Kingdom,2010-01-11 09:38:00,2011-11-17 12:32:00,16
17148,United Kingdom,2011-10-19 09:59:00,2011-10-19 09:59:00,1
17149,United Kingdom,2010-09-14 14:56:00,2010-09-14 14:56:00,1
17150,United Kingdom,2009-12-06 10:51:00,2010-11-28 11:27:00,6
17151,United Kingdom,2009-12-04 14:56:00,2009-12-04 14:56:00,1
17152,United Kingdom,2010-10-10 12:40:00,2011-05-29 12:19:00,5
17153,United Kingdom,2011-11-15 13:42:00,2011-11-15 13:42:00,1
17154,United Kingdom,2011-09-25 13:42:00,2011-09-25 13:42:00,1
17155,United Kingdom,2009-12-03 11:34:00,2011-11-22 12:38:00,7
17156,United Kingdom,2010-08-05 11:30:00,2010-08-12 15:53:00,2
17157,United Kingdom,2009-12-04 13:00:00,2011-12-02 09:10:00,20
17158,United Kingdom,2010-03-07 15:50:00,2011-11-07 15:15:00,6
17159,United Kingdom,2010-03-04 14:53:00,2011-11-18 10:52:00,6
17160,United Kingdom,2009-12-04 10:57:00,2011-11-08 14:05:00,18
17161,United Kingdom,2010-09-21 16:44:00,2010-09-21 16:44:00,1
17162,United Kingdom,2011-02-07 12:27:00,2011-11-11 11:34:00,11
17163,United Kingdom,2010-02-02 10:39:00,2011-11-18 08:57:00,4
17164,United Kingdom,2011-03-11 14:26:00,2011-11-07 09:14:00,8
17165,United Kingdom,2009-12-11 09:18:00,2011-02-28 16:39:00,8
17166,United Kingdom,2011-05-20 08:18:00,2011-11-01 09:46:00,3
17167,United Kingdom,2010-09-20 14:02:00,2010-11-25 10:05:00,3
17168,United Kingdom,2010-07-29 12:33:00,2010-07-29 12:33:00,1
17169,United Kingdom,2010-05-10 13:00:00,2011-10-20 19:15:00,6
17170,United Kingdom,2010-11-02 17:45:00,2010-11-30 15:55:00,3
17171,United Kingdom,2010-02-16 12:02:00,2011-02-23 16:37:00,2
17172,United Kingdom,2009-12-13 11:46:00,2011-09-26 12:04:00,6
17173,United Kingdom,2011-07-31 15:26:00,2011-12-04 14:40:00,9
17174,United Kingdom,2011-05-06 11:47:00,2011-05-06 11:47:00,1
17175,United Kingdom,2011-02-16 14:56:00,2011-10-26 15:31:00,5
17176,United Kingdom,2010-01-31 15:49:00,2011-05-22 12:41:00,3
17177,United Kingdom,2010-07-22 14:53:00,2010-07-22 14:53:00,1
17178,United Kingdom,2009-12-08 16:20:00,2009-12-08 16:20:00,1
17179,United Kingdom,2010-05-26 11:22:00,2011-06-14 16:48:00,6
17180,United Kingdom,2010-01-21 17:43:00,2011-10-14 15:46:00,14
17181,United Kingdom,2010-04-23 11:21:00,2011-10-13 14:48:00,3
17182,United Kingdom,2009-12-21 15:22:00,2010-10-13 10:09:00,2
17183,United Kingdom,2011-08-26 15:25:00,2011-12-02 10:07:00,8
17184,United Kingdom,2009-12-09 14:17:00,2010-05-19 14:24:00,2
17185,United Kingdom,2010-04-20 13:49:00,2010-04-27 12:15:00,3
17186,United Kingdom,2011-10-10 12:52:00,2011-10-24 10:20:00,2
17187,United Kingdom,2010-07-01 14:38:00,2011-04-27 12:39:00,2
17188,United Kingdom,2009-12-08 19:16:00,2011-11-28 13:53:00,17
17189,United Kingdom,2009-12-02 11:45:00,2011-08-25 19:39:00,5
17190,United Kingdom,2010-03-05 13:21:00,2011-10-12 11:33:00,8
17191,United Kingdom,2009-12-01 16:34:00,2011-11-11 16:58:00,16
17192,United Kingdom,2010-06-21 16:07:00,2010-06-21 16:07:00,1
17193,United Kingdom,2009-12-02 10:02:00,2011-11-04 12:47:00,12
17194,United Kingdom,2010-06-27 13:16:00,2011-03-11 12:05:00,3
17195,United Kingdom,2010-02-22 13:05:00,2010-02-22 13:05:00,1
17196,United Kingdom,2010-10-08 11:31:00,2010-10-08 11:31:00,1
17197,United Kingdom,2011-11-10 10:32:00,2011-11-10 10:32:00,1
17198,United Kingdom,2010-12-03 14:54:00,2011-11-16 10:39:00,3
17199,United Kingdom,2010-05-06 13:53:00,2010-05-06 13:53:00,1
17200,United Kingdom,2010-02-25 13:23:00,2010-11-17 13:04:00,4
17201,United Kingdom,2010-02-10 12:26:00,2011-10-17 11:55:00,5
17202,United Kingdom,2010-10-15 11:25:00,2010-10-15 11:25:00,1
17203,United Kingdom,2010-11-16 12:52:00,2011-11-04 12:27:00,10
17204,United Kingdom,2010-06-10 11:37:00,2011-06-23 13:54:00,15
17205,United Kingdom,2010-05-24 15:36:00,2011-10-17 12:46:00,3
17206,United Kingdom,2011-10-17 13:25:00,2011-10-17 13:25:00,1
17207,United Kingdom,2010-02-25 19:08:00,2010-02-25 19:08:00,1
17208,United Kingdom,2010-11-09 12:50:00,2010-11-09 12:50:00,1
17209,United Kingdom,2009-12-03 11:10:00,2010-02-28 16:01:00,3
17210,United Kingdom,2010-11-12 12:15:00,2010-11-12 12:15:00,1
17211,United Kingdom,2009-12-13 13:17:00,2011-11-13 12:03:00,15
17212,United Kingdom,2010-08-10 09:22:00,2011-03-31 19:42:00,3
17213,United Kingdom,2009-12-08 12:51:00,2011-10-30 14:53:00,20
17214,United Kingdom,2010-12-15 15:14:00,2011-10-10 13:17:00,7
17215,United Kingdom,2010-09-01 13:39:00,2010-09-01 13:39:00,1
17216,United Kingdom,2010-06-03 13:03:00,2010-06-03 13:03:00,1
17217,United Kingdom,2010-03-30 13:35:00,2011-04-19 17:19:00,2
17218,United Kingdom,2010-01-25 16:12:00,2011-12-05 13:52:00,18
17219,United Kingdom,2010-10-19 11:29:00,2011-11-08 11:25:00,2
17220,United Kingdom,2010-01-20 11:57:00,2011-11-15 13:47:00,21
17221,United Kingdom,2010-04-11 15:34:00,2011-12-02 13:35:00,5
17222,United Kingdom,2010-01-10 15:24:00,2011-10-05 13:58:00,6
17223,United Kingdom,2010-11-29 17:19:00,2011-02-02 15:57:00,3
17224,United Kingdom,2010-07-26 13:30:00,2010-07-26 13:30:00,1
17225,United Kingdom,2010-05-07 11:38:00,2010-05-07 11:38:00,1
17226,United Kingdom,2010-02-12 14:31:00,2011-02-04 11:52:00,3
17227,United Kingdom,2010-01-15 15:05:00,2011-11-21 10:51:00,12
17228,United Kingdom,2010-03-12 11:54:00,2011-11-24 10:24:00,13
17229,United Kingdom,2011-07-20 12:38:00,2011-09-04 13:56:00,2
17230,United Kingdom,2009-12-08 13:41:00,2011-03-20 16:12:00,23
17231,United Kingdom,2009-12-07 16:38:00,2011-11-27 15:18:00,35
17232,United Kingdom,2011-11-25 12:24:00,2011-12-07 12:21:00,2
17233,United Kingdom,2009-12-15 12:03:00,2011-11-04 14:06:00,3
17234,United Kingdom,2011-06-10 11:20:00,2011-06-10 11:20:00,1
17235,United Kingdom,2010-06-04 17:01:00,2011-11-14 15:51:00,8
17236,United Kingdom,2010-03-07 13:00:00,2011-11-27 12:00:00,12
17237,United Kingdom,2010-11-23 11:45:00,2011-11-28 15:02:00,4
17238,United Kingdom,2009-12-01 10:59:00,2011-12-07 11:35:00,32
17239,United Kingdom,2009-12-10 15:58:00,2011-01-31 09:41:00,6
17240,United Kingdom,2010-04-22 15:44:00,2010-04-22 15:44:00,1
17241,United Kingdom,2010-02-15 14:47:00,2010-11-19 13:01:00,12
17242,United Kingdom,2010-01-24 10:27:00,2011-08-23 14:55:00,5
17243,United Kingdom,2009-12-01 15:36:00,2011-12-08 13:26:00,80
17244,United Kingdom,2009-12-06 11:27:00,2011-10-17 15:19:00,5
17245,United Kingdom,2010-01-19 15:39:00,2011-05-19 10:43:00,2
17246,United Kingdom,2009-12-01 17:45:00,2010-06-11 12:36:00,2
17247,United Kingdom,2011-11-24 15:21:00,2011-11-24 15:21:00,1
17248,United Kingdom,2010-08-15 11:55:00,2011-08-11 13:34:00,2
17249,United Kingdom,2010-10-07 11:33:00,2010-10-07 11:33:00,1
17250,United Kingdom,2011-03-23 16:45:00,2011-12-06 12:15:00,2
17251,United Kingdom,2009-12-15 10:36:00,2010-12-12 11:06:00,4
17252,United Kingdom,2011-06-06 16:41:00,2011-08-15 09:45:00,2
17253,United Kingdom,2011-11-21 12:59:00,2011-11-21 12:59:00,1
17254,United Kingdom,2010-11-03 14:00:00,2011-12-05 12:46:00,3
17255,United Kingdom,2010-09-19 15:53:00,2011-10-30 12:18:00,4
17256,United Kingdom,2010-04-18 13:40:00,2011-08-24 13:30:00,5
17257,United Kingdom,2010-09-29 12:49:00,2010-09-29 12:51:00,2
17258,United Kingdom,2010-02-12 15:51:00,2010-11-08 12:37:00,2
17259,United Kingdom,2010-02-22 13:38:00,2011-07-14 15:01:00,6
17260,United Kingdom,2010-10-24 13:21:00,2010-10-24 13:21:00,1
17261,United Kingdom,2010-07-18 11:49:00,2010-07-18 11:49:00,1
17262,United Kingdom,2009-12-15 11:26:00,2011-10-18 12:56:00,11
17263,United Kingdom,2011-05-15 14:32:00,2011-05-15 14:32:00,1
17264,United Kingdom,2010-10-11 12:52:00,2010-10-11 12:52:00,1
17265,United Kingdom,2011-06-12 12:00:00,2011-07-24 10:49:00,2
17266,United Kingdom,2010-03-09 10:42:00,2011-12-07 14:12:00,5
17267,United Kingdom,2011-08-04 17:19:00,2011-08-04 17:22:00,2
17268,United Kingdom,2009-12-08 11:46:00,2011-08-24 10:06:00,11
17269,United Kingdom,2010-11-19 11:12:00,2010-11-19 11:12:00,1
17270,United Kingdom,2009-12-07 17:18:00,2010-08-27 14:09:00,2
17271,United Kingdom,2009-12-03 13:49:00,2009-12-03 13:49:00,1
17272,United Kingdom,2011-03-22 12:05:00,2011-10-28 16:37:00,5
17273,United Kingdom,2010-10-11 15:57:00,2010-10-11 15:57:00,1
17274,United Kingdom,2010-11-09 12:06:00,2011-11-04 13:16:00,2
17275,United Kingdom,2010-11-21 13:26:00,2010-11-21 13:26:00,1
17276,United Kingdom,2010-11-02 16:20:00,2010-11-05 10:42:00,2
17277,United Kingdom,2011-01-21 12:37:00,2011-04-26 12:47:00,2
17278,United Kingdom,2010-05-23 13:49:00,2011-04-12 13:10:00,2
17279,United Kingdom,2011-10-13 11:58:00,2011-10-13 11:58:00,1
17280,United Kingdom,2010-09-27 16:46:00,2010-09-27 16:46:00,1
17281,United Kingdom,2010-02-04 13:00:00,2010-11-30 18:05:00,6
17282,United Kingdom,2010-06-09 12:07:00,2011-08-01 14:29:00,5
17283,United Kingdom,2010-11-26 11:53:00,2010-11-26 11:53:00,1
17284,United Kingdom,2010-09-20 15:54:00,2011-10-10 14:38:00,11
17285,United Kingdom,2010-02-14 14:10:00,2010-03-21 13:38:00,2
17286,United Kingdom,2010-11-04 13:43:00,2011-11-18 12:47:00,3
17287,United Kingdom,2009-12-03 12:45:00,2011-11-13 13:27:00,23
17288,United Kingdom,2010-11-10 14:44:00,2011-11-30 16:09:00,11
17289,United Kingdom,2010-03-08 12:52:00,2011-11-08 12:01:00,11
17290,United Kingdom,2009-12-13 13:28:00,2011-12-06 12:38:00,8
17291,United Kingdom,2011-02-04 13:04:00,2011-02-04 13:04:00,1
17292,United Kingdom,2010-05-09 14:52:00,2010-08-24 17:14:00,2
17293,United Kingdom,2009-12-03 15:09:00,2011-12-01 14:37:00,17
17294,United Kingdom,2010-02-08 14:21:00,2010-02-08 16:12:00,2
17295,United Kingdom,2011-10-06 12:22:00,2011-11-11 10:49:00,3
17296,United Kingdom,2009-12-09 14:01:00,2009-12-09 14:01:00,1
17297,United Kingdom,2011-11-22 14:43:00,2011-11-22 14:43:00,1
17298,United Kingdom,2010-03-08 08:56:00,2011-08-30 16:43:00,6
17299,United Kingdom,2010-08-15 16:00:00,2011-11-28 12:01:00,6
17300,United Kingdom,2010-08-15 11:02:00,2010-11-14 10:56:00,2
17301,United Kingdom,2010-03-25 13:16:00,2011-11-18 13:43:00,2
17302,United Kingdom,2011-02-07 10:14:00,2011-11-25 09:36:00,6
17303,United Kingdom,2010-12-13 13:32:00,2010-12-13 13:32:00,1
17304,United Kingdom,2010-06-23 16:23:00,2010-06-23 16:23:00,1
17305,United Kingdom,2010-03-01 12:47:00,2010-03-01 12:47:00,1
17306,United Kingdom,2010-11-01 11:38:00,2011-11-29 12:14:00,23
17307,United Kingdom,2010-01-19 16:36:00,2010-12-09 15:24:00,15
17308,United Kingdom,2010-09-13 09:35:00,2010-11-11 13:19:00,2
17309,United Kingdom,2010-02-04 15:49:00,2011-09-05 15:20:00,3
17310,United Kingdom,2010-06-23 11:38:00,2010-11-17 16:00:00,2
17311,United Kingdom,2010-02-03 12:38:00,2011-09-22 14:11:00,7
17312,United Kingdom,2011-07-03 13:12:00,2011-07-24 11:52:00,3
17313,United Kingdom,2011-11-08 15:45:00,2011-11-22 09:23:00,2
17314,United Kingdom,2009-12-03 11:25:00,2011-11-15 09:41:00,22
17315,United Kingdom,2010-09-27 12:45:00,2011-12-09 11:58:00,49
17316,United Kingdom,2010-10-15 14:35:00,2010-10-15 14:35:00,1
17317,United Kingdom,2011-09-11 12:45:00,2011-10-24 17:26:00,5
17318,United Kingdom,2009-12-14 13:11:00,2009-12-14 13:11:00,1
17319,United Kingdom,2010-02-08 15:47:00,2010-02-08 15:47:00,1
17320,United Kingdom,2010-01-21 16:29:00,2011-08-31 13:31:00,6
17321,United Kingdom,2010-05-11 12:10:00,2011-12-01 13:41:00,6
17322,United Kingdom,2009-12-03 11:46:00,2010-11-28 14:41:00,7
17323,United Kingdom,2010-01-10 11:58:00,2011-11-24 17:29:00,14
17324,United Kingdom,2009-12-18 15:29:00,2011-11-22 10:34:00,13
17325,United Kingdom,2010-03-08 11:31:00,2011-03-04 13:09:00,3
17326,United Kingdom,2010-06-28 14:05:00,2010-10-27 15:38:00,2
17327,United Kingdom,2010-05-26 11:20:00,2010-10-26 09:54:00,2
17328,United Kingdom,2010-02-04 17:11:00,2010-02-04 17:11:00,1
17329,United Kingdom,2009-12-03 16:09:00,2011-11-25 14:24:00,5
17330,United Kingdom,2010-03-02 09:20:00,2011-11-17 08:56:00,4
17331,United Kingdom,2011-08-08 11:55:00,2011-08-08 11:55:00,1
17332,United Kingdom,2010-02-21 14:41:00,2010-06-29 16:10:00,5
17333,United Kingdom,2011-09-15 10:11:00,2011-09-15 10:11:00,1
17334,United Kingdom,2010-10-29 12:16:00,2011-02-11 16:34:00,4
17335,United Kingdom,2010-01-24 11:15:00,2010-11-21 10:17:00,2
17336,United Kingdom,2010-08-24 15:37:00,2010-08-24 15:37:00,1
17337,United Kingdom,2011-02-02 17:06:00,2011-07-11 14:56:00,7
17338,United Kingdom,2010-03-10 16:09:00,2011-11-22 14:23:00,20
17339,United Kingdom,2010-07-18 13:08:00,2011-09-06 13:29:00,4
17340,United Kingdom,2009-12-08 17:34:00,2011-11-30 17:12:00,30
17341,United Kingdom,2010-06-17 18:17:00,2011-07-06 12:33:00,5
17342,United Kingdom,2010-02-08 09:16:00,2010-11-30 14:08:00,7
17343,United Kingdom,2009-12-03 18:30:00,2010-12-19 15:07:00,6
17344,United Kingdom,2009-12-11 11:20:00,2011-10-24 12:56:00,3
17345,United Kingdom,2009-12-01 15:34:00,2011-11-24 15:03:00,12
