line_id,invoice_id,invoice_ts,invoice_date,invoice_month,date_key,stock_code,customer_id,country,qty,unit_price,line_value,is_cancellation,is_return_qty,is_guest,is_non_product,source_sheet
1,489434,2009-12-01 07:45:00,2009-12-01,2009-12,20091201,85048,13085,United Kingdom,12,6.95,83.4,0,0,0,0,Year 2009-2010
2,489434,2009-12-01 07:45:00,2009-12-01,2009-12,20091201,79323P,13085,United Kingdom,12,6.75,81.0,0,0,0,0,Year 2009-2010
3,489434,2009-12-01 07:45:00,2009-12-01,2009-12,20091201,79323W,13085,United Kingdom,12,6.75,81.0,0,0,0,0,Year 2009-2010
4,489434,2009-12-01 07:45:00,2009-12-01,2009-12,20091201,22041,13085,United Kingdom,48,2.1,100.80000000000001,0,0,0,0,Year 2009-2010
5,489434,2009-12-01 07:45:00,2009-12-01,2009-12,20091201,21232,13085,United Kingdom,24,1.25,30.0,0,0,0,0,Year 2009-2010
6,489434,2009-12-01 07:45:00,2009-12-01,2009-12,20091201,22064,13085,United Kingdom,24,1.65,39.599999999999994,0,0,0,0,Year 2009-2010
7,489434,2009-12-01 07:45:00,2009-12-01,2009-12,20091201,21871,13085,United Kingdom,24,1.25,30.0,0,0,0,0,Year 2009-2010
8,489434,2009-12-01 07:45:00,2009-12-01,2009-12,20091201,21523,13085,United Kingdom,10,5.95,59.5,0,0,0,0,Year 2009-2010
9,489435,2009-12-01 07:46:00,2009-12-01,2009-12,20091201,22350,13085,United Kingdom,12,2.55,30.599999999999998,0,0,0,0,Year 2009-2010
10,489435,2009-12-01 07:46:00,2009-12-01,2009-12,20091201,22349,13085,United Kingdom,12,3.75,45.0,0,0,0,0,Year 2009-2010
11,489435,2009-12-01 07:46:00,2009-12-01,2009-12,20091201,22195,13085,United Kingdom,24,1.65,39.599999999999994,0,0,0,0,Year 2009-2010
12,489435,2009-12-01 07:46:00,2009-12-01,2009-12,20091201,22353,13085,United Kingdom,12,2.55,30.599999999999998,0,0,0,0,Year 2009-2010
13,489436,2009-12-01 09:06:00,2009-12-01,2009-12,20091201,48173C,13078,United Kingdom,10,5.95,59.5,0,0,0,0,Year 2009-2010
14,489436,2009-12-01 09:06:00,2009-12-01,2009-12,20091201,21755,13078,United Kingdom,18,5.45,98.10000000000001,0,0,0,0,Year 2009-2010
15,489436,2009-12-01 09:06:00,2009-12-01,2009-12,20091201,21754,13078,United Kingdom,3,5.95,17.85,0,0,0,0,Year 2009-2010
16,489436,2009-12-01 09:06:00,2009-12-01,2009-12,20091201,84879,13078,United Kingdom,16,1.69,27.04,0,0,0,0,Year 2009-2010
17,489436,2009-12-01 09:06:00,2009-12-01,2009-12,20091201,22119,13078,United Kingdom,3,6.95,20.85,0,0,0,0,Year 2009-2010
18,489436,2009-12-01 09:06:00,2009-12-01,2009-12,20091201,22142,13078,United Kingdom,12,1.45,17.4,0,0,0,0,Year 2009-2010
19,489436,2009-12-01 09:06:00,2009-12-01,2009-12,20091201,22296,13078,United Kingdom,12,1.65,19.799999999999997,0,0,0,0,Year 2009-2010
20,489436,2009-12-01 09:06:00,2009-12-01,2009-12,20091201,22295,13078,United Kingdom,12,1.65,19.799999999999997,0,0,0,0,Year 2009-2010
21,489436,2009-12-01 09:06:00,2009-12-01,2009-12,20091201,22109,13078,United Kingdom,16,3.39,54.24,0,0,0,0,Year 2009-2010
22,489436,2009-12-01 09:06:00,2009-12-01,2009-12,20091201,22107,13078,United Kingdom,4,3.75,15.0,0,0,0,0,Year 2009-2010
23,489436,2009-12-01 09:06:00,2009-12-01,2009-12,20091201,22194,13078,United Kingdom,2,8.5,17.0,0,0,0,0,Year 2009-2010
24,489436,2009-12-01 09:06:00,2009-12-01,2009-12,20091201,35004B,13078,United Kingdom,12,4.65,55.800000000000004,0,0,0,1,Year 2009-2010
25,489436,2009-12-01 09:06:00,2009-12-01,2009-12,20091201,82582,13078,United Kingdom,12,2.1,25.200000000000003,0,0,0,0,Year 2009-2010
26,489436,2009-12-01 09:06:00,2009-12-01,2009-12,20091201,21181,13078,United Kingdom,12,2.1,25.200000000000003,0,0,0,0,Year 2009-2010
27,489436,2009-12-01 09:06:00,2009-12-01,2009-12,20091201,21756,13078,United Kingdom,3,5.95,17.85,0,0,0,0,Year 2009-2010
28,489436,2009-12-01 09:06:00,2009-12-01,2009-12,20091201,21333,13078,United Kingdom,6,2.95,17.700000000000003,0,0,0,0,Year 2009-2010
29,489436,2009-12-01 09:06:00,2009-12-01,2009-12,20091201,84596F,13078,United Kingdom,8,1.25,10.0,0,0,0,0,Year 2009-2010
30,489436,2009-12-01 09:06:00,2009-12-01,2009-12,20091201,84596L,13078,United Kingdom,8,1.25,10.0,0,0,0,0,Year 2009-2010
31,489436,2009-12-01 09:06:00,2009-12-01,2009-12,20091201,22111,13078,United Kingdom,24,4.25,102.0,0,0,0,0,Year 2009-2010
32,489437,2009-12-01 09:08:00,2009-12-01,2009-12,20091201,22143,15362,United Kingdom,6,2.1,12.600000000000001,0,0,0,0,Year 2009-2010
33,489437,2009-12-01 09:08:00,2009-12-01,2009-12,20091201,22145,15362,United Kingdom,6,2.1,12.600000000000001,0,0,0,0,Year 2009-2010
34,489437,2009-12-01 09:08:00,2009-12-01,2009-12,20091201,22130,15362,United Kingdom,12,0.85,10.2,0,0,0,0,Year 2009-2010
35,489437,2009-12-01 09:08:00,2009-12-01,2009-12,20091201,21364,15362,United Kingdom,2,6.75,13.5,0,0,0,0,Year 2009-2010
36,489437,2009-12-01 09:08:00,2009-12-01,2009-12,20091201,21360,15362,United Kingdom,1,9.95,9.95,0,0,0,0,Year 2009-2010
37,489437,2009-12-01 09:08:00,2009-12-01,2009-12,20091201,21351,15362,United Kingdom,2,6.75,13.5,0,0,0,0,Year 2009-2010
38,489437,2009-12-01 09:08:00,2009-12-01,2009-12,20091201,21352,15362,United Kingdom,2,6.75,13.5,0,0,0,0,Year 2009-2010
39,489437,2009-12-01 09:08:00,2009-12-01,2009-12,20091201,35400,15362,United Kingdom,2,8.95,17.9,0,0,0,0,Year 2009-2010
40,489437,2009-12-01 09:08:00,2009-12-01,2009-12,20091201,20695,15362,United Kingdom,3,4.25,12.75,0,0,0,0,Year 2009-2010
41,489437,2009-12-01 09:08:00,2009-12-01,2009-12,20091201,37370,15362,United Kingdom,12,1.25,15.0,0,0,0,0,Year 2009-2010
42,489437,2009-12-01 09:08:00,2009-12-01,2009-12,20091201,10002,15362,United Kingdom,12,0.85,10.2,0,0,0,0,Year 2009-2010
43,489437,2009-12-01 09:08:00,2009-12-01,2009-12,20091201,84507B,15362,United Kingdom,6,2.55,15.299999999999999,0,0,0,1,Year 2009-2010
44,489437,2009-12-01 09:08:00,2009-12-01,2009-12,20091201,20703,15362,United Kingdom,3,4.25,12.75,0,0,0,0,Year 2009-2010
45,489437,2009-12-01 09:08:00,2009-12-01,2009-12,20091201,21987,15362,United Kingdom,12,0.65,7.800000000000001,0,0,0,0,Year 2009-2010
46,489437,2009-12-01 09:08:00,2009-12-01,2009-12,20091201,21989,15362,United Kingdom,12,0.85,10.2,0,0,0,0,Year 2009-2010
47,489437,2009-12-01 09:08:00,2009-12-01,2009-12,20091201,84970S,15362,United Kingdom,12,0.85,10.2,0,0,0,0,Year 2009-2010
48,489437,2009-12-01 09:08:00,2009-12-01,2009-12,20091201,20971,15362,United Kingdom,12,1.25,15.0,0,0,0,0,Year 2009-2010
49,489437,2009-12-01 09:08:00,2009-12-01,2009-12,20091201,22271,15362,United Kingdom,6,2.95,17.700000000000003,0,0,0,0,Year 2009-2010
50,489437,2009-12-01 09:08:00,2009-12-01,2009-12,20091201,22272,15362,United Kingdom,6,2.95,17.700000000000003,0,0,0,0,Year 2009-2010
51,489437,2009-12-01 09:08:00,2009-12-01,2009-12,20091201,22274,15362,United Kingdom,6,2.95,17.700000000000003,0,0,0,0,Year 2009-2010
52,489437,2009-12-01 09:08:00,2009-12-01,2009-12,20091201,21912,15362,United Kingdom,4,3.75,15.0,0,0,0,0,Year 2009-2010
53,489437,2009-12-01 09:08:00,2009-12-01,2009-12,20091201,22111,15362,United Kingdom,3,4.95,14.850000000000001,0,0,0,0,Year 2009-2010
54,489437,2009-12-01 09:08:00,2009-12-01,2009-12,20091201,22112,15362,United Kingdom,3,4.95,14.850000000000001,0,0,0,0,Year 2009-2010
55,489438,2009-12-01 09:24:00,2009-12-01,2009-12,20091201,21329,18102,United Kingdom,28,0.98,27.439999999999998,0,0,0,0,Year 2009-2010
56,489438,2009-12-01 09:24:00,2009-12-01,2009-12,20091201,21252,18102,United Kingdom,30,1.69,50.699999999999996,0,0,0,0,Year 2009-2010
57,489438,2009-12-01 09:24:00,2009-12-01,2009-12,20091201,21100,18102,United Kingdom,30,1.15,34.5,0,0,0,0,Year 2009-2010
58,489438,2009-12-01 09:24:00,2009-12-01,2009-12,20091201,21033,18102,United Kingdom,30,2.0,60.0,0,0,0,0,Year 2009-2010
59,489438,2009-12-01 09:24:00,2009-12-01,2009-12,20091201,20711,18102,United Kingdom,60,1.3,78.0,0,0,0,0,Year 2009-2010
60,489438,2009-12-01 09:24:00,2009-12-01,2009-12,20091201,21410,18102,United Kingdom,32,2.5,80.0,0,0,0,0,Year 2009-2010
61,489438,2009-12-01 09:24:00,2009-12-01,2009-12,20091201,21411,18102,United Kingdom,32,2.5,80.0,0,0,0,0,Year 2009-2010
62,489438,2009-12-01 09:24:00,2009-12-01,2009-12,20091201,84031A,18102,United Kingdom,56,3.0,168.0,0,0,0,0,Year 2009-2010
63,489438,2009-12-01 09:24:00,2009-12-01,2009-12,20091201,84031B,18102,United Kingdom,56,3.0,168.0,0,0,0,1,Year 2009-2010
64,489438,2009-12-01 09:24:00,2009-12-01,2009-12,20091201,84032A,18102,United Kingdom,60,1.9,114.0,0,0,0,0,Year 2009-2010
65,489438,2009-12-01 09:24:00,2009-12-01,2009-12,20091201,84032B,18102,United Kingdom,56,1.9,106.39999999999999,0,0,0,1,Year 2009-2010
66,489438,2009-12-01 09:24:00,2009-12-01,2009-12,20091201,84519A,18102,United Kingdom,56,2.15,120.39999999999999,0,0,0,0,Year 2009-2010
67,489438,2009-12-01 09:24:00,2009-12-01,2009-12,20091201,84519B,18102,United Kingdom,60,2.4,144.0,0,0,0,1,Year 2009-2010
68,489438,2009-12-01 09:24:00,2009-12-01,2009-12,20091201,85132A,18102,United Kingdom,60,6.38,382.8,0,0,0,0,Year 2009-2010
69,489438,2009-12-01 09:24:00,2009-12-01,2009-12,20091201,85132C,18102,United Kingdom,60,6.4,384.0,0,0,0,0,Year 2009-2010
70,489438,2009-12-01 09:24:00,2009-12-01,2009-12,20091201,85183A,18102,United Kingdom,60,2.4,144.0,0,0,0,0,Year 2009-2010
71,489438,2009-12-01 09:24:00,2009-12-01,2009-12,20091201,85183B,18102,United Kingdom,60,2.4,144.0,0,0,0,1,Year 2009-2010
72,489439,2009-12-01 09:28:00,2009-12-01,2009-12,20091201,22065,12682,France,12,1.45,17.4,0,0,0,0,Year 2009-2010
73,489439,2009-12-01 09:28:00,2009-12-01,2009-12,20091201,22138,12682,France,9,4.95,44.550000000000004,0,0,0,0,Year 2009-2010
74,489439,2009-12-01 09:28:00,2009-12-01,2009-12,20091201,22139,12682,France,9,4.95,44.550000000000004,0,0,0,0,Year 2009-2010
75,489439,2009-12-01 09:28:00,2009-12-01,2009-12,20091201,22352,12682,France,12,2.55,30.599999999999998,0,0,0,0,Year 2009-2010
76,489439,2009-12-01 09:28:00,2009-12-01,2009-12,20091201,85014A,12682,France,3,5.95,17.85,0,0,0,0,Year 2009-2010
77,489439,2009-12-01 09:28:00,2009-12-01,2009-12,20091201,85014B,12682,France,3,5.95,17.85,0,0,0,1,Year 2009-2010
78,489439,2009-12-01 09:28:00,2009-12-01,2009-12,20091201,16161P,12682,France,25,0.42,10.5,0,0,0,0,Year 2009-2010
79,489439,2009-12-01 09:28:00,2009-12-01,2009-12,20091201,16169N,12682,France,25,0.42,10.5,0,0,0,0,Year 2009-2010
80,489439,2009-12-01 09:28:00,2009-12-01,2009-12,20091201,21491,12682,France,6,1.95,11.7,0,0,0,0,Year 2009-2010
81,489439,2009-12-01 09:28:00,2009-12-01,2009-12,20091201,22333,12682,France,8,1.65,13.2,0,0,0,0,Year 2009-2010
82,489439,2009-12-01 09:28:00,2009-12-01,2009-12,20091201,85216,12682,France,12,0.65,7.800000000000001,0,0,0,0,Year 2009-2010
83,489439,2009-12-01 09:28:00,2009-12-01,2009-12,20091201,21493,12682,France,12,0.85,10.2,0,0,0,0,Year 2009-2010
84,489439,2009-12-01 09:28:00,2009-12-01,2009-12,20091201,22130,12682,France,24,0.85,20.4,0,0,0,0,Year 2009-2010
85,489439,2009-12-01 09:28:00,2009-12-01,2009-12,20091201,22064,12682,France,12,1.65,19.799999999999997,0,0,0,0,Year 2009-2010
86,489439,2009-12-01 09:28:00,2009-12-01,2009-12,20091201,21731,12682,France,24,1.65,39.599999999999994,0,0,0,0,Year 2009-2010
87,489439,2009-12-01 09:28:00,2009-12-01,2009-12,20091201,85232B,12682,France,6,4.95,29.700000000000003,0,0,0,1,Year 2009-2010
88,489439,2009-12-01 09:28:00,2009-12-01,2009-12,20091201,84691,12682,France,12,0.85,10.2,0,0,0,0,Year 2009-2010
89,489439,2009-12-01 09:28:00,2009-12-01,2009-12,20091201,20749,12682,France,2,7.95,15.9,0,0,0,0,Year 2009-2010
90,489439,2009-12-01 09:28:00,2009-12-01,2009-12,20091201,POST,12682,France,3,18.0,54.0,0,0,0,1,Year 2009-2010
91,489440,2009-12-01 09:43:00,2009-12-01,2009-12,20091201,22350,18087,United Kingdom,8,2.55,20.4,0,0,0,0,Year 2009-2010
92,489440,2009-12-01 09:43:00,2009-12-01,2009-12,20091201,22349,18087,United Kingdom,8,3.75,30.0,0,0,0,0,Year 2009-2010
93,489441,2009-12-01 09:44:00,2009-12-01,2009-12,20091201,22321,18087,United Kingdom,12,0.72,8.64,0,0,0,0,Year 2009-2010
94,489441,2009-12-01 09:44:00,2009-12-01,2009-12,20091201,22138,18087,United Kingdom,6,4.25,25.5,0,0,0,0,Year 2009-2010
95,489441,2009-12-01 09:44:00,2009-12-01,2009-12,20091201,84029E,18087,United Kingdom,36,2.95,106.2,0,0,0,0,Year 2009-2010
96,489441,2009-12-01 09:44:00,2009-12-01,2009-12,20091201,22111,18087,United Kingdom,48,4.25,204.0,0,0,0,0,Year 2009-2010
97,489442,2009-12-01 09:46:00,2009-12-01,2009-12,20091201,21955,13635,United Kingdom,2,6.75,13.5,0,0,0,0,Year 2009-2010
98,489442,2009-12-01 09:46:00,2009-12-01,2009-12,20091201,22111,13635,United Kingdom,3,4.95,14.850000000000001,0,0,0,0,Year 2009-2010
99,489442,2009-12-01 09:46:00,2009-12-01,2009-12,20091201,22296,13635,United Kingdom,12,1.65,19.799999999999997,0,0,0,0,Year 2009-2010
100,489442,2009-12-01 09:46:00,2009-12-01,2009-12,20091201,84899E,13635,United Kingdom,12,1.25,15.0,0,0,0,0,Year 2009-2010
101,489442,2009-12-01 09:46:00,2009-12-01,2009-12,20091201,22271,13635,United Kingdom,6,2.95,17.700000000000003,0,0,0,0,Year 2009-2010
102,489442,2009-12-01 09:46:00,2009-12-01,2009-12,20091201,22272,13635,United Kingdom,6,2.95,17.700000000000003,0,0,0,0,Year 2009-2010
103,489442,2009-12-01 09:46:00,2009-12-01,2009-12,20091201,85123A,13635,United Kingdom,6,2.95,17.700000000000003,0,0,0,0,Year 2009-2010
104,489442,2009-12-01 09:46:00,2009-12-01,2009-12,20091201,21582,13635,United Kingdom,20,1.65,33.0,0,0,0,0,Year 2009-2010
105,489442,2009-12-01 09:46:00,2009-12-01,2009-12,20091201,21586,13635,United Kingdom,12,2.55,30.599999999999998,0,0,0,0,Year 2009-2010
106,489442,2009-12-01 09:46:00,2009-12-01,2009-12,20091201,21590,13635,United Kingdom,48,1.25,60.0,0,0,0,0,Year 2009-2010
107,489442,2009-12-01 09:46:00,2009-12-01,2009-12,20091201,22091,13635,United Kingdom,12,1.25,15.0,0,0,0,0,Year 2009-2010
108,489442,2009-12-01 09:46:00,2009-12-01,2009-12,20091201,84251J,13635,United Kingdom,12,0.42,5.04,0,0,0,0,Year 2009-2010
109,489442,2009-12-01 09:46:00,2009-12-01,2009-12,20091201,22024,13635,United Kingdom,12,0.42,5.04,0,0,0,0,Year 2009-2010
110,489442,2009-12-01 09:46:00,2009-12-01,2009-12,20091201,22026,13635,United Kingdom,12,0.42,5.04,0,0,0,0,Year 2009-2010
111,489442,2009-12-01 09:46:00,2009-12-01,2009-12,20091201,22029,13635,United Kingdom,12,0.42,5.04,0,0,0,0,Year 2009-2010
112,489442,2009-12-01 09:46:00,2009-12-01,2009-12,20091201,22025,13635,United Kingdom,12,0.42,5.04,0,0,0,0,Year 2009-2010
113,489442,2009-12-01 09:46:00,2009-12-01,2009-12,20091201,22031,13635,United Kingdom,12,0.42,5.04,0,0,0,0,Year 2009-2010
114,489442,2009-12-01 09:46:00,2009-12-01,2009-12,20091201,21428,13635,United Kingdom,4,4.25,17.0,0,0,0,0,Year 2009-2010
115,489442,2009-12-01 09:46:00,2009-12-01,2009-12,20091201,21430,13635,United Kingdom,4,3.75,15.0,0,0,0,0,Year 2009-2010
116,489442,2009-12-01 09:46:00,2009-12-01,2009-12,20091201,21916,13635,United Kingdom,24,0.42,10.08,0,0,0,0,Year 2009-2010
117,489442,2009-12-01 09:46:00,2009-12-01,2009-12,20091201,21790,13635,United Kingdom,12,0.85,10.2,0,0,0,0,Year 2009-2010
118,489442,2009-12-01 09:46:00,2009-12-01,2009-12,20091201,21888,13635,United Kingdom,8,3.75,30.0,0,0,0,0,Year 2009-2010
119,489442,2009-12-01 09:46:00,2009-12-01,2009-12,20091201,85178,13635,United Kingdom,12,1.25,15.0,0,0,0,0,Year 2009-2010
120,489443,2009-12-01 09:50:00,2009-12-01,2009-12,20091201,20754,14110,United Kingdom,6,2.1,12.600000000000001,0,0,0,0,Year 2009-2010
121,489443,2009-12-01 09:50:00,2009-12-01,2009-12,20091201,21035,14110,United Kingdom,12,2.95,35.400000000000006,0,0,0,0,Year 2009-2010
122,489443,2009-12-01 09:50:00,2009-12-01,2009-12,20091201,22041,14110,United Kingdom,48,2.1,100.80000000000001,0,0,0,0,Year 2009-2010
123,489443,2009-12-01 09:50:00,2009-12-01,2009-12,20091201,82001S,14110,United Kingdom,24,3.39,81.36,0,0,0,0,Year 2009-2010
124,489443,2009-12-01 09:50:00,2009-12-01,2009-12,20091201,82580,14110,United Kingdom,12,0.55,6.6000000000000005,0,0,0,0,Year 2009-2010
125,489443,2009-12-01 09:50:00,2009-12-01,2009-12,20091201,85150,14110,United Kingdom,12,2.55,30.599999999999998,0,0,0,0,Year 2009-2010
126,489443,2009-12-01 09:50:00,2009-12-01,2009-12,20091201,21041,14110,United Kingdom,6,2.95,17.700000000000003,0,0,0,0,Year 2009-2010
127,489444,2009-12-01 09:55:00,2009-12-01,2009-12,20091201,POST,12636,USA,1,141.0,141.0,0,0,0,1,Year 2009-2010
128,489445,2009-12-01 09:57:00,2009-12-01,2009-12,20091201,35916C,17519,United Kingdom,12,0.85,10.2,0,0,0,0,Year 2009-2010
129,489445,2009-12-01 09:57:00,2009-12-01,2009-12,20091201,35916B,17519,United Kingdom,12,0.85,10.2,0,0,0,1,Year 2009-2010
130,489445,2009-12-01 09:57:00,2009-12-01,2009-12,20091201,22321,17519,United Kingdom,24,0.85,20.4,0,0,0,0,Year 2009-2010
131,489445,2009-12-01 09:57:00,2009-12-01,2009-12,20091201,22130,17519,United Kingdom,12,0.85,10.2,0,0,0,0,Year 2009-2010
132,489445,2009-12-01 09:57:00,2009-12-01,2009-12,20091201,22180,17519,United Kingdom,2,9.95,19.9,0,0,0,0,Year 2009-2010
133,489445,2009-12-01 09:57:00,2009-12-01,2009-12,20091201,22128,17519,United Kingdom,12,1.25,15.0,0,0,0,0,Year 2009-2010
134,489445,2009-12-01 09:57:00,2009-12-01,2009-12,20091201,22163,17519,United Kingdom,6,2.95,17.700000000000003,0,0,0,0,Year 2009-2010
135,489445,2009-12-01 09:57:00,2009-12-01,2009-12,20091201,35951,17519,United Kingdom,48,0.38,18.240000000000002,0,0,0,0,Year 2009-2010
136,489445,2009-12-01 09:57:00,2009-12-01,2009-12,20091201,22253,17519,United Kingdom,12,1.25,15.0,0,0,0,0,Year 2009-2010
137,489445,2009-12-01 09:57:00,2009-12-01,2009-12,20091201,84988,17519,United Kingdom,12,1.45,17.4,0,0,0,0,Year 2009-2010
138,489445,2009-12-01 09:57:00,2009-12-01,2009-12,20091201,22219,17519,United Kingdom,24,0.85,20.4,0,0,0,0,Year 2009-2010
139,489445,2009-12-01 09:57:00,2009-12-01,2009-12,20091201,18097C,17519,United Kingdom,6,2.55,15.299999999999999,0,0,0,0,Year 2009-2010
140,489445,2009-12-01 09:57:00,2009-12-01,2009-12,20091201,22138,17519,United Kingdom,3,4.95,14.850000000000001,0,0,0,0,Year 2009-2010
141,489445,2009-12-01 09:57:00,2009-12-01,2009-12,20091201,21299,17519,United Kingdom,1,12.75,12.75,0,0,0,0,Year 2009-2010
142,489445,2009-12-01 09:57:00,2009-12-01,2009-12,20091201,21099,17519,United Kingdom,24,0.65,15.600000000000001,0,0,0,0,Year 2009-2010
143,489445,2009-12-01 09:57:00,2009-12-01,2009-12,20091201,21085,17519,United Kingdom,24,0.65,15.600000000000001,0,0,0,0,Year 2009-2010
144,489445,2009-12-01 09:57:00,2009-12-01,2009-12,20091201,21929,17519,United Kingdom,10,1.95,19.5,0,0,0,0,Year 2009-2010
145,489445,2009-12-01 09:57:00,2009-12-01,2009-12,20091201,22241,17519,United Kingdom,24,1.25,30.0,0,0,0,0,Year 2009-2010
146,489445,2009-12-01 09:57:00,2009-12-01,2009-12,20091201,21091,17519,United Kingdom,12,0.85,10.2,0,0,0,0,Year 2009-2010
147,489446,2009-12-01 10:06:00,2009-12-01,2009-12,20091201,21733,13758,United Kingdom,32,2.55,81.6,0,0,0,0,Year 2009-2010
148,489446,2009-12-01 10:06:00,2009-12-01,2009-12,20091201,85123A,13758,United Kingdom,32,2.55,81.6,0,0,0,0,Year 2009-2010
149,489446,2009-12-01 10:06:00,2009-12-01,2009-12,20091201,22178,13758,United Kingdom,12,1.25,15.0,0,0,0,0,Year 2009-2010
150,489446,2009-12-01 10:06:00,2009-12-01,2009-12,20091201,22125,13758,United Kingdom,12,5.95,71.4,0,0,0,0,Year 2009-2010
151,489446,2009-12-01 10:06:00,2009-12-01,2009-12,20091201,21671,13758,United Kingdom,12,1.25,15.0,0,0,0,0,Year 2009-2010
152,489446,2009-12-01 10:06:00,2009-12-01,2009-12,20091201,22086,13758,United Kingdom,12,2.95,35.400000000000006,0,0,0,0,Year 2009-2010
153,489446,2009-12-01 10:06:00,2009-12-01,2009-12,20091201,22111,13758,United Kingdom,6,4.95,29.700000000000003,0,0,0,0,Year 2009-2010
154,489446,2009-12-01 10:06:00,2009-12-01,2009-12,20091201,22112,13758,United Kingdom,12,4.95,59.400000000000006,0,0,0,0,Year 2009-2010
155,489446,2009-12-01 10:06:00,2009-12-01,2009-12,20091201,22294,13758,United Kingdom,24,1.25,30.0,0,0,0,0,Year 2009-2010
156,489446,2009-12-01 10:06:00,2009-12-01,2009-12,20091201,22199,13758,United Kingdom,4,4.25,17.0,0,0,0,0,Year 2009-2010
157,489446,2009-12-01 10:06:00,2009-12-01,2009-12,20091201,22083,13758,United Kingdom,24,2.95,70.80000000000001,0,0,0,0,Year 2009-2010
158,489446,2009-12-01 10:06:00,2009-12-01,2009-12,20091201,22114,13758,United Kingdom,12,3.95,47.400000000000006,0,0,0,0,Year 2009-2010
159,489446,2009-12-01 10:06:00,2009-12-01,2009-12,20091201,21485,13758,United Kingdom,12,4.95,59.400000000000006,0,0,0,0,Year 2009-2010
160,489446,2009-12-01 10:06:00,2009-12-01,2009-12,20091201,21928,13758,United Kingdom,10,1.95,19.5,0,0,0,0,Year 2009-2010
161,489446,2009-12-01 10:06:00,2009-12-01,2009-12,20091201,21929,13758,United Kingdom,10,1.95,19.5,0,0,0,0,Year 2009-2010
162,489446,2009-12-01 10:06:00,2009-12-01,2009-12,20091201,85099B,13758,United Kingdom,20,1.95,39.0,0,0,0,1,Year 2009-2010
163,489446,2009-12-01 10:06:00,2009-12-01,2009-12,20091201,22356,13758,United Kingdom,10,0.85,8.5,0,0,0,0,Year 2009-2010
164,489446,2009-12-01 10:06:00,2009-12-01,2009-12,20091201,20724,13758,United Kingdom,10,0.85,8.5,0,0,0,0,Year 2009-2010
165,489446,2009-12-01 10:06:00,2009-12-01,2009-12,20091201,21590,13758,United Kingdom,24,1.25,30.0,0,0,0,0,Year 2009-2010
166,489446,2009-12-01 10:06:00,2009-12-01,2009-12,20091201,21592,13758,United Kingdom,24,1.25,30.0,0,0,0,0,Year 2009-2010
167,489446,2009-12-01 10:06:00,2009-12-01,2009-12,20091201,20725,13758,United Kingdom,10,1.65,16.5,0,0,0,0,Year 2009-2010
168,489446,2009-12-01 10:06:00,2009-12-01,2009-12,20091201,20728,13758,United Kingdom,10,1.65,16.5,0,0,0,0,Year 2009-2010
169,489446,2009-12-01 10:06:00,2009-12-01,2009-12,20091201,20726,13758,United Kingdom,10,1.65,16.5,0,0,0,0,Year 2009-2010
170,489446,2009-12-01 10:06:00,2009-12-01,2009-12,20091201,20754,13758,United Kingdom,12,2.1,25.200000000000003,0,0,0,0,Year 2009-2010
171,489446,2009-12-01 10:06:00,2009-12-01,2009-12,20091201,21217,13758,United Kingdom,12,8.95,107.39999999999999,0,0,0,0,Year 2009-2010
172,489446,2009-12-01 10:06:00,2009-12-01,2009-12,20091201,22195,13758,United Kingdom,12,1.65,19.799999999999997,0,0,0,0,Year 2009-2010
173,489446,2009-12-01 10:06:00,2009-12-01,2009-12,20091201,85066,13758,United Kingdom,2,12.75,25.5,0,0,0,0,Year 2009-2010
174,489447,2009-12-01 10:10:00,2009-12-01,2009-12,20091201,POST,12362,Belgium,1,130.0,130.0,0,0,0,1,Year 2009-2010
175,489448,2009-12-01 10:18:00,2009-12-01,2009-12,20091201,20827,15413,United Kingdom,48,2.12,101.76,0,0,0,0,Year 2009-2010
176,489448,2009-12-01 10:18:00,2009-12-01,2009-12,20091201,20825,15413,United Kingdom,48,3.39,162.72,0,0,0,0,Year 2009-2010
177,489448,2009-12-01 10:18:00,2009-12-01,2009-12,20091201,20823,15413,United Kingdom,48,4.25,204.0,0,0,0,0,Year 2009-2010
178,489448,2009-12-01 10:18:00,2009-12-01,2009-12,20091201,20826,15413,United Kingdom,48,2.12,101.76,0,0,0,0,Year 2009-2010
179,C489449,2009-12-01 10:33:00,2009-12-01,2009-12,20091201,22087,16321,Australia,-12,2.95,-35.400000000000006,1,1,0,0,Year 2009-2010
180,C489449,2009-12-01 10:33:00,2009-12-01,2009-12,20091201,85206A,16321,Australia,-6,1.65,-9.899999999999999,1,1,0,0,Year 2009-2010
181,C489449,2009-12-01 10:33:00,2009-12-01,2009-12,20091201,21895,16321,Australia,-4,4.25,-17.0,1,1,0,0,Year 2009-2010
182,C489449,2009-12-01 10:33:00,2009-12-01,2009-12,20091201,21896,16321,Australia,-6,2.1,-12.600000000000001,1,1,0,0,Year 2009-2010
183,C489449,2009-12-01 10:33:00,2009-12-01,2009-12,20091201,22083,16321,Australia,-12,2.95,-35.400000000000006,1,1,0,0,Year 2009-2010
184,C489449,2009-12-01 10:33:00,2009-12-01,2009-12,20091201,21871,16321,Australia,-12,1.25,-15.0,1,1,0,0,Year 2009-2010
185,C489449,2009-12-01 10:33:00,2009-12-01,2009-12,20091201,84946,16321,Australia,-12,1.25,-15.0,1,1,0,0,Year 2009-2010
186,C489449,2009-12-01 10:33:00,2009-12-01,2009-12,20091201,84970S,16321,Australia,-24,0.85,-20.4,1,1,0,0,Year 2009-2010
187,C489449,2009-12-01 10:33:00,2009-12-01,2009-12,20091201,22090,16321,Australia,-12,2.95,-35.400000000000006,1,1,0,0,Year 2009-2010
188,489450,2009-12-01 10:36:00,2009-12-01,2009-12,20091201,22087,16321,Australia,12,2.95,35.400000000000006,0,0,0,0,Year 2009-2010
189,489450,2009-12-01 10:36:00,2009-12-01,2009-12,20091201,85206A,16321,Australia,6,1.65,9.899999999999999,0,0,0,0,Year 2009-2010
190,489450,2009-12-01 10:36:00,2009-12-01,2009-12,20091201,21895,16321,Australia,4,4.25,17.0,0,0,0,0,Year 2009-2010
191,489450,2009-12-01 10:36:00,2009-12-01,2009-12,20091201,21896,16321,Australia,6,2.1,12.600000000000001,0,0,0,0,Year 2009-2010
192,489450,2009-12-01 10:36:00,2009-12-01,2009-12,20091201,22083,16321,Australia,12,2.95,35.400000000000006,0,0,0,0,Year 2009-2010
193,489450,2009-12-01 10:36:00,2009-12-01,2009-12,20091201,21871,16321,Australia,12,1.25,15.0,0,0,0,0,Year 2009-2010
194,489450,2009-12-01 10:36:00,2009-12-01,2009-12,20091201,84946,16321,Australia,12,1.25,15.0,0,0,0,0,Year 2009-2010
195,489450,2009-12-01 10:36:00,2009-12-01,2009-12,20091201,84970S,16321,Australia,24,0.85,20.4,0,0,0,0,Year 2009-2010
196,489450,2009-12-01 10:36:00,2009-12-01,2009-12,20091201,22090,16321,Australia,12,2.95,35.400000000000006,0,0,0,0,Year 2009-2010
197,C489459,2009-12-01 10:44:00,2009-12-01,2009-12,20091201,90200A,17592,United Kingdom,-3,4.25,-12.75,1,1,0,0,Year 2009-2010
198,C489459,2009-12-01 10:44:00,2009-12-01,2009-12,20091201,90200D,17592,United Kingdom,-3,4.25,-12.75,1,1,0,1,Year 2009-2010
199,C489459,2009-12-01 10:44:00,2009-12-01,2009-12,20091201,90200B,17592,United Kingdom,-3,4.25,-12.75,1,1,0,1,Year 2009-2010
200,C489459,2009-12-01 10:44:00,2009-12-01,2009-12,20091201,90200E,17592,United Kingdom,-3,4.25,-12.75,1,1,0,0,Year 2009-2010
201,C489459,2009-12-01 10:44:00,2009-12-01,2009-12,20091201,90200C,17592,United Kingdom,-3,4.25,-12.75,1,1,0,0,Year 2009-2010
202,C489459,2009-12-01 10:44:00,2009-12-01,2009-12,20091201,90185C,17592,United Kingdom,-3,4.25,-12.75,1,1,0,0,Year 2009-2010
203,C489459,2009-12-01 10:44:00,2009-12-01,2009-12,20091201,90185B,17592,United Kingdom,-3,4.25,-12.75,1,1,0,1,Year 2009-2010
204,C489459,2009-12-01 10:44:00,2009-12-01,2009-12,20091201,90003C,17592,United Kingdom,-3,3.75,-11.25,1,1,0,0,Year 2009-2010
205,C489459,2009-12-01 10:44:00,2009-12-01,2009-12,20091201,90003D,17592,United Kingdom,-3,3.75,-11.25,1,1,0,1,Year 2009-2010
206,C489459,2009-12-01 10:44:00,2009-12-01,2009-12,20091201,90003B,17592,United Kingdom,-3,3.75,-11.25,1,1,0,1,Year 2009-2010
207,C489459,2009-12-01 10:44:00,2009-12-01,2009-12,20091201,90209C,17592,United Kingdom,-3,2.1,-6.300000000000001,1,1,0,0,Year 2009-2010
208,C489459,2009-12-01 10:44:00,2009-12-01,2009-12,20091201,90209A,17592,United Kingdom,-3,2.1,-6.300000000000001,1,1,0,0,Year 2009-2010
209,C489459,2009-12-01 10:44:00,2009-12-01,2009-12,20091201,90082D,17592,United Kingdom,-2,6.35,-12.7,1,1,0,1,Year 2009-2010
210,489460,2009-12-01 10:46:00,2009-12-01,2009-12,20091201,79323P,16167,United Kingdom,8,6.75,54.0,0,0,0,0,Year 2009-2010
211,489460,2009-12-01 10:46:00,2009-12-01,2009-12,20091201,21977,16167,United Kingdom,24,0.55,13.200000000000001,0,0,0,0,Year 2009-2010
212,489460,2009-12-01 10:46:00,2009-12-01,2009-12,20091201,84991,16167,United Kingdom,24,0.55,13.200000000000001,0,0,0,0,Year 2009-2010
213,489460,2009-12-01 10:46:00,2009-12-01,2009-12,20091201,22274,16167,United Kingdom,6,2.95,17.700000000000003,0,0,0,0,Year 2009-2010
214,489460,2009-12-01 10:46:00,2009-12-01,2009-12,20091201,22273,16167,United Kingdom,6,2.95,17.700000000000003,0,0,0,0,Year 2009-2010
215,489460,2009-12-01 10:46:00,2009-12-01,2009-12,20091201,22179,16167,United Kingdom,4,6.75,27.0,0,0,0,0,Year 2009-2010
216,489460,2009-12-01 10:46:00,2009-12-01,2009-12,20091201,22320,16167,United Kingdom,3,5.95,17.85,0,0,0,0,Year 2009-2010
217,489460,2009-12-01 10:46:00,2009-12-01,2009-12,20091201,22232,16167,United Kingdom,8,1.65,13.2,0,0,0,0,Year 2009-2010
218,489460,2009-12-01 10:46:00,2009-12-01,2009-12,20091201,84598,16167,United Kingdom,576,0.21,120.96,0,0,0,0,Year 2009-2010
219,489460,2009-12-01 10:46:00,2009-12-01,2009-12,20091201,79323W,16167,United Kingdom,8,6.75,54.0,0,0,0,0,Year 2009-2010
220,489460,2009-12-01 10:46:00,2009-12-01,2009-12,20091201,22138,16167,United Kingdom,3,4.95,14.850000000000001,0,0,0,0,Year 2009-2010
221,489460,2009-12-01 10:46:00,2009-12-01,2009-12,20091201,22139,16167,United Kingdom,3,4.95,14.850000000000001,0,0,0,0,Year 2009-2010
222,489460,2009-12-01 10:46:00,2009-12-01,2009-12,20091201,79323S,16167,United Kingdom,4,6.75,27.0,0,0,0,0,Year 2009-2010
223,489460,2009-12-01 10:46:00,2009-12-01,2009-12,20091201,21731,16167,United Kingdom,12,1.65,19.799999999999997,0,0,0,0,Year 2009-2010
224,489460,2009-12-01 10:46:00,2009-12-01,2009-12,20091201,84568,16167,United Kingdom,288,0.21,60.48,0,0,0,0,Year 2009-2010
225,489461,2009-12-01 10:49:00,2009-12-01,2009-12,20091201,21668,17865,United Kingdom,24,1.25,30.0,0,0,0,0,Year 2009-2010
226,489461,2009-12-01 10:49:00,2009-12-01,2009-12,20091201,21669,17865,United Kingdom,24,1.25,30.0,0,0,0,0,Year 2009-2010
227,489461,2009-12-01 10:49:00,2009-12-01,2009-12,20091201,21670,17865,United Kingdom,24,1.25,30.0,0,0,0,0,Year 2009-2010
228,489461,2009-12-01 10:49:00,2009-12-01,2009-12,20091201,21671,17865,United Kingdom,24,1.25,30.0,0,0,0,0,Year 2009-2010
229,489461,2009-12-01 10:49:00,2009-12-01,2009-12,20091201,21672,17865,United Kingdom,24,1.25,30.0,0,0,0,0,Year 2009-2010
230,489461,2009-12-01 10:49:00,2009-12-01,2009-12,20091201,21673,17865,United Kingdom,24,1.25,30.0,0,0,0,0,Year 2009-2010
231,489461,2009-12-01 10:49:00,2009-12-01,2009-12,20091201,22125,17865,United Kingdom,3,5.95,17.85,0,0,0,0,Year 2009-2010
232,489461,2009-12-01 10:49:00,2009-12-01,2009-12,20091201,21232,17865,United Kingdom,48,1.25,60.0,0,0,0,0,Year 2009-2010
233,489461,2009-12-01 10:49:00,2009-12-01,2009-12,20091201,85071A,17865,United Kingdom,6,2.95,17.700000000000003,0,0,0,0,Year 2009-2010
234,489461,2009-12-01 10:49:00,2009-12-01,2009-12,20091201,85071B,17865,United Kingdom,6,2.95,17.700000000000003,0,0,0,1,Year 2009-2010
235,489461,2009-12-01 10:49:00,2009-12-01,2009-12,20091201,21161,17865,United Kingdom,12,1.45,17.4,0,0,0,0,Year 2009-2010
236,489461,2009-12-01 10:49:00,2009-12-01,2009-12,20091201,21162,17865,United Kingdom,12,1.45,17.4,0,0,0,0,Year 2009-2010
237,489461,2009-12-01 10:49:00,2009-12-01,2009-12,20091201,21248,17865,United Kingdom,12,1.45,17.4,0,0,0,0,Year 2009-2010
238,489461,2009-12-01 10:49:00,2009-12-01,2009-12,20091201,21159,17865,United Kingdom,12,1.45,17.4,0,0,0,0,Year 2009-2010
239,489461,2009-12-01 10:49:00,2009-12-01,2009-12,20091201,82582,17865,United Kingdom,12,2.1,25.200000000000003,0,0,0,0,Year 2009-2010
240,489461,2009-12-01 10:49:00,2009-12-01,2009-12,20091201,21181,17865,United Kingdom,6,2.1,12.600000000000001,0,0,0,0,Year 2009-2010
241,489461,2009-12-01 10:49:00,2009-12-01,2009-12,20091201,85150,17865,United Kingdom,6,2.55,15.299999999999999,0,0,0,0,Year 2009-2010
242,489461,2009-12-01 10:49:00,2009-12-01,2009-12,20091201,82494L,17865,United Kingdom,6,2.95,17.700000000000003,0,0,0,0,Year 2009-2010
243,489461,2009-12-01 10:49:00,2009-12-01,2009-12,20091201,82486,17865,United Kingdom,2,7.95,15.9,0,0,0,0,Year 2009-2010
244,489461,2009-12-01 10:49:00,2009-12-01,2009-12,20091201,82483,17865,United Kingdom,3,5.95,17.85,0,0,0,0,Year 2009-2010
245,489462,2009-12-01 10:49:00,2009-12-01,2009-12,20091201,90200D,17592,United Kingdom,3,4.25,12.75,0,0,0,1,Year 2009-2010
246,489462,2009-12-01 10:49:00,2009-12-01,2009-12,20091201,90200E,17592,United Kingdom,3,4.25,12.75,0,0,0,0,Year 2009-2010
247,489461,2009-12-01 10:49:00,2009-12-01,2009-12,20091201,21212,17865,United Kingdom,24,0.55,13.200000000000001,0,0,0,0,Year 2009-2010
248,489461,2009-12-01 10:49:00,2009-12-01,2009-12,20091201,84991,17865,United Kingdom,24,0.55,13.200000000000001,0,0,0,0,Year 2009-2010
249,489461,2009-12-01 10:49:00,2009-12-01,2009-12,20091201,22180,17865,United Kingdom,2,9.95,19.9,0,0,0,0,Year 2009-2010
250,489461,2009-12-01 10:49:00,2009-12-01,2009-12,20091201,72756,17865,United Kingdom,27,1.49,40.23,0,0,0,0,Year 2009-2010
251,489461,2009-12-01 10:49:00,2009-12-01,2009-12,20091201,22063,17865,United Kingdom,6,2.95,17.700000000000003,0,0,0,0,Year 2009-2010
252,489461,2009-12-01 10:49:00,2009-12-01,2009-12,20091201,37450,17865,United Kingdom,6,2.95,17.700000000000003,0,0,0,0,Year 2009-2010
253,489462,2009-12-01 10:49:00,2009-12-01,2009-12,20091201,90200A,17592,United Kingdom,3,4.25,12.75,0,0,0,0,Year 2009-2010
254,489462,2009-12-01 10:49:00,2009-12-01,2009-12,20091201,90200C,17592,United Kingdom,3,4.25,12.75,0,0,0,0,Year 2009-2010
255,489462,2009-12-01 10:49:00,2009-12-01,2009-12,20091201,90200B,17592,United Kingdom,3,4.25,12.75,0,0,0,1,Year 2009-2010
256,489462,2009-12-01 10:49:00,2009-12-01,2009-12,20091201,90185C,17592,United Kingdom,3,4.25,12.75,0,0,0,0,Year 2009-2010
257,489462,2009-12-01 10:49:00,2009-12-01,2009-12,20091201,90185B,17592,United Kingdom,3,4.25,12.75,0,0,0,1,Year 2009-2010
258,489462,2009-12-01 10:49:00,2009-12-01,2009-12,20091201,90003C,17592,United Kingdom,3,3.75,11.25,0,0,0,0,Year 2009-2010
259,489462,2009-12-01 10:49:00,2009-12-01,2009-12,20091201,90003D,17592,United Kingdom,3,3.75,11.25,0,0,0,1,Year 2009-2010
260,489462,2009-12-01 10:49:00,2009-12-01,2009-12,20091201,90003B,17592,United Kingdom,3,3.75,11.25,0,0,0,1,Year 2009-2010
261,489462,2009-12-01 10:49:00,2009-12-01,2009-12,20091201,90209C,17592,United Kingdom,3,2.1,6.300000000000001,0,0,0,0,Year 2009-2010
262,489462,2009-12-01 10:49:00,2009-12-01,2009-12,20091201,90209A,17592,United Kingdom,3,2.1,6.300000000000001,0,0,0,0,Year 2009-2010
263,489462,2009-12-01 10:49:00,2009-12-01,2009-12,20091201,90082D,17592,United Kingdom,2,6.35,12.7,0,0,0,1,Year 2009-2010
264,489464,2009-12-01 10:52:00,2009-12-01,2009-12,20091201,21733,,United Kingdom,-96,0.0,-0.0,0,1,1,0,Year 2009-2010
265,489465,2009-12-01 10:52:00,2009-12-01,2009-12,20091201,21707,13767,United Kingdom,12,4.95,59.400000000000006,0,0,0,0,Year 2009-2010
266,489465,2009-12-01 10:52:00,2009-12-01,2009-12,20091201,21710,13767,United Kingdom,12,4.95,59.400000000000006,0,0,0,0,Year 2009-2010
267,489465,2009-12-01 10:52:00,2009-12-01,2009-12,20091201,21708,13767,United Kingdom,12,4.95,59.400000000000006,0,0,0,0,Year 2009-2010
268,489465,2009-12-01 10:52:00,2009-12-01,2009-12,20091201,21706,13767,United Kingdom,12,4.95,59.400000000000006,0,0,0,0,Year 2009-2010
269,489465,2009-12-01 10:52:00,2009-12-01,2009-12,20091201,21711,13767,United Kingdom,12,4.95,59.400000000000006,0,0,0,0,Year 2009-2010
270,489465,2009-12-01 10:52:00,2009-12-01,2009-12,20091201,20747,13767,United Kingdom,4,14.95,59.8,0,0,0,0,Year 2009-2010
271,489465,2009-12-01 10:52:00,2009-12-01,2009-12,20091201,22125,13767,United Kingdom,12,5.95,71.4,0,0,0,0,Year 2009-2010
272,489465,2009-12-01 10:52:00,2009-12-01,2009-12,20091201,85123A,13767,United Kingdom,64,2.55,163.2,0,0,0,0,Year 2009-2010
273,489465,2009-12-01 10:52:00,2009-12-01,2009-12,20091201,21733,13767,United Kingdom,20,2.95,59.0,0,0,0,0,Year 2009-2010
274,489465,2009-12-01 10:52:00,2009-12-01,2009-12,20091201,20752,13767,United Kingdom,8,2.1,16.8,0,0,0,0,Year 2009-2010
275,489465,2009-12-01 10:52:00,2009-12-01,2009-12,20091201,20753,13767,United Kingdom,8,2.1,16.8,0,0,0,0,Year 2009-2010
276,489465,2009-12-01 10:52:00,2009-12-01,2009-12,20091201,20754,13767,United Kingdom,8,2.1,16.8,0,0,0,0,Year 2009-2010
277,489465,2009-12-01 10:52:00,2009-12-01,2009-12,20091201,20751,13767,United Kingdom,12,2.1,25.200000000000003,0,0,0,0,Year 2009-2010
278,489465,2009-12-01 10:52:00,2009-12-01,2009-12,20091201,48185,13767,United Kingdom,4,6.75,27.0,0,0,0,0,Year 2009-2010
279,489465,2009-12-01 10:52:00,2009-12-01,2009-12,20091201,22114,13767,United Kingdom,12,3.95,47.400000000000006,0,0,0,0,Year 2009-2010
280,489465,2009-12-01 10:52:00,2009-12-01,2009-12,20091201,21481,13767,United Kingdom,8,2.95,23.6,0,0,0,0,Year 2009-2010
281,489465,2009-12-01 10:52:00,2009-12-01,2009-12,20091201,85042,13767,United Kingdom,24,4.25,102.0,0,0,0,0,Year 2009-2010
282,489465,2009-12-01 10:52:00,2009-12-01,2009-12,20091201,72760B,13767,United Kingdom,4,9.95,39.8,0,0,0,1,Year 2009-2010
283,489465,2009-12-01 10:52:00,2009-12-01,2009-12,20091201,84879,13767,United Kingdom,160,1.45,232.0,0,0,0,0,Year 2009-2010
284,489463,2009-12-01 10:52:00,2009-12-01,2009-12,20091201,71477,,United Kingdom,-240,0.0,-0.0,0,1,1,0,Year 2009-2010
285,489467,2009-12-01 10:53:00,2009-12-01,2009-12,20091201,85123A,,United Kingdom,-192,0.0,-0.0,0,1,1,0,Year 2009-2010
286,C489476,2009-12-01 10:55:00,2009-12-01,2009-12,20091201,22149,13293,United Kingdom,-6,2.1,-12.600000000000001,1,1,0,0,Year 2009-2010
287,489488,2009-12-01 10:59:00,2009-12-01,2009-12,20091201,84031B,17238,United Kingdom,1,4.65,4.65,0,0,0,1,Year 2009-2010
288,489488,2009-12-01 10:59:00,2009-12-01,2009-12,20091201,84032A,17238,United Kingdom,1,2.95,2.95,0,0,0,0,Year 2009-2010
289,489488,2009-12-01 10:59:00,2009-12-01,2009-12,20091201,84032B,17238,United Kingdom,1,2.95,2.95,0,0,0,1,Year 2009-2010
290,489488,2009-12-01 10:59:00,2009-12-01,2009-12,20091201,22125,17238,United Kingdom,2,5.95,11.9,0,0,0,0,Year 2009-2010
291,489488,2009-12-01 10:59:00,2009-12-01,2009-12,20091201,21482,17238,United Kingdom,2,2.95,5.9,0,0,0,0,Year 2009-2010
292,489488,2009-12-01 10:59:00,2009-12-01,2009-12,20091201,21484,17238,United Kingdom,3,3.45,10.350000000000001,0,0,0,0,Year 2009-2010
293,489488,2009-12-01 10:59:00,2009-12-01,2009-12,20091201,20967,17238,United Kingdom,1,3.75,3.75,0,0,0,0,Year 2009-2010
294,489488,2009-12-01 10:59:00,2009-12-01,2009-12,20091201,20970,17238,United Kingdom,2,3.75,7.5,0,0,0,0,Year 2009-2010
295,489488,2009-12-01 10:59:00,2009-12-01,2009-12,20091201,21100,17238,United Kingdom,2,1.65,3.3,0,0,0,0,Year 2009-2010
296,489488,2009-12-01 10:59:00,2009-12-01,2009-12,20091201,84582,17238,United Kingdom,2,4.25,8.5,0,0,0,0,Year 2009-2010
297,489488,2009-12-01 10:59:00,2009-12-01,2009-12,20091201,20972,17238,United Kingdom,3,1.25,3.75,0,0,0,0,Year 2009-2010
298,489488,2009-12-01 10:59:00,2009-12-01,2009-12,20091201,20971,17238,United Kingdom,1,1.25,1.25,0,0,0,0,Year 2009-2010
299,489488,2009-12-01 10:59:00,2009-12-01,2009-12,20091201,84327A,17238,United Kingdom,2,2.1,4.2,0,0,0,0,Year 2009-2010
300,489488,2009-12-01 10:59:00,2009-12-01,2009-12,20091201,22125,17238,United Kingdom,1,5.95,5.95,0,0,0,0,Year 2009-2010
301,489488,2009-12-01 10:59:00,2009-12-01,2009-12,20091201,21490,17238,United Kingdom,3,1.95,5.85,0,0,0,0,Year 2009-2010
302,489488,2009-12-01 10:59:00,2009-12-01,2009-12,20091201,21063,17238,United Kingdom,4,0.85,3.4,0,0,0,0,Year 2009-2010
303,489488,2009-12-01 10:59:00,2009-12-01,2009-12,20091201,21058,17238,United Kingdom,3,0.85,2.55,0,0,0,0,Year 2009-2010
304,489488,2009-12-01 10:59:00,2009-12-01,2009-12,20091201,22086,17238,United Kingdom,5,2.95,14.75,0,0,0,0,Year 2009-2010
305,489488,2009-12-01 10:59:00,2009-12-01,2009-12,20091201,84997D,17238,United Kingdom,4,3.75,15.0,0,0,0,1,Year 2009-2010
306,489488,2009-12-01 10:59:00,2009-12-01,2009-12,20091201,84997C,17238,United Kingdom,4,3.75,15.0,0,0,0,0,Year 2009-2010
307,489488,2009-12-01 10:59:00,2009-12-01,2009-12,20091201,22301,17238,United Kingdom,2,2.55,5.1,0,0,0,0,Year 2009-2010
308,489488,2009-12-01 10:59:00,2009-12-01,2009-12,20091201,22300,17238,United Kingdom,3,2.55,7.6499999999999995,0,0,0,0,Year 2009-2010
309,489488,2009-12-01 10:59:00,2009-12-01,2009-12,20091201,21493,17238,United Kingdom,6,0.85,5.1,0,0,0,0,Year 2009-2010
310,489488,2009-12-01 10:59:00,2009-12-01,2009-12,20091201,21231,17238,United Kingdom,4,1.25,5.0,0,0,0,0,Year 2009-2010
311,489488,2009-12-01 10:59:00,2009-12-01,2009-12,20091201,20870,17238,United Kingdom,6,2.1,12.600000000000001,0,0,0,0,Year 2009-2010
312,489488,2009-12-01 10:59:00,2009-12-01,2009-12,20091201,90121B,17238,United Kingdom,4,4.25,17.0,0,0,0,1,Year 2009-2010
313,489488,2009-12-01 10:59:00,2009-12-01,2009-12,20091201,90175A,17238,United Kingdom,2,8.95,17.9,0,0,0,0,Year 2009-2010
314,489488,2009-12-01 10:59:00,2009-12-01,2009-12,20091201,90195B,17238,United Kingdom,2,8.95,17.9,0,0,0,1,Year 2009-2010
315,489488,2009-12-01 10:59:00,2009-12-01,2009-12,20091201,90062,17238,United Kingdom,2,12.75,25.5,0,0,0,0,Year 2009-2010
316,489488,2009-12-01 10:59:00,2009-12-01,2009-12,20091201,21930,17238,United Kingdom,2,1.95,3.9,0,0,0,0,Year 2009-2010
317,C489503,2009-12-01 11:04:00,2009-12-01,2009-12,20091201,21540,16011,United Kingdom,-2,4.25,-8.5,1,1,0,0,Year 2009-2010
318,C489503,2009-12-01 11:04:00,2009-12-01,2009-12,20091201,21533,16011,United Kingdom,-1,4.95,-4.95,1,1,0,0,Year 2009-2010
319,C489504,2009-12-01 11:10:00,2009-12-01,2009-12,20091201,85083,13916,United Kingdom,-6,2.55,-15.299999999999999,1,1,0,0,Year 2009-2010
320,489505,2009-12-01 11:17:00,2009-12-01,2009-12,20091201,21472,15712,United Kingdom,6,3.75,22.5,0,0,0,0,Year 2009-2010
321,489505,2009-12-01 11:17:00,2009-12-01,2009-12,20091201,85099B,15712,United Kingdom,10,1.95,19.5,0,0,0,1,Year 2009-2010
322,489505,2009-12-01 11:17:00,2009-12-01,2009-12,20091201,48185,15712,United Kingdom,10,5.95,59.5,0,0,0,0,Year 2009-2010
323,489505,2009-12-01 11:17:00,2009-12-01,2009-12,20091201,47566B,15712,United Kingdom,5,4.65,23.25,0,0,0,1,Year 2009-2010
324,489505,2009-12-01 11:17:00,2009-12-01,2009-12,20091201,21929,15712,United Kingdom,10,1.95,19.5,0,0,0,0,Year 2009-2010
325,489505,2009-12-01 11:17:00,2009-12-01,2009-12,20091201,22139,15712,United Kingdom,6,4.95,29.700000000000003,0,0,0,0,Year 2009-2010
326,489505,2009-12-01 11:17:00,2009-12-01,2009-12,20091201,22086,15712,United Kingdom,6,2.95,17.700000000000003,0,0,0,0,Year 2009-2010
327,489505,2009-12-01 11:17:00,2009-12-01,2009-12,20091201,22275,15712,United Kingdom,4,8.5,34.0,0,0,0,0,Year 2009-2010
328,489505,2009-12-01 11:17:00,2009-12-01,2009-12,20091201,22138,15712,United Kingdom,3,4.95,14.850000000000001,0,0,0,0,Year 2009-2010
329,489505,2009-12-01 11:17:00,2009-12-01,2009-12,20091201,21479,15712,United Kingdom,4,3.75,15.0,0,0,0,0,Year 2009-2010
330,489514,2009-12-01 11:21:00,2009-12-01,2009-12,20091201,21791,15311,United Kingdom,72,1.06,76.32000000000001,0,0,0,0,Year 2009-2010
331,489514,2009-12-01 11:21:00,2009-12-01,2009-12,20091201,84032A,15311,United Kingdom,36,2.55,91.8,0,0,0,0,Year 2009-2010
332,489514,2009-12-01 11:21:00,2009-12-01,2009-12,20091201,85042,15311,United Kingdom,24,4.25,102.0,0,0,0,0,Year 2009-2010
333,489514,2009-12-01 11:21:00,2009-12-01,2009-12,20091201,71477,15311,United Kingdom,24,2.75,66.0,0,0,0,0,Year 2009-2010
334,489514,2009-12-01 11:21:00,2009-12-01,2009-12,20091201,37449,15311,United Kingdom,8,8.5,68.0,0,0,0,0,Year 2009-2010
335,489514,2009-12-01 11:21:00,2009-12-01,2009-12,20091201,37446,15311,United Kingdom,32,1.25,40.0,0,0,0,0,Year 2009-2010
336,489514,2009-12-01 11:21:00,2009-12-01,2009-12,20091201,21955,15311,United Kingdom,10,5.95,59.5,0,0,0,0,Year 2009-2010
337,489514,2009-12-01 11:21:00,2009-12-01,2009-12,20091201,21258,15311,United Kingdom,8,10.95,87.6,0,0,0,0,Year 2009-2010
338,489514,2009-12-01 11:21:00,2009-12-01,2009-12,20091201,20892,15311,United Kingdom,8,3.95,31.6,0,0,0,0,Year 2009-2010
339,489514,2009-12-01 11:21:00,2009-12-01,2009-12,20091201,47591D,15311,United Kingdom,50,1.65,82.5,0,0,0,1,Year 2009-2010
340,489514,2009-12-01 11:21:00,2009-12-01,2009-12,20091201,21867,15311,United Kingdom,1,1.25,1.25,0,0,0,0,Year 2009-2010
341,489514,2009-12-01 11:21:00,2009-12-01,2009-12,20091201,21041,15311,United Kingdom,5,2.95,14.75,0,0,0,0,Year 2009-2010
342,489514,2009-12-01 11:21:00,2009-12-01,2009-12,20091201,82551,15311,United Kingdom,2,1.25,2.5,0,0,0,0,Year 2009-2010
343,489514,2009-12-01 11:21:00,2009-12-01,2009-12,20091201,82567,15311,United Kingdom,1,2.1,2.1,0,0,0,0,Year 2009-2010
344,489514,2009-12-01 11:21:00,2009-12-01,2009-12,20091201,21161,15311,United Kingdom,3,1.45,4.35,0,0,0,0,Year 2009-2010
345,489514,2009-12-01 11:21:00,2009-12-01,2009-12,20091201,82613D,15311,United Kingdom,2,1.25,2.5,0,0,0,1,Year 2009-2010
346,489514,2009-12-01 11:21:00,2009-12-01,2009-12,20091201,21179,15311,United Kingdom,2,1.25,2.5,0,0,0,0,Year 2009-2010
347,489514,2009-12-01 11:21:00,2009-12-01,2009-12,20091201,21865,15311,United Kingdom,3,2.1,6.300000000000001,0,0,0,0,Year 2009-2010
348,489514,2009-12-01 11:21:00,2009-12-01,2009-12,20091201,72783,15311,United Kingdom,2,2.1,4.2,0,0,0,0,Year 2009-2010
349,489514,2009-12-01 11:21:00,2009-12-01,2009-12,20091201,20719,15311,United Kingdom,3,0.85,2.55,0,0,0,0,Year 2009-2010
350,489514,2009-12-01 11:21:00,2009-12-01,2009-12,20091201,21869,15311,United Kingdom,2,1.25,2.5,0,0,0,0,Year 2009-2010
351,489514,2009-12-01 11:21:00,2009-12-01,2009-12,20091201,21876,15311,United Kingdom,2,1.25,2.5,0,0,0,0,Year 2009-2010
352,489514,2009-12-01 11:21:00,2009-12-01,2009-12,20091201,20754,15311,United Kingdom,3,2.1,6.300000000000001,0,0,0,0,Year 2009-2010
353,489514,2009-12-01 11:21:00,2009-12-01,2009-12,20091201,84849B,15311,United Kingdom,2,1.69,3.38,0,0,0,1,Year 2009-2010
354,489514,2009-12-01 11:21:00,2009-12-01,2009-12,20091201,21864,15311,United Kingdom,5,2.1,10.5,0,0,0,0,Year 2009-2010
355,489514,2009-12-01 11:21:00,2009-12-01,2009-12,20091201,21470,15311,United Kingdom,2,3.75,7.5,0,0,0,0,Year 2009-2010
356,489514,2009-12-01 11:21:00,2009-12-01,2009-12,20091201,20897,15311,United Kingdom,2,2.95,5.9,0,0,0,0,Year 2009-2010
357,489514,2009-12-01 11:21:00,2009-12-01,2009-12,20091201,44230,15311,United Kingdom,1,7.95,7.95,0,0,0,0,Year 2009-2010
358,489514,2009-12-01 11:21:00,2009-12-01,2009-12,20091201,37485,15311,United Kingdom,2,4.65,9.3,0,0,0,0,Year 2009-2010
359,489514,2009-12-01 11:21:00,2009-12-01,2009-12,20091201,84997A,15311,United Kingdom,3,3.75,11.25,0,0,0,0,Year 2009-2010
360,489514,2009-12-01 11:21:00,2009-12-01,2009-12,20091201,21245,15311,United Kingdom,3,1.69,5.07,0,0,0,0,Year 2009-2010
361,489514,2009-12-01 11:21:00,2009-12-01,2009-12,20091201,21241,15311,United Kingdom,3,0.85,2.55,0,0,0,0,Year 2009-2010
362,489517,2009-12-01 11:34:00,2009-12-01,2009-12,20091201,21705,16329,United Kingdom,1,1.65,1.65,0,0,0,0,Year 2009-2010
363,489517,2009-12-01 11:34:00,2009-12-01,2009-12,20091201,21913,16329,United Kingdom,1,3.75,3.75,0,0,0,0,Year 2009-2010
364,489517,2009-12-01 11:34:00,2009-12-01,2009-12,20091201,21912,16329,United Kingdom,1,3.75,3.75,0,0,0,0,Year 2009-2010
365,489517,2009-12-01 11:34:00,2009-12-01,2009-12,20091201,16207A,16329,United Kingdom,2,2.95,5.9,0,0,0,0,Year 2009-2010
366,489517,2009-12-01 11:34:00,2009-12-01,2009-12,20091201,21821,16329,United Kingdom,1,3.75,3.75,0,0,0,0,Year 2009-2010
367,489517,2009-12-01 11:34:00,2009-12-01,2009-12,20091201,85123A,16329,United Kingdom,1,2.95,2.95,0,0,0,0,Year 2009-2010
368,489517,2009-12-01 11:34:00,2009-12-01,2009-12,20091201,22319,16329,United Kingdom,12,0.65,7.800000000000001,0,0,0,0,Year 2009-2010
369,489517,2009-12-01 11:34:00,2009-12-01,2009-12,20091201,22130,16329,United Kingdom,6,0.85,5.1,0,0,0,0,Year 2009-2010
370,489517,2009-12-01 11:34:00,2009-12-01,2009-12,20091201,21584,16329,United Kingdom,20,1.65,33.0,0,0,0,0,Year 2009-2010
371,489517,2009-12-01 11:34:00,2009-12-01,2009-12,20091201,20972,16329,United Kingdom,1,1.25,1.25,0,0,0,0,Year 2009-2010
372,489517,2009-12-01 11:34:00,2009-12-01,2009-12,20091201,21791,16329,United Kingdom,6,1.25,7.5,0,0,0,0,Year 2009-2010
373,489517,2009-12-01 11:34:00,2009-12-01,2009-12,20091201,21790,16329,United Kingdom,4,0.85,3.4,0,0,0,0,Year 2009-2010
374,489517,2009-12-01 11:34:00,2009-12-01,2009-12,20091201,21931,16329,United Kingdom,1,1.95,1.95,0,0,0,0,Year 2009-2010
375,489517,2009-12-01 11:34:00,2009-12-01,2009-12,20091201,20711,16329,United Kingdom,1,1.95,1.95,0,0,0,0,Year 2009-2010
376,489517,2009-12-01 11:34:00,2009-12-01,2009-12,20091201,47591A,16329,United Kingdom,1,1.65,1.65,0,0,0,0,Year 2009-2010
377,489517,2009-12-01 11:34:00,2009-12-01,2009-12,20091201,84997B,16329,United Kingdom,12,3.75,45.0,0,0,0,1,Year 2009-2010
378,489517,2009-12-01 11:34:00,2009-12-01,2009-12,20091201,84997A,16329,United Kingdom,12,3.75,45.0,0,0,0,0,Year 2009-2010
379,489517,2009-12-01 11:34:00,2009-12-01,2009-12,20091201,21491,16329,United Kingdom,1,1.95,1.95,0,0,0,0,Year 2009-2010
380,489517,2009-12-01 11:34:00,2009-12-01,2009-12,20091201,22122,16329,United Kingdom,12,2.95,35.400000000000006,0,0,0,0,Year 2009-2010
381,489517,2009-12-01 11:34:00,2009-12-01,2009-12,20091201,20971,16329,United Kingdom,1,1.25,1.25,0,0,0,0,Year 2009-2010
382,489517,2009-12-01 11:34:00,2009-12-01,2009-12,20091201,21252,16329,United Kingdom,1,2.95,2.95,0,0,0,0,Year 2009-2010
383,489517,2009-12-01 11:34:00,2009-12-01,2009-12,20091201,21837,16329,United Kingdom,2,5.95,11.9,0,0,0,0,Year 2009-2010
384,489517,2009-12-01 11:34:00,2009-12-01,2009-12,20091201,84951A,16329,United Kingdom,1,2.55,2.55,0,0,0,0,Year 2009-2010
385,489517,2009-12-01 11:34:00,2009-12-01,2009-12,20091201,22335,16329,United Kingdom,1,0.65,0.65,0,0,0,0,Year 2009-2010
386,489517,2009-12-01 11:34:00,2009-12-01,2009-12,20091201,21791,16329,United Kingdom,1,1.25,1.25,0,0,0,0,Year 2009-2010
387,489517,2009-12-01 11:34:00,2009-12-01,2009-12,20091201,21790,16329,United Kingdom,1,0.85,0.85,0,0,0,0,Year 2009-2010
388,489517,2009-12-01 11:34:00,2009-12-01,2009-12,20091201,85129A,16329,United Kingdom,1,1.25,1.25,0,0,0,0,Year 2009-2010
389,489517,2009-12-01 11:34:00,2009-12-01,2009-12,20091201,84791,16329,United Kingdom,1,2.95,2.95,0,0,0,0,Year 2009-2010
390,489517,2009-12-01 11:34:00,2009-12-01,2009-12,20091201,21244,16329,United Kingdom,4,1.69,6.76,0,0,0,0,Year 2009-2010
391,489517,2009-12-01 11:34:00,2009-12-01,2009-12,20091201,20675,16329,United Kingdom,4,1.25,5.0,0,0,0,0,Year 2009-2010
392,C489518,2009-12-01 11:35:00,2009-12-01,2009-12,20091201,20892,15461,United Kingdom,-2,12.75,-25.5,1,1,0,0,Year 2009-2010
393,C489518,2009-12-01 11:35:00,2009-12-01,2009-12,20091201,85048,15461,United Kingdom,-1,7.95,-7.95,1,1,0,0,Year 2009-2010
394,C489518,2009-12-01 11:35:00,2009-12-01,2009-12,20091201,22138,15461,United Kingdom,-1,4.95,-4.95,1,1,0,0,Year 2009-2010
395,489519,2009-12-01 11:37:00,2009-12-01,2009-12,20091201,22086,17700,United Kingdom,12,2.95,35.400000000000006,0,0,0,0,Year 2009-2010
396,489519,2009-12-01 11:37:00,2009-12-01,2009-12,20091201,85123A,17700,United Kingdom,32,2.55,81.6,0,0,0,0,Year 2009-2010
397,489519,2009-12-01 11:37:00,2009-12-01,2009-12,20091201,82616B,17700,United Kingdom,6,2.95,17.700000000000003,0,0,0,1,Year 2009-2010
398,489519,2009-12-01 11:37:00,2009-12-01,2009-12,20091201,22276,17700,United Kingdom,6,2.55,15.299999999999999,0,0,0,0,Year 2009-2010
399,489519,2009-12-01 11:37:00,2009-12-01,2009-12,20091201,84912B,17700,United Kingdom,4,3.75,15.0,0,0,0,1,Year 2009-2010
400,489519,2009-12-01 11:37:00,2009-12-01,2009-12,20091201,85014C,17700,United Kingdom,3,5.95,17.85,0,0,0,0,Year 2009-2010
401,489519,2009-12-01 11:37:00,2009-12-01,2009-12,20091201,85014A,17700,United Kingdom,3,5.95,17.85,0,0,0,0,Year 2009-2010
402,489519,2009-12-01 11:37:00,2009-12-01,2009-12,20091201,85014B,17700,United Kingdom,3,5.95,17.85,0,0,0,1,Year 2009-2010
403,489519,2009-12-01 11:37:00,2009-12-01,2009-12,20091201,85014D,17700,United Kingdom,3,5.95,17.85,0,0,0,1,Year 2009-2010
404,489519,2009-12-01 11:37:00,2009-12-01,2009-12,20091201,21326,17700,United Kingdom,12,0.65,7.800000000000001,0,0,0,0,Year 2009-2010
405,489519,2009-12-01 11:37:00,2009-12-01,2009-12,20091201,84946,17700,United Kingdom,12,1.25,15.0,0,0,0,0,Year 2009-2010
406,489519,2009-12-01 11:37:00,2009-12-01,2009-12,20091201,84949,17700,United Kingdom,6,1.65,9.899999999999999,0,0,0,0,Year 2009-2010
407,489519,2009-12-01 11:37:00,2009-12-01,2009-12,20091201,21491,17700,United Kingdom,6,1.95,11.7,0,0,0,0,Year 2009-2010
408,489519,2009-12-01 11:37:00,2009-12-01,2009-12,20091201,21908,17700,United Kingdom,6,2.1,12.600000000000001,0,0,0,0,Year 2009-2010
409,489519,2009-12-01 11:37:00,2009-12-01,2009-12,20091201,21181,17700,United Kingdom,6,2.1,12.600000000000001,0,0,0,0,Year 2009-2010
410,489519,2009-12-01 11:37:00,2009-12-01,2009-12,20091201,82483,17700,United Kingdom,3,5.95,17.85,0,0,0,0,Year 2009-2010
411,489519,2009-12-01 11:37:00,2009-12-01,2009-12,20091201,79323S,17700,United Kingdom,4,6.75,27.0,0,0,0,0,Year 2009-2010
412,489519,2009-12-01 11:37:00,2009-12-01,2009-12,20091201,21371,17700,United Kingdom,6,2.55,15.299999999999999,0,0,0,0,Year 2009-2010
413,489519,2009-12-01 11:37:00,2009-12-01,2009-12,20091201,85152,17700,United Kingdom,6,2.1,12.600000000000001,0,0,0,0,Year 2009-2010
414,489519,2009-12-01 11:37:00,2009-12-01,2009-12,20091201,21133,17700,United Kingdom,12,1.69,20.28,0,0,0,0,Year 2009-2010
415,489519,2009-12-01 11:37:00,2009-12-01,2009-12,20091201,20984,17700,United Kingdom,12,0.85,10.2,0,0,0,0,Year 2009-2010
416,489519,2009-12-01 11:37:00,2009-12-01,2009-12,20091201,20982,17700,United Kingdom,12,0.85,10.2,0,0,0,0,Year 2009-2010
417,489519,2009-12-01 11:37:00,2009-12-01,2009-12,20091201,84971L,17700,United Kingdom,12,1.25,15.0,0,0,0,0,Year 2009-2010
418,489519,2009-12-01 11:37:00,2009-12-01,2009-12,20091201,21912,17700,United Kingdom,8,3.75,30.0,0,0,0,0,Year 2009-2010
419,489519,2009-12-01 11:37:00,2009-12-01,2009-12,20091201,90168,17700,United Kingdom,6,2.95,17.700000000000003,0,0,0,0,Year 2009-2010
420,489519,2009-12-01 11:37:00,2009-12-01,2009-12,20091201,84884A,17700,United Kingdom,5,3.95,19.75,0,0,0,0,Year 2009-2010
421,489519,2009-12-01 11:37:00,2009-12-01,2009-12,20091201,79323W,17700,United Kingdom,4,6.75,27.0,0,0,0,0,Year 2009-2010
422,489519,2009-12-01 11:37:00,2009-12-01,2009-12,20091201,90013C,17700,United Kingdom,4,3.75,15.0,0,0,0,0,Year 2009-2010
423,489519,2009-12-01 11:37:00,2009-12-01,2009-12,20091201,90023,17700,United Kingdom,2,4.25,8.5,0,0,0,0,Year 2009-2010
424,489519,2009-12-01 11:37:00,2009-12-01,2009-12,20091201,90067A,17700,United Kingdom,6,2.95,17.700000000000003,0,0,0,0,Year 2009-2010
425,489519,2009-12-01 11:37:00,2009-12-01,2009-12,20091201,90067B,17700,United Kingdom,6,2.95,17.700000000000003,0,0,0,1,Year 2009-2010
426,489519,2009-12-01 11:37:00,2009-12-01,2009-12,20091201,90145,17700,United Kingdom,2,5.95,11.9,0,0,0,0,Year 2009-2010
427,489519,2009-12-01 11:37:00,2009-12-01,2009-12,20091201,90000A,17700,United Kingdom,2,5.95,11.9,0,0,0,0,Year 2009-2010
428,489519,2009-12-01 11:37:00,2009-12-01,2009-12,20091201,90024B,17700,United Kingdom,2,8.5,17.0,0,0,0,1,Year 2009-2010
429,489519,2009-12-01 11:37:00,2009-12-01,2009-12,20091201,90036D,17700,United Kingdom,3,7.95,23.85,0,0,0,1,Year 2009-2010
430,489519,2009-12-01 11:37:00,2009-12-01,2009-12,20091201,90134,17700,United Kingdom,6,2.95,17.700000000000003,0,0,0,0,Year 2009-2010
431,489519,2009-12-01 11:37:00,2009-12-01,2009-12,20091201,90131,17700,United Kingdom,2,6.95,13.9,0,0,0,0,Year 2009-2010
432,489519,2009-12-01 11:37:00,2009-12-01,2009-12,20091201,90199C,17700,United Kingdom,2,6.35,12.7,0,0,0,0,Year 2009-2010
433,489520,2009-12-01 11:41:00,2009-12-01,2009-12,20091201,35751C,14911,EIRE,12,0.75,9.0,0,0,0,0,Year 2009-2010
434,489520,2009-12-01 11:41:00,2009-12-01,2009-12,20091201,72739B,14911,EIRE,12,1.25,15.0,0,0,0,1,Year 2009-2010
435,489520,2009-12-01 11:41:00,2009-12-01,2009-12,20091201,22114,14911,EIRE,8,3.95,31.6,0,0,0,0,Year 2009-2010
436,489520,2009-12-01 11:41:00,2009-12-01,2009-12,20091201,22212,14911,EIRE,6,2.1,12.600000000000001,0,0,0,0,Year 2009-2010
437,489520,2009-12-01 11:41:00,2009-12-01,2009-12,20091201,21523,14911,EIRE,2,6.75,13.5,0,0,0,0,Year 2009-2010
438,489520,2009-12-01 11:41:00,2009-12-01,2009-12,20091201,48187,14911,EIRE,2,6.75,13.5,0,0,0,0,Year 2009-2010
439,489520,2009-12-01 11:41:00,2009-12-01,2009-12,20091201,48195,14911,EIRE,2,6.75,13.5,0,0,0,0,Year 2009-2010
440,489520,2009-12-01 11:41:00,2009-12-01,2009-12,20091201,72741,14911,EIRE,36,1.45,52.199999999999996,0,0,0,0,Year 2009-2010
441,489520,2009-12-01 11:41:00,2009-12-01,2009-12,20091201,85232D,14911,EIRE,3,4.95,14.850000000000001,0,0,0,1,Year 2009-2010
442,489520,2009-12-01 11:41:00,2009-12-01,2009-12,20091201,20828,14911,EIRE,6,2.55,15.299999999999999,0,0,0,0,Year 2009-2010
443,489520,2009-12-01 11:41:00,2009-12-01,2009-12,20091201,22080,14911,EIRE,10,1.65,16.5,0,0,0,0,Year 2009-2010
444,489520,2009-12-01 11:41:00,2009-12-01,2009-12,20091201,22082,14911,EIRE,10,1.65,16.5,0,0,0,0,Year 2009-2010
445,489520,2009-12-01 11:41:00,2009-12-01,2009-12,20091201,21754,14911,EIRE,6,5.95,35.7,0,0,0,0,Year 2009-2010
446,489520,2009-12-01 11:41:00,2009-12-01,2009-12,20091201,21784,14911,EIRE,4,9.95,39.8,0,0,0,0,Year 2009-2010
447,489520,2009-12-01 11:41:00,2009-12-01,2009-12,20091201,21172,14911,EIRE,12,1.45,17.4,0,0,0,0,Year 2009-2010
448,489520,2009-12-01 11:41:00,2009-12-01,2009-12,20091201,21181,14911,EIRE,6,2.1,12.600000000000001,0,0,0,0,Year 2009-2010
449,489520,2009-12-01 11:41:00,2009-12-01,2009-12,20091201,82600,14911,EIRE,12,2.1,25.200000000000003,0,0,0,0,Year 2009-2010
450,489520,2009-12-01 11:41:00,2009-12-01,2009-12,20091201,22282,14911,EIRE,4,12.75,51.0,0,0,0,0,Year 2009-2010
451,489520,2009-12-01 11:41:00,2009-12-01,2009-12,20091201,21842,14911,EIRE,54,2.55,137.7,0,0,0,0,Year 2009-2010
452,489520,2009-12-01 11:41:00,2009-12-01,2009-12,20091201,22089,14911,EIRE,6,2.95,17.700000000000003,0,0,0,0,Year 2009-2010
453,489520,2009-12-01 11:41:00,2009-12-01,2009-12,20091201,21430,14911,EIRE,4,3.75,15.0,0,0,0,0,Year 2009-2010
454,489520,2009-12-01 11:41:00,2009-12-01,2009-12,20091201,20734,14911,EIRE,10,0.85,8.5,0,0,0,0,Year 2009-2010
455,489520,2009-12-01 11:41:00,2009-12-01,2009-12,20091201,21133,14911,EIRE,12,1.69,20.28,0,0,0,0,Year 2009-2010
456,489520,2009-12-01 11:41:00,2009-12-01,2009-12,20091201,35071,14911,EIRE,12,0.85,10.2,0,0,0,0,Year 2009-2010
457,489520,2009-12-01 11:41:00,2009-12-01,2009-12,20091201,22083,14911,EIRE,6,2.95,17.700000000000003,0,0,0,0,Year 2009-2010
458,489520,2009-12-01 11:41:00,2009-12-01,2009-12,20091201,22086,14911,EIRE,6,2.95,17.700000000000003,0,0,0,0,Year 2009-2010
459,489520,2009-12-01 11:41:00,2009-12-01,2009-12,20091201,22121,14911,EIRE,3,5.95,17.85,0,0,0,0,Year 2009-2010
460,489520,2009-12-01 11:41:00,2009-12-01,2009-12,20091201,21485,14911,EIRE,3,4.95,14.850000000000001,0,0,0,0,Year 2009-2010
461,489520,2009-12-01 11:41:00,2009-12-01,2009-12,20091201,84836,14911,EIRE,12,1.25,15.0,0,0,0,0,Year 2009-2010
462,489520,2009-12-01 11:41:00,2009-12-01,2009-12,20091201,22122,14911,EIRE,12,2.95,35.400000000000006,0,0,0,0,Year 2009-2010
463,489521,2009-12-01 11:44:00,2009-12-01,2009-12,20091201,21646,,United Kingdom,-50,0.0,-0.0,0,1,1,0,Year 2009-2010
464,489522,2009-12-01 11:45:00,2009-12-01,2009-12,20091201,21916,15998,United Kingdom,3,0.42,1.26,0,0,0,0,Year 2009-2010
465,489522,2009-12-01 11:45:00,2009-12-01,2009-12,20091201,72760B,15998,United Kingdom,1,9.95,9.95,0,0,0,1,Year 2009-2010
466,489522,2009-12-01 11:45:00,2009-12-01,2009-12,20091201,37492A,15998,United Kingdom,1,4.65,4.65,0,0,0,0,Year 2009-2010
467,489522,2009-12-01 11:45:00,2009-12-01,2009-12,20091201,21479,15998,United Kingdom,2,3.75,7.5,0,0,0,0,Year 2009-2010
468,489522,2009-12-01 11:45:00,2009-12-01,2009-12,20091201,10133,15998,United Kingdom,6,0.85,5.1,0,0,0,0,Year 2009-2010
469,489522,2009-12-01 11:45:00,2009-12-01,2009-12,20091201,22113,15998,United Kingdom,4,3.45,13.8,0,0,0,0,Year 2009-2010
470,489522,2009-12-01 11:45:00,2009-12-01,2009-12,20091201,20782,15998,United Kingdom,1,5.49,5.49,0,0,0,0,Year 2009-2010
471,489522,2009-12-01 11:45:00,2009-12-01,2009-12,20091201,22190,15998,United Kingdom,1,2.1,2.1,0,0,0,0,Year 2009-2010
472,489522,2009-12-01 11:45:00,2009-12-01,2009-12,20091201,22111,15998,United Kingdom,2,4.95,9.9,0,0,0,0,Year 2009-2010
473,489522,2009-12-01 11:45:00,2009-12-01,2009-12,20091201,84029G,15998,United Kingdom,1,3.75,3.75,0,0,0,0,Year 2009-2010
474,489522,2009-12-01 11:45:00,2009-12-01,2009-12,20091201,22114,15998,United Kingdom,1,3.95,3.95,0,0,0,0,Year 2009-2010
475,489522,2009-12-01 11:45:00,2009-12-01,2009-12,20091201,21489,15998,United Kingdom,1,3.95,3.95,0,0,0,0,Year 2009-2010
476,489522,2009-12-01 11:45:00,2009-12-01,2009-12,20091201,20987,15998,United Kingdom,6,1.95,11.7,0,0,0,0,Year 2009-2010
477,489522,2009-12-01 11:45:00,2009-12-01,2009-12,20091201,20989,15998,United Kingdom,2,1.95,3.9,0,0,0,0,Year 2009-2010
478,489522,2009-12-01 11:45:00,2009-12-01,2009-12,20091201,21868,15998,United Kingdom,1,1.25,1.25,0,0,0,0,Year 2009-2010
479,489522,2009-12-01 11:45:00,2009-12-01,2009-12,20091201,21875,15998,United Kingdom,1,1.25,1.25,0,0,0,0,Year 2009-2010
480,489522,2009-12-01 11:45:00,2009-12-01,2009-12,20091201,21869,15998,United Kingdom,1,1.25,1.25,0,0,0,0,Year 2009-2010
481,489522,2009-12-01 11:45:00,2009-12-01,2009-12,20091201,21826,15998,United Kingdom,3,1.25,3.75,0,0,0,0,Year 2009-2010
482,489522,2009-12-01 11:45:00,2009-12-01,2009-12,20091201,21827,15998,United Kingdom,3,1.25,3.75,0,0,0,0,Year 2009-2010
483,489522,2009-12-01 11:45:00,2009-12-01,2009-12,20091201,21828,15998,United Kingdom,3,1.25,3.75,0,0,0,0,Year 2009-2010
484,489522,2009-12-01 11:45:00,2009-12-01,2009-12,20091201,16225,15998,United Kingdom,4,1.25,5.0,0,0,0,0,Year 2009-2010
485,489522,2009-12-01 11:45:00,2009-12-01,2009-12,20091201,21829,15998,United Kingdom,36,0.21,7.56,0,0,0,0,Year 2009-2010
486,489522,2009-12-01 11:45:00,2009-12-01,2009-12,20091201,21582,15998,United Kingdom,2,1.65,3.3,0,0,0,0,Year 2009-2010
487,489522,2009-12-01 11:45:00,2009-12-01,2009-12,20091201,21584,15998,United Kingdom,2,1.65,3.3,0,0,0,0,Year 2009-2010
488,489522,2009-12-01 11:45:00,2009-12-01,2009-12,20091201,21638,15998,United Kingdom,6,2.1,12.600000000000001,0,0,0,0,Year 2009-2010
489,489522,2009-12-01 11:45:00,2009-12-01,2009-12,20091201,35400,15998,United Kingdom,2,8.95,17.9,0,0,0,0,Year 2009-2010
490,489522,2009-12-01 11:45:00,2009-12-01,2009-12,20091201,22218,15998,United Kingdom,1,4.25,4.25,0,0,0,0,Year 2009-2010
491,489522,2009-12-01 11:45:00,2009-12-01,2009-12,20091201,22222,15998,United Kingdom,1,4.95,4.95,0,0,0,0,Year 2009-2010
492,489522,2009-12-01 11:45:00,2009-12-01,2009-12,20091201,22300,15998,United Kingdom,3,2.55,7.6499999999999995,0,0,0,0,Year 2009-2010
493,489522,2009-12-01 11:45:00,2009-12-01,2009-12,20091201,22301,15998,United Kingdom,3,2.55,7.6499999999999995,0,0,0,0,Year 2009-2010
494,489522,2009-12-01 11:45:00,2009-12-01,2009-12,20091201,22305,15998,United Kingdom,3,2.55,7.6499999999999995,0,0,0,0,Year 2009-2010
495,489522,2009-12-01 11:45:00,2009-12-01,2009-12,20091201,22304,15998,United Kingdom,3,2.55,7.6499999999999995,0,0,0,0,Year 2009-2010
496,489522,2009-12-01 11:45:00,2009-12-01,2009-12,20091201,22302,15998,United Kingdom,3,2.55,7.6499999999999995,0,0,0,0,Year 2009-2010
497,489522,2009-12-01 11:45:00,2009-12-01,2009-12,20091201,22303,15998,United Kingdom,3,2.55,7.6499999999999995,0,0,0,0,Year 2009-2010
498,489522,2009-12-01 11:45:00,2009-12-01,2009-12,20091201,22127,15998,United Kingdom,6,1.25,7.5,0,0,0,0,Year 2009-2010
499,489522,2009-12-01 11:45:00,2009-12-01,2009-12,20091201,22130,15998,United Kingdom,24,0.85,20.4,0,0,0,0,Year 2009-2010
500,489522,2009-12-01 11:45:00,2009-12-01,2009-12,20091201,21143,15998,United Kingdom,7,1.95,13.65,0,0,0,0,Year 2009-2010
501,489522,2009-12-01 11:45:00,2009-12-01,2009-12,20091201,21639,15998,United Kingdom,10,0.85,8.5,0,0,0,0,Year 2009-2010
502,489522,2009-12-01 11:45:00,2009-12-01,2009-12,20091201,22154,15998,United Kingdom,6,0.42,2.52,0,0,0,0,Year 2009-2010
503,489522,2009-12-01 11:45:00,2009-12-01,2009-12,20091201,22155,15998,United Kingdom,6,0.42,2.52,0,0,0,0,Year 2009-2010
504,489522,2009-12-01 11:45:00,2009-12-01,2009-12,20091201,22294,15998,United Kingdom,6,1.25,7.5,0,0,0,0,Year 2009-2010
505,489522,2009-12-01 11:45:00,2009-12-01,2009-12,20091201,21133,15998,United Kingdom,6,1.69,10.14,0,0,0,0,Year 2009-2010
506,489522,2009-12-01 11:45:00,2009-12-01,2009-12,20091201,21889,15998,United Kingdom,2,1.25,2.5,0,0,0,0,Year 2009-2010
507,489522,2009-12-01 11:45:00,2009-12-01,2009-12,20091201,85045,15998,United Kingdom,2,4.95,9.9,0,0,0,0,Year 2009-2010
508,489522,2009-12-01 11:45:00,2009-12-01,2009-12,20091201,85044,15998,United Kingdom,2,4.95,9.9,0,0,0,0,Year 2009-2010
509,489522,2009-12-01 11:45:00,2009-12-01,2009-12,20091201,21888,15998,United Kingdom,3,3.75,11.25,0,0,0,0,Year 2009-2010
510,489522,2009-12-01 11:45:00,2009-12-01,2009-12,20091201,21587,15998,United Kingdom,6,2.55,15.299999999999999,0,0,0,0,Year 2009-2010
511,489522,2009-12-01 11:45:00,2009-12-01,2009-12,20091201,21588,15998,United Kingdom,2,2.55,5.1,0,0,0,0,Year 2009-2010
512,489522,2009-12-01 11:45:00,2009-12-01,2009-12,20091201,21586,15998,United Kingdom,4,2.55,10.2,0,0,0,0,Year 2009-2010
513,489522,2009-12-01 11:45:00,2009-12-01,2009-12,20091201,21818,15998,United Kingdom,6,0.85,5.1,0,0,0,0,Year 2009-2010
514,489522,2009-12-01 11:45:00,2009-12-01,2009-12,20091201,21819,15998,United Kingdom,6,0.85,5.1,0,0,0,0,Year 2009-2010
515,489522,2009-12-01 11:45:00,2009-12-01,2009-12,20091201,21817,15998,United Kingdom,6,0.85,5.1,0,0,0,0,Year 2009-2010
516,489522,2009-12-01 11:45:00,2009-12-01,2009-12,20091201,48111,15998,United Kingdom,1,6.75,6.75,0,0,0,0,Year 2009-2010
517,489522,2009-12-01 11:45:00,2009-12-01,2009-12,20091201,20685,15998,United Kingdom,1,6.75,6.75,0,0,0,0,Year 2009-2010
518,489522,2009-12-01 11:45:00,2009-12-01,2009-12,20091201,48194,15998,United Kingdom,1,6.75,6.75,0,0,0,0,Year 2009-2010
519,489522,2009-12-01 11:45:00,2009-12-01,2009-12,20091201,21495,15998,United Kingdom,25,0.42,10.5,0,0,0,0,Year 2009-2010
520,489522,2009-12-01 11:45:00,2009-12-01,2009-12,20091201,47505,15998,United Kingdom,2,4.95,9.9,0,0,0,0,Year 2009-2010
521,489522,2009-12-01 11:45:00,2009-12-01,2009-12,20091201,10135,15998,United Kingdom,6,1.25,7.5,0,0,0,0,Year 2009-2010
522,489522,2009-12-01 11:45:00,2009-12-01,2009-12,20091201,22125,15998,United Kingdom,4,5.95,23.8,0,0,0,0,Year 2009-2010
523,489522,2009-12-01 11:45:00,2009-12-01,2009-12,20091201,37492C,15998,United Kingdom,1,4.65,4.65,0,0,0,0,Year 2009-2010
524,489522,2009-12-01 11:45:00,2009-12-01,2009-12,20091201,20677,15998,United Kingdom,1,1.25,1.25,0,0,0,0,Year 2009-2010
525,489522,2009-12-01 11:45:00,2009-12-01,2009-12,20091201,20676,15998,United Kingdom,1,1.25,1.25,0,0,0,0,Year 2009-2010
526,489522,2009-12-01 11:45:00,2009-12-01,2009-12,20091201,20675,15998,United Kingdom,1,1.25,1.25,0,0,0,0,Year 2009-2010
527,489522,2009-12-01 11:45:00,2009-12-01,2009-12,20091201,21086,15998,United Kingdom,8,0.65,5.2,0,0,0,0,Year 2009-2010
528,489522,2009-12-01 11:45:00,2009-12-01,2009-12,20091201,21948,15998,United Kingdom,6,1.25,7.5,0,0,0,0,Year 2009-2010
529,489522,2009-12-01 11:45:00,2009-12-01,2009-12,20091201,21833,15998,United Kingdom,12,1.69,20.28,0,0,0,0,Year 2009-2010
530,489522,2009-12-01 11:45:00,2009-12-01,2009-12,20091201,21832,15998,United Kingdom,5,1.65,8.25,0,0,0,0,Year 2009-2010
531,489522,2009-12-01 11:45:00,2009-12-01,2009-12,20091201,22315,15998,United Kingdom,1,1.25,1.25,0,0,0,0,Year 2009-2010
532,489522,2009-12-01 11:45:00,2009-12-01,2009-12,20091201,21870,15998,United Kingdom,1,1.25,1.25,0,0,0,0,Year 2009-2010
533,489522,2009-12-01 11:45:00,2009-12-01,2009-12,20091201,82600,15998,United Kingdom,1,2.1,2.1,0,0,0,0,Year 2009-2010
534,489522,2009-12-01 11:45:00,2009-12-01,2009-12,20091201,21181,15998,United Kingdom,2,2.1,4.2,0,0,0,0,Year 2009-2010
535,489522,2009-12-01 11:45:00,2009-12-01,2009-12,20091201,22115,15998,United Kingdom,1,2.95,2.95,0,0,0,0,Year 2009-2010
536,489522,2009-12-01 11:45:00,2009-12-01,2009-12,20091201,21166,15998,United Kingdom,2,1.95,3.9,0,0,0,0,Year 2009-2010
537,489522,2009-12-01 11:45:00,2009-12-01,2009-12,20091201,21175,15998,United Kingdom,2,2.1,4.2,0,0,0,0,Year 2009-2010
538,489522,2009-12-01 11:45:00,2009-12-01,2009-12,20091201,21174,15998,United Kingdom,1,1.95,1.95,0,0,0,0,Year 2009-2010
539,489522,2009-12-01 11:45:00,2009-12-01,2009-12,20091201,21908,15998,United Kingdom,3,2.1,6.300000000000001,0,0,0,0,Year 2009-2010
540,489522,2009-12-01 11:45:00,2009-12-01,2009-12,20091201,82582,15998,United Kingdom,1,2.1,2.1,0,0,0,0,Year 2009-2010
541,489522,2009-12-01 11:45:00,2009-12-01,2009-12,20091201,85152,15998,United Kingdom,2,2.1,4.2,0,0,0,0,Year 2009-2010
542,489522,2009-12-01 11:45:00,2009-12-01,2009-12,20091201,85150,15998,United Kingdom,1,2.55,2.55,0,0,0,0,Year 2009-2010
543,489522,2009-12-01 11:45:00,2009-12-01,2009-12,20091201,22197,15998,United Kingdom,10,0.85,8.5,0,0,0,0,Year 2009-2010
544,489522,2009-12-01 11:45:00,2009-12-01,2009-12,20091201,21094,15998,United Kingdom,4,0.85,3.4,0,0,0,0,Year 2009-2010
545,489522,2009-12-01 11:45:00,2009-12-01,2009-12,20091201,72724,15998,United Kingdom,7,1.25,8.75,0,0,0,0,Year 2009-2010
546,489522,2009-12-01 11:45:00,2009-12-01,2009-12,20091201,22103,15998,United Kingdom,6,1.65,9.899999999999999,0,0,0,0,Year 2009-2010
547,489522,2009-12-01 11:45:00,2009-12-01,2009-12,20091201,37424,15998,United Kingdom,6,0.85,5.1,0,0,0,0,Year 2009-2010
548,489522,2009-12-01 11:45:00,2009-12-01,2009-12,20091201,21136,15998,United Kingdom,8,1.69,13.52,0,0,0,0,Year 2009-2010
549,489522,2009-12-01 11:45:00,2009-12-01,2009-12,20091201,21755,15998,United Kingdom,1,5.95,5.95,0,0,0,0,Year 2009-2010
550,489522,2009-12-01 11:45:00,2009-12-01,2009-12,20091201,84879,15998,United Kingdom,8,1.69,13.52,0,0,0,0,Year 2009-2010
551,489522,2009-12-01 11:45:00,2009-12-01,2009-12,20091201,84997B,15998,United Kingdom,1,3.75,3.75,0,0,0,1,Year 2009-2010
552,489522,2009-12-01 11:45:00,2009-12-01,2009-12,20091201,84997D,15998,United Kingdom,1,3.75,3.75,0,0,0,1,Year 2009-2010
553,489522,2009-12-01 11:45:00,2009-12-01,2009-12,20091201,84997C,15998,United Kingdom,1,3.75,3.75,0,0,0,0,Year 2009-2010
554,489522,2009-12-01 11:45:00,2009-12-01,2009-12,20091201,21238,15998,United Kingdom,4,0.85,3.4,0,0,0,0,Year 2009-2010
555,489522,2009-12-01 11:45:00,2009-12-01,2009-12,20091201,21240,15998,United Kingdom,4,0.85,3.4,0,0,0,0,Year 2009-2010
556,489522,2009-12-01 11:45:00,2009-12-01,2009-12,20091201,21239,15998,United Kingdom,4,0.85,3.4,0,0,0,0,Year 2009-2010
557,489522,2009-12-01 11:45:00,2009-12-01,2009-12,20091201,84007,15998,United Kingdom,4,2.55,10.2,0,0,0,0,Year 2009-2010
558,489522,2009-12-01 11:45:00,2009-12-01,2009-12,20091201,84012,15998,United Kingdom,4,2.55,10.2,0,0,0,0,Year 2009-2010
559,489522,2009-12-01 11:45:00,2009-12-01,2009-12,20091201,22077,15998,United Kingdom,1,1.65,1.65,0,0,0,0,Year 2009-2010
560,489522,2009-12-01 11:45:00,2009-12-01,2009-12,20091201,85049A,15998,United Kingdom,2,1.25,2.5,0,0,0,0,Year 2009-2010
561,489522,2009-12-01 11:45:00,2009-12-01,2009-12,20091201,85049E,15998,United Kingdom,2,1.25,2.5,0,0,0,0,Year 2009-2010
562,489522,2009-12-01 11:45:00,2009-12-01,2009-12,20091201,22075,15998,United Kingdom,2,1.65,3.3,0,0,0,0,Year 2009-2010
563,489522,2009-12-01 11:45:00,2009-12-01,2009-12,20091201,22076,15998,United Kingdom,1,1.65,1.65,0,0,0,0,Year 2009-2010
564,489522,2009-12-01 11:45:00,2009-12-01,2009-12,20091201,79323W,15998,United Kingdom,1,6.75,6.75,0,0,0,0,Year 2009-2010
565,489522,2009-12-01 11:45:00,2009-12-01,2009-12,20091201,79323LP,15998,United Kingdom,1,6.75,6.75,0,0,0,0,Year 2009-2010
566,489522,2009-12-01 11:45:00,2009-12-01,2009-12,20091201,79342B,15998,United Kingdom,1,6.75,6.75,0,0,0,1,Year 2009-2010
567,489522,2009-12-01 11:45:00,2009-12-01,2009-12,20091201,79341,15998,United Kingdom,6,6.75,40.5,0,0,0,0,Year 2009-2010
568,489523,2009-12-01 11:46:00,2009-12-01,2009-12,20091201,84879,12931,United Kingdom,800,1.45,1160.0,0,0,0,0,Year 2009-2010
569,C489524,2009-12-01 11:48:00,2009-12-01,2009-12,20091201,21258,15614,United Kingdom,-1,12.75,-12.75,1,1,0,0,Year 2009-2010
570,489525,2009-12-01 11:49:00,2009-12-01,2009-12,20091201,85226C,,United Kingdom,1,0.55,0.55,0,0,1,0,Year 2009-2010
571,489525,2009-12-01 11:49:00,2009-12-01,2009-12,20091201,85227,,United Kingdom,1,0.85,0.85,0,0,1,0,Year 2009-2010
572,489526,2009-12-01 11:50:00,2009-12-01,2009-12,20091201,85049E,12533,Germany,12,1.25,15.0,0,0,0,0,Year 2009-2010
573,489526,2009-12-01 11:50:00,2009-12-01,2009-12,20091201,21976,12533,Germany,24,0.55,13.200000000000001,0,0,0,0,Year 2009-2010
574,489526,2009-12-01 11:50:00,2009-12-01,2009-12,20091201,21498,12533,Germany,25,0.42,10.5,0,0,0,0,Year 2009-2010
575,489526,2009-12-01 11:50:00,2009-12-01,2009-12,20091201,22077,12533,Germany,12,1.65,19.799999999999997,0,0,0,0,Year 2009-2010
576,489526,2009-12-01 11:50:00,2009-12-01,2009-12,20091201,84946,12533,Germany,12,1.25,15.0,0,0,0,0,Year 2009-2010
577,489526,2009-12-01 11:50:00,2009-12-01,2009-12,20091201,84948,12533,Germany,24,1.65,39.599999999999994,0,0,0,0,Year 2009-2010
578,489526,2009-12-01 11:50:00,2009-12-01,2009-12,20091201,21537,12533,Germany,4,4.25,17.0,0,0,0,0,Year 2009-2010
579,489526,2009-12-01 11:50:00,2009-12-01,2009-12,20091201,21733,12533,Germany,6,2.95,17.700000000000003,0,0,0,0,Year 2009-2010
580,489526,2009-12-01 11:50:00,2009-12-01,2009-12,20091201,85123A,12533,Germany,6,2.95,17.700000000000003,0,0,0,0,Year 2009-2010
581,489526,2009-12-01 11:50:00,2009-12-01,2009-12,20091201,20718,12533,Germany,10,1.25,12.5,0,0,0,0,Year 2009-2010
582,C489527,2009-12-01 11:50:00,2009-12-01,2009-12,20091201,21041,16128,United Kingdom,-3,2.95,-8.850000000000001,1,1,0,0,Year 2009-2010
583,C489527,2009-12-01 11:50:00,2009-12-01,2009-12,20091201,21173,16128,United Kingdom,-12,1.65,-19.799999999999997,1,1,0,0,Year 2009-2010
584,C489527,2009-12-01 11:50:00,2009-12-01,2009-12,20091201,85124A,16128,United Kingdom,-6,2.55,-15.299999999999999,1,1,0,0,Year 2009-2010
585,489526,2009-12-01 11:50:00,2009-12-01,2009-12,20091201,21539,12533,Germany,3,4.95,14.850000000000001,0,0,0,0,Year 2009-2010
586,489526,2009-12-01 11:50:00,2009-12-01,2009-12,20091201,16169F,12533,Germany,25,0.42,10.5,0,0,0,0,Year 2009-2010
587,489526,2009-12-01 11:50:00,2009-12-01,2009-12,20091201,84836,12533,Germany,24,1.25,30.0,0,0,0,0,Year 2009-2010
588,489526,2009-12-01 11:50:00,2009-12-01,2009-12,20091201,21527,12533,Germany,2,7.95,15.9,0,0,0,0,Year 2009-2010
589,489526,2009-12-01 11:50:00,2009-12-01,2009-12,20091201,21533,12533,Germany,6,4.95,29.700000000000003,0,0,0,0,Year 2009-2010
590,489526,2009-12-01 11:50:00,2009-12-01,2009-12,20091201,21531,12533,Germany,6,2.55,15.299999999999999,0,0,0,0,Year 2009-2010
591,489526,2009-12-01 11:50:00,2009-12-01,2009-12,20091201,22180,12533,Germany,3,9.95,29.849999999999998,0,0,0,0,Year 2009-2010
592,489526,2009-12-01 11:50:00,2009-12-01,2009-12,20091201,22333,12533,Germany,8,1.65,13.2,0,0,0,0,Year 2009-2010
593,489526,2009-12-01 11:50:00,2009-12-01,2009-12,20091201,22319,12533,Germany,24,0.65,15.600000000000001,0,0,0,0,Year 2009-2010
594,489526,2009-12-01 11:50:00,2009-12-01,2009-12,20091201,85232B,12533,Germany,9,4.95,44.550000000000004,0,0,0,1,Year 2009-2010
595,489526,2009-12-01 11:50:00,2009-12-01,2009-12,20091201,20676,12533,Germany,8,1.25,10.0,0,0,0,0,Year 2009-2010
596,489526,2009-12-01 11:50:00,2009-12-01,2009-12,20091201,20914,12533,Germany,12,2.95,35.400000000000006,0,0,0,0,Year 2009-2010
597,489526,2009-12-01 11:50:00,2009-12-01,2009-12,20091201,21217,12533,Germany,3,9.95,29.849999999999998,0,0,0,0,Year 2009-2010
598,489526,2009-12-01 11:50:00,2009-12-01,2009-12,20091201,21238,12533,Germany,16,0.85,13.6,0,0,0,0,Year 2009-2010
599,489526,2009-12-01 11:50:00,2009-12-01,2009-12,20091201,21242,12533,Germany,8,1.69,13.52,0,0,0,0,Year 2009-2010
600,489526,2009-12-01 11:50:00,2009-12-01,2009-12,20091201,22232,12533,Germany,8,1.65,13.2,0,0,0,0,Year 2009-2010
601,489526,2009-12-01 11:50:00,2009-12-01,2009-12,20091201,21535,12533,Germany,6,2.55,15.299999999999999,0,0,0,0,Year 2009-2010
602,489526,2009-12-01 11:50:00,2009-12-01,2009-12,20091201,21844,12533,Germany,6,2.95,17.700000000000003,0,0,0,0,Year 2009-2010
603,489526,2009-12-01 11:50:00,2009-12-01,2009-12,20091201,22073,12533,Germany,4,3.75,15.0,0,0,0,0,Year 2009-2010
604,489526,2009-12-01 11:50:00,2009-12-01,2009-12,20091201,22072,12533,Germany,4,3.75,15.0,0,0,0,0,Year 2009-2010
605,489526,2009-12-01 11:50:00,2009-12-01,2009-12,20091201,22321,12533,Germany,24,0.85,20.4,0,0,0,0,Year 2009-2010
606,489526,2009-12-01 11:50:00,2009-12-01,2009-12,20091201,15056BL,12533,Germany,6,5.95,35.7,0,0,0,0,Year 2009-2010
607,489526,2009-12-01 11:50:00,2009-12-01,2009-12,20091201,15056N,12533,Germany,6,5.95,35.7,0,0,0,0,Year 2009-2010
608,489526,2009-12-01 11:50:00,2009-12-01,2009-12,20091201,21731,12533,Germany,12,1.65,19.799999999999997,0,0,0,0,Year 2009-2010
609,489526,2009-12-01 11:50:00,2009-12-01,2009-12,20091201,22254,12533,Germany,12,1.25,15.0,0,0,0,0,Year 2009-2010
610,489526,2009-12-01 11:50:00,2009-12-01,2009-12,20091201,22255,12533,Germany,12,0.85,10.2,0,0,0,0,Year 2009-2010
611,489526,2009-12-01 11:50:00,2009-12-01,2009-12,20091201,46000S,12533,Germany,2,1.45,2.9,0,0,0,0,Year 2009-2010
612,489526,2009-12-01 11:50:00,2009-12-01,2009-12,20091201,20964,12533,Germany,3,2.55,7.6499999999999995,0,0,0,0,Year 2009-2010
613,489526,2009-12-01 11:50:00,2009-12-01,2009-12,20091201,21788,12533,Germany,24,0.85,20.4,0,0,0,0,Year 2009-2010
614,489526,2009-12-01 11:50:00,2009-12-01,2009-12,20091201,21789,12533,Germany,24,0.85,20.4,0,0,0,0,Year 2009-2010
615,489526,2009-12-01 11:50:00,2009-12-01,2009-12,20091201,20682,12533,Germany,6,3.25,19.5,0,0,0,0,Year 2009-2010
616,489526,2009-12-01 11:50:00,2009-12-01,2009-12,20091201,85014C,12533,Germany,3,5.95,17.85,0,0,0,0,Year 2009-2010
617,489526,2009-12-01 11:50:00,2009-12-01,2009-12,20091201,84832,12533,Germany,24,0.85,20.4,0,0,0,0,Year 2009-2010
618,489526,2009-12-01 11:50:00,2009-12-01,2009-12,20091201,POST,12533,Germany,6,18.0,108.0,0,0,0,1,Year 2009-2010
619,C489528,2009-12-01 11:50:00,2009-12-01,2009-12,20091201,85048,16714,United Kingdom,-1,7.95,-7.95,1,1,0,0,Year 2009-2010
620,489529,2009-12-01 11:51:00,2009-12-01,2009-12,20091201,85063,17984,United Kingdom,1,16.95,16.95,0,0,0,0,Year 2009-2010
621,489529,2009-12-01 11:51:00,2009-12-01,2009-12,20091201,48129,17984,United Kingdom,1,6.75,6.75,0,0,0,0,Year 2009-2010
622,489529,2009-12-01 11:51:00,2009-12-01,2009-12,20091201,21491,17984,United Kingdom,1,1.95,1.95,0,0,0,0,Year 2009-2010
623,489529,2009-12-01 11:51:00,2009-12-01,2009-12,20091201,22030,17984,United Kingdom,1,0.42,0.42,0,0,0,0,Year 2009-2010
624,489529,2009-12-01 11:51:00,2009-12-01,2009-12,20091201,21081,17984,United Kingdom,1,0.85,0.85,0,0,0,0,Year 2009-2010
625,489529,2009-12-01 11:51:00,2009-12-01,2009-12,20091201,20773,17984,United Kingdom,1,1.65,1.65,0,0,0,0,Year 2009-2010
626,489529,2009-12-01 11:51:00,2009-12-01,2009-12,20091201,20767,17984,United Kingdom,1,2.55,2.55,0,0,0,0,Year 2009-2010
627,489529,2009-12-01 11:51:00,2009-12-01,2009-12,20091201,22028,17984,United Kingdom,12,0.42,5.04,0,0,0,0,Year 2009-2010
628,489529,2009-12-01 11:51:00,2009-12-01,2009-12,20091201,20622,17984,United Kingdom,1,2.1,2.1,0,0,0,0,Year 2009-2010
629,489529,2009-12-01 11:51:00,2009-12-01,2009-12,20091201,21122,17984,United Kingdom,1,1.25,1.25,0,0,0,0,Year 2009-2010
630,489529,2009-12-01 11:51:00,2009-12-01,2009-12,20091201,21124,17984,United Kingdom,1,1.25,1.25,0,0,0,0,Year 2009-2010
631,489529,2009-12-01 11:51:00,2009-12-01,2009-12,20091201,20657,17984,United Kingdom,1,1.25,1.25,0,0,0,0,Year 2009-2010
632,489529,2009-12-01 11:51:00,2009-12-01,2009-12,20091201,16156N,17984,United Kingdom,25,0.42,10.5,0,0,0,0,Year 2009-2010
633,489529,2009-12-01 11:51:00,2009-12-01,2009-12,20091201,20673,17984,United Kingdom,4,1.25,5.0,0,0,0,0,Year 2009-2010
634,489529,2009-12-01 11:51:00,2009-12-01,2009-12,20091201,22300,17984,United Kingdom,6,2.55,15.299999999999999,0,0,0,0,Year 2009-2010
635,489529,2009-12-01 11:51:00,2009-12-01,2009-12,20091201,84520B,17984,United Kingdom,1,0.85,0.85,0,0,0,1,Year 2009-2010
636,489529,2009-12-01 11:51:00,2009-12-01,2009-12,20091201,22086,17984,United Kingdom,1,2.95,2.95,0,0,0,0,Year 2009-2010
637,489529,2009-12-01 11:51:00,2009-12-01,2009-12,20091201,20619,17984,United Kingdom,1,2.1,2.1,0,0,0,0,Year 2009-2010
638,489529,2009-12-01 11:51:00,2009-12-01,2009-12,20091201,21864,17984,United Kingdom,1,2.1,2.1,0,0,0,0,Year 2009-2010
639,489529,2009-12-01 11:51:00,2009-12-01,2009-12,20091201,21866,17984,United Kingdom,1,1.25,1.25,0,0,0,0,Year 2009-2010
640,489529,2009-12-01 11:51:00,2009-12-01,2009-12,20091201,20660,17984,United Kingdom,1,1.25,1.25,0,0,0,0,Year 2009-2010
641,489529,2009-12-01 11:51:00,2009-12-01,2009-12,20091201,21489,17984,United Kingdom,1,3.95,3.95,0,0,0,0,Year 2009-2010
642,489529,2009-12-01 11:51:00,2009-12-01,2009-12,20091201,16207A,17984,United Kingdom,1,2.95,2.95,0,0,0,0,Year 2009-2010
643,489529,2009-12-01 11:51:00,2009-12-01,2009-12,20091201,20777,17984,United Kingdom,1,1.65,1.65,0,0,0,0,Year 2009-2010
644,489529,2009-12-01 11:51:00,2009-12-01,2009-12,20091201,20774,17984,United Kingdom,2,1.65,3.3,0,0,0,0,Year 2009-2010
645,489529,2009-12-01 11:51:00,2009-12-01,2009-12,20091201,22029,17984,United Kingdom,12,0.42,5.04,0,0,0,0,Year 2009-2010
646,489529,2009-12-01 11:51:00,2009-12-01,2009-12,20091201,22030,17984,United Kingdom,12,0.42,5.04,0,0,0,0,Year 2009-2010
647,489529,2009-12-01 11:51:00,2009-12-01,2009-12,20091201,22024,17984,United Kingdom,12,0.42,5.04,0,0,0,0,Year 2009-2010
648,489529,2009-12-01 11:51:00,2009-12-01,2009-12,20091201,22037,17984,United Kingdom,12,0.42,5.04,0,0,0,0,Year 2009-2010
649,489529,2009-12-01 11:51:00,2009-12-01,2009-12,20091201,22036,17984,United Kingdom,12,0.42,5.04,0,0,0,0,Year 2009-2010
650,489529,2009-12-01 11:51:00,2009-12-01,2009-12,20091201,21833,17984,United Kingdom,2,1.69,3.38,0,0,0,0,Year 2009-2010
651,489529,2009-12-01 11:51:00,2009-12-01,2009-12,20091201,21726,17984,United Kingdom,3,0.85,2.55,0,0,0,0,Year 2009-2010
652,489529,2009-12-01 11:51:00,2009-12-01,2009-12,20091201,21544,17984,United Kingdom,2,0.85,1.7,0,0,0,0,Year 2009-2010
653,489529,2009-12-01 11:51:00,2009-12-01,2009-12,20091201,21004,17984,United Kingdom,1,4.25,4.25,0,0,0,0,Year 2009-2010
654,489529,2009-12-01 11:51:00,2009-12-01,2009-12,20091201,20984,17984,United Kingdom,1,0.85,0.85,0,0,0,0,Year 2009-2010
655,489529,2009-12-01 11:51:00,2009-12-01,2009-12,20091201,20982,17984,United Kingdom,2,0.85,1.7,0,0,0,0,Year 2009-2010
656,489529,2009-12-01 11:51:00,2009-12-01,2009-12,20091201,84402D,17984,United Kingdom,1,2.95,2.95,0,0,0,1,Year 2009-2010
657,489529,2009-12-01 11:51:00,2009-12-01,2009-12,20091201,84660B,17984,United Kingdom,1,3.75,3.75,0,0,0,1,Year 2009-2010
658,489529,2009-12-01 11:51:00,2009-12-01,2009-12,20091201,21429,17984,United Kingdom,4,1.65,6.6,0,0,0,0,Year 2009-2010
659,489529,2009-12-01 11:51:00,2009-12-01,2009-12,20091201,72754B,17984,United Kingdom,1,1.69,1.69,0,0,0,1,Year 2009-2010
660,489529,2009-12-01 11:51:00,2009-12-01,2009-12,20091201,21500,17984,United Kingdom,25,0.42,10.5,0,0,0,0,Year 2009-2010
661,489529,2009-12-01 11:51:00,2009-12-01,2009-12,20091201,21431,17984,United Kingdom,4,1.65,6.6,0,0,0,0,Year 2009-2010
662,489529,2009-12-01 11:51:00,2009-12-01,2009-12,20091201,21912,17984,United Kingdom,2,3.75,7.5,0,0,0,0,Year 2009-2010
663,489529,2009-12-01 11:51:00,2009-12-01,2009-12,20091201,22086,17984,United Kingdom,3,2.95,8.850000000000001,0,0,0,0,Year 2009-2010
664,489529,2009-12-01 11:51:00,2009-12-01,2009-12,20091201,20748,17984,United Kingdom,1,12.75,12.75,0,0,0,0,Year 2009-2010
665,489529,2009-12-01 11:51:00,2009-12-01,2009-12,20091201,21490,17984,United Kingdom,2,1.95,3.9,0,0,0,0,Year 2009-2010
666,489529,2009-12-01 11:51:00,2009-12-01,2009-12,20091201,72802B,17984,United Kingdom,3,4.25,12.75,0,0,0,1,Year 2009-2010
667,C489530,2009-12-01 11:56:00,2009-12-01,2009-12,20091201,72803A,14748,United Kingdom,-1,4.25,-4.25,1,1,0,0,Year 2009-2010
668,489531,2009-12-01 11:57:00,2009-12-01,2009-12,20091201,79029,14871,United Kingdom,1,1.95,1.95,0,0,0,0,Year 2009-2010
669,489531,2009-12-01 11:57:00,2009-12-01,2009-12,20091201,71477,14871,United Kingdom,12,3.25,39.0,0,0,0,0,Year 2009-2010
670,489531,2009-12-01 11:57:00,2009-12-01,2009-12,20091201,85042,14871,United Kingdom,4,4.95,19.8,0,0,0,0,Year 2009-2010
671,489531,2009-12-01 11:57:00,2009-12-01,2009-12,20091201,85123A,14871,United Kingdom,5,2.95,14.75,0,0,0,0,Year 2009-2010
672,489531,2009-12-01 11:57:00,2009-12-01,2009-12,20091201,21590,14871,United Kingdom,4,1.25,5.0,0,0,0,0,Year 2009-2010
673,489531,2009-12-01 11:57:00,2009-12-01,2009-12,20091201,21591,14871,United Kingdom,7,1.25,8.75,0,0,0,0,Year 2009-2010
674,489531,2009-12-01 11:57:00,2009-12-01,2009-12,20091201,21582,14871,United Kingdom,8,1.65,13.2,0,0,0,0,Year 2009-2010
675,489531,2009-12-01 11:57:00,2009-12-01,2009-12,20091201,21587,14871,United Kingdom,6,2.55,15.299999999999999,0,0,0,0,Year 2009-2010
676,489531,2009-12-01 11:57:00,2009-12-01,2009-12,20091201,82486,14871,United Kingdom,1,7.95,7.95,0,0,0,0,Year 2009-2010
677,489531,2009-12-01 11:57:00,2009-12-01,2009-12,20091201,82483,14871,United Kingdom,1,5.95,5.95,0,0,0,0,Year 2009-2010
678,489531,2009-12-01 11:57:00,2009-12-01,2009-12,20091201,22112,14871,United Kingdom,1,4.95,4.95,0,0,0,0,Year 2009-2010
679,489531,2009-12-01 11:57:00,2009-12-01,2009-12,20091201,22111,14871,United Kingdom,1,4.95,4.95,0,0,0,0,Year 2009-2010
680,489531,2009-12-01 11:57:00,2009-12-01,2009-12,20091201,72801E,14871,United Kingdom,2,1.25,2.5,0,0,0,0,Year 2009-2010
681,489531,2009-12-01 11:57:00,2009-12-01,2009-12,20091201,21034,14871,United Kingdom,1,0.95,0.95,0,0,0,0,Year 2009-2010
682,489532,2009-12-01 11:58:00,2009-12-01,2009-12,20091201,85049D,13394,United Kingdom,12,1.25,15.0,0,0,0,1,Year 2009-2010
683,489532,2009-12-01 11:58:00,2009-12-01,2009-12,20091201,21985,13394,United Kingdom,48,0.29,13.919999999999998,0,0,0,0,Year 2009-2010
684,489532,2009-12-01 11:58:00,2009-12-01,2009-12,20091201,21980,13394,United Kingdom,48,0.29,13.919999999999998,0,0,0,0,Year 2009-2010
685,489532,2009-12-01 11:58:00,2009-12-01,2009-12,20091201,16235,13394,United Kingdom,60,0.21,12.6,0,0,0,0,Year 2009-2010
686,489532,2009-12-01 11:58:00,2009-12-01,2009-12,20091201,22083,13394,United Kingdom,6,2.95,17.700000000000003,0,0,0,0,Year 2009-2010
687,489532,2009-12-01 11:58:00,2009-12-01,2009-12,20091201,22086,13394,United Kingdom,6,2.95,17.700000000000003,0,0,0,0,Year 2009-2010
688,489532,2009-12-01 11:58:00,2009-12-01,2009-12,20091201,22111,13394,United Kingdom,3,4.95,14.850000000000001,0,0,0,0,Year 2009-2010
689,489532,2009-12-01 11:58:00,2009-12-01,2009-12,20091201,84347,13394,United Kingdom,6,2.55,15.299999999999999,0,0,0,0,Year 2009-2010
690,489532,2009-12-01 11:58:00,2009-12-01,2009-12,20091201,21485,13394,United Kingdom,3,4.95,14.850000000000001,0,0,0,0,Year 2009-2010
691,489532,2009-12-01 11:58:00,2009-12-01,2009-12,20091201,21212,13394,United Kingdom,24,0.55,13.200000000000001,0,0,0,0,Year 2009-2010
692,489532,2009-12-01 11:58:00,2009-12-01,2009-12,20091201,84990,13394,United Kingdom,24,0.55,13.200000000000001,0,0,0,0,Year 2009-2010
693,489532,2009-12-01 11:58:00,2009-12-01,2009-12,20091201,85231E,13394,United Kingdom,12,0.85,10.2,0,0,0,0,Year 2009-2010
694,489532,2009-12-01 11:58:00,2009-12-01,2009-12,20091201,85231B,13394,United Kingdom,24,0.85,20.4,0,0,0,1,Year 2009-2010
695,489532,2009-12-01 11:58:00,2009-12-01,2009-12,20091201,72008,13394,United Kingdom,12,0.42,5.04,0,0,0,0,Year 2009-2010
696,489532,2009-12-01 11:58:00,2009-12-01,2009-12,20091201,22071,13394,United Kingdom,6,3.75,22.5,0,0,0,0,Year 2009-2010
697,489532,2009-12-01 11:58:00,2009-12-01,2009-12,20091201,22070,13394,United Kingdom,6,3.75,22.5,0,0,0,0,Year 2009-2010
698,489532,2009-12-01 11:58:00,2009-12-01,2009-12,20091201,22077,13394,United Kingdom,9,1.65,14.85,0,0,0,0,Year 2009-2010
699,489532,2009-12-01 11:58:00,2009-12-01,2009-12,20091201,20892,13394,United Kingdom,2,12.75,25.5,0,0,0,0,Year 2009-2010
700,489532,2009-12-01 11:58:00,2009-12-01,2009-12,20091201,84270,13394,United Kingdom,30,0.21,6.3,0,0,0,0,Year 2009-2010
701,489532,2009-12-01 11:58:00,2009-12-01,2009-12,20091201,85049C,13394,United Kingdom,12,1.25,15.0,0,0,0,0,Year 2009-2010
702,489533,2009-12-01 12:02:00,2009-12-01,2009-12,20091201,84352,16011,United Kingdom,1,16.95,16.95,0,0,0,0,Year 2009-2010
703,489533,2009-12-01 12:02:00,2009-12-01,2009-12,20091201,79067,16011,United Kingdom,1,3.75,3.75,0,0,0,0,Year 2009-2010
704,489533,2009-12-01 12:02:00,2009-12-01,2009-12,20091201,22203,16011,United Kingdom,1,3.75,3.75,0,0,0,0,Year 2009-2010
705,489533,2009-12-01 12:02:00,2009-12-01,2009-12,20091201,21353,16011,United Kingdom,4,7.95,31.8,0,0,0,0,Year 2009-2010
706,489533,2009-12-01 12:02:00,2009-12-01,2009-12,20091201,84946,16011,United Kingdom,6,1.25,7.5,0,0,0,0,Year 2009-2010
707,489533,2009-12-01 12:02:00,2009-12-01,2009-12,20091201,22300,16011,United Kingdom,6,2.55,15.299999999999999,0,0,0,0,Year 2009-2010
708,489533,2009-12-01 12:02:00,2009-12-01,2009-12,20091201,21535,16011,United Kingdom,1,2.55,2.55,0,0,0,0,Year 2009-2010
709,489533,2009-12-01 12:02:00,2009-12-01,2009-12,20091201,21540,16011,United Kingdom,2,4.25,8.5,0,0,0,0,Year 2009-2010
710,489533,2009-12-01 12:02:00,2009-12-01,2009-12,20091201,21538,16011,United Kingdom,1,3.75,3.75,0,0,0,0,Year 2009-2010
711,489533,2009-12-01 12:02:00,2009-12-01,2009-12,20091201,22073,16011,United Kingdom,1,3.75,3.75,0,0,0,0,Year 2009-2010
712,489533,2009-12-01 12:02:00,2009-12-01,2009-12,20091201,21534,16011,United Kingdom,1,4.95,4.95,0,0,0,0,Year 2009-2010
713,489533,2009-12-01 12:02:00,2009-12-01,2009-12,20091201,21533,16011,United Kingdom,1,4.95,4.95,0,0,0,0,Year 2009-2010
714,489533,2009-12-01 12:02:00,2009-12-01,2009-12,20091201,84836,16011,United Kingdom,12,1.25,15.0,0,0,0,0,Year 2009-2010
715,489533,2009-12-01 12:02:00,2009-12-01,2009-12,20091201,85053,16011,United Kingdom,2,2.1,4.2,0,0,0,0,Year 2009-2010
716,489533,2009-12-01 12:02:00,2009-12-01,2009-12,20091201,21756,16011,United Kingdom,1,5.95,5.95,0,0,0,0,Year 2009-2010
717,489533,2009-12-01 12:02:00,2009-12-01,2009-12,20091201,22118,16011,United Kingdom,1,4.95,4.95,0,0,0,0,Year 2009-2010
718,489533,2009-12-01 12:02:00,2009-12-01,2009-12,20091201,21754,16011,United Kingdom,2,5.95,11.9,0,0,0,0,Year 2009-2010
719,489533,2009-12-01 12:02:00,2009-12-01,2009-12,20091201,84970S,16011,United Kingdom,12,0.85,10.2,0,0,0,0,Year 2009-2010
720,489533,2009-12-01 12:02:00,2009-12-01,2009-12,20091201,22118,16011,United Kingdom,2,4.95,9.9,0,0,0,0,Year 2009-2010
721,489533,2009-12-01 12:02:00,2009-12-01,2009-12,20091201,21755,16011,United Kingdom,2,5.95,11.9,0,0,0,0,Year 2009-2010
722,C489534,2009-12-01 12:09:00,2009-12-01,2009-12,20091201,35832,12615,France,-1,5.95,-5.95,1,1,0,0,Year 2009-2010
723,C489535,2009-12-01 12:11:00,2009-12-01,2009-12,20091201,D,15299,United Kingdom,-1,9.0,-9.0,1,1,0,1,Year 2009-2010
724,C489535,2009-12-01 12:11:00,2009-12-01,2009-12,20091201,D,15299,United Kingdom,-1,19.0,-19.0,1,1,0,1,Year 2009-2010
725,489536,2009-12-01 12:13:00,2009-12-01,2009-12,20091201,21375,16393,United Kingdom,2,5.45,10.9,0,0,0,0,Year 2009-2010
726,489536,2009-12-01 12:13:00,2009-12-01,2009-12,20091201,22109,16393,United Kingdom,1,3.75,3.75,0,0,0,0,Year 2009-2010
727,489536,2009-12-01 12:13:00,2009-12-01,2009-12,20091201,21864,16393,United Kingdom,1,2.1,2.1,0,0,0,0,Year 2009-2010
728,489536,2009-12-01 12:13:00,2009-12-01,2009-12,20091201,48129,16393,United Kingdom,1,6.75,6.75,0,0,0,0,Year 2009-2010
729,489536,2009-12-01 12:13:00,2009-12-01,2009-12,20091201,22186,16393,United Kingdom,1,2.95,2.95,0,0,0,0,Year 2009-2010
730,489536,2009-12-01 12:13:00,2009-12-01,2009-12,20091201,47504K,16393,United Kingdom,2,1.95,3.9,0,0,0,0,Year 2009-2010
731,489536,2009-12-01 12:13:00,2009-12-01,2009-12,20091201,47504F,16393,United Kingdom,2,1.65,3.3,0,0,0,0,Year 2009-2010
732,489536,2009-12-01 12:13:00,2009-12-01,2009-12,20091201,21809,16393,United Kingdom,1,1.25,1.25,0,0,0,0,Year 2009-2010
733,489536,2009-12-01 12:13:00,2009-12-01,2009-12,20091201,22075,16393,United Kingdom,1,1.65,1.65,0,0,0,0,Year 2009-2010
734,489536,2009-12-01 12:13:00,2009-12-01,2009-12,20091201,21186,16393,United Kingdom,2,1.65,3.3,0,0,0,0,Year 2009-2010
735,489536,2009-12-01 12:13:00,2009-12-01,2009-12,20091201,22086,16393,United Kingdom,1,2.95,2.95,0,0,0,0,Year 2009-2010
736,489536,2009-12-01 12:13:00,2009-12-01,2009-12,20091201,21611,16393,United Kingdom,2,2.95,5.9,0,0,0,0,Year 2009-2010
737,489536,2009-12-01 12:13:00,2009-12-01,2009-12,20091201,22113,16393,United Kingdom,2,3.45,6.9,0,0,0,0,Year 2009-2010
738,489536,2009-12-01 12:13:00,2009-12-01,2009-12,20091201,21480,16393,United Kingdom,1,2.95,2.95,0,0,0,0,Year 2009-2010
739,489536,2009-12-01 12:13:00,2009-12-01,2009-12,20091201,22295,16393,United Kingdom,2,1.65,3.3,0,0,0,0,Year 2009-2010
740,489536,2009-12-01 12:13:00,2009-12-01,2009-12,20091201,85170A,16393,United Kingdom,1,2.1,2.1,0,0,0,0,Year 2009-2010
741,489536,2009-12-01 12:13:00,2009-12-01,2009-12,20091201,85033S,16393,United Kingdom,1,1.95,1.95,0,0,0,0,Year 2009-2010
742,489536,2009-12-01 12:13:00,2009-12-01,2009-12,20091201,35991,16393,United Kingdom,1,1.69,1.69,0,0,0,0,Year 2009-2010
743,489536,2009-12-01 12:13:00,2009-12-01,2009-12,20091201,22185,16393,United Kingdom,2,1.65,3.3,0,0,0,0,Year 2009-2010
744,489536,2009-12-01 12:13:00,2009-12-01,2009-12,20091201,21786,16393,United Kingdom,1,0.42,0.42,0,0,0,0,Year 2009-2010
745,489536,2009-12-01 12:13:00,2009-12-01,2009-12,20091201,20752,16393,United Kingdom,1,2.1,2.1,0,0,0,0,Year 2009-2010
746,489536,2009-12-01 12:13:00,2009-12-01,2009-12,20091201,20754,16393,United Kingdom,1,2.1,2.1,0,0,0,0,Year 2009-2010
747,489536,2009-12-01 12:13:00,2009-12-01,2009-12,20091201,84388,16393,United Kingdom,1,1.65,1.65,0,0,0,0,Year 2009-2010
748,489536,2009-12-01 12:13:00,2009-12-01,2009-12,20091201,21865,16393,United Kingdom,1,2.1,2.1,0,0,0,0,Year 2009-2010
749,489536,2009-12-01 12:13:00,2009-12-01,2009-12,20091201,21832,16393,United Kingdom,1,1.65,1.65,0,0,0,0,Year 2009-2010
750,489536,2009-12-01 12:13:00,2009-12-01,2009-12,20091201,85071A,16393,United Kingdom,1,2.95,2.95,0,0,0,0,Year 2009-2010
751,489536,2009-12-01 12:13:00,2009-12-01,2009-12,20091201,85071B,16393,United Kingdom,1,2.95,2.95,0,0,0,1,Year 2009-2010
752,489536,2009-12-01 12:13:00,2009-12-01,2009-12,20091201,21948,16393,United Kingdom,1,1.25,1.25,0,0,0,0,Year 2009-2010
753,489536,2009-12-01 12:13:00,2009-12-01,2009-12,20091201,21791,16393,United Kingdom,2,1.25,2.5,0,0,0,0,Year 2009-2010
754,489536,2009-12-01 12:13:00,2009-12-01,2009-12,20091201,21918,16393,United Kingdom,2,0.42,0.84,0,0,0,0,Year 2009-2010
755,489536,2009-12-01 12:13:00,2009-12-01,2009-12,20091201,22086,16393,United Kingdom,2,2.95,5.9,0,0,0,0,Year 2009-2010
756,489536,2009-12-01 12:13:00,2009-12-01,2009-12,20091201,21493,16393,United Kingdom,2,0.85,1.7,0,0,0,0,Year 2009-2010
757,489536,2009-12-01 12:13:00,2009-12-01,2009-12,20091201,21491,16393,United Kingdom,2,1.95,3.9,0,0,0,0,Year 2009-2010
758,489536,2009-12-01 12:13:00,2009-12-01,2009-12,20091201,51012C,16393,United Kingdom,1,1.25,1.25,0,0,0,0,Year 2009-2010
759,489536,2009-12-01 12:13:00,2009-12-01,2009-12,20091201,21034,16393,United Kingdom,1,0.95,0.95,0,0,0,0,Year 2009-2010
760,489536,2009-12-01 12:13:00,2009-12-01,2009-12,20091201,84671B,16393,United Kingdom,1,2.55,2.55,0,0,0,1,Year 2009-2010
761,489536,2009-12-01 12:13:00,2009-12-01,2009-12,20091201,21747,16393,United Kingdom,1,1.25,1.25,0,0,0,0,Year 2009-2010
762,489536,2009-12-01 12:13:00,2009-12-01,2009-12,20091201,22197,16393,United Kingdom,1,0.85,0.85,0,0,0,0,Year 2009-2010
763,489536,2009-12-01 12:13:00,2009-12-01,2009-12,20091201,22107,16393,United Kingdom,1,3.75,3.75,0,0,0,0,Year 2009-2010
764,489536,2009-12-01 12:13:00,2009-12-01,2009-12,20091201,22330,16393,United Kingdom,1,1.45,1.45,0,0,0,0,Year 2009-2010
765,489536,2009-12-01 12:13:00,2009-12-01,2009-12,20091201,22139,16393,United Kingdom,1,4.95,4.95,0,0,0,0,Year 2009-2010
766,489536,2009-12-01 12:13:00,2009-12-01,2009-12,20091201,84375,16393,United Kingdom,1,1.95,1.95,0,0,0,0,Year 2009-2010
767,489536,2009-12-01 12:13:00,2009-12-01,2009-12,20091201,84952B,16393,United Kingdom,2,3.75,7.5,0,0,0,1,Year 2009-2010
768,489536,2009-12-01 12:13:00,2009-12-01,2009-12,20091201,20961,16393,United Kingdom,1,1.25,1.25,0,0,0,0,Year 2009-2010
769,489536,2009-12-01 12:13:00,2009-12-01,2009-12,20091201,20960,16393,United Kingdom,1,1.25,1.25,0,0,0,0,Year 2009-2010
770,489536,2009-12-01 12:13:00,2009-12-01,2009-12,20091201,20966,16393,United Kingdom,1,1.25,1.25,0,0,0,0,Year 2009-2010
771,489536,2009-12-01 12:13:00,2009-12-01,2009-12,20091201,17164D,16393,United Kingdom,1,0.42,0.42,0,0,0,1,Year 2009-2010
772,489536,2009-12-01 12:13:00,2009-12-01,2009-12,20091201,21791,16393,United Kingdom,6,1.25,7.5,0,0,0,0,Year 2009-2010
773,489536,2009-12-01 12:13:00,2009-12-01,2009-12,20091201,21890,16393,United Kingdom,1,2.95,2.95,0,0,0,0,Year 2009-2010
774,489536,2009-12-01 12:13:00,2009-12-01,2009-12,20091201,22353,16393,United Kingdom,1,2.55,2.55,0,0,0,0,Year 2009-2010
775,489536,2009-12-01 12:13:00,2009-12-01,2009-12,20091201,85170D,16393,United Kingdom,1,2.1,2.1,0,0,0,1,Year 2009-2010
776,489536,2009-12-01 12:13:00,2009-12-01,2009-12,20091201,17091J,16393,United Kingdom,1,1.25,1.25,0,0,0,0,Year 2009-2010
777,489536,2009-12-01 12:13:00,2009-12-01,2009-12,20091201,79067,16393,United Kingdom,1,3.75,3.75,0,0,0,0,Year 2009-2010
778,489536,2009-12-01 12:13:00,2009-12-01,2009-12,20091201,20975,16393,United Kingdom,7,0.65,4.55,0,0,0,0,Year 2009-2010
779,489536,2009-12-01 12:13:00,2009-12-01,2009-12,20091201,20677,16393,United Kingdom,1,1.25,1.25,0,0,0,0,Year 2009-2010
780,489536,2009-12-01 12:13:00,2009-12-01,2009-12,20091201,20675,16393,United Kingdom,1,1.25,1.25,0,0,0,0,Year 2009-2010
781,489536,2009-12-01 12:13:00,2009-12-01,2009-12,20091201,20676,16393,United Kingdom,2,1.25,2.5,0,0,0,0,Year 2009-2010
782,489536,2009-12-01 12:13:00,2009-12-01,2009-12,20091201,21440,16393,United Kingdom,1,1.25,1.25,0,0,0,0,Year 2009-2010
783,489536,2009-12-01 12:13:00,2009-12-01,2009-12,20091201,22174,16393,United Kingdom,2,1.65,3.3,0,0,0,0,Year 2009-2010
784,489536,2009-12-01 12:13:00,2009-12-01,2009-12,20091201,22142,16393,United Kingdom,1,1.45,1.45,0,0,0,0,Year 2009-2010
785,489536,2009-12-01 12:13:00,2009-12-01,2009-12,20091201,22150,16393,United Kingdom,2,1.95,3.9,0,0,0,0,Year 2009-2010
786,489536,2009-12-01 12:13:00,2009-12-01,2009-12,20091201,22147,16393,United Kingdom,2,1.45,2.9,0,0,0,0,Year 2009-2010
787,489536,2009-12-01 12:13:00,2009-12-01,2009-12,20091201,21356,16393,United Kingdom,1,1.25,1.25,0,0,0,0,Year 2009-2010
788,489536,2009-12-01 12:13:00,2009-12-01,2009-12,20091201,21357,16393,United Kingdom,1,1.25,1.25,0,0,0,0,Year 2009-2010
789,489536,2009-12-01 12:13:00,2009-12-01,2009-12,20091201,21166,16393,United Kingdom,1,1.95,1.95,0,0,0,0,Year 2009-2010
790,489536,2009-12-01 12:13:00,2009-12-01,2009-12,20091201,20728,16393,United Kingdom,4,1.65,6.6,0,0,0,0,Year 2009-2010
791,489536,2009-12-01 12:13:00,2009-12-01,2009-12,20091201,21677,16393,United Kingdom,6,0.85,5.1,0,0,0,0,Year 2009-2010
792,489536,2009-12-01 12:13:00,2009-12-01,2009-12,20091201,21680,16393,United Kingdom,6,0.85,5.1,0,0,0,0,Year 2009-2010
793,489536,2009-12-01 12:13:00,2009-12-01,2009-12,20091201,21730,16393,United Kingdom,1,4.95,4.95,0,0,0,0,Year 2009-2010
794,489536,2009-12-01 12:13:00,2009-12-01,2009-12,20091201,21788,16393,United Kingdom,1,0.85,0.85,0,0,0,0,Year 2009-2010
795,489536,2009-12-01 12:13:00,2009-12-01,2009-12,20091201,21789,16393,United Kingdom,1,0.85,0.85,0,0,0,0,Year 2009-2010
796,489536,2009-12-01 12:13:00,2009-12-01,2009-12,20091201,20660,16393,United Kingdom,1,1.25,1.25,0,0,0,0,Year 2009-2010
797,489536,2009-12-01 12:13:00,2009-12-01,2009-12,20091201,70007,16393,United Kingdom,1,1.65,1.65,0,0,0,0,Year 2009-2010
798,489536,2009-12-01 12:13:00,2009-12-01,2009-12,20091201,70006,16393,United Kingdom,1,1.65,1.65,0,0,0,0,Year 2009-2010
799,489536,2009-12-01 12:13:00,2009-12-01,2009-12,20091201,21650,16393,United Kingdom,1,0.65,0.65,0,0,0,0,Year 2009-2010
800,489536,2009-12-01 12:13:00,2009-12-01,2009-12,20091201,22147,16393,United Kingdom,1,1.45,1.45,0,0,0,0,Year 2009-2010
801,489536,2009-12-01 12:13:00,2009-12-01,2009-12,20091201,21892,16393,United Kingdom,1,1.25,1.25,0,0,0,0,Year 2009-2010
802,489536,2009-12-01 12:13:00,2009-12-01,2009-12,20091201,85227,16393,United Kingdom,1,0.85,0.85,0,0,0,0,Year 2009-2010
803,489536,2009-12-01 12:13:00,2009-12-01,2009-12,20091201,85227,16393,United Kingdom,3,0.85,2.55,0,0,0,0,Year 2009-2010
804,489536,2009-12-01 12:13:00,2009-12-01,2009-12,20091201,20655,16393,United Kingdom,1,1.25,1.25,0,0,0,0,Year 2009-2010
805,489536,2009-12-01 12:13:00,2009-12-01,2009-12,20091201,21791,16393,United Kingdom,1,1.25,1.25,0,0,0,0,Year 2009-2010
806,489536,2009-12-01 12:13:00,2009-12-01,2009-12,20091201,21990,16393,United Kingdom,1,2.95,2.95,0,0,0,0,Year 2009-2010
807,489536,2009-12-01 12:13:00,2009-12-01,2009-12,20091201,21231,16393,United Kingdom,1,1.25,1.25,0,0,0,0,Year 2009-2010
808,489536,2009-12-01 12:13:00,2009-12-01,2009-12,20091201,22064,16393,United Kingdom,4,1.65,6.6,0,0,0,0,Year 2009-2010
809,489536,2009-12-01 12:13:00,2009-12-01,2009-12,20091201,21934,16393,United Kingdom,1,1.65,1.65,0,0,0,0,Year 2009-2010
810,489536,2009-12-01 12:13:00,2009-12-01,2009-12,20091201,21578,16393,United Kingdom,1,2.25,2.25,0,0,0,0,Year 2009-2010
811,489536,2009-12-01 12:13:00,2009-12-01,2009-12,20091201,21579,16393,United Kingdom,1,2.25,2.25,0,0,0,0,Year 2009-2010
812,489536,2009-12-01 12:13:00,2009-12-01,2009-12,20091201,21577,16393,United Kingdom,2,2.25,4.5,0,0,0,0,Year 2009-2010
813,489536,2009-12-01 12:13:00,2009-12-01,2009-12,20091201,21931,16393,United Kingdom,5,1.95,9.75,0,0,0,0,Year 2009-2010
814,489536,2009-12-01 12:13:00,2009-12-01,2009-12,20091201,85099B,16393,United Kingdom,5,1.95,9.75,0,0,0,1,Year 2009-2010
815,489536,2009-12-01 12:13:00,2009-12-01,2009-12,20091201,20713,16393,United Kingdom,1,1.95,1.95,0,0,0,0,Year 2009-2010
816,489536,2009-12-01 12:13:00,2009-12-01,2009-12,20091201,20712,16393,United Kingdom,1,1.95,1.95,0,0,0,0,Year 2009-2010
817,489536,2009-12-01 12:13:00,2009-12-01,2009-12,20091201,16047,16393,United Kingdom,1,0.85,0.85,0,0,0,0,Year 2009-2010
818,489536,2009-12-01 12:13:00,2009-12-01,2009-12,20091201,21561,16393,United Kingdom,1,2.55,2.55,0,0,0,0,Year 2009-2010
819,489536,2009-12-01 12:13:00,2009-12-01,2009-12,20091201,20814,16393,United Kingdom,1,1.25,1.25,0,0,0,0,Year 2009-2010
820,489536,2009-12-01 12:13:00,2009-12-01,2009-12,20091201,21122,16393,United Kingdom,1,1.25,1.25,0,0,0,0,Year 2009-2010
821,489536,2009-12-01 12:13:00,2009-12-01,2009-12,20091201,21232,16393,United Kingdom,3,1.25,3.75,0,0,0,0,Year 2009-2010
822,489536,2009-12-01 12:13:00,2009-12-01,2009-12,20091201,84946,16393,United Kingdom,6,1.25,7.5,0,0,0,0,Year 2009-2010
823,489536,2009-12-01 12:13:00,2009-12-01,2009-12,20091201,22068,16393,United Kingdom,4,1.65,6.6,0,0,0,0,Year 2009-2010
824,489536,2009-12-01 12:13:00,2009-12-01,2009-12,20091201,21377,16393,United Kingdom,1,1.65,1.65,0,0,0,0,Year 2009-2010
825,489536,2009-12-01 12:13:00,2009-12-01,2009-12,20091201,21379,16393,United Kingdom,1,1.25,1.25,0,0,0,0,Year 2009-2010
826,489536,2009-12-01 12:13:00,2009-12-01,2009-12,20091201,20956,16393,United Kingdom,1,1.25,1.25,0,0,0,0,Year 2009-2010
827,489536,2009-12-01 12:13:00,2009-12-01,2009-12,20091201,21018,16393,United Kingdom,1,0.85,0.85,0,0,0,0,Year 2009-2010
828,489536,2009-12-01 12:13:00,2009-12-01,2009-12,20091201,35995,16393,United Kingdom,1,2.1,2.1,0,0,0,0,Year 2009-2010
829,489536,2009-12-01 12:13:00,2009-12-01,2009-12,20091201,21578,16393,United Kingdom,2,2.25,4.5,0,0,0,0,Year 2009-2010
830,489536,2009-12-01 12:13:00,2009-12-01,2009-12,20091201,22355,16393,United Kingdom,9,0.85,7.6499999999999995,0,0,0,0,Year 2009-2010
831,489536,2009-12-01 12:13:00,2009-12-01,2009-12,20091201,21934,16393,United Kingdom,2,1.65,3.3,0,0,0,0,Year 2009-2010
832,489536,2009-12-01 12:13:00,2009-12-01,2009-12,20091201,22356,16393,United Kingdom,3,0.85,2.55,0,0,0,0,Year 2009-2010
833,489536,2009-12-01 12:13:00,2009-12-01,2009-12,20091201,21581,16393,United Kingdom,4,2.25,9.0,0,0,0,0,Year 2009-2010
834,489536,2009-12-01 12:13:00,2009-12-01,2009-12,20091201,20956,16393,United Kingdom,2,1.25,2.5,0,0,0,0,Year 2009-2010
835,489536,2009-12-01 12:13:00,2009-12-01,2009-12,20091201,20727,16393,United Kingdom,3,1.65,4.949999999999999,0,0,0,0,Year 2009-2010
836,489536,2009-12-01 12:13:00,2009-12-01,2009-12,20091201,21071,16393,United Kingdom,1,1.25,1.25,0,0,0,0,Year 2009-2010
837,489536,2009-12-01 12:13:00,2009-12-01,2009-12,20091201,21068,16393,United Kingdom,1,1.25,1.25,0,0,0,0,Year 2009-2010
838,489536,2009-12-01 12:13:00,2009-12-01,2009-12,20091201,22189,16393,United Kingdom,1,3.95,3.95,0,0,0,0,Year 2009-2010
839,489536,2009-12-01 12:13:00,2009-12-01,2009-12,20091201,48179,16393,United Kingdom,1,6.75,6.75,0,0,0,0,Year 2009-2010
840,489537,2009-12-01 12:14:00,2009-12-01,2009-12,20091201,48129,14040,United Kingdom,1,6.75,6.75,0,0,0,0,Year 2009-2010
841,489537,2009-12-01 12:14:00,2009-12-01,2009-12,20091201,21523,14040,United Kingdom,1,6.75,6.75,0,0,0,0,Year 2009-2010
842,489537,2009-12-01 12:14:00,2009-12-01,2009-12,20091201,48188,14040,United Kingdom,2,6.75,13.5,0,0,0,0,Year 2009-2010
843,489537,2009-12-01 12:14:00,2009-12-01,2009-12,20091201,48111,14040,United Kingdom,2,6.75,13.5,0,0,0,0,Year 2009-2010
844,489537,2009-12-01 12:14:00,2009-12-01,2009-12,20091201,48194,14040,United Kingdom,2,6.75,13.5,0,0,0,0,Year 2009-2010
845,489537,2009-12-01 12:14:00,2009-12-01,2009-12,20091201,20685,14040,United Kingdom,2,6.75,13.5,0,0,0,0,Year 2009-2010
846,489537,2009-12-01 12:14:00,2009-12-01,2009-12,20091201,48195,14040,United Kingdom,2,6.75,13.5,0,0,0,0,Year 2009-2010
847,489537,2009-12-01 12:14:00,2009-12-01,2009-12,20091201,48184,14040,United Kingdom,2,6.75,13.5,0,0,0,0,Year 2009-2010
848,489537,2009-12-01 12:14:00,2009-12-01,2009-12,20091201,21733,14040,United Kingdom,10,2.95,29.5,0,0,0,0,Year 2009-2010
849,489537,2009-12-01 12:14:00,2009-12-01,2009-12,20091201,21777,14040,United Kingdom,4,7.95,31.8,0,0,0,0,Year 2009-2010
850,489537,2009-12-01 12:14:00,2009-12-01,2009-12,20091201,20969,14040,United Kingdom,4,3.75,15.0,0,0,0,0,Year 2009-2010
851,489537,2009-12-01 12:14:00,2009-12-01,2009-12,20091201,20970,14040,United Kingdom,4,3.75,15.0,0,0,0,0,Year 2009-2010
852,489537,2009-12-01 12:14:00,2009-12-01,2009-12,20091201,20968,14040,United Kingdom,4,3.75,15.0,0,0,0,0,Year 2009-2010
853,489537,2009-12-01 12:14:00,2009-12-01,2009-12,20091201,20967,14040,United Kingdom,2,3.75,7.5,0,0,0,0,Year 2009-2010
854,489537,2009-12-01 12:14:00,2009-12-01,2009-12,20091201,21737,14040,United Kingdom,1,19.95,19.95,0,0,0,0,Year 2009-2010
855,489537,2009-12-01 12:14:00,2009-12-01,2009-12,20091201,84899E,14040,United Kingdom,2,1.25,2.5,0,0,0,0,Year 2009-2010
856,489537,2009-12-01 12:14:00,2009-12-01,2009-12,20091201,84899F,14040,United Kingdom,3,1.25,3.75,0,0,0,0,Year 2009-2010
857,489537,2009-12-01 12:14:00,2009-12-01,2009-12,20091201,84898F,14040,United Kingdom,5,2.1,10.5,0,0,0,0,Year 2009-2010
858,489537,2009-12-01 12:14:00,2009-12-01,2009-12,20091201,20971,14040,United Kingdom,5,1.25,6.25,0,0,0,0,Year 2009-2010
859,489537,2009-12-01 12:14:00,2009-12-01,2009-12,20091201,20972,14040,United Kingdom,5,1.25,6.25,0,0,0,0,Year 2009-2010
860,489537,2009-12-01 12:14:00,2009-12-01,2009-12,20091201,22207,14040,United Kingdom,1,4.25,4.25,0,0,0,0,Year 2009-2010
861,489537,2009-12-01 12:14:00,2009-12-01,2009-12,20091201,21016,14040,United Kingdom,1,0.85,0.85,0,0,0,0,Year 2009-2010
862,489537,2009-12-01 12:14:00,2009-12-01,2009-12,20091201,22115,14040,United Kingdom,1,2.95,2.95,0,0,0,0,Year 2009-2010
863,489537,2009-12-01 12:14:00,2009-12-01,2009-12,20091201,22273,14040,United Kingdom,2,2.95,5.9,0,0,0,0,Year 2009-2010
864,489537,2009-12-01 12:14:00,2009-12-01,2009-12,20091201,20828,14040,United Kingdom,6,2.55,15.299999999999999,0,0,0,0,Year 2009-2010
865,489537,2009-12-01 12:14:00,2009-12-01,2009-12,20091201,20829,14040,United Kingdom,6,2.1,12.600000000000001,0,0,0,0,Year 2009-2010
866,489537,2009-12-01 12:14:00,2009-12-01,2009-12,20091201,85231B,14040,United Kingdom,5,0.85,4.25,0,0,0,1,Year 2009-2010
867,489537,2009-12-01 12:14:00,2009-12-01,2009-12,20091201,85231G,14040,United Kingdom,5,0.85,4.25,0,0,0,0,Year 2009-2010
868,489537,2009-12-01 12:14:00,2009-12-01,2009-12,20091201,21407,14040,United Kingdom,1,4.25,4.25,0,0,0,0,Year 2009-2010
869,489537,2009-12-01 12:14:00,2009-12-01,2009-12,20091201,21410,14040,United Kingdom,2,4.25,8.5,0,0,0,0,Year 2009-2010
870,489537,2009-12-01 12:14:00,2009-12-01,2009-12,20091201,72800F,14040,United Kingdom,1,2.55,2.55,0,0,0,0,Year 2009-2010
871,489537,2009-12-01 12:14:00,2009-12-01,2009-12,20091201,21411,14040,United Kingdom,4,4.25,17.0,0,0,0,0,Year 2009-2010
872,489537,2009-12-01 12:14:00,2009-12-01,2009-12,20091201,21993,14040,United Kingdom,3,2.95,8.850000000000001,0,0,0,0,Year 2009-2010
873,489537,2009-12-01 12:14:00,2009-12-01,2009-12,20091201,84032B,14040,United Kingdom,4,2.95,11.8,0,0,0,1,Year 2009-2010
874,489537,2009-12-01 12:14:00,2009-12-01,2009-12,20091201,22125,14040,United Kingdom,3,5.95,17.85,0,0,0,0,Year 2009-2010
875,489537,2009-12-01 12:14:00,2009-12-01,2009-12,20091201,84032A,14040,United Kingdom,4,2.95,11.8,0,0,0,0,Year 2009-2010
876,489537,2009-12-01 12:14:00,2009-12-01,2009-12,20091201,21482,14040,United Kingdom,3,2.95,8.850000000000001,0,0,0,0,Year 2009-2010
877,489537,2009-12-01 12:14:00,2009-12-01,2009-12,20091201,21479,14040,United Kingdom,2,3.75,7.5,0,0,0,0,Year 2009-2010
878,489537,2009-12-01 12:14:00,2009-12-01,2009-12,20091201,21480,14040,United Kingdom,5,2.95,14.75,0,0,0,0,Year 2009-2010
879,489537,2009-12-01 12:14:00,2009-12-01,2009-12,20091201,21486,14040,United Kingdom,2,3.75,7.5,0,0,0,0,Year 2009-2010
880,489537,2009-12-01 12:14:00,2009-12-01,2009-12,20091201,21481,14040,United Kingdom,3,2.95,8.850000000000001,0,0,0,0,Year 2009-2010
881,489537,2009-12-01 12:14:00,2009-12-01,2009-12,20091201,72008,14040,United Kingdom,24,0.42,10.08,0,0,0,0,Year 2009-2010
882,489537,2009-12-01 12:14:00,2009-12-01,2009-12,20091201,21231,14040,United Kingdom,20,1.25,25.0,0,0,0,0,Year 2009-2010
883,489537,2009-12-01 12:14:00,2009-12-01,2009-12,20091201,21232,14040,United Kingdom,20,1.25,25.0,0,0,0,0,Year 2009-2010
884,489537,2009-12-01 12:14:00,2009-12-01,2009-12,20091201,21813,14040,United Kingdom,1,4.95,4.95,0,0,0,0,Year 2009-2010
885,489537,2009-12-01 12:14:00,2009-12-01,2009-12,20091201,21812,14040,United Kingdom,4,4.95,19.8,0,0,0,0,Year 2009-2010
886,489537,2009-12-01 12:14:00,2009-12-01,2009-12,20091201,21489,14040,United Kingdom,3,3.95,11.850000000000001,0,0,0,0,Year 2009-2010
887,489537,2009-12-01 12:14:00,2009-12-01,2009-12,20091201,21488,14040,United Kingdom,3,3.95,11.850000000000001,0,0,0,0,Year 2009-2010
888,489537,2009-12-01 12:14:00,2009-12-01,2009-12,20091201,84029E,14040,United Kingdom,1,3.75,3.75,0,0,0,0,Year 2009-2010
889,489537,2009-12-01 12:14:00,2009-12-01,2009-12,20091201,75013B,14040,United Kingdom,3,1.65,4.949999999999999,0,0,0,1,Year 2009-2010
890,489537,2009-12-01 12:14:00,2009-12-01,2009-12,20091201,72800E,14040,United Kingdom,4,2.55,10.2,0,0,0,0,Year 2009-2010
891,489537,2009-12-01 12:14:00,2009-12-01,2009-12,20091201,72800F,14040,United Kingdom,3,2.55,7.6499999999999995,0,0,0,0,Year 2009-2010
892,489537,2009-12-01 12:14:00,2009-12-01,2009-12,20091201,72801G,14040,United Kingdom,3,1.25,3.75,0,0,0,0,Year 2009-2010
893,489537,2009-12-01 12:14:00,2009-12-01,2009-12,20091201,72801F,14040,United Kingdom,6,1.25,7.5,0,0,0,0,Year 2009-2010
894,489537,2009-12-01 12:14:00,2009-12-01,2009-12,20091201,72801E,14040,United Kingdom,6,1.25,7.5,0,0,0,0,Year 2009-2010
895,489537,2009-12-01 12:14:00,2009-12-01,2009-12,20091201,21790,14040,United Kingdom,11,0.85,9.35,0,0,0,0,Year 2009-2010
896,489537,2009-12-01 12:14:00,2009-12-01,2009-12,20091201,21791,14040,United Kingdom,6,1.25,7.5,0,0,0,0,Year 2009-2010
897,489537,2009-12-01 12:14:00,2009-12-01,2009-12,20091201,21888,14040,United Kingdom,3,3.75,11.25,0,0,0,0,Year 2009-2010
898,489537,2009-12-01 12:14:00,2009-12-01,2009-12,20091201,21351,14040,United Kingdom,2,6.75,13.5,0,0,0,0,Year 2009-2010
899,C489538,2009-12-01 12:18:00,2009-12-01,2009-12,20091201,22183,15796,United Kingdom,-4,6.75,-27.0,1,1,0,0,Year 2009-2010
900,C489538,2009-12-01 12:18:00,2009-12-01,2009-12,20091201,POST,15796,United Kingdom,-1,9.58,-9.58,1,1,0,1,Year 2009-2010
901,489540,2009-12-01 12:18:00,2009-12-01,2009-12,20091201,21732,12913,United Kingdom,24,3.39,81.36,0,0,0,0,Year 2009-2010
902,489540,2009-12-01 12:18:00,2009-12-01,2009-12,20091201,21754,12913,United Kingdom,24,5.45,130.8,0,0,0,0,Year 2009-2010
903,489540,2009-12-01 12:18:00,2009-12-01,2009-12,20091201,22083,12913,United Kingdom,58,2.55,147.89999999999998,0,0,0,0,Year 2009-2010
904,489540,2009-12-01 12:18:00,2009-12-01,2009-12,20091201,22086,12913,United Kingdom,58,2.55,147.89999999999998,0,0,0,0,Year 2009-2010
905,489540,2009-12-01 12:18:00,2009-12-01,2009-12,20091201,84946,12913,United Kingdom,24,1.25,30.0,0,0,0,0,Year 2009-2010
906,C489541,2009-12-01 12:18:00,2009-12-01,2009-12,20091201,21254,15091,United Kingdom,-4,2.95,-11.8,1,1,0,0,Year 2009-2010
907,489539,2009-12-01 12:18:00,2009-12-01,2009-12,20091201,22086,15061,United Kingdom,160,2.55,408.0,0,0,0,0,Year 2009-2010
908,489539,2009-12-01 12:18:00,2009-12-01,2009-12,20091201,22083,15061,United Kingdom,160,2.55,408.0,0,0,0,0,Year 2009-2010
909,489539,2009-12-01 12:18:00,2009-12-01,2009-12,20091201,85041,15061,United Kingdom,48,1.45,69.6,0,0,0,0,Year 2009-2010
910,489539,2009-12-01 12:18:00,2009-12-01,2009-12,20091201,85040B,15061,United Kingdom,192,1.45,278.4,0,0,0,1,Year 2009-2010
911,489539,2009-12-01 12:18:00,2009-12-01,2009-12,20091201,84879,15061,United Kingdom,96,1.69,162.24,0,0,0,0,Year 2009-2010
912,489539,2009-12-01 12:18:00,2009-12-01,2009-12,20091201,79323P,15061,United Kingdom,24,5.45,130.8,0,0,0,0,Year 2009-2010
913,489539,2009-12-01 12:18:00,2009-12-01,2009-12,20091201,48184,15061,United Kingdom,20,5.95,119.0,0,0,0,0,Year 2009-2010
914,489539,2009-12-01 12:18:00,2009-12-01,2009-12,20091201,37461,15061,United Kingdom,96,0.85,81.6,0,0,0,0,Year 2009-2010
915,489539,2009-12-01 12:18:00,2009-12-01,2009-12,20091201,22139,15061,United Kingdom,72,4.25,306.0,0,0,0,0,Year 2009-2010
916,489539,2009-12-01 12:18:00,2009-12-01,2009-12,20091201,21700,15061,United Kingdom,144,0.85,122.39999999999999,0,0,0,0,Year 2009-2010
917,489539,2009-12-01 12:18:00,2009-12-01,2009-12,20091201,21673,15061,United Kingdom,60,1.06,63.6,0,0,0,0,Year 2009-2010
918,489539,2009-12-01 12:18:00,2009-12-01,2009-12,20091201,21671,15061,United Kingdom,60,1.06,63.6,0,0,0,0,Year 2009-2010
919,489539,2009-12-01 12:18:00,2009-12-01,2009-12,20091201,21669,15061,United Kingdom,60,1.06,63.6,0,0,0,0,Year 2009-2010
920,489539,2009-12-01 12:18:00,2009-12-01,2009-12,20091201,21500,15061,United Kingdom,100,0.34,34.0,0,0,0,0,Year 2009-2010
921,489539,2009-12-01 12:18:00,2009-12-01,2009-12,20091201,20692,15061,United Kingdom,96,3.75,360.0,0,0,0,0,Year 2009-2010
922,489539,2009-12-01 12:18:00,2009-12-01,2009-12,20091201,20685,15061,United Kingdom,30,5.95,178.5,0,0,0,0,Year 2009-2010
923,489539,2009-12-01 12:18:00,2009-12-01,2009-12,20091201,16237,15061,United Kingdom,180,0.21,37.8,0,0,0,0,Year 2009-2010
924,489542,2009-12-01 12:19:00,2009-12-01,2009-12,20091201,37410,15061,United Kingdom,216,0.85,183.6,0,0,0,0,Year 2009-2010
925,489542,2009-12-01 12:19:00,2009-12-01,2009-12,20091201,22139,15061,United Kingdom,48,4.25,204.0,0,0,0,0,Year 2009-2010
926,C489543,2009-12-01 12:19:00,2009-12-01,2009-12,20091201,35400,14292,United Kingdom,-2,8.95,-17.9,1,1,0,0,Year 2009-2010
927,489544,2009-12-01 12:20:00,2009-12-01,2009-12,20091201,22086,14341,United Kingdom,18,2.95,53.1,0,0,0,0,Year 2009-2010
928,489544,2009-12-01 12:20:00,2009-12-01,2009-12,20091201,84347,14341,United Kingdom,18,2.55,45.9,0,0,0,0,Year 2009-2010
929,489544,2009-12-01 12:20:00,2009-12-01,2009-12,20091201,22065,14341,United Kingdom,12,1.45,17.4,0,0,0,0,Year 2009-2010
930,489544,2009-12-01 12:20:00,2009-12-01,2009-12,20091201,21813,14341,United Kingdom,6,4.95,29.700000000000003,0,0,0,0,Year 2009-2010
931,489544,2009-12-01 12:20:00,2009-12-01,2009-12,20091201,84251F,14341,United Kingdom,12,0.19,2.2800000000000002,0,0,0,0,Year 2009-2010
932,489544,2009-12-01 12:20:00,2009-12-01,2009-12,20091201,20975,14341,United Kingdom,24,0.65,15.600000000000001,0,0,0,0,Year 2009-2010
933,489544,2009-12-01 12:20:00,2009-12-01,2009-12,20091201,21080,14341,United Kingdom,12,0.85,10.2,0,0,0,0,Year 2009-2010
934,489544,2009-12-01 12:20:00,2009-12-01,2009-12,20091201,21844,14341,United Kingdom,6,2.95,17.700000000000003,0,0,0,0,Year 2009-2010
935,489544,2009-12-01 12:20:00,2009-12-01,2009-12,20091201,22070,14341,United Kingdom,6,3.75,22.5,0,0,0,0,Year 2009-2010
936,489544,2009-12-01 12:20:00,2009-12-01,2009-12,20091201,21980,14341,United Kingdom,48,0.29,13.919999999999998,0,0,0,0,Year 2009-2010
937,489544,2009-12-01 12:20:00,2009-12-01,2009-12,20091201,21967,14341,United Kingdom,48,0.29,13.919999999999998,0,0,0,0,Year 2009-2010
938,489544,2009-12-01 12:20:00,2009-12-01,2009-12,20091201,22125,14341,United Kingdom,3,5.95,17.85,0,0,0,0,Year 2009-2010
939,489544,2009-12-01 12:20:00,2009-12-01,2009-12,20091201,21364,14341,United Kingdom,1,6.75,6.75,0,0,0,0,Year 2009-2010
940,489544,2009-12-01 12:20:00,2009-12-01,2009-12,20091201,21809,14341,United Kingdom,12,1.25,15.0,0,0,0,0,Year 2009-2010
941,489545,2009-12-01 12:22:00,2009-12-01,2009-12,20091201,90062,17804,United Kingdom,1,12.75,12.75,0,0,0,0,Year 2009-2010
942,489545,2009-12-01 12:22:00,2009-12-01,2009-12,20091201,21480,17804,United Kingdom,2,2.95,5.9,0,0,0,0,Year 2009-2010
943,489545,2009-12-01 12:22:00,2009-12-01,2009-12,20091201,22110,17804,United Kingdom,1,3.45,3.45,0,0,0,0,Year 2009-2010
944,489545,2009-12-01 12:22:00,2009-12-01,2009-12,20091201,22113,17804,United Kingdom,1,3.45,3.45,0,0,0,0,Year 2009-2010
945,489545,2009-12-01 12:22:00,2009-12-01,2009-12,20091201,21484,17804,United Kingdom,2,3.45,6.9,0,0,0,0,Year 2009-2010
946,489545,2009-12-01 12:22:00,2009-12-01,2009-12,20091201,20914,17804,United Kingdom,1,2.95,2.95,0,0,0,0,Year 2009-2010
947,489545,2009-12-01 12:22:00,2009-12-01,2009-12,20091201,84977,17804,United Kingdom,6,1.25,7.5,0,0,0,0,Year 2009-2010
948,489545,2009-12-01 12:22:00,2009-12-01,2009-12,20091201,21868,17804,United Kingdom,1,1.25,1.25,0,0,0,0,Year 2009-2010
949,489545,2009-12-01 12:22:00,2009-12-01,2009-12,20091201,18010,17804,United Kingdom,6,0.42,2.52,0,0,0,0,Year 2009-2010
950,489545,2009-12-01 12:22:00,2009-12-01,2009-12,20091201,21162,17804,United Kingdom,1,1.45,1.45,0,0,0,0,Year 2009-2010
951,489545,2009-12-01 12:22:00,2009-12-01,2009-12,20091201,37370,17804,United Kingdom,2,1.25,2.5,0,0,0,0,Year 2009-2010
952,489545,2009-12-01 12:22:00,2009-12-01,2009-12,20091201,22152,17804,United Kingdom,15,0.42,6.3,0,0,0,0,Year 2009-2010
953,489545,2009-12-01 12:22:00,2009-12-01,2009-12,20091201,72267,17804,United Kingdom,3,2.1,6.300000000000001,0,0,0,0,Year 2009-2010
954,489545,2009-12-01 12:22:00,2009-12-01,2009-12,20091201,22139,17804,United Kingdom,4,4.95,19.8,0,0,0,0,Year 2009-2010
955,489545,2009-12-01 12:22:00,2009-12-01,2009-12,20091201,22143,17804,United Kingdom,1,2.1,2.1,0,0,0,0,Year 2009-2010
956,489545,2009-12-01 12:22:00,2009-12-01,2009-12,20091201,22197,17804,United Kingdom,3,0.85,2.55,0,0,0,0,Year 2009-2010
957,489545,2009-12-01 12:22:00,2009-12-01,2009-12,20091201,22081,17804,United Kingdom,1,1.65,1.65,0,0,0,0,Year 2009-2010
958,489545,2009-12-01 12:22:00,2009-12-01,2009-12,20091201,22079,17804,United Kingdom,1,1.65,1.65,0,0,0,0,Year 2009-2010
959,489545,2009-12-01 12:22:00,2009-12-01,2009-12,20091201,22273,17804,United Kingdom,1,2.95,2.95,0,0,0,0,Year 2009-2010
960,489545,2009-12-01 12:22:00,2009-12-01,2009-12,20091201,22272,17804,United Kingdom,1,2.95,2.95,0,0,0,0,Year 2009-2010
961,489545,2009-12-01 12:22:00,2009-12-01,2009-12,20091201,22274,17804,United Kingdom,1,2.95,2.95,0,0,0,0,Year 2009-2010
962,489545,2009-12-01 12:22:00,2009-12-01,2009-12,20091201,21124,17804,United Kingdom,1,1.25,1.25,0,0,0,0,Year 2009-2010
963,489545,2009-12-01 12:22:00,2009-12-01,2009-12,20091201,21122,17804,United Kingdom,1,1.25,1.25,0,0,0,0,Year 2009-2010
964,489545,2009-12-01 12:22:00,2009-12-01,2009-12,20091201,20758,17804,United Kingdom,3,0.85,2.55,0,0,0,0,Year 2009-2010
965,489545,2009-12-01 12:22:00,2009-12-01,2009-12,20091201,20756,17804,United Kingdom,3,0.85,2.55,0,0,0,0,Year 2009-2010
966,489545,2009-12-01 12:22:00,2009-12-01,2009-12,20091201,21126,17804,United Kingdom,1,1.25,1.25,0,0,0,0,Year 2009-2010
967,489545,2009-12-01 12:22:00,2009-12-01,2009-12,20091201,21125,17804,United Kingdom,1,1.25,1.25,0,0,0,0,Year 2009-2010
968,489545,2009-12-01 12:22:00,2009-12-01,2009-12,20091201,22154,17804,United Kingdom,8,0.42,3.36,0,0,0,0,Year 2009-2010
969,489545,2009-12-01 12:22:00,2009-12-01,2009-12,20091201,22102,17804,United Kingdom,3,1.65,4.949999999999999,0,0,0,0,Year 2009-2010
970,489545,2009-12-01 12:22:00,2009-12-01,2009-12,20091201,35955,17804,United Kingdom,4,0.42,1.68,0,0,0,0,Year 2009-2010
971,489545,2009-12-01 12:22:00,2009-12-01,2009-12,20091201,35954,17804,United Kingdom,6,0.42,2.52,0,0,0,0,Year 2009-2010
972,489545,2009-12-01 12:22:00,2009-12-01,2009-12,20091201,35957,17804,United Kingdom,6,0.42,2.52,0,0,0,0,Year 2009-2010
973,489546,2009-12-01 12:30:00,2009-12-01,2009-12,20091201,84050,14156,EIRE,6,1.65,9.899999999999999,0,0,0,0,Year 2009-2010
974,489546,2009-12-01 12:30:00,2009-12-01,2009-12,20091201,47568,14156,EIRE,6,2.1,12.600000000000001,0,0,0,0,Year 2009-2010
975,489546,2009-12-01 12:30:00,2009-12-01,2009-12,20091201,84782A,14156,EIRE,2,12.75,25.5,0,0,0,0,Year 2009-2010
976,489546,2009-12-01 12:30:00,2009-12-01,2009-12,20091201,84782C,14156,EIRE,1,12.75,12.75,0,0,0,0,Year 2009-2010
977,489546,2009-12-01 12:30:00,2009-12-01,2009-12,20091201,21232,14156,EIRE,12,1.25,15.0,0,0,0,0,Year 2009-2010
978,489546,2009-12-01 12:30:00,2009-12-01,2009-12,20091201,21231,14156,EIRE,12,1.25,15.0,0,0,0,0,Year 2009-2010
979,489546,2009-12-01 12:30:00,2009-12-01,2009-12,20091201,22186,14156,EIRE,6,2.95,17.700000000000003,0,0,0,0,Year 2009-2010
980,489546,2009-12-01 12:30:00,2009-12-01,2009-12,20091201,22169,14156,EIRE,4,8.5,34.0,0,0,0,0,Year 2009-2010
981,489546,2009-12-01 12:30:00,2009-12-01,2009-12,20091201,82494L,14156,EIRE,6,2.95,17.700000000000003,0,0,0,0,Year 2009-2010
982,489546,2009-12-01 12:30:00,2009-12-01,2009-12,20091201,84933A,14156,EIRE,6,2.1,12.600000000000001,0,0,0,0,Year 2009-2010
983,489546,2009-12-01 12:30:00,2009-12-01,2009-12,20091201,84933B,14156,EIRE,6,2.1,12.600000000000001,0,0,0,1,Year 2009-2010
984,489546,2009-12-01 12:30:00,2009-12-01,2009-12,20091201,22201,14156,EIRE,4,4.25,17.0,0,0,0,0,Year 2009-2010
985,489546,2009-12-01 12:30:00,2009-12-01,2009-12,20091201,37503,14156,EIRE,4,10.75,43.0,0,0,0,0,Year 2009-2010
986,489546,2009-12-01 12:30:00,2009-12-01,2009-12,20091201,48185,14156,EIRE,4,6.75,27.0,0,0,0,0,Year 2009-2010
987,489547,2009-12-01 12:30:00,2009-12-01,2009-12,20091201,22086,13599,United Kingdom,18,2.95,53.1,0,0,0,0,Year 2009-2010
988,489547,2009-12-01 12:30:00,2009-12-01,2009-12,20091201,21871,13599,United Kingdom,12,1.25,15.0,0,0,0,0,Year 2009-2010
989,489547,2009-12-01 12:30:00,2009-12-01,2009-12,20091201,21875,13599,United Kingdom,12,1.25,15.0,0,0,0,0,Year 2009-2010
990,489547,2009-12-01 12:30:00,2009-12-01,2009-12,20091201,21587,13599,United Kingdom,12,2.55,30.599999999999998,0,0,0,0,Year 2009-2010
991,489547,2009-12-01 12:30:00,2009-12-01,2009-12,20091201,21593,13599,United Kingdom,24,1.25,30.0,0,0,0,0,Year 2009-2010
992,489547,2009-12-01 12:30:00,2009-12-01,2009-12,20091201,21591,13599,United Kingdom,24,1.25,30.0,0,0,0,0,Year 2009-2010
993,489547,2009-12-01 12:30:00,2009-12-01,2009-12,20091201,21590,13599,United Kingdom,24,1.25,30.0,0,0,0,0,Year 2009-2010
994,489547,2009-12-01 12:30:00,2009-12-01,2009-12,20091201,22083,13599,United Kingdom,6,2.95,17.700000000000003,0,0,0,0,Year 2009-2010
995,489547,2009-12-01 12:30:00,2009-12-01,2009-12,20091201,22085,13599,United Kingdom,6,2.95,17.700000000000003,0,0,0,0,Year 2009-2010
996,489547,2009-12-01 12:30:00,2009-12-01,2009-12,20091201,21493,13599,United Kingdom,12,0.85,10.2,0,0,0,0,Year 2009-2010
997,489547,2009-12-01 12:30:00,2009-12-01,2009-12,20091201,22138,13599,United Kingdom,3,4.95,14.850000000000001,0,0,0,0,Year 2009-2010
998,489547,2009-12-01 12:30:00,2009-12-01,2009-12,20091201,21930,13599,United Kingdom,10,1.95,19.5,0,0,0,0,Year 2009-2010
999,489547,2009-12-01 12:30:00,2009-12-01,2009-12,20091201,85099B,13599,United Kingdom,10,1.95,19.5,0,0,0,1,Year 2009-2010
1000,489547,2009-12-01 12:30:00,2009-12-01,2009-12,20091201,85099C,13599,United Kingdom,10,1.95,19.5,0,0,0,0,Year 2009-2010
1001,489547,2009-12-01 12:30:00,2009-12-01,2009-12,20091201,20719,13599,United Kingdom,10,0.85,8.5,0,0,0,0,Year 2009-2010
1002,489547,2009-12-01 12:30:00,2009-12-01,2009-12,20091201,22356,13599,United Kingdom,100,0.72,72.0,0,0,0,0,Year 2009-2010
1003,489547,2009-12-01 12:30:00,2009-12-01,2009-12,20091201,20724,13599,United Kingdom,10,0.85,8.5,0,0,0,0,Year 2009-2010
1004,489547,2009-12-01 12:30:00,2009-12-01,2009-12,20091201,20727,13599,United Kingdom,10,1.65,16.5,0,0,0,0,Year 2009-2010
1005,489547,2009-12-01 12:30:00,2009-12-01,2009-12,20091201,20726,13599,United Kingdom,10,1.65,16.5,0,0,0,0,Year 2009-2010
1006,489547,2009-12-01 12:30:00,2009-12-01,2009-12,20091201,20725,13599,United Kingdom,20,1.65,33.0,0,0,0,0,Year 2009-2010
1007,489547,2009-12-01 12:30:00,2009-12-01,2009-12,20091201,22348,13599,United Kingdom,12,0.85,10.2,0,0,0,0,Year 2009-2010
1008,489547,2009-12-01 12:30:00,2009-12-01,2009-12,20091201,85061W,13599,United Kingdom,240,0.64,153.6,0,0,0,0,Year 2009-2010
1009,489546,2009-12-01 12:30:00,2009-12-01,2009-12,20091201,48188,14156,EIRE,2,6.75,13.5,0,0,0,0,Year 2009-2010
1010,489546,2009-12-01 12:30:00,2009-12-01,2009-12,20091201,48194,14156,EIRE,2,6.75,13.5,0,0,0,0,Year 2009-2010
1011,489546,2009-12-01 12:30:00,2009-12-01,2009-12,20091201,48129,14156,EIRE,2,6.75,13.5,0,0,0,0,Year 2009-2010
1012,489546,2009-12-01 12:30:00,2009-12-01,2009-12,20091201,84997D,14156,EIRE,6,3.75,22.5,0,0,0,1,Year 2009-2010
1013,489546,2009-12-01 12:30:00,2009-12-01,2009-12,20091201,21781,14156,EIRE,1,14.95,14.95,0,0,0,0,Year 2009-2010
1014,489546,2009-12-01 12:30:00,2009-12-01,2009-12,20091201,22111,14156,EIRE,3,4.95,14.850000000000001,0,0,0,0,Year 2009-2010
1015,489546,2009-12-01 12:30:00,2009-12-01,2009-12,20091201,21485,14156,EIRE,3,4.95,14.850000000000001,0,0,0,0,Year 2009-2010
1016,489546,2009-12-01 12:30:00,2009-12-01,2009-12,20091201,21484,14156,EIRE,4,3.45,13.8,0,0,0,0,Year 2009-2010
1017,489546,2009-12-01 12:30:00,2009-12-01,2009-12,20091201,20692,14156,EIRE,9,4.25,38.25,0,0,0,0,Year 2009-2010
1018,489546,2009-12-01 12:30:00,2009-12-01,2009-12,20091201,20768,14156,EIRE,6,2.55,15.299999999999999,0,0,0,0,Year 2009-2010
1019,489546,2009-12-01 12:30:00,2009-12-01,2009-12,20091201,21082,14156,EIRE,12,0.85,10.2,0,0,0,0,Year 2009-2010
1020,489546,2009-12-01 12:30:00,2009-12-01,2009-12,20091201,47591D,14156,EIRE,8,1.95,15.6,0,0,0,1,Year 2009-2010
1021,489546,2009-12-01 12:30:00,2009-12-01,2009-12,20091201,47591B,14156,EIRE,8,1.65,13.2,0,0,0,1,Year 2009-2010
1022,489546,2009-12-01 12:30:00,2009-12-01,2009-12,20091201,21004,14156,EIRE,3,4.25,12.75,0,0,0,0,Year 2009-2010
1023,489546,2009-12-01 12:30:00,2009-12-01,2009-12,20091201,21212,14156,EIRE,24,0.55,13.200000000000001,0,0,0,0,Year 2009-2010
1024,489546,2009-12-01 12:30:00,2009-12-01,2009-12,20091201,20751,14156,EIRE,12,2.1,25.200000000000003,0,0,0,0,Year 2009-2010
1025,489546,2009-12-01 12:30:00,2009-12-01,2009-12,20091201,22195,14156,EIRE,12,1.65,19.799999999999997,0,0,0,0,Year 2009-2010
1026,489546,2009-12-01 12:30:00,2009-12-01,2009-12,20091201,22196,14156,EIRE,12,0.85,10.2,0,0,0,0,Year 2009-2010
1027,489546,2009-12-01 12:30:00,2009-12-01,2009-12,20091201,22199,14156,EIRE,4,4.25,17.0,0,0,0,0,Year 2009-2010
1028,489548,2009-12-01 12:32:00,2009-12-01,2009-12,20091201,22271,,United Kingdom,1,2.95,2.95,0,0,1,0,Year 2009-2010
1029,489548,2009-12-01 12:32:00,2009-12-01,2009-12,20091201,22254,,United Kingdom,12,1.25,15.0,0,0,1,0,Year 2009-2010
1030,489548,2009-12-01 12:32:00,2009-12-01,2009-12,20091201,22273,,United Kingdom,3,2.95,8.850000000000001,0,0,1,0,Year 2009-2010
1031,489548,2009-12-01 12:32:00,2009-12-01,2009-12,20091201,22195,,United Kingdom,1,1.65,1.65,0,0,1,0,Year 2009-2010
1032,489548,2009-12-01 12:32:00,2009-12-01,2009-12,20091201,22131,,United Kingdom,2,1.95,3.9,0,0,1,0,Year 2009-2010
1033,489548,2009-12-01 12:32:00,2009-12-01,2009-12,20091201,22079,,United Kingdom,10,1.65,16.5,0,0,1,0,Year 2009-2010
1034,489548,2009-12-01 12:32:00,2009-12-01,2009-12,20091201,22138,,United Kingdom,3,4.95,14.850000000000001,0,0,1,0,Year 2009-2010
1035,489548,2009-12-01 12:32:00,2009-12-01,2009-12,20091201,22147,,United Kingdom,2,1.45,2.9,0,0,1,0,Year 2009-2010
1036,489548,2009-12-01 12:32:00,2009-12-01,2009-12,20091201,22142,,United Kingdom,2,1.45,2.9,0,0,1,0,Year 2009-2010
1037,489548,2009-12-01 12:32:00,2009-12-01,2009-12,20091201,22150,,United Kingdom,2,1.95,3.9,0,0,1,0,Year 2009-2010
1038,489548,2009-12-01 12:32:00,2009-12-01,2009-12,20091201,20804,,United Kingdom,1,1.65,1.65,0,0,1,0,Year 2009-2010
1039,489548,2009-12-01 12:32:00,2009-12-01,2009-12,20091201,22196,,United Kingdom,8,0.85,6.8,0,0,1,0,Year 2009-2010
1040,489548,2009-12-01 12:32:00,2009-12-01,2009-12,20091201,22086,,United Kingdom,3,2.95,8.850000000000001,0,0,1,0,Year 2009-2010
1041,489548,2009-12-01 12:32:00,2009-12-01,2009-12,20091201,21115,,United Kingdom,1,6.75,6.75,0,0,1,0,Year 2009-2010
1042,489548,2009-12-01 12:32:00,2009-12-01,2009-12,20091201,21067,,United Kingdom,6,1.25,7.5,0,0,1,0,Year 2009-2010
1043,489548,2009-12-01 12:32:00,2009-12-01,2009-12,20091201,22134,,United Kingdom,12,0.42,5.04,0,0,1,0,Year 2009-2010
1044,489548,2009-12-01 12:32:00,2009-12-01,2009-12,20091201,22132,,United Kingdom,12,0.85,10.2,0,0,1,0,Year 2009-2010
1045,489548,2009-12-01 12:32:00,2009-12-01,2009-12,20091201,22196,,United Kingdom,1,0.85,0.85,0,0,1,0,Year 2009-2010
1046,489548,2009-12-01 12:32:00,2009-12-01,2009-12,20091201,22195,,United Kingdom,5,1.65,8.25,0,0,1,0,Year 2009-2010
1047,489548,2009-12-01 12:32:00,2009-12-01,2009-12,20091201,21086,,United Kingdom,25,0.65,16.25,0,0,1,0,Year 2009-2010
1048,489548,2009-12-01 12:32:00,2009-12-01,2009-12,20091201,20963,,United Kingdom,10,1.25,12.5,0,0,1,0,Year 2009-2010
1049,489548,2009-12-01 12:32:00,2009-12-01,2009-12,20091201,85053,,United Kingdom,1,2.1,2.1,0,0,1,0,Year 2009-2010
1050,489548,2009-12-01 12:32:00,2009-12-01,2009-12,20091201,84670,,United Kingdom,12,0.42,5.04,0,0,1,0,Year 2009-2010
1051,489548,2009-12-01 12:32:00,2009-12-01,2009-12,20091201,21559,,United Kingdom,2,2.55,5.1,0,0,1,0,Year 2009-2010
1052,489548,2009-12-01 12:32:00,2009-12-01,2009-12,20091201,21558,,United Kingdom,3,2.55,7.6499999999999995,0,0,1,0,Year 2009-2010
1053,489548,2009-12-01 12:32:00,2009-12-01,2009-12,20091201,22352,,United Kingdom,1,2.55,2.55,0,0,1,0,Year 2009-2010
1054,489548,2009-12-01 12:32:00,2009-12-01,2009-12,20091201,21004,,United Kingdom,3,4.25,12.75,0,0,1,0,Year 2009-2010
1055,489548,2009-12-01 12:32:00,2009-12-01,2009-12,20091201,21431,,United Kingdom,1,1.65,1.65,0,0,1,0,Year 2009-2010
1056,489548,2009-12-01 12:32:00,2009-12-01,2009-12,20091201,21980,,United Kingdom,12,0.29,3.4799999999999995,0,0,1,0,Year 2009-2010
1057,489548,2009-12-01 12:32:00,2009-12-01,2009-12,20091201,35004P,,United Kingdom,1,5.45,5.45,0,0,1,0,Year 2009-2010
1058,489548,2009-12-01 12:32:00,2009-12-01,2009-12,20091201,21321,,United Kingdom,6,2.55,15.299999999999999,0,0,1,0,Year 2009-2010
1059,489548,2009-12-01 12:32:00,2009-12-01,2009-12,20091201,22275,,United Kingdom,1,8.5,8.5,0,0,1,0,Year 2009-2010
1060,489548,2009-12-01 12:32:00,2009-12-01,2009-12,20091201,22276,,United Kingdom,1,2.55,2.55,0,0,1,0,Year 2009-2010
1061,489548,2009-12-01 12:32:00,2009-12-01,2009-12,20091201,21094,,United Kingdom,22,0.85,18.7,0,0,1,0,Year 2009-2010
1062,489548,2009-12-01 12:32:00,2009-12-01,2009-12,20091201,20753,,United Kingdom,1,2.1,2.1,0,0,1,0,Year 2009-2010
1063,489548,2009-12-01 12:32:00,2009-12-01,2009-12,20091201,20754,,United Kingdom,2,2.1,4.2,0,0,1,0,Year 2009-2010
1064,489548,2009-12-01 12:32:00,2009-12-01,2009-12,20091201,20752,,United Kingdom,3,2.1,6.300000000000001,0,0,1,0,Year 2009-2010
1065,489548,2009-12-01 12:32:00,2009-12-01,2009-12,20091201,21489,,United Kingdom,1,3.95,3.95,0,0,1,0,Year 2009-2010
1066,489548,2009-12-01 12:32:00,2009-12-01,2009-12,20091201,21488,,United Kingdom,1,3.95,3.95,0,0,1,0,Year 2009-2010
1067,489548,2009-12-01 12:32:00,2009-12-01,2009-12,20091201,22281,,United Kingdom,2,5.95,11.9,0,0,1,0,Year 2009-2010
1068,489548,2009-12-01 12:32:00,2009-12-01,2009-12,20091201,21320,,United Kingdom,6,2.55,15.299999999999999,0,0,1,0,Year 2009-2010
1069,489548,2009-12-01 12:32:00,2009-12-01,2009-12,20091201,22302,,United Kingdom,6,2.55,15.299999999999999,0,0,1,0,Year 2009-2010
1070,489548,2009-12-01 12:32:00,2009-12-01,2009-12,20091201,22303,,United Kingdom,6,2.55,15.299999999999999,0,0,1,0,Year 2009-2010
1071,489548,2009-12-01 12:32:00,2009-12-01,2009-12,20091201,21034,,United Kingdom,3,0.95,2.8499999999999996,0,0,1,0,Year 2009-2010
1072,489548,2009-12-01 12:32:00,2009-12-01,2009-12,20091201,21187,,United Kingdom,2,1.65,3.3,0,0,1,0,Year 2009-2010
1073,489548,2009-12-01 12:32:00,2009-12-01,2009-12,20091201,21186,,United Kingdom,6,1.65,9.899999999999999,0,0,1,0,Year 2009-2010
1074,489548,2009-12-01 12:32:00,2009-12-01,2009-12,20091201,22083,,United Kingdom,3,2.95,8.850000000000001,0,0,1,0,Year 2009-2010
1075,489548,2009-12-01 12:32:00,2009-12-01,2009-12,20091201,79000,,United Kingdom,12,0.85,10.2,0,0,1,0,Year 2009-2010
1076,489548,2009-12-01 12:32:00,2009-12-01,2009-12,20091201,22080,,United Kingdom,5,1.65,8.25,0,0,1,0,Year 2009-2010
1077,489548,2009-12-01 12:32:00,2009-12-01,2009-12,20091201,84706F,,United Kingdom,1,8.95,8.95,0,0,1,0,Year 2009-2010
1078,489548,2009-12-01 12:32:00,2009-12-01,2009-12,20091201,22274,,United Kingdom,1,2.95,2.95,0,0,1,0,Year 2009-2010
1079,C489549,2009-12-01 12:33:00,2009-12-01,2009-12,20091201,35400,13768,United Kingdom,-2,7.95,-15.9,1,1,0,0,Year 2009-2010
1080,489550,2009-12-01 12:33:00,2009-12-01,2009-12,20091201,48187,14156,EIRE,2,6.75,13.5,0,0,0,0,Year 2009-2010
1081,489550,2009-12-01 12:33:00,2009-12-01,2009-12,20091201,21523,14156,EIRE,2,6.75,13.5,0,0,0,0,Year 2009-2010
1082,489550,2009-12-01 12:33:00,2009-12-01,2009-12,20091201,84968C,14156,EIRE,4,12.75,51.0,0,0,0,0,Year 2009-2010
1083,489550,2009-12-01 12:33:00,2009-12-01,2009-12,20091201,84968F,14156,EIRE,2,12.75,25.5,0,0,0,0,Year 2009-2010
1084,489550,2009-12-01 12:33:00,2009-12-01,2009-12,20091201,84968B,14156,EIRE,2,12.75,25.5,0,0,0,1,Year 2009-2010
1085,489550,2009-12-01 12:33:00,2009-12-01,2009-12,20091201,21977,14156,EIRE,48,0.55,26.400000000000002,0,0,0,0,Year 2009-2010
1086,489550,2009-12-01 12:33:00,2009-12-01,2009-12,20091201,22276,14156,EIRE,6,2.55,15.299999999999999,0,0,0,0,Year 2009-2010
1087,489550,2009-12-01 12:33:00,2009-12-01,2009-12,20091201,72760B,14156,EIRE,4,9.95,39.8,0,0,0,1,Year 2009-2010
1088,489550,2009-12-01 12:33:00,2009-12-01,2009-12,20091201,85231L,14156,EIRE,12,0.85,10.2,0,0,0,0,Year 2009-2010
1089,489550,2009-12-01 12:33:00,2009-12-01,2009-12,20091201,85231G,14156,EIRE,12,0.85,10.2,0,0,0,0,Year 2009-2010
1090,489550,2009-12-01 12:33:00,2009-12-01,2009-12,20091201,21618,14156,EIRE,6,3.75,22.5,0,0,0,0,Year 2009-2010
1091,489550,2009-12-01 12:33:00,2009-12-01,2009-12,20091201,21615,14156,EIRE,6,3.75,22.5,0,0,0,0,Year 2009-2010
1092,489550,2009-12-01 12:33:00,2009-12-01,2009-12,20091201,21619,14156,EIRE,6,3.75,22.5,0,0,0,0,Year 2009-2010
1093,489550,2009-12-01 12:33:00,2009-12-01,2009-12,20091201,21612,14156,EIRE,6,2.95,17.700000000000003,0,0,0,0,Year 2009-2010
1094,489550,2009-12-01 12:33:00,2009-12-01,2009-12,20091201,85049A,14156,EIRE,12,1.25,15.0,0,0,0,0,Year 2009-2010
1095,489550,2009-12-01 12:33:00,2009-12-01,2009-12,20091201,85049B,14156,EIRE,12,1.25,15.0,0,0,0,1,Year 2009-2010
1096,489550,2009-12-01 12:33:00,2009-12-01,2009-12,20091201,85049G,14156,EIRE,12,1.25,15.0,0,0,0,0,Year 2009-2010
1097,489550,2009-12-01 12:33:00,2009-12-01,2009-12,20091201,21175,14156,EIRE,6,2.1,12.600000000000001,0,0,0,0,Year 2009-2010
1098,489550,2009-12-01 12:33:00,2009-12-01,2009-12,20091201,21770,14156,EIRE,2,4.95,9.9,0,0,0,0,Year 2009-2010
1099,489550,2009-12-01 12:33:00,2009-12-01,2009-12,20091201,20747,14156,EIRE,2,14.95,29.9,0,0,0,0,Year 2009-2010
1100,489550,2009-12-01 12:33:00,2009-12-01,2009-12,20091201,37500,14156,EIRE,2,9.95,19.9,0,0,0,0,Year 2009-2010
1101,489550,2009-12-01 12:33:00,2009-12-01,2009-12,20091201,84991,14156,EIRE,48,0.55,26.400000000000002,0,0,0,0,Year 2009-2010
1102,489550,2009-12-01 12:33:00,2009-12-01,2009-12,20091201,21637,14156,EIRE,18,1.25,22.5,0,0,0,0,Year 2009-2010
1103,C489551,2009-12-01 12:35:00,2009-12-01,2009-12,20091201,85048,17641,United Kingdom,-1,6.95,-6.95,1,1,0,0,Year 2009-2010
1104,489552,2009-12-01 12:36:00,2009-12-01,2009-12,20091201,35400,17063,United Kingdom,1,8.95,8.95,0,0,0,0,Year 2009-2010
1105,489552,2009-12-01 12:36:00,2009-12-01,2009-12,20091201,21901,17063,United Kingdom,10,0.65,6.5,0,0,0,0,Year 2009-2010
1106,489552,2009-12-01 12:36:00,2009-12-01,2009-12,20091201,21900,17063,United Kingdom,10,0.65,6.5,0,0,0,0,Year 2009-2010
1107,489552,2009-12-01 12:36:00,2009-12-01,2009-12,20091201,21902,17063,United Kingdom,12,0.65,7.800000000000001,0,0,0,0,Year 2009-2010
1108,489552,2009-12-01 12:36:00,2009-12-01,2009-12,20091201,22079,17063,United Kingdom,2,1.65,3.3,0,0,0,0,Year 2009-2010
1109,489552,2009-12-01 12:36:00,2009-12-01,2009-12,20091201,21223,17063,United Kingdom,2,1.25,2.5,0,0,0,0,Year 2009-2010
1110,489552,2009-12-01 12:36:00,2009-12-01,2009-12,20091201,21162,17063,United Kingdom,4,1.45,5.8,0,0,0,0,Year 2009-2010
1111,489552,2009-12-01 12:36:00,2009-12-01,2009-12,20091201,85049D,17063,United Kingdom,2,1.25,2.5,0,0,0,1,Year 2009-2010
1112,489552,2009-12-01 12:36:00,2009-12-01,2009-12,20091201,85049H,17063,United Kingdom,1,1.25,1.25,0,0,0,0,Year 2009-2010
1113,489552,2009-12-01 12:36:00,2009-12-01,2009-12,20091201,85049G,17063,United Kingdom,3,1.25,3.75,0,0,0,0,Year 2009-2010
1114,489552,2009-12-01 12:36:00,2009-12-01,2009-12,20091201,22086,17063,United Kingdom,2,2.95,5.9,0,0,0,0,Year 2009-2010
1115,489552,2009-12-01 12:36:00,2009-12-01,2009-12,20091201,22130,17063,United Kingdom,18,0.85,15.299999999999999,0,0,0,0,Year 2009-2010
1116,489552,2009-12-01 12:36:00,2009-12-01,2009-12,20091201,72756,17063,United Kingdom,9,1.49,13.41,0,0,0,0,Year 2009-2010
1117,489552,2009-12-01 12:36:00,2009-12-01,2009-12,20091201,84997A,17063,United Kingdom,6,3.75,22.5,0,0,0,0,Year 2009-2010
1118,489552,2009-12-01 12:36:00,2009-12-01,2009-12,20091201,84997D,17063,United Kingdom,6,3.75,22.5,0,0,0,1,Year 2009-2010
1119,489552,2009-12-01 12:36:00,2009-12-01,2009-12,20091201,84997B,17063,United Kingdom,6,3.75,22.5,0,0,0,1,Year 2009-2010
1120,489552,2009-12-01 12:36:00,2009-12-01,2009-12,20091201,84997C,17063,United Kingdom,6,3.75,22.5,0,0,0,0,Year 2009-2010
1121,489552,2009-12-01 12:36:00,2009-12-01,2009-12,20091201,21576,17063,United Kingdom,1,2.25,2.25,0,0,0,0,Year 2009-2010
1122,489552,2009-12-01 12:36:00,2009-12-01,2009-12,20091201,21580,17063,United Kingdom,1,2.25,2.25,0,0,0,0,Year 2009-2010
1123,489552,2009-12-01 12:36:00,2009-12-01,2009-12,20091201,22111,17063,United Kingdom,8,4.95,39.6,0,0,0,0,Year 2009-2010
1124,489552,2009-12-01 12:36:00,2009-12-01,2009-12,20091201,21479,17063,United Kingdom,10,3.75,37.5,0,0,0,0,Year 2009-2010
1125,489552,2009-12-01 12:36:00,2009-12-01,2009-12,20091201,21490,17063,United Kingdom,3,1.95,5.85,0,0,0,0,Year 2009-2010
1126,489552,2009-12-01 12:36:00,2009-12-01,2009-12,20091201,22271,17063,United Kingdom,2,2.95,5.9,0,0,0,0,Year 2009-2010
1127,489552,2009-12-01 12:36:00,2009-12-01,2009-12,20091201,22273,17063,United Kingdom,2,2.95,5.9,0,0,0,0,Year 2009-2010
1128,489552,2009-12-01 12:36:00,2009-12-01,2009-12,20091201,22272,17063,United Kingdom,2,2.95,5.9,0,0,0,0,Year 2009-2010
1129,C489553,2009-12-01 12:41:00,2009-12-01,2009-12,20091201,35004S,13545,United Kingdom,-1,6.35,-6.35,1,1,0,0,Year 2009-2010
1130,C489553,2009-12-01 12:41:00,2009-12-01,2009-12,20091201,35001W,13545,United Kingdom,-6,3.49,-20.94,1,1,0,0,Year 2009-2010
1131,C489554,2009-12-01 12:43:00,2009-12-01,2009-12,20091201,85042,13767,United Kingdom,-3,4.25,-12.75,1,1,0,0,Year 2009-2010
1132,C489554,2009-12-01 12:43:00,2009-12-01,2009-12,20091201,35001B,13767,United Kingdom,-2,2.95,-5.9,1,1,0,1,Year 2009-2010
1133,C489555,2009-12-01 12:44:00,2009-12-01,2009-12,20091201,21260,16955,United Kingdom,-6,3.25,-19.5,1,1,0,0,Year 2009-2010
1134,489556,2009-12-01 12:47:00,2009-12-01,2009-12,20091201,20866,15719,United Kingdom,2,1.25,2.5,0,0,0,0,Year 2009-2010
1135,489556,2009-12-01 12:47:00,2009-12-01,2009-12,20091201,20867,15719,United Kingdom,2,1.25,2.5,0,0,0,0,Year 2009-2010
1136,489556,2009-12-01 12:47:00,2009-12-01,2009-12,20091201,20979,15719,United Kingdom,4,1.25,5.0,0,0,0,0,Year 2009-2010
1137,489556,2009-12-01 12:47:00,2009-12-01,2009-12,20091201,20983,15719,United Kingdom,2,0.85,1.7,0,0,0,0,Year 2009-2010
1138,489556,2009-12-01 12:47:00,2009-12-01,2009-12,20091201,20981,15719,United Kingdom,1,0.85,0.85,0,0,0,0,Year 2009-2010
1139,489556,2009-12-01 12:47:00,2009-12-01,2009-12,20091201,10135,15719,United Kingdom,1,1.25,1.25,0,0,0,0,Year 2009-2010
1140,489556,2009-12-01 12:47:00,2009-12-01,2009-12,20091201,20975,15719,United Kingdom,8,0.65,5.2,0,0,0,0,Year 2009-2010
1141,489556,2009-12-01 12:47:00,2009-12-01,2009-12,20091201,20977,15719,United Kingdom,2,1.25,2.5,0,0,0,0,Year 2009-2010
1142,489556,2009-12-01 12:47:00,2009-12-01,2009-12,20091201,20974,15719,United Kingdom,3,0.65,1.9500000000000002,0,0,0,0,Year 2009-2010
1143,489556,2009-12-01 12:47:00,2009-12-01,2009-12,20091201,21114,15719,United Kingdom,15,1.25,18.75,0,0,0,0,Year 2009-2010
1144,489556,2009-12-01 12:47:00,2009-12-01,2009-12,20091201,85123A,15719,United Kingdom,3,2.95,8.850000000000001,0,0,0,0,Year 2009-2010
1145,489556,2009-12-01 12:47:00,2009-12-01,2009-12,20091201,72760B,15719,United Kingdom,2,9.95,19.9,0,0,0,1,Year 2009-2010
1146,489556,2009-12-01 12:47:00,2009-12-01,2009-12,20091201,85232A,15719,United Kingdom,1,4.95,4.95,0,0,0,0,Year 2009-2010
1147,489556,2009-12-01 12:47:00,2009-12-01,2009-12,20091201,21876,15719,United Kingdom,6,1.25,7.5,0,0,0,0,Year 2009-2010
1148,489556,2009-12-01 12:47:00,2009-12-01,2009-12,20091201,21212,15719,United Kingdom,24,0.55,13.200000000000001,0,0,0,0,Year 2009-2010
1149,489556,2009-12-01 12:47:00,2009-12-01,2009-12,20091201,22189,15719,United Kingdom,2,3.95,7.9,0,0,0,0,Year 2009-2010
1150,489556,2009-12-01 12:47:00,2009-12-01,2009-12,20091201,21217,15719,United Kingdom,2,9.95,19.9,0,0,0,0,Year 2009-2010
1151,489556,2009-12-01 12:47:00,2009-12-01,2009-12,20091201,21875,15719,United Kingdom,2,1.25,2.5,0,0,0,0,Year 2009-2010
1152,489556,2009-12-01 12:47:00,2009-12-01,2009-12,20091201,20972,15719,United Kingdom,1,1.25,1.25,0,0,0,0,Year 2009-2010
1153,489556,2009-12-01 12:47:00,2009-12-01,2009-12,20091201,35971,15719,United Kingdom,2,1.25,2.5,0,0,0,0,Year 2009-2010
1154,489556,2009-12-01 12:47:00,2009-12-01,2009-12,20091201,22138,15719,United Kingdom,1,4.95,4.95,0,0,0,0,Year 2009-2010
1155,489556,2009-12-01 12:47:00,2009-12-01,2009-12,20091201,22143,15719,United Kingdom,2,2.1,4.2,0,0,0,0,Year 2009-2010
1156,489556,2009-12-01 12:47:00,2009-12-01,2009-12,20091201,21486,15719,United Kingdom,1,3.75,3.75,0,0,0,0,Year 2009-2010
1157,489556,2009-12-01 12:47:00,2009-12-01,2009-12,20091201,21485,15719,United Kingdom,1,4.95,4.95,0,0,0,0,Year 2009-2010
1158,489556,2009-12-01 12:47:00,2009-12-01,2009-12,20091201,22125,15719,United Kingdom,1,5.95,5.95,0,0,0,0,Year 2009-2010
1159,489556,2009-12-01 12:47:00,2009-12-01,2009-12,20091201,21479,15719,United Kingdom,1,3.75,3.75,0,0,0,0,Year 2009-2010
1160,489556,2009-12-01 12:47:00,2009-12-01,2009-12,20091201,21740,15719,United Kingdom,2,2.95,5.9,0,0,0,0,Year 2009-2010
1161,489556,2009-12-01 12:47:00,2009-12-01,2009-12,20091201,22082,15719,United Kingdom,5,1.65,8.25,0,0,0,0,Year 2009-2010
1162,489556,2009-12-01 12:47:00,2009-12-01,2009-12,20091201,22195,15719,United Kingdom,2,1.65,3.3,0,0,0,0,Year 2009-2010
1163,489556,2009-12-01 12:47:00,2009-12-01,2009-12,20091201,21624,15719,United Kingdom,1,5.95,5.95,0,0,0,0,Year 2009-2010
1164,489556,2009-12-01 12:47:00,2009-12-01,2009-12,20091201,21738,15719,United Kingdom,2,2.95,5.9,0,0,0,0,Year 2009-2010
1165,489556,2009-12-01 12:47:00,2009-12-01,2009-12,20091201,22280,15719,United Kingdom,2,2.1,4.2,0,0,0,0,Year 2009-2010
1166,489556,2009-12-01 12:47:00,2009-12-01,2009-12,20091201,21841,15719,United Kingdom,2,4.25,8.5,0,0,0,0,Year 2009-2010
1167,489556,2009-12-01 12:47:00,2009-12-01,2009-12,20091201,84582,15719,United Kingdom,1,4.25,4.25,0,0,0,0,Year 2009-2010
1168,489556,2009-12-01 12:47:00,2009-12-01,2009-12,20091201,21621,15719,United Kingdom,1,8.5,8.5,0,0,0,0,Year 2009-2010
1169,489556,2009-12-01 12:47:00,2009-12-01,2009-12,20091201,21622,15719,United Kingdom,1,4.95,4.95,0,0,0,0,Year 2009-2010
1170,489556,2009-12-01 12:47:00,2009-12-01,2009-12,20091201,21004,15719,United Kingdom,2,4.25,8.5,0,0,0,0,Year 2009-2010
1171,489556,2009-12-01 12:47:00,2009-12-01,2009-12,20091201,20718,15719,United Kingdom,3,1.25,3.75,0,0,0,0,Year 2009-2010
1172,489556,2009-12-01 12:47:00,2009-12-01,2009-12,20091201,21252,15719,United Kingdom,2,2.95,5.9,0,0,0,0,Year 2009-2010
1173,489556,2009-12-01 12:47:00,2009-12-01,2009-12,20091201,84946,15719,United Kingdom,6,1.25,7.5,0,0,0,0,Year 2009-2010
1174,489556,2009-12-01 12:47:00,2009-12-01,2009-12,20091201,85231B,15719,United Kingdom,2,0.85,1.7,0,0,0,1,Year 2009-2010
1175,489556,2009-12-01 12:47:00,2009-12-01,2009-12,20091201,85231L,15719,United Kingdom,1,0.85,0.85,0,0,0,0,Year 2009-2010
1176,489556,2009-12-01 12:47:00,2009-12-01,2009-12,20091201,20750,15719,United Kingdom,1,7.95,7.95,0,0,0,0,Year 2009-2010
1177,489556,2009-12-01 12:47:00,2009-12-01,2009-12,20091201,82482,15719,United Kingdom,4,2.55,10.2,0,0,0,0,Year 2009-2010
1178,489556,2009-12-01 12:47:00,2009-12-01,2009-12,20091201,85152,15719,United Kingdom,4,2.1,8.4,0,0,0,0,Year 2009-2010
1179,489556,2009-12-01 12:47:00,2009-12-01,2009-12,20091201,21174,15719,United Kingdom,2,1.95,3.9,0,0,0,0,Year 2009-2010
1180,489556,2009-12-01 12:47:00,2009-12-01,2009-12,20091201,20665,15719,United Kingdom,1,2.95,2.95,0,0,0,0,Year 2009-2010
1181,489556,2009-12-01 12:47:00,2009-12-01,2009-12,20091201,82486,15719,United Kingdom,2,7.95,15.9,0,0,0,0,Year 2009-2010
1182,489556,2009-12-01 12:47:00,2009-12-01,2009-12,20091201,84837,15719,United Kingdom,1,12.75,12.75,0,0,0,0,Year 2009-2010
1183,489556,2009-12-01 12:47:00,2009-12-01,2009-12,20091201,20685,15719,United Kingdom,2,6.75,13.5,0,0,0,0,Year 2009-2010
1184,489556,2009-12-01 12:47:00,2009-12-01,2009-12,20091201,48187,15719,United Kingdom,1,6.75,6.75,0,0,0,0,Year 2009-2010
1185,489556,2009-12-01 12:47:00,2009-12-01,2009-12,20091201,21490,15719,United Kingdom,3,1.95,5.85,0,0,0,0,Year 2009-2010
1186,489556,2009-12-01 12:47:00,2009-12-01,2009-12,20091201,21491,15719,United Kingdom,6,1.95,11.7,0,0,0,0,Year 2009-2010
1187,489556,2009-12-01 12:47:00,2009-12-01,2009-12,20091201,21493,15719,United Kingdom,2,0.85,1.7,0,0,0,0,Year 2009-2010
1188,489556,2009-12-01 12:47:00,2009-12-01,2009-12,20091201,21480,15719,United Kingdom,4,2.95,11.8,0,0,0,0,Year 2009-2010
1189,489556,2009-12-01 12:47:00,2009-12-01,2009-12,20091201,21481,15719,United Kingdom,2,2.95,5.9,0,0,0,0,Year 2009-2010
1190,489556,2009-12-01 12:47:00,2009-12-01,2009-12,20091201,21493,15719,United Kingdom,8,0.85,6.8,0,0,0,0,Year 2009-2010
1191,489556,2009-12-01 12:47:00,2009-12-01,2009-12,20091201,35971,15719,United Kingdom,4,1.25,5.0,0,0,0,0,Year 2009-2010
1192,489557,2009-12-01 12:52:00,2009-12-01,2009-12,20091201,21439,12490,France,12,1.25,15.0,0,0,0,0,Year 2009-2010
1193,489557,2009-12-01 12:52:00,2009-12-01,2009-12,20091201,16169D,12490,France,25,0.42,10.5,0,0,0,1,Year 2009-2010
1194,489557,2009-12-01 12:52:00,2009-12-01,2009-12,20091201,16169C,12490,France,25,0.42,10.5,0,0,0,0,Year 2009-2010
1195,489557,2009-12-01 12:52:00,2009-12-01,2009-12,20091201,21017,12490,France,192,0.72,138.24,0,0,0,0,Year 2009-2010
1196,489557,2009-12-01 12:52:00,2009-12-01,2009-12,20091201,21731,12490,France,24,1.65,39.599999999999994,0,0,0,0,Year 2009-2010
1197,489557,2009-12-01 12:52:00,2009-12-01,2009-12,20091201,22352,12490,France,12,2.55,30.599999999999998,0,0,0,0,Year 2009-2010
1198,489557,2009-12-01 12:52:00,2009-12-01,2009-12,20091201,22353,12490,France,6,2.55,15.299999999999999,0,0,0,0,Year 2009-2010
1199,489557,2009-12-01 12:52:00,2009-12-01,2009-12,20091201,20685,12490,France,2,6.75,13.5,0,0,0,0,Year 2009-2010
1200,489557,2009-12-01 12:52:00,2009-12-01,2009-12,20091201,21210,12490,France,12,1.45,17.4,0,0,0,0,Year 2009-2010
1201,489557,2009-12-01 12:52:00,2009-12-01,2009-12,20091201,21212,12490,France,24,0.55,13.200000000000001,0,0,0,0,Year 2009-2010
1202,489557,2009-12-01 12:52:00,2009-12-01,2009-12,20091201,21238,12490,France,16,0.85,13.6,0,0,0,0,Year 2009-2010
1203,489557,2009-12-01 12:52:00,2009-12-01,2009-12,20091201,85099B,12490,France,20,1.95,39.0,0,0,0,1,Year 2009-2010
1204,489557,2009-12-01 12:52:00,2009-12-01,2009-12,20091201,20719,12490,France,10,0.85,8.5,0,0,0,0,Year 2009-2010
1205,489557,2009-12-01 12:52:00,2009-12-01,2009-12,20091201,21039,12490,France,12,2.55,30.599999999999998,0,0,0,0,Year 2009-2010
1206,489557,2009-12-01 12:52:00,2009-12-01,2009-12,20091201,20712,12490,France,10,1.95,19.5,0,0,0,0,Year 2009-2010
1207,489557,2009-12-01 12:52:00,2009-12-01,2009-12,20091201,20711,12490,France,10,1.95,19.5,0,0,0,0,Year 2009-2010
1208,489557,2009-12-01 12:52:00,2009-12-01,2009-12,20091201,21432,12490,France,8,5.95,47.6,0,0,0,0,Year 2009-2010
1209,489557,2009-12-01 12:52:00,2009-12-01,2009-12,20091201,21424,12490,France,6,2.95,17.700000000000003,0,0,0,0,Year 2009-2010
1210,489557,2009-12-01 12:52:00,2009-12-01,2009-12,20091201,21426,12490,France,6,2.1,12.600000000000001,0,0,0,0,Year 2009-2010
1211,489557,2009-12-01 12:52:00,2009-12-01,2009-12,20091201,20682,12490,France,6,3.25,19.5,0,0,0,0,Year 2009-2010
1212,489557,2009-12-01 12:52:00,2009-12-01,2009-12,20091201,POST,12490,France,4,18.0,72.0,0,0,0,1,Year 2009-2010
1213,489558,2009-12-01 12:54:00,2009-12-01,2009-12,20091201,84946,15793,United Kingdom,72,1.06,76.32000000000001,0,0,0,0,Year 2009-2010
1214,489558,2009-12-01 12:54:00,2009-12-01,2009-12,20091201,21756,15793,United Kingdom,6,5.95,35.7,0,0,0,0,Year 2009-2010
1215,489558,2009-12-01 12:54:00,2009-12-01,2009-12,20091201,21754,15793,United Kingdom,12,5.95,71.4,0,0,0,0,Year 2009-2010
1216,489558,2009-12-01 12:54:00,2009-12-01,2009-12,20091201,84879,15793,United Kingdom,64,1.69,108.16,0,0,0,0,Year 2009-2010
1217,489559,2009-12-01 12:55:00,2009-12-01,2009-12,20091201,22111,17056,United Kingdom,2,4.95,9.9,0,0,0,0,Year 2009-2010
1218,489559,2009-12-01 12:55:00,2009-12-01,2009-12,20091201,22114,17056,United Kingdom,1,3.95,3.95,0,0,0,0,Year 2009-2010
1219,489559,2009-12-01 12:55:00,2009-12-01,2009-12,20091201,22349,17056,United Kingdom,1,3.75,3.75,0,0,0,0,Year 2009-2010
1220,489559,2009-12-01 12:55:00,2009-12-01,2009-12,20091201,21890,17056,United Kingdom,1,2.95,2.95,0,0,0,0,Year 2009-2010
1221,489559,2009-12-01 12:55:00,2009-12-01,2009-12,20091201,21891,17056,United Kingdom,1,1.25,1.25,0,0,0,0,Year 2009-2010
1222,489559,2009-12-01 12:55:00,2009-12-01,2009-12,20091201,21098,17056,United Kingdom,6,1.25,7.5,0,0,0,0,Year 2009-2010
1223,489559,2009-12-01 12:55:00,2009-12-01,2009-12,20091201,22415,17056,United Kingdom,2,7.95,15.9,0,0,0,0,Year 2009-2010
1224,489559,2009-12-01 12:55:00,2009-12-01,2009-12,20091201,85048,17056,United Kingdom,12,6.95,83.4,0,0,0,0,Year 2009-2010
1225,489560,2009-12-01 12:56:00,2009-12-01,2009-12,20091201,17164D,13526,United Kingdom,288,0.37,106.56,0,0,0,1,Year 2009-2010
1226,489560,2009-12-01 12:56:00,2009-12-01,2009-12,20091201,17165D,13526,United Kingdom,108,0.85,91.8,0,0,0,1,Year 2009-2010
1227,489560,2009-12-01 12:56:00,2009-12-01,2009-12,20091201,17165B,13526,United Kingdom,288,0.85,244.79999999999998,0,0,0,1,Year 2009-2010
1228,489560,2009-12-01 12:56:00,2009-12-01,2009-12,20091201,35955,13526,United Kingdom,33,0.42,13.86,0,0,0,0,Year 2009-2010
1229,489560,2009-12-01 12:56:00,2009-12-01,2009-12,20091201,85208,13526,United Kingdom,1,2.1,2.1,0,0,0,0,Year 2009-2010
1230,489560,2009-12-01 12:56:00,2009-12-01,2009-12,20091201,90090,13526,United Kingdom,12,0.85,10.2,0,0,0,0,Year 2009-2010
1231,489560,2009-12-01 12:56:00,2009-12-01,2009-12,20091201,90092,13526,United Kingdom,3,0.85,2.55,0,0,0,0,Year 2009-2010
1232,489560,2009-12-01 12:56:00,2009-12-01,2009-12,20091201,16161C,13526,United Kingdom,100,0.1,10.0,0,0,0,0,Year 2009-2010
1233,489560,2009-12-01 12:56:00,2009-12-01,2009-12,20091201,22155,13526,United Kingdom,12,0.42,5.04,0,0,0,0,Year 2009-2010
1234,489560,2009-12-01 12:56:00,2009-12-01,2009-12,20091201,35160,13526,United Kingdom,8,0.85,6.8,0,0,0,0,Year 2009-2010
1235,489560,2009-12-01 12:56:00,2009-12-01,2009-12,20091201,17108D,13526,United Kingdom,12,0.42,5.04,0,0,0,1,Year 2009-2010
1236,489560,2009-12-01 12:56:00,2009-12-01,2009-12,20091201,21805,13526,United Kingdom,36,0.42,15.12,0,0,0,0,Year 2009-2010
1237,489560,2009-12-01 12:56:00,2009-12-01,2009-12,20091201,90125A,13526,United Kingdom,12,2.1,25.200000000000003,0,0,0,0,Year 2009-2010
1238,489560,2009-12-01 12:56:00,2009-12-01,2009-12,20091201,84578,13526,United Kingdom,1,3.75,3.75,0,0,0,0,Year 2009-2010
1239,489560,2009-12-01 12:56:00,2009-12-01,2009-12,20091201,84901,13526,United Kingdom,1,3.75,3.75,0,0,0,0,Year 2009-2010
1240,489560,2009-12-01 12:56:00,2009-12-01,2009-12,20091201,84327A,13526,United Kingdom,3,2.1,6.300000000000001,0,0,0,0,Year 2009-2010
1241,489560,2009-12-01 12:56:00,2009-12-01,2009-12,20091201,84270,13526,United Kingdom,90,0.21,18.9,0,0,0,0,Year 2009-2010
1242,489560,2009-12-01 12:56:00,2009-12-01,2009-12,20091201,21034,13526,United Kingdom,3,0.95,2.8499999999999996,0,0,0,0,Year 2009-2010
1243,489560,2009-12-01 12:56:00,2009-12-01,2009-12,20091201,35931,13526,United Kingdom,48,0.38,18.240000000000002,0,0,0,0,Year 2009-2010
1244,489560,2009-12-01 12:56:00,2009-12-01,2009-12,20091201,35933,13526,United Kingdom,48,0.38,18.240000000000002,0,0,0,0,Year 2009-2010
1245,489560,2009-12-01 12:56:00,2009-12-01,2009-12,20091201,90087,13526,United Kingdom,48,0.85,40.8,0,0,0,0,Year 2009-2010
1246,489560,2009-12-01 12:56:00,2009-12-01,2009-12,20091201,90092,13526,United Kingdom,24,0.85,20.4,0,0,0,0,Year 2009-2010
1247,489560,2009-12-01 12:56:00,2009-12-01,2009-12,20091201,90085,13526,United Kingdom,81,0.85,68.85,0,0,0,0,Year 2009-2010
1248,489560,2009-12-01 12:56:00,2009-12-01,2009-12,20091201,90093,13526,United Kingdom,24,0.85,20.4,0,0,0,0,Year 2009-2010
1249,489560,2009-12-01 12:56:00,2009-12-01,2009-12,20091201,90084,13526,United Kingdom,12,0.85,10.2,0,0,0,0,Year 2009-2010
1250,489560,2009-12-01 12:56:00,2009-12-01,2009-12,20091201,90090,13526,United Kingdom,24,0.85,20.4,0,0,0,0,Year 2009-2010
1251,489560,2009-12-01 12:56:00,2009-12-01,2009-12,20091201,90088,13526,United Kingdom,24,0.85,20.4,0,0,0,0,Year 2009-2010
1252,489560,2009-12-01 12:56:00,2009-12-01,2009-12,20091201,21034,13526,United Kingdom,1,0.95,0.95,0,0,0,0,Year 2009-2010
1253,489560,2009-12-01 12:56:00,2009-12-01,2009-12,20091201,35955,13526,United Kingdom,96,0.19,18.240000000000002,0,0,0,0,Year 2009-2010
1254,489560,2009-12-01 12:56:00,2009-12-01,2009-12,20091201,35957,13526,United Kingdom,144,0.19,27.36,0,0,0,0,Year 2009-2010
1255,489561,2009-12-01 12:57:00,2009-12-01,2009-12,20091201,16169D,14654,United Kingdom,25,0.42,10.5,0,0,0,1,Year 2009-2010
1256,489561,2009-12-01 12:57:00,2009-12-01,2009-12,20091201,21805,14654,United Kingdom,6,0.42,2.52,0,0,0,0,Year 2009-2010
1257,489561,2009-12-01 12:57:00,2009-12-01,2009-12,20091201,21807,14654,United Kingdom,6,0.42,2.52,0,0,0,0,Year 2009-2010
1258,489561,2009-12-01 12:57:00,2009-12-01,2009-12,20091201,21806,14654,United Kingdom,6,0.42,2.52,0,0,0,0,Year 2009-2010
1259,489561,2009-12-01 12:57:00,2009-12-01,2009-12,20091201,22294,14654,United Kingdom,6,1.25,7.5,0,0,0,0,Year 2009-2010
1260,489561,2009-12-01 12:57:00,2009-12-01,2009-12,20091201,21815,14654,United Kingdom,6,1.45,8.7,0,0,0,0,Year 2009-2010
1261,489561,2009-12-01 12:57:00,2009-12-01,2009-12,20091201,21816,14654,United Kingdom,6,1.45,8.7,0,0,0,0,Year 2009-2010
1262,489561,2009-12-01 12:57:00,2009-12-01,2009-12,20091201,35051B,14654,United Kingdom,6,0.42,2.52,0,0,0,1,Year 2009-2010
1263,489561,2009-12-01 12:57:00,2009-12-01,2009-12,20091201,22153,14654,United Kingdom,48,0.42,20.16,0,0,0,0,Year 2009-2010
1264,489561,2009-12-01 12:57:00,2009-12-01,2009-12,20091201,20943,14654,United Kingdom,6,1.25,7.5,0,0,0,0,Year 2009-2010
1265,489561,2009-12-01 12:57:00,2009-12-01,2009-12,20091201,72816,14654,United Kingdom,6,1.25,7.5,0,0,0,0,Year 2009-2010
1266,489561,2009-12-01 12:57:00,2009-12-01,2009-12,20091201,85038,14654,United Kingdom,6,2.1,12.600000000000001,0,0,0,0,Year 2009-2010
1267,489561,2009-12-01 12:57:00,2009-12-01,2009-12,20091201,20979,14654,United Kingdom,16,1.25,20.0,0,0,0,0,Year 2009-2010
1268,489561,2009-12-01 12:57:00,2009-12-01,2009-12,20091201,20978,14654,United Kingdom,16,1.25,20.0,0,0,0,0,Year 2009-2010
1269,489561,2009-12-01 12:57:00,2009-12-01,2009-12,20091201,20942,14654,United Kingdom,1,1.25,1.25,0,0,0,0,Year 2009-2010
1270,489561,2009-12-01 12:57:00,2009-12-01,2009-12,20091201,84559A,14654,United Kingdom,6,0.85,5.1,0,0,0,0,Year 2009-2010
1271,489561,2009-12-01 12:57:00,2009-12-01,2009-12,20091201,84466,14654,United Kingdom,6,1.25,7.5,0,0,0,0,Year 2009-2010
1272,489561,2009-12-01 12:57:00,2009-12-01,2009-12,20091201,20994,14654,United Kingdom,3,0.85,2.55,0,0,0,0,Year 2009-2010
1273,489561,2009-12-01 12:57:00,2009-12-01,2009-12,20091201,20992,14654,United Kingdom,3,0.85,2.55,0,0,0,0,Year 2009-2010
1274,489561,2009-12-01 12:57:00,2009-12-01,2009-12,20091201,70006,14654,United Kingdom,6,1.65,9.899999999999999,0,0,0,0,Year 2009-2010
1275,489561,2009-12-01 12:57:00,2009-12-01,2009-12,20091201,70007,14654,United Kingdom,6,1.65,9.899999999999999,0,0,0,0,Year 2009-2010
1276,489561,2009-12-01 12:57:00,2009-12-01,2009-12,20091201,84670,14654,United Kingdom,12,0.42,5.04,0,0,0,0,Year 2009-2010
1277,489561,2009-12-01 12:57:00,2009-12-01,2009-12,20091201,84077,14654,United Kingdom,48,0.21,10.08,0,0,0,0,Year 2009-2010
1278,489561,2009-12-01 12:57:00,2009-12-01,2009-12,20091201,84029C,14654,United Kingdom,7,3.75,26.25,0,0,0,0,Year 2009-2010
1279,489561,2009-12-01 12:57:00,2009-12-01,2009-12,20091201,22111,14654,United Kingdom,1,4.95,4.95,0,0,0,0,Year 2009-2010
1280,489561,2009-12-01 12:57:00,2009-12-01,2009-12,20091201,22113,14654,United Kingdom,8,3.45,27.6,0,0,0,0,Year 2009-2010
1281,489561,2009-12-01 12:57:00,2009-12-01,2009-12,20091201,21034,14654,United Kingdom,1,0.95,0.95,0,0,0,0,Year 2009-2010
1282,489562,2009-12-01 13:07:00,2009-12-01,2009-12,20091201,22336,17998,United Kingdom,1,0.65,0.65,0,0,0,0,Year 2009-2010
1283,489562,2009-12-01 13:07:00,2009-12-01,2009-12,20091201,21817,17998,United Kingdom,1,0.85,0.85,0,0,0,0,Year 2009-2010
1284,489562,2009-12-01 13:07:00,2009-12-01,2009-12,20091201,22156,17998,United Kingdom,1,0.85,0.85,0,0,0,0,Year 2009-2010
1285,489562,2009-12-01 13:07:00,2009-12-01,2009-12,20091201,22338,17998,United Kingdom,1,0.65,0.65,0,0,0,0,Year 2009-2010
1286,489562,2009-12-01 13:07:00,2009-12-01,2009-12,20091201,21825,17998,United Kingdom,1,1.45,1.45,0,0,0,0,Year 2009-2010
1287,489562,2009-12-01 13:07:00,2009-12-01,2009-12,20091201,21822,17998,United Kingdom,1,1.95,1.95,0,0,0,0,Year 2009-2010
1288,489562,2009-12-01 13:07:00,2009-12-01,2009-12,20091201,22276,17998,United Kingdom,1,2.55,2.55,0,0,0,0,Year 2009-2010
1289,489562,2009-12-01 13:07:00,2009-12-01,2009-12,20091201,22277,17998,United Kingdom,1,2.1,2.1,0,0,0,0,Year 2009-2010
1290,489562,2009-12-01 13:07:00,2009-12-01,2009-12,20091201,35979,17998,United Kingdom,1,2.95,2.95,0,0,0,0,Year 2009-2010
1291,489562,2009-12-01 13:07:00,2009-12-01,2009-12,20091201,22169,17998,United Kingdom,1,8.5,8.5,0,0,0,0,Year 2009-2010
1292,489562,2009-12-01 13:07:00,2009-12-01,2009-12,20091201,21700,17998,United Kingdom,12,0.85,10.2,0,0,0,0,Year 2009-2010
1293,489562,2009-12-01 13:07:00,2009-12-01,2009-12,20091201,35071,17998,United Kingdom,1,0.85,0.85,0,0,0,0,Year 2009-2010
1294,489562,2009-12-01 13:07:00,2009-12-01,2009-12,20091201,84270,17998,United Kingdom,30,0.21,6.3,0,0,0,0,Year 2009-2010
1295,489562,2009-12-01 13:07:00,2009-12-01,2009-12,20091201,21890,17998,United Kingdom,2,2.95,5.9,0,0,0,0,Year 2009-2010
1296,489562,2009-12-01 13:07:00,2009-12-01,2009-12,20091201,21891,17998,United Kingdom,2,1.25,2.5,0,0,0,0,Year 2009-2010
1297,489562,2009-12-01 13:07:00,2009-12-01,2009-12,20091201,47566,17998,United Kingdom,1,4.65,4.65,0,0,0,0,Year 2009-2010
1298,489562,2009-12-01 13:07:00,2009-12-01,2009-12,20091201,21344,17998,United Kingdom,1,9.95,9.95,0,0,0,0,Year 2009-2010
1299,489562,2009-12-01 13:07:00,2009-12-01,2009-12,20091201,21755,17998,United Kingdom,1,5.95,5.95,0,0,0,0,Year 2009-2010
1300,489562,2009-12-01 13:07:00,2009-12-01,2009-12,20091201,21477,17998,United Kingdom,1,12.75,12.75,0,0,0,0,Year 2009-2010
1301,489562,2009-12-01 13:07:00,2009-12-01,2009-12,20091201,22143,17998,United Kingdom,1,2.1,2.1,0,0,0,0,Year 2009-2010
1302,489562,2009-12-01 13:07:00,2009-12-01,2009-12,20091201,22142,17998,United Kingdom,1,1.45,1.45,0,0,0,0,Year 2009-2010
1303,489562,2009-12-01 13:07:00,2009-12-01,2009-12,20091201,85047,17998,United Kingdom,1,6.35,6.35,0,0,0,0,Year 2009-2010
1304,489562,2009-12-01 13:07:00,2009-12-01,2009-12,20091201,85099B,17998,United Kingdom,2,1.95,3.9,0,0,0,1,Year 2009-2010
1305,489562,2009-12-01 13:07:00,2009-12-01,2009-12,20091201,21929,17998,United Kingdom,2,1.95,3.9,0,0,0,0,Year 2009-2010
1306,489562,2009-12-01 13:07:00,2009-12-01,2009-12,20091201,22139,17998,United Kingdom,1,4.95,4.95,0,0,0,0,Year 2009-2010
1307,489562,2009-12-01 13:07:00,2009-12-01,2009-12,20091201,20681,17998,United Kingdom,1,3.25,3.25,0,0,0,0,Year 2009-2010
1308,489562,2009-12-01 13:07:00,2009-12-01,2009-12,20091201,85014D,17998,United Kingdom,1,5.95,5.95,0,0,0,1,Year 2009-2010
1309,489562,2009-12-01 13:07:00,2009-12-01,2009-12,20091201,84837,17998,United Kingdom,1,12.75,12.75,0,0,0,0,Year 2009-2010
1310,489562,2009-12-01 13:07:00,2009-12-01,2009-12,20091201,84884A,17998,United Kingdom,1,3.95,3.95,0,0,0,0,Year 2009-2010
1311,489562,2009-12-01 13:07:00,2009-12-01,2009-12,20091201,84648,17998,United Kingdom,1,12.75,12.75,0,0,0,0,Year 2009-2010
1312,489562,2009-12-01 13:07:00,2009-12-01,2009-12,20091201,84472,17998,United Kingdom,1,45.95,45.95,0,0,0,0,Year 2009-2010
1313,489562,2009-12-01 13:07:00,2009-12-01,2009-12,20091201,84910A,17998,United Kingdom,1,5.95,5.95,0,0,0,0,Year 2009-2010
1314,489562,2009-12-01 13:07:00,2009-12-01,2009-12,20091201,84656,17998,United Kingdom,1,5.95,5.95,0,0,0,0,Year 2009-2010
1315,489562,2009-12-01 13:07:00,2009-12-01,2009-12,20091201,84580,17998,United Kingdom,1,3.75,3.75,0,0,0,0,Year 2009-2010
1316,489562,2009-12-01 13:07:00,2009-12-01,2009-12,20091201,84622,17998,United Kingdom,2,5.95,11.9,0,0,0,0,Year 2009-2010
1317,489562,2009-12-01 13:07:00,2009-12-01,2009-12,20091201,22151,17998,United Kingdom,24,0.42,10.08,0,0,0,0,Year 2009-2010
1318,489562,2009-12-01 13:07:00,2009-12-01,2009-12,20091201,35957,17998,United Kingdom,1,0.42,0.42,0,0,0,0,Year 2009-2010
1319,489562,2009-12-01 13:07:00,2009-12-01,2009-12,20091201,35962,17998,United Kingdom,1,2.1,2.1,0,0,0,0,Year 2009-2010
1320,489562,2009-12-01 13:07:00,2009-12-01,2009-12,20091201,22337,17998,United Kingdom,1,0.65,0.65,0,0,0,0,Year 2009-2010
1321,C489563,2009-12-01 13:09:00,2009-12-01,2009-12,20091201,90088,13526,United Kingdom,-24,0.85,-20.4,1,1,0,0,Year 2009-2010
1322,C489563,2009-12-01 13:09:00,2009-12-01,2009-12,20091201,90090,13526,United Kingdom,-24,0.85,-20.4,1,1,0,0,Year 2009-2010
1323,C489563,2009-12-01 13:09:00,2009-12-01,2009-12,20091201,90084,13526,United Kingdom,-12,0.85,-10.2,1,1,0,0,Year 2009-2010
1324,C489563,2009-12-01 13:09:00,2009-12-01,2009-12,20091201,90093,13526,United Kingdom,-24,0.85,-20.4,1,1,0,0,Year 2009-2010
1325,C489563,2009-12-01 13:09:00,2009-12-01,2009-12,20091201,90085,13526,United Kingdom,-81,0.85,-68.85,1,1,0,0,Year 2009-2010
1326,C489563,2009-12-01 13:09:00,2009-12-01,2009-12,20091201,90092,13526,United Kingdom,-24,0.85,-20.4,1,1,0,0,Year 2009-2010
1327,C489563,2009-12-01 13:09:00,2009-12-01,2009-12,20091201,90087,13526,United Kingdom,-48,0.85,-40.8,1,1,0,0,Year 2009-2010
1328,C489563,2009-12-01 13:09:00,2009-12-01,2009-12,20091201,90092,13526,United Kingdom,-3,0.85,-2.55,1,1,0,0,Year 2009-2010
1329,C489563,2009-12-01 13:09:00,2009-12-01,2009-12,20091201,90090,13526,United Kingdom,-12,0.85,-10.2,1,1,0,0,Year 2009-2010
1330,489564,2009-12-01 13:13:00,2009-12-01,2009-12,20091201,90090,13526,United Kingdom,36,0.85,30.599999999999998,0,0,0,0,Year 2009-2010
1331,489564,2009-12-01 13:13:00,2009-12-01,2009-12,20091201,90125C,13526,United Kingdom,12,2.1,25.200000000000003,0,0,0,0,Year 2009-2010
1332,489564,2009-12-01 13:13:00,2009-12-01,2009-12,20091201,90125D,13526,United Kingdom,12,2.1,25.200000000000003,0,0,0,1,Year 2009-2010
1333,489564,2009-12-01 13:13:00,2009-12-01,2009-12,20091201,90214H,13526,United Kingdom,2,1.25,2.5,0,0,0,0,Year 2009-2010
1334,489564,2009-12-01 13:13:00,2009-12-01,2009-12,20091201,90125A,13526,United Kingdom,12,2.1,25.200000000000003,0,0,0,0,Year 2009-2010
1335,489564,2009-12-01 13:13:00,2009-12-01,2009-12,20091201,90085,13526,United Kingdom,81,0.85,68.85,0,0,0,0,Year 2009-2010
1336,489564,2009-12-01 13:13:00,2009-12-01,2009-12,20091201,90092,13526,United Kingdom,24,0.85,20.4,0,0,0,0,Year 2009-2010
1337,489564,2009-12-01 13:13:00,2009-12-01,2009-12,20091201,90087,13526,United Kingdom,48,0.85,40.8,0,0,0,0,Year 2009-2010
1338,489564,2009-12-01 13:13:00,2009-12-01,2009-12,20091201,90092,13526,United Kingdom,3,0.85,2.55,0,0,0,0,Year 2009-2010
1339,489564,2009-12-01 13:13:00,2009-12-01,2009-12,20091201,90090,13526,United Kingdom,12,0.85,10.2,0,0,0,0,Year 2009-2010
1340,489564,2009-12-01 13:13:00,2009-12-01,2009-12,20091201,90088,13526,United Kingdom,24,0.85,20.4,0,0,0,0,Year 2009-2010
1341,489564,2009-12-01 13:13:00,2009-12-01,2009-12,20091201,90090,13526,United Kingdom,24,0.85,20.4,0,0,0,0,Year 2009-2010
1342,489564,2009-12-01 13:13:00,2009-12-01,2009-12,20091201,90084,13526,United Kingdom,12,0.85,10.2,0,0,0,0,Year 2009-2010
1343,489564,2009-12-01 13:13:00,2009-12-01,2009-12,20091201,90093,13526,United Kingdom,24,0.85,20.4,0,0,0,0,Year 2009-2010
1344,C489565,2009-12-01 13:14:00,2009-12-01,2009-12,20091201,90125A,13526,United Kingdom,-12,2.1,-25.200000000000003,1,1,0,0,Year 2009-2010
1345,489566,2009-12-01 13:16:00,2009-12-01,2009-12,20091201,20901,17742,United Kingdom,6,6.35,38.099999999999994,0,0,0,0,Year 2009-2010
1346,489566,2009-12-01 13:16:00,2009-12-01,2009-12,20091201,82483,17742,United Kingdom,3,5.95,17.85,0,0,0,0,Year 2009-2010
1347,489566,2009-12-01 13:16:00,2009-12-01,2009-12,20091201,22172,17742,United Kingdom,2,8.5,17.0,0,0,0,0,Year 2009-2010
1348,489566,2009-12-01 13:16:00,2009-12-01,2009-12,20091201,22282,17742,United Kingdom,4,12.75,51.0,0,0,0,0,Year 2009-2010
1349,489566,2009-12-01 13:16:00,2009-12-01,2009-12,20091201,85067,17742,United Kingdom,2,18.95,37.9,0,0,0,0,Year 2009-2010
1350,489566,2009-12-01 13:16:00,2009-12-01,2009-12,20091201,21299,17742,United Kingdom,2,12.75,25.5,0,0,0,0,Year 2009-2010
1351,489566,2009-12-01 13:16:00,2009-12-01,2009-12,20091201,21156,17742,United Kingdom,8,1.95,15.6,0,0,0,0,Year 2009-2010
1352,489566,2009-12-01 13:16:00,2009-12-01,2009-12,20091201,47591D,17742,United Kingdom,8,1.95,15.6,0,0,0,1,Year 2009-2010
1353,489567,2009-12-01 13:19:00,2009-12-01,2009-12,20091201,84352,15326,United Kingdom,2,16.95,33.9,0,0,0,0,Year 2009-2010
1354,489567,2009-12-01 13:19:00,2009-12-01,2009-12,20091201,22113,15326,United Kingdom,4,3.45,13.8,0,0,0,0,Year 2009-2010
1355,489567,2009-12-01 13:19:00,2009-12-01,2009-12,20091201,85150,15326,United Kingdom,6,2.55,15.299999999999999,0,0,0,0,Year 2009-2010
1356,489567,2009-12-01 13:19:00,2009-12-01,2009-12,20091201,21908,15326,United Kingdom,6,2.1,12.600000000000001,0,0,0,0,Year 2009-2010
1357,489567,2009-12-01 13:19:00,2009-12-01,2009-12,20091201,21480,15326,United Kingdom,6,2.95,17.700000000000003,0,0,0,0,Year 2009-2010
1358,489567,2009-12-01 13:19:00,2009-12-01,2009-12,20091201,84029E,15326,United Kingdom,4,3.75,15.0,0,0,0,0,Year 2009-2010
1359,489567,2009-12-01 13:19:00,2009-12-01,2009-12,20091201,21172,15326,United Kingdom,12,1.45,17.4,0,0,0,0,Year 2009-2010
1360,489567,2009-12-01 13:19:00,2009-12-01,2009-12,20091201,72127,15326,United Kingdom,6,1.25,7.5,0,0,0,0,Year 2009-2010
1361,489567,2009-12-01 13:19:00,2009-12-01,2009-12,20091201,48195,15326,United Kingdom,2,6.75,13.5,0,0,0,0,Year 2009-2010
1362,489567,2009-12-01 13:19:00,2009-12-01,2009-12,20091201,21976,15326,United Kingdom,24,0.55,13.200000000000001,0,0,0,0,Year 2009-2010
1363,489567,2009-12-01 13:19:00,2009-12-01,2009-12,20091201,84992,15326,United Kingdom,24,0.55,13.200000000000001,0,0,0,0,Year 2009-2010
1364,489567,2009-12-01 13:19:00,2009-12-01,2009-12,20091201,84929,15326,United Kingdom,24,0.55,13.200000000000001,0,0,0,0,Year 2009-2010
1365,489567,2009-12-01 13:19:00,2009-12-01,2009-12,20091201,85216,15326,United Kingdom,12,0.65,7.800000000000001,0,0,0,0,Year 2009-2010
1366,489567,2009-12-01 13:19:00,2009-12-01,2009-12,20091201,21649,15326,United Kingdom,6,2.95,17.700000000000003,0,0,0,0,Year 2009-2010
1367,489567,2009-12-01 13:19:00,2009-12-01,2009-12,20091201,85042,15326,United Kingdom,4,4.95,19.8,0,0,0,0,Year 2009-2010
1368,489567,2009-12-01 13:19:00,2009-12-01,2009-12,20091201,21463,15326,United Kingdom,2,5.95,11.9,0,0,0,0,Year 2009-2010
1369,489567,2009-12-01 13:19:00,2009-12-01,2009-12,20091201,85162A,15326,United Kingdom,1,9.95,9.95,0,0,0,0,Year 2009-2010
1370,489567,2009-12-01 13:19:00,2009-12-01,2009-12,20091201,21761,15326,United Kingdom,1,29.95,29.95,0,0,0,0,Year 2009-2010
1371,489567,2009-12-01 13:19:00,2009-12-01,2009-12,20091201,84839,15326,United Kingdom,2,6.75,13.5,0,0,0,0,Year 2009-2010
1372,489567,2009-12-01 13:19:00,2009-12-01,2009-12,20091201,85064,15326,United Kingdom,2,5.45,10.9,0,0,0,0,Year 2009-2010
1373,489569,2009-12-01 13:20:00,2009-12-01,2009-12,20091201,22415,14478,United Kingdom,1,7.95,7.95,0,0,0,0,Year 2009-2010
1374,489569,2009-12-01 13:20:00,2009-12-01,2009-12,20091201,72801F,14478,United Kingdom,6,1.25,7.5,0,0,0,0,Year 2009-2010
1375,489569,2009-12-01 13:20:00,2009-12-01,2009-12,20091201,84706C,14478,United Kingdom,1,8.95,8.95,0,0,0,0,Year 2009-2010
1376,489569,2009-12-01 13:20:00,2009-12-01,2009-12,20091201,22294,14478,United Kingdom,24,1.25,30.0,0,0,0,0,Year 2009-2010
1377,489569,2009-12-01 13:20:00,2009-12-01,2009-12,20091201,22086,14478,United Kingdom,5,2.95,14.75,0,0,0,0,Year 2009-2010
1378,489569,2009-12-01 13:20:00,2009-12-01,2009-12,20091201,22156,14478,United Kingdom,36,0.85,30.599999999999998,0,0,0,0,Year 2009-2010
1379,489569,2009-12-01 13:20:00,2009-12-01,2009-12,20091201,22178,14478,United Kingdom,12,1.25,15.0,0,0,0,0,Year 2009-2010
1380,489569,2009-12-01 13:20:00,2009-12-01,2009-12,20091201,72760B,14478,United Kingdom,1,9.95,9.95,0,0,0,1,Year 2009-2010
1381,489569,2009-12-01 13:20:00,2009-12-01,2009-12,20091201,21807,14478,United Kingdom,36,0.42,15.12,0,0,0,0,Year 2009-2010
1382,489569,2009-12-01 13:20:00,2009-12-01,2009-12,20091201,22154,14478,United Kingdom,48,0.42,20.16,0,0,0,0,Year 2009-2010
1383,489569,2009-12-01 13:20:00,2009-12-01,2009-12,20091201,21805,14478,United Kingdom,36,0.42,15.12,0,0,0,0,Year 2009-2010
1384,489569,2009-12-01 13:20:00,2009-12-01,2009-12,20091201,22155,14478,United Kingdom,48,0.42,20.16,0,0,0,0,Year 2009-2010
1385,489569,2009-12-01 13:20:00,2009-12-01,2009-12,20091201,84839,14478,United Kingdom,2,6.75,13.5,0,0,0,0,Year 2009-2010
1386,489569,2009-12-01 13:20:00,2009-12-01,2009-12,20091201,21868,14478,United Kingdom,6,1.25,7.5,0,0,0,0,Year 2009-2010
1387,489569,2009-12-01 13:20:00,2009-12-01,2009-12,20091201,21806,14478,United Kingdom,36,0.42,15.12,0,0,0,0,Year 2009-2010
1388,489569,2009-12-01 13:20:00,2009-12-01,2009-12,20091201,21804,14478,United Kingdom,12,3.75,45.0,0,0,0,0,Year 2009-2010
1389,489569,2009-12-01 13:20:00,2009-12-01,2009-12,20091201,21707,14478,United Kingdom,1,4.95,4.95,0,0,0,0,Year 2009-2010
1390,489569,2009-12-01 13:20:00,2009-12-01,2009-12,20091201,21034,14478,United Kingdom,1,0.95,0.95,0,0,0,0,Year 2009-2010
1391,C489568,2009-12-01 13:20:00,2009-12-01,2009-12,20091201,22107,15005,United Kingdom,-1,3.75,-3.75,1,1,0,0,Year 2009-2010
1392,C489568,2009-12-01 13:20:00,2009-12-01,2009-12,20091201,82483,15005,United Kingdom,-1,5.95,-5.95,1,1,0,0,Year 2009-2010
1393,C489568,2009-12-01 13:20:00,2009-12-01,2009-12,20091201,22138,15005,United Kingdom,-1,4.95,-4.95,1,1,0,0,Year 2009-2010
1394,C489568,2009-12-01 13:20:00,2009-12-01,2009-12,20091201,21218,15005,United Kingdom,-1,3.75,-3.75,1,1,0,0,Year 2009-2010
1395,C489570,2009-12-01 13:28:00,2009-12-01,2009-12,20091201,79323W,15967,United Kingdom,-1,6.75,-6.75,1,1,0,0,Year 2009-2010
1396,C489570,2009-12-01 13:28:00,2009-12-01,2009-12,20091201,15056N,15967,United Kingdom,-1,5.95,-5.95,1,1,0,0,Year 2009-2010
1397,C489570,2009-12-01 13:28:00,2009-12-01,2009-12,20091201,85103,15967,United Kingdom,-1,6.75,-6.75,1,1,0,0,Year 2009-2010
1398,C489570,2009-12-01 13:28:00,2009-12-01,2009-12,20091201,20894,15967,United Kingdom,-1,2.95,-2.95,1,1,0,0,Year 2009-2010
1399,489571,2009-12-01 13:29:00,2009-12-01,2009-12,20091201,22189,15967,United Kingdom,2,3.95,7.9,0,0,0,0,Year 2009-2010
1400,489571,2009-12-01 13:29:00,2009-12-01,2009-12,20091201,85036C,15967,United Kingdom,1,4.25,4.25,0,0,0,0,Year 2009-2010
1401,489571,2009-12-01 13:29:00,2009-12-01,2009-12,20091201,20967,15967,United Kingdom,1,3.75,3.75,0,0,0,0,Year 2009-2010
1402,489571,2009-12-01 13:29:00,2009-12-01,2009-12,20091201,20975,15967,United Kingdom,1,0.65,0.65,0,0,0,0,Year 2009-2010
1403,489571,2009-12-01 13:29:00,2009-12-01,2009-12,20091201,79323W,15967,United Kingdom,1,6.75,6.75,0,0,0,0,Year 2009-2010
1404,489571,2009-12-01 13:29:00,2009-12-01,2009-12,20091201,85099C,15967,United Kingdom,2,1.95,3.9,0,0,0,0,Year 2009-2010
1405,489571,2009-12-01 13:29:00,2009-12-01,2009-12,20091201,22162,15967,United Kingdom,5,2.95,14.75,0,0,0,0,Year 2009-2010
1406,489571,2009-12-01 13:29:00,2009-12-01,2009-12,20091201,22296,15967,United Kingdom,4,1.65,6.6,0,0,0,0,Year 2009-2010
1407,489571,2009-12-01 13:29:00,2009-12-01,2009-12,20091201,22297,15967,United Kingdom,8,1.25,10.0,0,0,0,0,Year 2009-2010
1408,489571,2009-12-01 13:29:00,2009-12-01,2009-12,20091201,16237,15967,United Kingdom,1,0.21,0.21,0,0,0,0,Year 2009-2010
1409,489571,2009-12-01 13:29:00,2009-12-01,2009-12,20091201,84836,15967,United Kingdom,2,1.25,2.5,0,0,0,0,Year 2009-2010
1410,489571,2009-12-01 13:29:00,2009-12-01,2009-12,20091201,85104,15967,United Kingdom,1,2.95,2.95,0,0,0,0,Year 2009-2010
1411,489571,2009-12-01 13:29:00,2009-12-01,2009-12,20091201,84813,15967,United Kingdom,2,12.75,25.5,0,0,0,0,Year 2009-2010
1412,489571,2009-12-01 13:29:00,2009-12-01,2009-12,20091201,22273,15967,United Kingdom,1,2.95,2.95,0,0,0,0,Year 2009-2010
1413,489571,2009-12-01 13:29:00,2009-12-01,2009-12,20091201,22272,15967,United Kingdom,1,2.95,2.95,0,0,0,0,Year 2009-2010
1414,489571,2009-12-01 13:29:00,2009-12-01,2009-12,20091201,22271,15967,United Kingdom,1,2.95,2.95,0,0,0,0,Year 2009-2010
1415,489571,2009-12-01 13:29:00,2009-12-01,2009-12,20091201,21181,15967,United Kingdom,1,2.1,2.1,0,0,0,0,Year 2009-2010
1416,489571,2009-12-01 13:29:00,2009-12-01,2009-12,20091201,21484,15967,United Kingdom,1,3.45,3.45,0,0,0,0,Year 2009-2010
1417,489571,2009-12-01 13:29:00,2009-12-01,2009-12,20091201,21479,15967,United Kingdom,1,3.75,3.75,0,0,0,0,Year 2009-2010
1418,489571,2009-12-01 13:29:00,2009-12-01,2009-12,20091201,21621,15967,United Kingdom,2,8.5,17.0,0,0,0,0,Year 2009-2010
1419,489571,2009-12-01 13:29:00,2009-12-01,2009-12,20091201,21590,15967,United Kingdom,1,1.25,1.25,0,0,0,0,Year 2009-2010
1420,489571,2009-12-01 13:29:00,2009-12-01,2009-12,20091201,21587,15967,United Kingdom,1,2.55,2.55,0,0,0,0,Year 2009-2010
1421,489571,2009-12-01 13:29:00,2009-12-01,2009-12,20091201,21730,15967,United Kingdom,1,4.95,4.95,0,0,0,0,Year 2009-2010
1422,489571,2009-12-01 13:29:00,2009-12-01,2009-12,20091201,22138,15967,United Kingdom,1,4.95,4.95,0,0,0,0,Year 2009-2010
1423,489571,2009-12-01 13:29:00,2009-12-01,2009-12,20091201,20894,15967,United Kingdom,1,2.95,2.95,0,0,0,0,Year 2009-2010
1424,489571,2009-12-01 13:29:00,2009-12-01,2009-12,20091201,72799D,15967,United Kingdom,2,2.95,5.9,0,0,0,1,Year 2009-2010
1425,489571,2009-12-01 13:29:00,2009-12-01,2009-12,20091201,21741,15967,United Kingdom,1,2.95,2.95,0,0,0,0,Year 2009-2010
1426,489571,2009-12-01 13:29:00,2009-12-01,2009-12,20091201,21740,15967,United Kingdom,1,2.95,2.95,0,0,0,0,Year 2009-2010
1427,489571,2009-12-01 13:29:00,2009-12-01,2009-12,20091201,85071D,15967,United Kingdom,1,2.55,2.55,0,0,0,1,Year 2009-2010
1428,489571,2009-12-01 13:29:00,2009-12-01,2009-12,20091201,21724,15967,United Kingdom,1,0.85,0.85,0,0,0,0,Year 2009-2010
1429,489572,2009-12-01 13:29:00,2009-12-01,2009-12,20091201,22081,17611,United Kingdom,5,1.65,8.25,0,0,0,0,Year 2009-2010
1430,489572,2009-12-01 13:29:00,2009-12-01,2009-12,20091201,22415,17611,United Kingdom,1,7.95,7.95,0,0,0,0,Year 2009-2010
1431,489572,2009-12-01 13:29:00,2009-12-01,2009-12,20091201,48187,17611,United Kingdom,2,6.75,13.5,0,0,0,0,Year 2009-2010
1432,489572,2009-12-01 13:29:00,2009-12-01,2009-12,20091201,20685,17611,United Kingdom,2,6.75,13.5,0,0,0,0,Year 2009-2010
1433,489572,2009-12-01 13:29:00,2009-12-01,2009-12,20091201,48173C,17611,United Kingdom,2,6.75,13.5,0,0,0,0,Year 2009-2010
1434,489572,2009-12-01 13:29:00,2009-12-01,2009-12,20091201,21524,17611,United Kingdom,1,6.75,6.75,0,0,0,0,Year 2009-2010
1435,489572,2009-12-01 13:29:00,2009-12-01,2009-12,20091201,48197,17611,United Kingdom,1,6.75,6.75,0,0,0,0,Year 2009-2010
1436,489572,2009-12-01 13:29:00,2009-12-01,2009-12,20091201,84684,17611,United Kingdom,2,2.55,5.1,0,0,0,0,Year 2009-2010
1437,489572,2009-12-01 13:29:00,2009-12-01,2009-12,20091201,20812,17611,United Kingdom,2,2.55,5.1,0,0,0,0,Year 2009-2010
1438,489572,2009-12-01 13:29:00,2009-12-01,2009-12,20091201,82494L,17611,United Kingdom,2,2.95,5.9,0,0,0,0,Year 2009-2010
1439,489572,2009-12-01 13:29:00,2009-12-01,2009-12,20091201,22035,17611,United Kingdom,12,0.42,5.04,0,0,0,0,Year 2009-2010
1440,489572,2009-12-01 13:29:00,2009-12-01,2009-12,20091201,21508,17611,United Kingdom,12,0.42,5.04,0,0,0,0,Year 2009-2010
1441,489572,2009-12-01 13:29:00,2009-12-01,2009-12,20091201,22029,17611,United Kingdom,12,0.42,5.04,0,0,0,0,Year 2009-2010
1442,489572,2009-12-01 13:29:00,2009-12-01,2009-12,20091201,22027,17611,United Kingdom,12,0.42,5.04,0,0,0,0,Year 2009-2010
1443,489572,2009-12-01 13:29:00,2009-12-01,2009-12,20091201,82482,17611,United Kingdom,2,2.55,5.1,0,0,0,0,Year 2009-2010
1444,489572,2009-12-01 13:29:00,2009-12-01,2009-12,20091201,21333,17611,United Kingdom,2,2.95,5.9,0,0,0,0,Year 2009-2010
1445,489572,2009-12-01 13:29:00,2009-12-01,2009-12,20091201,22297,17611,United Kingdom,5,1.25,6.25,0,0,0,0,Year 2009-2010
1446,489572,2009-12-01 13:29:00,2009-12-01,2009-12,20091201,85059,17611,United Kingdom,2,3.75,7.5,0,0,0,0,Year 2009-2010
1447,489572,2009-12-01 13:29:00,2009-12-01,2009-12,20091201,21928,17611,United Kingdom,2,1.95,3.9,0,0,0,0,Year 2009-2010
1448,489572,2009-12-01 13:29:00,2009-12-01,2009-12,20091201,85099C,17611,United Kingdom,2,1.95,3.9,0,0,0,0,Year 2009-2010
1449,489572,2009-12-01 13:29:00,2009-12-01,2009-12,20091201,22197,17611,United Kingdom,2,0.85,1.7,0,0,0,0,Year 2009-2010
1450,489572,2009-12-01 13:29:00,2009-12-01,2009-12,20091201,21465,17611,United Kingdom,1,3.75,3.75,0,0,0,0,Year 2009-2010
1451,489572,2009-12-01 13:29:00,2009-12-01,2009-12,20091201,21466,17611,United Kingdom,1,3.75,3.75,0,0,0,0,Year 2009-2010
1452,489572,2009-12-01 13:29:00,2009-12-01,2009-12,20091201,21467,17611,United Kingdom,1,3.75,3.75,0,0,0,0,Year 2009-2010
1453,489572,2009-12-01 13:29:00,2009-12-01,2009-12,20091201,21470,17611,United Kingdom,1,3.75,3.75,0,0,0,0,Year 2009-2010
1454,489572,2009-12-01 13:29:00,2009-12-01,2009-12,20091201,21472,17611,United Kingdom,1,3.75,3.75,0,0,0,0,Year 2009-2010
1455,489572,2009-12-01 13:29:00,2009-12-01,2009-12,20091201,21471,17611,United Kingdom,1,3.75,3.75,0,0,0,0,Year 2009-2010
1456,489572,2009-12-01 13:29:00,2009-12-01,2009-12,20091201,85014B,17611,United Kingdom,1,5.95,5.95,0,0,0,1,Year 2009-2010
1457,489572,2009-12-01 13:29:00,2009-12-01,2009-12,20091201,85014C,17611,United Kingdom,1,5.95,5.95,0,0,0,0,Year 2009-2010
1458,489572,2009-12-01 13:29:00,2009-12-01,2009-12,20091201,85014A,17611,United Kingdom,1,5.95,5.95,0,0,0,0,Year 2009-2010
1459,489572,2009-12-01 13:29:00,2009-12-01,2009-12,20091201,85014D,17611,United Kingdom,1,5.95,5.95,0,0,0,1,Year 2009-2010
1460,489572,2009-12-01 13:29:00,2009-12-01,2009-12,20091201,22300,17611,United Kingdom,6,2.55,15.299999999999999,0,0,0,0,Year 2009-2010
1461,489572,2009-12-01 13:29:00,2009-12-01,2009-12,20091201,84946,17611,United Kingdom,6,1.25,7.5,0,0,0,0,Year 2009-2010
1462,489572,2009-12-01 13:29:00,2009-12-01,2009-12,20091201,84977,17611,United Kingdom,6,1.25,7.5,0,0,0,0,Year 2009-2010
1463,489572,2009-12-01 13:29:00,2009-12-01,2009-12,20091201,21034,17611,United Kingdom,1,0.95,0.95,0,0,0,0,Year 2009-2010
1464,489572,2009-12-01 13:29:00,2009-12-01,2009-12,20091201,22178,17611,United Kingdom,6,1.25,7.5,0,0,0,0,Year 2009-2010
1465,489572,2009-12-01 13:29:00,2009-12-01,2009-12,20091201,21314,17611,United Kingdom,4,2.1,8.4,0,0,0,0,Year 2009-2010
1466,489572,2009-12-01 13:29:00,2009-12-01,2009-12,20091201,84975,17611,United Kingdom,6,1.69,10.14,0,0,0,0,Year 2009-2010
1467,489572,2009-12-01 13:29:00,2009-12-01,2009-12,20091201,21949,17611,United Kingdom,1,1.25,1.25,0,0,0,0,Year 2009-2010
1468,489572,2009-12-01 13:29:00,2009-12-01,2009-12,20091201,21948,17611,United Kingdom,5,1.25,6.25,0,0,0,0,Year 2009-2010
1469,489572,2009-12-01 13:29:00,2009-12-01,2009-12,20091201,21947,17611,United Kingdom,3,1.25,3.75,0,0,0,0,Year 2009-2010
1470,489572,2009-12-01 13:29:00,2009-12-01,2009-12,20091201,22079,17611,United Kingdom,5,1.65,8.25,0,0,0,0,Year 2009-2010
1471,489572,2009-12-01 13:29:00,2009-12-01,2009-12,20091201,22080,17611,United Kingdom,5,1.65,8.25,0,0,0,0,Year 2009-2010
1472,489572,2009-12-01 13:29:00,2009-12-01,2009-12,20091201,22082,17611,United Kingdom,5,1.65,8.25,0,0,0,0,Year 2009-2010
1473,489572,2009-12-01 13:29:00,2009-12-01,2009-12,20091201,21538,17611,United Kingdom,2,3.75,7.5,0,0,0,0,Year 2009-2010
1474,489572,2009-12-01 13:29:00,2009-12-01,2009-12,20091201,21534,17611,United Kingdom,2,4.95,9.9,0,0,0,0,Year 2009-2010
1475,489572,2009-12-01 13:29:00,2009-12-01,2009-12,20091201,21528,17611,United Kingdom,2,6.95,13.9,0,0,0,0,Year 2009-2010
1476,489572,2009-12-01 13:29:00,2009-12-01,2009-12,20091201,21548,17611,United Kingdom,1,2.95,2.95,0,0,0,0,Year 2009-2010
1477,489572,2009-12-01 13:29:00,2009-12-01,2009-12,20091201,21684,17611,United Kingdom,12,0.85,10.2,0,0,0,0,Year 2009-2010
1478,489572,2009-12-01 13:29:00,2009-12-01,2009-12,20091201,21549,17611,United Kingdom,1,2.95,2.95,0,0,0,0,Year 2009-2010
1479,489572,2009-12-01 13:29:00,2009-12-01,2009-12,20091201,21545,17611,United Kingdom,1,2.95,2.95,0,0,0,0,Year 2009-2010
1480,489572,2009-12-01 13:29:00,2009-12-01,2009-12,20091201,21547,17611,United Kingdom,1,2.95,2.95,0,0,0,0,Year 2009-2010
1481,489572,2009-12-01 13:29:00,2009-12-01,2009-12,20091201,21540,17611,United Kingdom,2,4.25,8.5,0,0,0,0,Year 2009-2010
1482,489572,2009-12-01 13:29:00,2009-12-01,2009-12,20091201,85054,17611,United Kingdom,2,2.95,5.9,0,0,0,0,Year 2009-2010
1483,489572,2009-12-01 13:29:00,2009-12-01,2009-12,20091201,85053,17611,United Kingdom,2,2.1,4.2,0,0,0,0,Year 2009-2010
1484,489572,2009-12-01 13:29:00,2009-12-01,2009-12,20091201,21532,17611,United Kingdom,2,2.1,4.2,0,0,0,0,Year 2009-2010
1485,489572,2009-12-01 13:29:00,2009-12-01,2009-12,20091201,21530,17611,United Kingdom,2,2.95,5.9,0,0,0,0,Year 2009-2010
1486,489572,2009-12-01 13:29:00,2009-12-01,2009-12,20091201,37444A,17611,United Kingdom,2,2.95,5.9,0,0,0,0,Year 2009-2010
1487,489572,2009-12-01 13:29:00,2009-12-01,2009-12,20091201,37444B,17611,United Kingdom,2,2.95,5.9,0,0,0,1,Year 2009-2010
1488,489573,2009-12-01 13:29:00,2009-12-01,2009-12,20091201,21955,15051,United Kingdom,3,6.75,20.25,0,0,0,0,Year 2009-2010
1489,489573,2009-12-01 13:29:00,2009-12-01,2009-12,20091201,22294,15051,United Kingdom,24,1.25,30.0,0,0,0,0,Year 2009-2010
1490,489573,2009-12-01 13:29:00,2009-12-01,2009-12,20091201,22042,15051,United Kingdom,12,0.42,5.04,0,0,0,0,Year 2009-2010
1491,489573,2009-12-01 13:29:00,2009-12-01,2009-12,20091201,84247C,15051,United Kingdom,1,2.95,2.95,0,0,0,0,Year 2009-2010
1492,489573,2009-12-01 13:29:00,2009-12-01,2009-12,20091201,22034,15051,United Kingdom,12,0.42,5.04,0,0,0,0,Year 2009-2010
1493,489573,2009-12-01 13:29:00,2009-12-01,2009-12,20091201,84754,15051,United Kingdom,12,1.25,15.0,0,0,0,0,Year 2009-2010
1494,489573,2009-12-01 13:29:00,2009-12-01,2009-12,20091201,84949,15051,United Kingdom,6,1.65,9.899999999999999,0,0,0,0,Year 2009-2010
1495,489573,2009-12-01 13:29:00,2009-12-01,2009-12,20091201,22295,15051,United Kingdom,24,1.65,39.599999999999994,0,0,0,0,Year 2009-2010
1496,489573,2009-12-01 13:29:00,2009-12-01,2009-12,20091201,21912,15051,United Kingdom,3,3.75,11.25,0,0,0,0,Year 2009-2010
1497,489573,2009-12-01 13:29:00,2009-12-01,2009-12,20091201,21888,15051,United Kingdom,4,3.75,15.0,0,0,0,0,Year 2009-2010
1498,489573,2009-12-01 13:29:00,2009-12-01,2009-12,20091201,21754,15051,United Kingdom,5,5.95,29.75,0,0,0,0,Year 2009-2010
1499,489573,2009-12-01 13:29:00,2009-12-01,2009-12,20091201,21313,15051,United Kingdom,12,0.85,10.2,0,0,0,0,Year 2009-2010
1500,489573,2009-12-01 13:29:00,2009-12-01,2009-12,20091201,84509A,15051,United Kingdom,1,3.75,3.75,0,0,0,0,Year 2009-2010
1501,489573,2009-12-01 13:29:00,2009-12-01,2009-12,20091201,84946,15051,United Kingdom,30,1.25,37.5,0,0,0,0,Year 2009-2010
1502,489573,2009-12-01 13:29:00,2009-12-01,2009-12,20091201,84510A,15051,United Kingdom,1,1.25,1.25,0,0,0,0,Year 2009-2010
1503,489573,2009-12-01 13:29:00,2009-12-01,2009-12,20091201,21587,15051,United Kingdom,12,2.55,30.599999999999998,0,0,0,0,Year 2009-2010
1504,489573,2009-12-01 13:29:00,2009-12-01,2009-12,20091201,72008,15051,United Kingdom,12,0.42,5.04,0,0,0,0,Year 2009-2010
1505,489573,2009-12-01 13:29:00,2009-12-01,2009-12,20091201,22071,15051,United Kingdom,4,3.75,15.0,0,0,0,0,Year 2009-2010
1506,489573,2009-12-01 13:29:00,2009-12-01,2009-12,20091201,84340,15051,United Kingdom,1,2.55,2.55,0,0,0,0,Year 2009-2010
1507,489573,2009-12-01 13:29:00,2009-12-01,2009-12,20091201,22070,15051,United Kingdom,4,3.75,15.0,0,0,0,0,Year 2009-2010
1508,489573,2009-12-01 13:29:00,2009-12-01,2009-12,20091201,84997B,15051,United Kingdom,4,3.75,15.0,0,0,0,1,Year 2009-2010
1509,489573,2009-12-01 13:29:00,2009-12-01,2009-12,20091201,84997C,15051,United Kingdom,4,3.75,15.0,0,0,0,0,Year 2009-2010
1510,489573,2009-12-01 13:29:00,2009-12-01,2009-12,20091201,22186,15051,United Kingdom,11,2.95,32.45,0,0,0,0,Year 2009-2010
1511,489573,2009-12-01 13:29:00,2009-12-01,2009-12,20091201,22139,15051,United Kingdom,3,4.95,14.850000000000001,0,0,0,0,Year 2009-2010
1512,489573,2009-12-01 13:29:00,2009-12-01,2009-12,20091201,21625,15051,United Kingdom,7,6.95,48.65,0,0,0,0,Year 2009-2010
1513,489573,2009-12-01 13:29:00,2009-12-01,2009-12,20091201,21326,15051,United Kingdom,60,0.65,39.0,0,0,0,0,Year 2009-2010
1514,489573,2009-12-01 13:29:00,2009-12-01,2009-12,20091201,18096C,15051,United Kingdom,6,2.55,15.299999999999999,0,0,0,0,Year 2009-2010
1515,489573,2009-12-01 13:29:00,2009-12-01,2009-12,20091201,18097C,15051,United Kingdom,6,2.55,15.299999999999999,0,0,0,0,Year 2009-2010
1516,489573,2009-12-01 13:29:00,2009-12-01,2009-12,20091201,22113,15051,United Kingdom,12,3.45,41.400000000000006,0,0,0,0,Year 2009-2010
1517,489573,2009-12-01 13:29:00,2009-12-01,2009-12,20091201,85147,15051,United Kingdom,4,4.95,19.8,0,0,0,0,Year 2009-2010
1518,489573,2009-12-01 13:29:00,2009-12-01,2009-12,20091201,21868,15051,United Kingdom,3,1.25,3.75,0,0,0,0,Year 2009-2010
1519,489573,2009-12-01 13:29:00,2009-12-01,2009-12,20091201,22138,15051,United Kingdom,3,4.95,14.850000000000001,0,0,0,0,Year 2009-2010
1520,489572,2009-12-01 13:29:00,2009-12-01,2009-12,20091201,37444C,17611,United Kingdom,2,2.95,5.9,0,0,0,0,Year 2009-2010
1521,489572,2009-12-01 13:29:00,2009-12-01,2009-12,20091201,85055,17611,United Kingdom,2,3.75,7.5,0,0,0,0,Year 2009-2010
1522,489572,2009-12-01 13:29:00,2009-12-01,2009-12,20091201,85028L,17611,United Kingdom,2,7.95,15.9,0,0,0,0,Year 2009-2010
1523,489572,2009-12-01 13:29:00,2009-12-01,2009-12,20091201,85028S,17611,United Kingdom,2,4.95,9.9,0,0,0,0,Year 2009-2010
1524,489572,2009-12-01 13:29:00,2009-12-01,2009-12,20091201,22145,17611,United Kingdom,2,2.1,4.2,0,0,0,0,Year 2009-2010
1525,489572,2009-12-01 13:29:00,2009-12-01,2009-12,20091201,22142,17611,United Kingdom,2,1.45,2.9,0,0,0,0,Year 2009-2010
1526,489572,2009-12-01 13:29:00,2009-12-01,2009-12,20091201,21491,17611,United Kingdom,1,1.95,1.95,0,0,0,0,Year 2009-2010
1527,489572,2009-12-01 13:29:00,2009-12-01,2009-12,20091201,21490,17611,United Kingdom,2,1.95,3.9,0,0,0,0,Year 2009-2010
1528,489572,2009-12-01 13:29:00,2009-12-01,2009-12,20091201,21214,17611,United Kingdom,2,1.45,2.9,0,0,0,0,Year 2009-2010
1529,489572,2009-12-01 13:29:00,2009-12-01,2009-12,20091201,84985B,17611,United Kingdom,2,1.45,2.9,0,0,0,1,Year 2009-2010
1530,489572,2009-12-01 13:29:00,2009-12-01,2009-12,20091201,84985A,17611,United Kingdom,2,1.45,2.9,0,0,0,0,Year 2009-2010
1531,489572,2009-12-01 13:29:00,2009-12-01,2009-12,20091201,20987,17611,United Kingdom,2,1.95,3.9,0,0,0,0,Year 2009-2010
1532,489572,2009-12-01 13:29:00,2009-12-01,2009-12,20091201,20989,17611,United Kingdom,2,1.95,3.9,0,0,0,0,Year 2009-2010
1533,489572,2009-12-01 13:29:00,2009-12-01,2009-12,20091201,47021G,17611,United Kingdom,4,1.25,5.0,0,0,0,0,Year 2009-2010
1534,489572,2009-12-01 13:29:00,2009-12-01,2009-12,20091201,21911,17611,United Kingdom,4,1.65,6.6,0,0,0,0,Year 2009-2010
1535,489572,2009-12-01 13:29:00,2009-12-01,2009-12,20091201,21070,17611,United Kingdom,2,1.25,2.5,0,0,0,0,Year 2009-2010
1536,489572,2009-12-01 13:29:00,2009-12-01,2009-12,20091201,21066,17611,United Kingdom,2,1.25,2.5,0,0,0,0,Year 2009-2010
1537,489572,2009-12-01 13:29:00,2009-12-01,2009-12,20091201,21067,17611,United Kingdom,2,1.25,2.5,0,0,0,0,Year 2009-2010
1538,489572,2009-12-01 13:29:00,2009-12-01,2009-12,20091201,21069,17611,United Kingdom,2,1.25,2.5,0,0,0,0,Year 2009-2010
1539,489572,2009-12-01 13:29:00,2009-12-01,2009-12,20091201,21986,17611,United Kingdom,12,0.29,3.4799999999999995,0,0,0,0,Year 2009-2010
1540,489572,2009-12-01 13:29:00,2009-12-01,2009-12,20091201,21985,17611,United Kingdom,12,0.29,3.4799999999999995,0,0,0,0,Year 2009-2010
1541,489572,2009-12-01 13:29:00,2009-12-01,2009-12,20091201,21980,17611,United Kingdom,12,0.29,3.4799999999999995,0,0,0,0,Year 2009-2010
1542,489572,2009-12-01 13:29:00,2009-12-01,2009-12,20091201,22325,17611,United Kingdom,3,4.95,14.850000000000001,0,0,0,0,Year 2009-2010
1543,489572,2009-12-01 13:29:00,2009-12-01,2009-12,20091201,22320,17611,United Kingdom,3,5.95,17.85,0,0,0,0,Year 2009-2010
1544,489574,2009-12-01 13:31:00,2009-12-01,2009-12,20091201,21524,13097,United Kingdom,2,6.75,13.5,0,0,0,0,Year 2009-2010
1545,489574,2009-12-01 13:31:00,2009-12-01,2009-12,20091201,48187,13097,United Kingdom,1,6.75,6.75,0,0,0,0,Year 2009-2010
1546,489574,2009-12-01 13:31:00,2009-12-01,2009-12,20091201,48185,13097,United Kingdom,1,6.75,6.75,0,0,0,0,Year 2009-2010
1547,489574,2009-12-01 13:31:00,2009-12-01,2009-12,20091201,20940,13097,United Kingdom,1,2.95,2.95,0,0,0,0,Year 2009-2010
1548,489574,2009-12-01 13:31:00,2009-12-01,2009-12,20091201,72798C,13097,United Kingdom,1,1.65,1.65,0,0,0,0,Year 2009-2010
1549,489574,2009-12-01 13:31:00,2009-12-01,2009-12,20091201,40018F,13097,United Kingdom,10,1.95,19.5,0,0,0,0,Year 2009-2010
1550,489574,2009-12-01 13:31:00,2009-12-01,2009-12,20091201,40018E,13097,United Kingdom,10,1.95,19.5,0,0,0,0,Year 2009-2010
1551,489574,2009-12-01 13:31:00,2009-12-01,2009-12,20091201,85014B,13097,United Kingdom,2,5.95,11.9,0,0,0,1,Year 2009-2010
1552,489574,2009-12-01 13:31:00,2009-12-01,2009-12,20091201,85014D,13097,United Kingdom,2,5.95,11.9,0,0,0,1,Year 2009-2010
1553,489574,2009-12-01 13:31:00,2009-12-01,2009-12,20091201,85014C,13097,United Kingdom,2,5.95,11.9,0,0,0,0,Year 2009-2010
1554,489574,2009-12-01 13:31:00,2009-12-01,2009-12,20091201,85014A,13097,United Kingdom,2,5.95,11.9,0,0,0,0,Year 2009-2010
1555,489574,2009-12-01 13:31:00,2009-12-01,2009-12,20091201,85178,13097,United Kingdom,10,1.25,12.5,0,0,0,0,Year 2009-2010
1556,489574,2009-12-01 13:31:00,2009-12-01,2009-12,20091201,85176,13097,United Kingdom,12,0.85,10.2,0,0,0,0,Year 2009-2010
1557,489574,2009-12-01 13:31:00,2009-12-01,2009-12,20091201,22035,13097,United Kingdom,24,0.42,10.08,0,0,0,0,Year 2009-2010
1558,489574,2009-12-01 13:31:00,2009-12-01,2009-12,20091201,22037,13097,United Kingdom,24,0.42,10.08,0,0,0,0,Year 2009-2010
1559,489574,2009-12-01 13:31:00,2009-12-01,2009-12,20091201,21893,13097,United Kingdom,3,4.25,12.75,0,0,0,0,Year 2009-2010
1560,489574,2009-12-01 13:31:00,2009-12-01,2009-12,20091201,21745,13097,United Kingdom,4,3.75,15.0,0,0,0,0,Year 2009-2010
1561,489574,2009-12-01 13:31:00,2009-12-01,2009-12,20091201,17084J,13097,United Kingdom,2,0.21,0.42,0,0,0,0,Year 2009-2010
1562,489574,2009-12-01 13:31:00,2009-12-01,2009-12,20091201,71279,13097,United Kingdom,2,2.95,5.9,0,0,0,0,Year 2009-2010
1563,489574,2009-12-01 13:31:00,2009-12-01,2009-12,20091201,21417,13097,United Kingdom,2,2.1,4.2,0,0,0,0,Year 2009-2010
1564,489574,2009-12-01 13:31:00,2009-12-01,2009-12,20091201,22083,13097,United Kingdom,5,2.95,14.75,0,0,0,0,Year 2009-2010
1565,489574,2009-12-01 13:31:00,2009-12-01,2009-12,20091201,22125,13097,United Kingdom,2,5.95,11.9,0,0,0,0,Year 2009-2010
1566,489574,2009-12-01 13:31:00,2009-12-01,2009-12,20091201,22088,13097,United Kingdom,1,2.95,2.95,0,0,0,0,Year 2009-2010
1567,489574,2009-12-01 13:31:00,2009-12-01,2009-12,20091201,22093,13097,United Kingdom,3,1.25,3.75,0,0,0,0,Year 2009-2010
1568,489574,2009-12-01 13:31:00,2009-12-01,2009-12,20091201,84288B,13097,United Kingdom,1,1.95,1.95,0,0,0,1,Year 2009-2010
1569,489574,2009-12-01 13:31:00,2009-12-01,2009-12,20091201,21741,13097,United Kingdom,3,2.95,8.850000000000001,0,0,0,0,Year 2009-2010
1570,489574,2009-12-01 13:31:00,2009-12-01,2009-12,20091201,21740,13097,United Kingdom,3,2.95,8.850000000000001,0,0,0,0,Year 2009-2010
1571,489574,2009-12-01 13:31:00,2009-12-01,2009-12,20091201,35924,13097,United Kingdom,3,2.1,6.300000000000001,0,0,0,0,Year 2009-2010
1572,489574,2009-12-01 13:31:00,2009-12-01,2009-12,20091201,20941,13097,United Kingdom,4,1.25,5.0,0,0,0,0,Year 2009-2010
1573,489574,2009-12-01 13:31:00,2009-12-01,2009-12,20091201,22138,13097,United Kingdom,4,4.95,19.8,0,0,0,0,Year 2009-2010
1574,489574,2009-12-01 13:31:00,2009-12-01,2009-12,20091201,21868,13097,United Kingdom,6,1.25,7.5,0,0,0,0,Year 2009-2010
1575,489574,2009-12-01 13:31:00,2009-12-01,2009-12,20091201,82567,13097,United Kingdom,2,2.1,4.2,0,0,0,0,Year 2009-2010
1576,489574,2009-12-01 13:31:00,2009-12-01,2009-12,20091201,22088,13097,United Kingdom,2,2.95,5.9,0,0,0,0,Year 2009-2010
1577,489574,2009-12-01 13:31:00,2009-12-01,2009-12,20091201,22222,13097,United Kingdom,2,4.95,9.9,0,0,0,0,Year 2009-2010
1578,489574,2009-12-01 13:31:00,2009-12-01,2009-12,20091201,85232A,13097,United Kingdom,1,4.95,4.95,0,0,0,0,Year 2009-2010
1579,489574,2009-12-01 13:31:00,2009-12-01,2009-12,20091201,21548,13097,United Kingdom,1,2.95,2.95,0,0,0,0,Year 2009-2010
1580,489574,2009-12-01 13:31:00,2009-12-01,2009-12,20091201,21547,13097,United Kingdom,1,2.95,2.95,0,0,0,0,Year 2009-2010
1581,489574,2009-12-01 13:31:00,2009-12-01,2009-12,20091201,21534,13097,United Kingdom,3,4.95,14.850000000000001,0,0,0,0,Year 2009-2010
1582,489574,2009-12-01 13:31:00,2009-12-01,2009-12,20091201,21553,13097,United Kingdom,1,5.95,5.95,0,0,0,0,Year 2009-2010
1583,489574,2009-12-01 13:31:00,2009-12-01,2009-12,20091201,21554,13097,United Kingdom,1,5.95,5.95,0,0,0,0,Year 2009-2010
1584,489574,2009-12-01 13:31:00,2009-12-01,2009-12,20091201,21481,13097,United Kingdom,2,2.95,5.9,0,0,0,0,Year 2009-2010
1585,489574,2009-12-01 13:31:00,2009-12-01,2009-12,20091201,21482,13097,United Kingdom,3,2.95,8.850000000000001,0,0,0,0,Year 2009-2010
1586,489574,2009-12-01 13:31:00,2009-12-01,2009-12,20091201,85232D,13097,United Kingdom,2,4.95,9.9,0,0,0,1,Year 2009-2010
1587,489574,2009-12-01 13:31:00,2009-12-01,2009-12,20091201,16169C,13097,United Kingdom,25,0.42,10.5,0,0,0,0,Year 2009-2010
1588,489574,2009-12-01 13:31:00,2009-12-01,2009-12,20091201,22215,13097,United Kingdom,2,8.5,17.0,0,0,0,0,Year 2009-2010
1589,489574,2009-12-01 13:31:00,2009-12-01,2009-12,20091201,20804,13097,United Kingdom,4,1.65,6.6,0,0,0,0,Year 2009-2010
1590,489574,2009-12-01 13:31:00,2009-12-01,2009-12,20091201,21260,13097,United Kingdom,6,3.25,19.5,0,0,0,0,Year 2009-2010
1591,489574,2009-12-01 13:31:00,2009-12-01,2009-12,20091201,21875,13097,United Kingdom,6,1.25,7.5,0,0,0,0,Year 2009-2010
1592,489574,2009-12-01 13:31:00,2009-12-01,2009-12,20091201,21016,13097,United Kingdom,4,0.85,3.4,0,0,0,0,Year 2009-2010
1593,489574,2009-12-01 13:31:00,2009-12-01,2009-12,20091201,21015,13097,United Kingdom,4,0.85,3.4,0,0,0,0,Year 2009-2010
1594,489574,2009-12-01 13:31:00,2009-12-01,2009-12,20091201,21014,13097,United Kingdom,4,0.85,3.4,0,0,0,0,Year 2009-2010
1595,489574,2009-12-01 13:31:00,2009-12-01,2009-12,20091201,21917,13097,United Kingdom,10,0.42,4.2,0,0,0,0,Year 2009-2010
1596,489574,2009-12-01 13:31:00,2009-12-01,2009-12,20091201,21916,13097,United Kingdom,10,0.42,4.2,0,0,0,0,Year 2009-2010
1597,489574,2009-12-01 13:31:00,2009-12-01,2009-12,20091201,21918,13097,United Kingdom,10,0.42,4.2,0,0,0,0,Year 2009-2010
1598,489574,2009-12-01 13:31:00,2009-12-01,2009-12,20091201,21791,13097,United Kingdom,10,1.25,12.5,0,0,0,0,Year 2009-2010
1599,489574,2009-12-01 13:31:00,2009-12-01,2009-12,20091201,21889,13097,United Kingdom,12,1.25,15.0,0,0,0,0,Year 2009-2010
1600,489574,2009-12-01 13:31:00,2009-12-01,2009-12,20091201,21098,13097,United Kingdom,3,1.25,3.75,0,0,0,0,Year 2009-2010
1601,489574,2009-12-01 13:31:00,2009-12-01,2009-12,20091201,21231,13097,United Kingdom,1,1.25,1.25,0,0,0,0,Year 2009-2010
1602,489574,2009-12-01 13:31:00,2009-12-01,2009-12,20091201,21232,13097,United Kingdom,4,1.25,5.0,0,0,0,0,Year 2009-2010
1603,489574,2009-12-01 13:31:00,2009-12-01,2009-12,20091201,10135,13097,United Kingdom,10,1.25,12.5,0,0,0,0,Year 2009-2010
1604,489574,2009-12-01 13:31:00,2009-12-01,2009-12,20091201,21491,13097,United Kingdom,2,1.95,3.9,0,0,0,0,Year 2009-2010
1605,489574,2009-12-01 13:31:00,2009-12-01,2009-12,20091201,21888,13097,United Kingdom,3,3.75,11.25,0,0,0,0,Year 2009-2010
1606,489574,2009-12-01 13:31:00,2009-12-01,2009-12,20091201,21913,13097,United Kingdom,3,3.75,11.25,0,0,0,0,Year 2009-2010
1607,489574,2009-12-01 13:31:00,2009-12-01,2009-12,20091201,21912,13097,United Kingdom,3,3.75,11.25,0,0,0,0,Year 2009-2010
1608,489575,2009-12-01 13:37:00,2009-12-01,2009-12,20091201,35957,13590,United Kingdom,96,0.19,18.240000000000002,0,0,0,0,Year 2009-2010
1609,489575,2009-12-01 13:37:00,2009-12-01,2009-12,20091201,22138,13590,United Kingdom,3,4.95,14.850000000000001,0,0,0,0,Year 2009-2010
1610,489575,2009-12-01 13:37:00,2009-12-01,2009-12,20091201,85150,13590,United Kingdom,6,2.55,15.299999999999999,0,0,0,0,Year 2009-2010
1611,489575,2009-12-01 13:37:00,2009-12-01,2009-12,20091201,21232,13590,United Kingdom,12,1.25,15.0,0,0,0,0,Year 2009-2010
1612,489575,2009-12-01 13:37:00,2009-12-01,2009-12,20091201,22069,13590,United Kingdom,12,1.65,19.799999999999997,0,0,0,0,Year 2009-2010
1613,489575,2009-12-01 13:37:00,2009-12-01,2009-12,20091201,84997A,13590,United Kingdom,6,3.75,22.5,0,0,0,0,Year 2009-2010
1614,489575,2009-12-01 13:37:00,2009-12-01,2009-12,20091201,84997B,13590,United Kingdom,6,3.75,22.5,0,0,0,1,Year 2009-2010
1615,489575,2009-12-01 13:37:00,2009-12-01,2009-12,20091201,47591D,13590,United Kingdom,8,1.95,15.6,0,0,0,1,Year 2009-2010
1616,489575,2009-12-01 13:37:00,2009-12-01,2009-12,20091201,47591C,13590,United Kingdom,8,1.95,15.6,0,0,0,0,Year 2009-2010
1617,489575,2009-12-01 13:37:00,2009-12-01,2009-12,20091201,21175,13590,United Kingdom,6,2.1,12.600000000000001,0,0,0,0,Year 2009-2010
1618,489575,2009-12-01 13:37:00,2009-12-01,2009-12,20091201,21098,13590,United Kingdom,12,1.25,15.0,0,0,0,0,Year 2009-2010
1619,489575,2009-12-01 13:37:00,2009-12-01,2009-12,20091201,22064,13590,United Kingdom,12,1.65,19.799999999999997,0,0,0,0,Year 2009-2010
1620,489575,2009-12-01 13:37:00,2009-12-01,2009-12,20091201,22415,13590,United Kingdom,1,7.95,7.95,0,0,0,0,Year 2009-2010
1621,489575,2009-12-01 13:37:00,2009-12-01,2009-12,20091201,48111,13590,United Kingdom,2,6.75,13.5,0,0,0,0,Year 2009-2010
1622,489575,2009-12-01 13:37:00,2009-12-01,2009-12,20091201,22215,13590,United Kingdom,2,8.5,17.0,0,0,0,0,Year 2009-2010
1623,489575,2009-12-01 13:37:00,2009-12-01,2009-12,20091201,35951,13590,United Kingdom,48,0.38,18.240000000000002,0,0,0,0,Year 2009-2010
1624,489575,2009-12-01 13:37:00,2009-12-01,2009-12,20091201,21731,13590,United Kingdom,12,1.65,19.799999999999997,0,0,0,0,Year 2009-2010
1625,489575,2009-12-01 13:37:00,2009-12-01,2009-12,20091201,84991,13590,United Kingdom,24,0.55,13.200000000000001,0,0,0,0,Year 2009-2010
1626,489575,2009-12-01 13:37:00,2009-12-01,2009-12,20091201,21743,13590,United Kingdom,6,2.95,17.700000000000003,0,0,0,0,Year 2009-2010
1627,489575,2009-12-01 13:37:00,2009-12-01,2009-12,20091201,21744,13590,United Kingdom,6,2.95,17.700000000000003,0,0,0,0,Year 2009-2010
1628,489575,2009-12-01 13:37:00,2009-12-01,2009-12,20091201,21482,13590,United Kingdom,6,2.95,17.700000000000003,0,0,0,0,Year 2009-2010
1629,489575,2009-12-01 13:37:00,2009-12-01,2009-12,20091201,21481,13590,United Kingdom,6,2.95,17.700000000000003,0,0,0,0,Year 2009-2010
1630,C489577,2009-12-01 13:38:00,2009-12-01,2009-12,20091201,37503,14030,United Kingdom,-3,9.95,-29.849999999999998,1,1,0,0,Year 2009-2010
1631,C489577,2009-12-01 13:38:00,2009-12-01,2009-12,20091201,22127,14030,United Kingdom,-48,1.25,-60.0,1,1,0,0,Year 2009-2010
1632,C489577,2009-12-01 13:38:00,2009-12-01,2009-12,20091201,37501,14030,United Kingdom,-1,6.95,-6.95,1,1,0,0,Year 2009-2010
1633,489576,2009-12-01 13:38:00,2009-12-01,2009-12,20091201,85049E,15984,United Kingdom,5,1.25,6.25,0,0,0,0,Year 2009-2010
1634,489576,2009-12-01 13:38:00,2009-12-01,2009-12,20091201,85049A,15984,United Kingdom,17,1.25,21.25,0,0,0,0,Year 2009-2010
1635,489576,2009-12-01 13:38:00,2009-12-01,2009-12,20091201,84352,15984,United Kingdom,1,16.95,16.95,0,0,0,0,Year 2009-2010
1636,489576,2009-12-01 13:38:00,2009-12-01,2009-12,20091201,21842,15984,United Kingdom,8,2.55,20.4,0,0,0,0,Year 2009-2010
1637,489576,2009-12-01 13:38:00,2009-12-01,2009-12,20091201,22152,15984,United Kingdom,24,0.42,10.08,0,0,0,0,Year 2009-2010
1638,489576,2009-12-01 13:38:00,2009-12-01,2009-12,20091201,84836,15984,United Kingdom,12,1.25,15.0,0,0,0,0,Year 2009-2010
1639,489576,2009-12-01 13:38:00,2009-12-01,2009-12,20091201,85048,15984,United Kingdom,5,7.95,39.75,0,0,0,0,Year 2009-2010
1640,489576,2009-12-01 13:38:00,2009-12-01,2009-12,20091201,21385,15984,United Kingdom,24,0.85,20.4,0,0,0,0,Year 2009-2010
1641,489576,2009-12-01 13:38:00,2009-12-01,2009-12,20091201,22086,15984,United Kingdom,10,2.95,29.5,0,0,0,0,Year 2009-2010
1642,489576,2009-12-01 13:38:00,2009-12-01,2009-12,20091201,22296,15984,United Kingdom,12,1.65,19.799999999999997,0,0,0,0,Year 2009-2010
1643,489576,2009-12-01 13:38:00,2009-12-01,2009-12,20091201,22151,15984,United Kingdom,24,0.42,10.08,0,0,0,0,Year 2009-2010
1644,489576,2009-12-01 13:38:00,2009-12-01,2009-12,20091201,21929,15984,United Kingdom,3,1.95,5.85,0,0,0,0,Year 2009-2010
1645,489576,2009-12-01 13:38:00,2009-12-01,2009-12,20091201,85099F,15984,United Kingdom,3,1.95,5.85,0,0,0,0,Year 2009-2010
1646,489576,2009-12-01 13:38:00,2009-12-01,2009-12,20091201,21928,15984,United Kingdom,5,1.95,9.75,0,0,0,0,Year 2009-2010
1647,489576,2009-12-01 13:38:00,2009-12-01,2009-12,20091201,85123A,15984,United Kingdom,6,2.95,17.700000000000003,0,0,0,0,Year 2009-2010
1648,489576,2009-12-01 13:38:00,2009-12-01,2009-12,20091201,22113,15984,United Kingdom,18,3.45,62.1,0,0,0,0,Year 2009-2010
1649,489576,2009-12-01 13:38:00,2009-12-01,2009-12,20091201,35400,15984,United Kingdom,1,8.95,8.95,0,0,0,0,Year 2009-2010
1650,C489578,2009-12-01 13:40:00,2009-12-01,2009-12,20091201,21481,17091,United Kingdom,-1,2.95,-2.95,1,1,0,0,Year 2009-2010
1651,489579,2009-12-01 13:41:00,2009-12-01,2009-12,20091201,35001G,16887,United Kingdom,2,4.25,8.5,0,0,0,0,Year 2009-2010
1652,489579,2009-12-01 13:41:00,2009-12-01,2009-12,20091201,84855,16887,United Kingdom,1,4.95,4.95,0,0,0,0,Year 2009-2010
1653,489579,2009-12-01 13:41:00,2009-12-01,2009-12,20091201,84854,16887,United Kingdom,1,4.95,4.95,0,0,0,0,Year 2009-2010
1654,489579,2009-12-01 13:41:00,2009-12-01,2009-12,20091201,72756,16887,United Kingdom,9,1.49,13.41,0,0,0,0,Year 2009-2010
1655,489579,2009-12-01 13:41:00,2009-12-01,2009-12,20091201,72741,16887,United Kingdom,9,1.45,13.049999999999999,0,0,0,0,Year 2009-2010
1656,489579,2009-12-01 13:41:00,2009-12-01,2009-12,20091201,21216,16887,United Kingdom,1,4.95,4.95,0,0,0,0,Year 2009-2010
1657,489579,2009-12-01 13:41:00,2009-12-01,2009-12,20091201,22315,16887,United Kingdom,2,1.25,2.5,0,0,0,0,Year 2009-2010
1658,489579,2009-12-01 13:41:00,2009-12-01,2009-12,20091201,21244,16887,United Kingdom,4,1.69,6.76,0,0,0,0,Year 2009-2010
1659,489579,2009-12-01 13:41:00,2009-12-01,2009-12,20091201,21243,16887,United Kingdom,4,1.69,6.76,0,0,0,0,Year 2009-2010
1660,489579,2009-12-01 13:41:00,2009-12-01,2009-12,20091201,21041,16887,United Kingdom,4,2.95,11.8,0,0,0,0,Year 2009-2010
1661,489579,2009-12-01 13:41:00,2009-12-01,2009-12,20091201,21155,16887,United Kingdom,4,2.1,8.4,0,0,0,0,Year 2009-2010
1662,489579,2009-12-01 13:41:00,2009-12-01,2009-12,20091201,35991,16887,United Kingdom,3,1.69,5.07,0,0,0,0,Year 2009-2010
1663,489579,2009-12-01 13:41:00,2009-12-01,2009-12,20091201,21412,16887,United Kingdom,2,2.1,4.2,0,0,0,0,Year 2009-2010
1664,489579,2009-12-01 13:41:00,2009-12-01,2009-12,20091201,72799F,16887,United Kingdom,3,2.95,8.850000000000001,0,0,0,0,Year 2009-2010
1665,489579,2009-12-01 13:41:00,2009-12-01,2009-12,20091201,72799E,16887,United Kingdom,3,2.95,8.850000000000001,0,0,0,0,Year 2009-2010
1666,489579,2009-12-01 13:41:00,2009-12-01,2009-12,20091201,72799C,16887,United Kingdom,2,2.95,5.9,0,0,0,0,Year 2009-2010
1667,489579,2009-12-01 13:41:00,2009-12-01,2009-12,20091201,21500,16887,United Kingdom,25,0.42,10.5,0,0,0,0,Year 2009-2010
1668,489579,2009-12-01 13:41:00,2009-12-01,2009-12,20091201,21499,16887,United Kingdom,25,0.42,10.5,0,0,0,0,Year 2009-2010
1669,489579,2009-12-01 13:41:00,2009-12-01,2009-12,20091201,21498,16887,United Kingdom,25,0.42,10.5,0,0,0,0,Year 2009-2010
1670,489579,2009-12-01 13:41:00,2009-12-01,2009-12,20091201,21246,16887,United Kingdom,1,4.95,4.95,0,0,0,0,Year 2009-2010
1671,489579,2009-12-01 13:41:00,2009-12-01,2009-12,20091201,21247,16887,United Kingdom,1,1.49,1.49,0,0,0,0,Year 2009-2010
1672,489579,2009-12-01 13:41:00,2009-12-01,2009-12,20091201,21124,16887,United Kingdom,4,1.25,5.0,0,0,0,0,Year 2009-2010
1673,489579,2009-12-01 13:41:00,2009-12-01,2009-12,20091201,21122,16887,United Kingdom,4,1.25,5.0,0,0,0,0,Year 2009-2010
1674,489579,2009-12-01 13:41:00,2009-12-01,2009-12,20091201,85136C,16887,United Kingdom,1,7.95,7.95,0,0,0,0,Year 2009-2010
1675,489579,2009-12-01 13:41:00,2009-12-01,2009-12,20091201,72267,16887,United Kingdom,4,2.1,8.4,0,0,0,0,Year 2009-2010
1676,489579,2009-12-01 13:41:00,2009-12-01,2009-12,20091201,21217,16887,United Kingdom,1,9.95,9.95,0,0,0,0,Year 2009-2010
1677,489579,2009-12-01 13:41:00,2009-12-01,2009-12,20091201,21218,16887,United Kingdom,1,3.75,3.75,0,0,0,0,Year 2009-2010
1678,489579,2009-12-01 13:41:00,2009-12-01,2009-12,20091201,21240,16887,United Kingdom,4,0.85,3.4,0,0,0,0,Year 2009-2010
1679,489579,2009-12-01 13:41:00,2009-12-01,2009-12,20091201,21238,16887,United Kingdom,2,0.85,1.7,0,0,0,0,Year 2009-2010
1680,489579,2009-12-01 13:41:00,2009-12-01,2009-12,20091201,21239,16887,United Kingdom,4,0.85,3.4,0,0,0,0,Year 2009-2010
1681,489579,2009-12-01 13:41:00,2009-12-01,2009-12,20091201,20677,16887,United Kingdom,4,1.25,5.0,0,0,0,0,Year 2009-2010
1682,489579,2009-12-01 13:41:00,2009-12-01,2009-12,20091201,20675,16887,United Kingdom,4,1.25,5.0,0,0,0,0,Year 2009-2010
1683,489579,2009-12-01 13:41:00,2009-12-01,2009-12,20091201,21986,16887,United Kingdom,12,0.29,3.4799999999999995,0,0,0,0,Year 2009-2010
1684,489579,2009-12-01 13:41:00,2009-12-01,2009-12,20091201,21034,16887,United Kingdom,1,0.95,0.95,0,0,0,0,Year 2009-2010
1685,489580,2009-12-01 13:43:00,2009-12-01,2009-12,20091201,21232,12921,United Kingdom,24,1.25,30.0,0,0,0,0,Year 2009-2010
1686,489580,2009-12-01 13:43:00,2009-12-01,2009-12,20091201,21231,12921,United Kingdom,24,1.25,30.0,0,0,0,0,Year 2009-2010
1687,489580,2009-12-01 13:43:00,2009-12-01,2009-12,20091201,21975,12921,United Kingdom,24,0.55,13.200000000000001,0,0,0,0,Year 2009-2010
1688,489580,2009-12-01 13:43:00,2009-12-01,2009-12,20091201,21213,12921,United Kingdom,24,0.55,13.200000000000001,0,0,0,0,Year 2009-2010
1689,489580,2009-12-01 13:43:00,2009-12-01,2009-12,20091201,21977,12921,United Kingdom,24,0.55,13.200000000000001,0,0,0,0,Year 2009-2010
1690,489580,2009-12-01 13:43:00,2009-12-01,2009-12,20091201,21212,12921,United Kingdom,24,0.55,13.200000000000001,0,0,0,0,Year 2009-2010
1691,489580,2009-12-01 13:43:00,2009-12-01,2009-12,20091201,84991,12921,United Kingdom,24,0.55,13.200000000000001,0,0,0,0,Year 2009-2010
1692,489580,2009-12-01 13:43:00,2009-12-01,2009-12,20091201,72756,12921,United Kingdom,108,1.25,135.0,0,0,0,0,Year 2009-2010
1693,C489583,2009-12-01 13:47:00,2009-12-01,2009-12,20091201,72807B,14621,United Kingdom,-1,4.25,-4.25,1,1,0,1,Year 2009-2010
1694,C489583,2009-12-01 13:47:00,2009-12-01,2009-12,20091201,72802C,14621,United Kingdom,-1,4.25,-4.25,1,1,0,0,Year 2009-2010
1695,C489583,2009-12-01 13:47:00,2009-12-01,2009-12,20091201,72802B,14621,United Kingdom,-2,4.25,-8.5,1,1,0,1,Year 2009-2010
1696,C489583,2009-12-01 13:47:00,2009-12-01,2009-12,20091201,85047,14621,United Kingdom,-1,6.35,-6.35,1,1,0,0,Year 2009-2010
1697,489582,2009-12-01 13:47:00,2009-12-01,2009-12,20091201,72799B,14543,United Kingdom,10,2.95,29.5,0,0,0,1,Year 2009-2010
1698,489582,2009-12-01 13:47:00,2009-12-01,2009-12,20091201,35400,14543,United Kingdom,2,8.95,17.9,0,0,0,0,Year 2009-2010
1699,489582,2009-12-01 13:47:00,2009-12-01,2009-12,20091201,84970L,14543,United Kingdom,72,0.95,68.39999999999999,0,0,0,0,Year 2009-2010
1700,489582,2009-12-01 13:47:00,2009-12-01,2009-12,20091201,21768,14543,United Kingdom,1,14.95,14.95,0,0,0,0,Year 2009-2010
1701,489582,2009-12-01 13:47:00,2009-12-01,2009-12,20091201,21477,14543,United Kingdom,2,12.75,25.5,0,0,0,0,Year 2009-2010
1702,489582,2009-12-01 13:47:00,2009-12-01,2009-12,20091201,85048,14543,United Kingdom,2,7.95,15.9,0,0,0,0,Year 2009-2010
1703,489582,2009-12-01 13:47:00,2009-12-01,2009-12,20091201,84984D,14543,United Kingdom,12,4.25,51.0,0,0,0,1,Year 2009-2010
1704,489582,2009-12-01 13:47:00,2009-12-01,2009-12,20091201,84773,14543,United Kingdom,18,2.95,53.1,0,0,0,0,Year 2009-2010
1705,489582,2009-12-01 13:47:00,2009-12-01,2009-12,20091201,84601A,14543,United Kingdom,6,2.95,17.700000000000003,0,0,0,0,Year 2009-2010
1706,489581,2009-12-01 13:47:00,2009-12-01,2009-12,20091201,85174,15945,United Kingdom,1,4.95,4.95,0,0,0,0,Year 2009-2010
1707,489581,2009-12-01 13:47:00,2009-12-01,2009-12,20091201,71028B,15945,United Kingdom,1,1.65,1.65,0,0,0,1,Year 2009-2010
1708,489581,2009-12-01 13:47:00,2009-12-01,2009-12,20091201,84755,15945,United Kingdom,8,0.65,5.2,0,0,0,0,Year 2009-2010
1709,489581,2009-12-01 13:47:00,2009-12-01,2009-12,20091201,22114,15945,United Kingdom,1,3.95,3.95,0,0,0,0,Year 2009-2010
1710,489581,2009-12-01 13:47:00,2009-12-01,2009-12,20091201,72267,15945,United Kingdom,1,2.1,2.1,0,0,0,0,Year 2009-2010
1711,489581,2009-12-01 13:47:00,2009-12-01,2009-12,20091201,72140F,15945,United Kingdom,1,0.42,0.42,0,0,0,0,Year 2009-2010
1712,489581,2009-12-01 13:47:00,2009-12-01,2009-12,20091201,84950,15945,United Kingdom,12,0.85,10.2,0,0,0,0,Year 2009-2010
1713,489581,2009-12-01 13:47:00,2009-12-01,2009-12,20091201,85175,15945,United Kingdom,64,0.42,26.88,0,0,0,0,Year 2009-2010
1714,489581,2009-12-01 13:47:00,2009-12-01,2009-12,20091201,72487,15945,United Kingdom,36,0.38,13.68,0,0,0,0,Year 2009-2010
1715,489581,2009-12-01 13:47:00,2009-12-01,2009-12,20091201,84360,15945,United Kingdom,12,4.65,55.800000000000004,0,0,0,0,Year 2009-2010
1716,489584,2009-12-01 13:48:00,2009-12-01,2009-12,20091201,21335,18037,United Kingdom,1,21.95,21.95,0,0,0,0,Year 2009-2010
1717,489585,2009-12-01 13:49:00,2009-12-01,2009-12,20091201,84832,15662,United Kingdom,24,0.85,20.4,0,0,0,0,Year 2009-2010
1718,489585,2009-12-01 13:49:00,2009-12-01,2009-12,20091201,21133,15662,United Kingdom,24,1.69,40.56,0,0,0,0,Year 2009-2010
1719,489585,2009-12-01 13:49:00,2009-12-01,2009-12,20091201,84879,15662,United Kingdom,16,1.69,27.04,0,0,0,0,Year 2009-2010
1720,489585,2009-12-01 13:49:00,2009-12-01,2009-12,20091201,21755,15662,United Kingdom,3,5.95,17.85,0,0,0,0,Year 2009-2010
1721,489586,2009-12-01 13:50:00,2009-12-01,2009-12,20091201,35001W,15380,United Kingdom,36,2.95,106.2,0,0,0,0,Year 2009-2010
1722,489586,2009-12-01 13:50:00,2009-12-01,2009-12,20091201,84396,15380,United Kingdom,24,1.95,46.8,0,0,0,0,Year 2009-2010
1723,489586,2009-12-01 13:50:00,2009-12-01,2009-12,20091201,35001G,15380,United Kingdom,18,3.39,61.02,0,0,0,0,Year 2009-2010
1724,489586,2009-12-01 13:50:00,2009-12-01,2009-12,20091201,72753A,15380,United Kingdom,8,2.1,16.8,0,0,0,0,Year 2009-2010
1725,489586,2009-12-01 13:50:00,2009-12-01,2009-12,20091201,72750C,15380,United Kingdom,8,1.95,15.6,0,0,0,0,Year 2009-2010
1726,489586,2009-12-01 13:50:00,2009-12-01,2009-12,20091201,21895,15380,United Kingdom,4,4.25,17.0,0,0,0,0,Year 2009-2010
1727,C489587,2009-12-01 13:52:00,2009-12-01,2009-12,20091201,21639,16422,United Kingdom,-5,0.85,-4.25,1,1,0,0,Year 2009-2010
1728,C489588,2009-12-01 14:01:00,2009-12-01,2009-12,20091201,79323P,13711,United Kingdom,-2,6.75,-13.5,1,1,0,0,Year 2009-2010
1729,C489588,2009-12-01 14:01:00,2009-12-01,2009-12,20091201,79323GR,13711,United Kingdom,-2,6.75,-13.5,1,1,0,0,Year 2009-2010
1730,C489588,2009-12-01 14:01:00,2009-12-01,2009-12,20091201,22120,13711,United Kingdom,-1,9.95,-9.95,1,1,0,0,Year 2009-2010
1731,C489589,2009-12-01 14:02:00,2009-12-01,2009-12,20091201,21535,16150,United Kingdom,-1,2.55,-2.55,1,1,0,0,Year 2009-2010
1732,C489589,2009-12-01 14:02:00,2009-12-01,2009-12,20091201,22073,16150,United Kingdom,-1,3.75,-3.75,1,1,0,0,Year 2009-2010
1733,489590,2009-12-01 14:14:00,2009-12-01,2009-12,20091201,21733,13110,United Kingdom,12,2.95,35.400000000000006,0,0,0,0,Year 2009-2010
1734,489590,2009-12-01 14:14:00,2009-12-01,2009-12,20091201,85123A,13110,United Kingdom,6,2.95,17.700000000000003,0,0,0,0,Year 2009-2010
1735,489590,2009-12-01 14:14:00,2009-12-01,2009-12,20091201,22113,13110,United Kingdom,7,3.45,24.150000000000002,0,0,0,0,Year 2009-2010
1736,489590,2009-12-01 14:14:00,2009-12-01,2009-12,20091201,85211,13110,United Kingdom,1,1.65,1.65,0,0,0,0,Year 2009-2010
1737,489590,2009-12-01 14:14:00,2009-12-01,2009-12,20091201,22086,13110,United Kingdom,2,2.95,5.9,0,0,0,0,Year 2009-2010
1738,489590,2009-12-01 14:14:00,2009-12-01,2009-12,20091201,84341B,13110,United Kingdom,2,0.85,1.7,0,0,0,1,Year 2009-2010
1739,489590,2009-12-01 14:14:00,2009-12-01,2009-12,20091201,22211,13110,United Kingdom,1,1.65,1.65,0,0,0,0,Year 2009-2010
1740,489590,2009-12-01 14:14:00,2009-12-01,2009-12,20091201,22275,13110,United Kingdom,1,8.5,8.5,0,0,0,0,Year 2009-2010
1741,489590,2009-12-01 14:14:00,2009-12-01,2009-12,20091201,22283,13110,United Kingdom,2,7.95,15.9,0,0,0,0,Year 2009-2010
1742,489590,2009-12-01 14:14:00,2009-12-01,2009-12,20091201,22186,13110,United Kingdom,2,2.95,5.9,0,0,0,0,Year 2009-2010
1743,489590,2009-12-01 14:14:00,2009-12-01,2009-12,20091201,22187,13110,United Kingdom,2,4.25,8.5,0,0,0,0,Year 2009-2010
1744,489590,2009-12-01 14:14:00,2009-12-01,2009-12,20091201,35001G,13110,United Kingdom,2,4.25,8.5,0,0,0,0,Year 2009-2010
1745,489590,2009-12-01 14:14:00,2009-12-01,2009-12,20091201,35001W,13110,United Kingdom,2,3.49,6.98,0,0,0,0,Year 2009-2010
1746,489590,2009-12-01 14:14:00,2009-12-01,2009-12,20091201,35400,13110,United Kingdom,2,8.95,17.9,0,0,0,0,Year 2009-2010
1747,489590,2009-12-01 14:14:00,2009-12-01,2009-12,20091201,21804,13110,United Kingdom,12,3.75,45.0,0,0,0,0,Year 2009-2010
1748,489590,2009-12-01 14:14:00,2009-12-01,2009-12,20091201,21735,13110,United Kingdom,2,12.75,25.5,0,0,0,0,Year 2009-2010
1749,489590,2009-12-01 14:14:00,2009-12-01,2009-12,20091201,22295,13110,United Kingdom,12,1.65,19.799999999999997,0,0,0,0,Year 2009-2010
1750,489590,2009-12-01 14:14:00,2009-12-01,2009-12,20091201,21755,13110,United Kingdom,6,5.95,35.7,0,0,0,0,Year 2009-2010
1751,489590,2009-12-01 14:14:00,2009-12-01,2009-12,20091201,22325,13110,United Kingdom,1,4.95,4.95,0,0,0,0,Year 2009-2010
1752,489590,2009-12-01 14:14:00,2009-12-01,2009-12,20091201,22320,13110,United Kingdom,1,5.95,5.95,0,0,0,0,Year 2009-2010
1753,489590,2009-12-01 14:14:00,2009-12-01,2009-12,20091201,21756,13110,United Kingdom,2,5.95,11.9,0,0,0,0,Year 2009-2010
1754,489590,2009-12-01 14:14:00,2009-12-01,2009-12,20091201,22120,13110,United Kingdom,2,9.95,19.9,0,0,0,0,Year 2009-2010
1755,489590,2009-12-01 14:14:00,2009-12-01,2009-12,20091201,20685,13110,United Kingdom,1,6.75,6.75,0,0,0,0,Year 2009-2010
1756,489590,2009-12-01 14:14:00,2009-12-01,2009-12,20091201,48194,13110,United Kingdom,1,6.75,6.75,0,0,0,0,Year 2009-2010
1757,489590,2009-12-01 14:14:00,2009-12-01,2009-12,20091201,48173C,13110,United Kingdom,1,6.75,6.75,0,0,0,0,Year 2009-2010
1758,489590,2009-12-01 14:14:00,2009-12-01,2009-12,20091201,48189,13110,United Kingdom,1,6.75,6.75,0,0,0,0,Year 2009-2010
1759,489590,2009-12-01 14:14:00,2009-12-01,2009-12,20091201,48116,13110,United Kingdom,1,6.75,6.75,0,0,0,0,Year 2009-2010
1760,C489591,2009-12-01 14:17:00,2009-12-01,2009-12,20091201,79323B,12921,United Kingdom,-3,5.45,-16.35,1,1,0,1,Year 2009-2010
1761,489593,2009-12-01 14:19:00,2009-12-01,2009-12,20091201,48194,12836,United Kingdom,3,6.75,20.25,0,0,0,0,Year 2009-2010
1762,489593,2009-12-01 14:19:00,2009-12-01,2009-12,20091201,21181,12836,United Kingdom,12,2.1,25.200000000000003,0,0,0,0,Year 2009-2010
1763,489593,2009-12-01 14:19:00,2009-12-01,2009-12,20091201,21761,12836,United Kingdom,1,29.95,29.95,0,0,0,0,Year 2009-2010
1764,489593,2009-12-01 14:19:00,2009-12-01,2009-12,20091201,84879,12836,United Kingdom,8,1.69,13.52,0,0,0,0,Year 2009-2010
1765,489593,2009-12-01 14:19:00,2009-12-01,2009-12,20091201,85067,12836,United Kingdom,1,18.95,18.95,0,0,0,0,Year 2009-2010
1766,489593,2009-12-01 14:19:00,2009-12-01,2009-12,20091201,22113,12836,United Kingdom,3,3.45,10.350000000000001,0,0,0,0,Year 2009-2010
1767,489593,2009-12-01 14:19:00,2009-12-01,2009-12,20091201,22112,12836,United Kingdom,2,4.95,9.9,0,0,0,0,Year 2009-2010
1768,489593,2009-12-01 14:19:00,2009-12-01,2009-12,20091201,21480,12836,United Kingdom,2,2.95,5.9,0,0,0,0,Year 2009-2010
1769,489593,2009-12-01 14:19:00,2009-12-01,2009-12,20091201,79323S,12836,United Kingdom,4,6.75,27.0,0,0,0,0,Year 2009-2010
1770,489593,2009-12-01 14:19:00,2009-12-01,2009-12,20091201,79323W,12836,United Kingdom,6,6.75,40.5,0,0,0,0,Year 2009-2010
1771,489593,2009-12-01 14:19:00,2009-12-01,2009-12,20091201,37503,12836,United Kingdom,4,10.75,43.0,0,0,0,0,Year 2009-2010
1772,489593,2009-12-01 14:19:00,2009-12-01,2009-12,20091201,22086,12836,United Kingdom,4,2.95,11.8,0,0,0,0,Year 2009-2010
1773,489593,2009-12-01 14:19:00,2009-12-01,2009-12,20091201,21016,12836,United Kingdom,1,0.85,0.85,0,0,0,0,Year 2009-2010
1774,489593,2009-12-01 14:19:00,2009-12-01,2009-12,20091201,21257,12836,United Kingdom,2,7.95,15.9,0,0,0,0,Year 2009-2010
1775,489593,2009-12-01 14:19:00,2009-12-01,2009-12,20091201,21767,12836,United Kingdom,1,29.95,29.95,0,0,0,0,Year 2009-2010
1776,489593,2009-12-01 14:19:00,2009-12-01,2009-12,20091201,85068,12836,United Kingdom,1,7.95,7.95,0,0,0,0,Year 2009-2010
1777,489593,2009-12-01 14:19:00,2009-12-01,2009-12,20091201,21768,12836,United Kingdom,1,14.95,14.95,0,0,0,0,Year 2009-2010
1778,489593,2009-12-01 14:19:00,2009-12-01,2009-12,20091201,22171,12836,United Kingdom,2,8.5,17.0,0,0,0,0,Year 2009-2010
1779,489593,2009-12-01 14:19:00,2009-12-01,2009-12,20091201,21490,12836,United Kingdom,4,1.95,7.8,0,0,0,0,Year 2009-2010
1780,489593,2009-12-01 14:19:00,2009-12-01,2009-12,20091201,21491,12836,United Kingdom,4,1.95,7.8,0,0,0,0,Year 2009-2010
1781,489593,2009-12-01 14:19:00,2009-12-01,2009-12,20091201,22273,12836,United Kingdom,2,2.95,5.9,0,0,0,0,Year 2009-2010
1782,489593,2009-12-01 14:19:00,2009-12-01,2009-12,20091201,22272,12836,United Kingdom,2,2.95,5.9,0,0,0,0,Year 2009-2010
1783,489593,2009-12-01 14:19:00,2009-12-01,2009-12,20091201,22349,12836,United Kingdom,3,3.75,11.25,0,0,0,0,Year 2009-2010
1784,489593,2009-12-01 14:19:00,2009-12-01,2009-12,20091201,21790,12836,United Kingdom,6,0.85,5.1,0,0,0,0,Year 2009-2010
1785,489593,2009-12-01 14:19:00,2009-12-01,2009-12,20091201,21791,12836,United Kingdom,3,1.25,3.75,0,0,0,0,Year 2009-2010
1786,489593,2009-12-01 14:19:00,2009-12-01,2009-12,20091201,21591,12836,United Kingdom,2,1.25,2.5,0,0,0,0,Year 2009-2010
1787,489593,2009-12-01 14:19:00,2009-12-01,2009-12,20091201,22150,12836,United Kingdom,3,1.95,5.85,0,0,0,0,Year 2009-2010
1788,489593,2009-12-01 14:19:00,2009-12-01,2009-12,20091201,21493,12836,United Kingdom,5,0.85,4.25,0,0,0,0,Year 2009-2010
1789,489593,2009-12-01 14:19:00,2009-12-01,2009-12,20091201,84855,12836,United Kingdom,1,4.95,4.95,0,0,0,0,Year 2009-2010
1790,C489592,2009-12-01 14:19:00,2009-12-01,2009-12,20091201,22301,18287,United Kingdom,-2,2.55,-5.1,1,1,0,0,Year 2009-2010
1791,489594,2009-12-01 14:19:00,2009-12-01,2009-12,20091201,85045,15005,United Kingdom,1,4.95,4.95,0,0,0,0,Year 2009-2010
1792,489594,2009-12-01 14:19:00,2009-12-01,2009-12,20091201,85042,15005,United Kingdom,1,4.95,4.95,0,0,0,0,Year 2009-2010
1793,489594,2009-12-01 14:19:00,2009-12-01,2009-12,20091201,72349B,15005,United Kingdom,4,2.1,8.4,0,0,0,1,Year 2009-2010
1794,489594,2009-12-01 14:19:00,2009-12-01,2009-12,20091201,84596K,15005,United Kingdom,7,1.25,8.75,0,0,0,0,Year 2009-2010
1795,489594,2009-12-01 14:19:00,2009-12-01,2009-12,20091201,20977,15005,United Kingdom,3,1.25,3.75,0,0,0,0,Year 2009-2010
1796,489594,2009-12-01 14:19:00,2009-12-01,2009-12,20091201,20676,15005,United Kingdom,6,1.25,7.5,0,0,0,0,Year 2009-2010
1797,489594,2009-12-01 14:19:00,2009-12-01,2009-12,20091201,20675,15005,United Kingdom,4,1.25,5.0,0,0,0,0,Year 2009-2010
1798,489594,2009-12-01 14:19:00,2009-12-01,2009-12,20091201,84596E,15005,United Kingdom,5,1.25,6.25,0,0,0,0,Year 2009-2010
1799,489594,2009-12-01 14:19:00,2009-12-01,2009-12,20091201,84596G,15005,United Kingdom,5,1.25,6.25,0,0,0,0,Year 2009-2010
1800,489594,2009-12-01 14:19:00,2009-12-01,2009-12,20091201,20975,15005,United Kingdom,4,0.65,2.6,0,0,0,0,Year 2009-2010
1801,489594,2009-12-01 14:19:00,2009-12-01,2009-12,20091201,21931,15005,United Kingdom,2,1.95,3.9,0,0,0,0,Year 2009-2010
1802,489594,2009-12-01 14:19:00,2009-12-01,2009-12,20091201,85099C,15005,United Kingdom,2,1.95,3.9,0,0,0,0,Year 2009-2010
1803,489594,2009-12-01 14:19:00,2009-12-01,2009-12,20091201,21929,15005,United Kingdom,2,1.95,3.9,0,0,0,0,Year 2009-2010
1804,489594,2009-12-01 14:19:00,2009-12-01,2009-12,20091201,37448,15005,United Kingdom,3,1.49,4.47,0,0,0,0,Year 2009-2010
1805,489594,2009-12-01 14:19:00,2009-12-01,2009-12,20091201,22131,15005,United Kingdom,3,1.95,5.85,0,0,0,0,Year 2009-2010
1806,489594,2009-12-01 14:19:00,2009-12-01,2009-12,20091201,37447,15005,United Kingdom,2,1.49,2.98,0,0,0,0,Year 2009-2010
1807,489594,2009-12-01 14:19:00,2009-12-01,2009-12,20091201,22055,15005,United Kingdom,2,1.65,3.3,0,0,0,0,Year 2009-2010
1808,489594,2009-12-01 14:19:00,2009-12-01,2009-12,20091201,22062,15005,United Kingdom,1,2.95,2.95,0,0,0,0,Year 2009-2010
1809,489594,2009-12-01 14:19:00,2009-12-01,2009-12,20091201,84596B,15005,United Kingdom,8,1.25,10.0,0,0,0,1,Year 2009-2010
1810,489594,2009-12-01 14:19:00,2009-12-01,2009-12,20091201,21232,15005,United Kingdom,12,1.25,15.0,0,0,0,0,Year 2009-2010
1811,489594,2009-12-01 14:19:00,2009-12-01,2009-12,20091201,22055,15005,United Kingdom,1,1.65,1.65,0,0,0,0,Year 2009-2010
1812,489594,2009-12-01 14:19:00,2009-12-01,2009-12,20091201,37448,15005,United Kingdom,2,1.49,2.98,0,0,0,0,Year 2009-2010
1813,489594,2009-12-01 14:19:00,2009-12-01,2009-12,20091201,22347,15005,United Kingdom,6,1.25,7.5,0,0,0,0,Year 2009-2010
1814,489594,2009-12-01 14:19:00,2009-12-01,2009-12,20091201,37448,15005,United Kingdom,1,1.49,1.49,0,0,0,0,Year 2009-2010
1815,489594,2009-12-01 14:19:00,2009-12-01,2009-12,20091201,22350,15005,United Kingdom,2,2.55,5.1,0,0,0,0,Year 2009-2010
1816,489594,2009-12-01 14:19:00,2009-12-01,2009-12,20091201,21791,15005,United Kingdom,4,1.25,5.0,0,0,0,0,Year 2009-2010
1817,489594,2009-12-01 14:19:00,2009-12-01,2009-12,20091201,84507C,15005,United Kingdom,1,2.55,2.55,0,0,0,0,Year 2009-2010
1818,489594,2009-12-01 14:19:00,2009-12-01,2009-12,20091201,84507B,15005,United Kingdom,1,2.55,2.55,0,0,0,1,Year 2009-2010
1819,489594,2009-12-01 14:19:00,2009-12-01,2009-12,20091201,84508A,15005,United Kingdom,2,2.55,5.1,0,0,0,0,Year 2009-2010
1820,489594,2009-12-01 14:19:00,2009-12-01,2009-12,20091201,37450,15005,United Kingdom,3,2.95,8.850000000000001,0,0,0,0,Year 2009-2010
1821,489594,2009-12-01 14:19:00,2009-12-01,2009-12,20091201,22065,15005,United Kingdom,6,1.45,8.7,0,0,0,0,Year 2009-2010
1822,489594,2009-12-01 14:19:00,2009-12-01,2009-12,20091201,79302M,15005,United Kingdom,1,2.95,2.95,0,0,0,1,Year 2009-2010
1823,489594,2009-12-01 14:19:00,2009-12-01,2009-12,20091201,21034,15005,United Kingdom,3,0.95,2.8499999999999996,0,0,0,0,Year 2009-2010
1824,489594,2009-12-01 14:19:00,2009-12-01,2009-12,20091201,37502,15005,United Kingdom,8,2.95,23.6,0,0,0,0,Year 2009-2010
1825,489594,2009-12-01 14:19:00,2009-12-01,2009-12,20091201,37503,15005,United Kingdom,1,10.75,10.75,0,0,0,0,Year 2009-2010
1826,489594,2009-12-01 14:19:00,2009-12-01,2009-12,20091201,37449,15005,United Kingdom,2,9.95,19.9,0,0,0,0,Year 2009-2010
1827,489594,2009-12-01 14:19:00,2009-12-01,2009-12,20091201,84534B,15005,United Kingdom,4,0.85,3.4,0,0,0,1,Year 2009-2010
1828,489594,2009-12-01 14:19:00,2009-12-01,2009-12,20091201,84535B,15005,United Kingdom,8,0.65,5.2,0,0,0,1,Year 2009-2010
1829,489594,2009-12-01 14:19:00,2009-12-01,2009-12,20091201,84536B,15005,United Kingdom,8,0.42,3.36,0,0,0,1,Year 2009-2010
1830,489594,2009-12-01 14:19:00,2009-12-01,2009-12,20091201,21875,15005,United Kingdom,2,1.25,2.5,0,0,0,0,Year 2009-2010
1831,489594,2009-12-01 14:19:00,2009-12-01,2009-12,20091201,37450,15005,United Kingdom,1,2.95,2.95,0,0,0,0,Year 2009-2010
1832,489594,2009-12-01 14:19:00,2009-12-01,2009-12,20091201,22068,15005,United Kingdom,2,1.65,3.3,0,0,0,0,Year 2009-2010
1833,489594,2009-12-01 14:19:00,2009-12-01,2009-12,20091201,22064,15005,United Kingdom,4,1.65,6.6,0,0,0,0,Year 2009-2010
1834,489594,2009-12-01 14:19:00,2009-12-01,2009-12,20091201,20726,15005,United Kingdom,4,1.65,6.6,0,0,0,0,Year 2009-2010
1835,489594,2009-12-01 14:19:00,2009-12-01,2009-12,20091201,20725,15005,United Kingdom,3,1.65,4.949999999999999,0,0,0,0,Year 2009-2010
1836,489594,2009-12-01 14:19:00,2009-12-01,2009-12,20091201,21216,15005,United Kingdom,1,4.95,4.95,0,0,0,0,Year 2009-2010
1837,489594,2009-12-01 14:19:00,2009-12-01,2009-12,20091201,22114,15005,United Kingdom,3,3.95,11.850000000000001,0,0,0,0,Year 2009-2010
1838,489594,2009-12-01 14:19:00,2009-12-01,2009-12,20091201,22187,15005,United Kingdom,2,4.25,8.5,0,0,0,0,Year 2009-2010
1839,489594,2009-12-01 14:19:00,2009-12-01,2009-12,20091201,82482,15005,United Kingdom,6,2.55,15.299999999999999,0,0,0,0,Year 2009-2010
1840,489594,2009-12-01 14:19:00,2009-12-01,2009-12,20091201,21231,15005,United Kingdom,11,1.25,13.75,0,0,0,0,Year 2009-2010
1841,C489595,2009-12-01 14:20:00,2009-12-01,2009-12,20091201,21752,15254,United Kingdom,-1,14.95,-14.95,1,1,0,0,Year 2009-2010
1842,489596,2009-12-01 14:27:00,2009-12-01,2009-12,20091201,22275,,United Kingdom,2,8.5,17.0,0,0,1,0,Year 2009-2010
1843,489597,2009-12-01 14:28:00,2009-12-01,2009-12,20091201,17012A,,United Kingdom,1,5.17,5.17,0,0,1,0,Year 2009-2010
1844,489597,2009-12-01 14:28:00,2009-12-01,2009-12,20091201,17129D,,United Kingdom,1,1.7,1.7,0,0,1,1,Year 2009-2010
1845,489597,2009-12-01 14:28:00,2009-12-01,2009-12,20091201,20616,,United Kingdom,1,4.3,4.3,0,0,1,0,Year 2009-2010
1846,489597,2009-12-01 14:28:00,2009-12-01,2009-12,20091201,20618,,United Kingdom,1,4.3,4.3,0,0,1,0,Year 2009-2010
1847,489597,2009-12-01 14:28:00,2009-12-01,2009-12,20091201,20652,,United Kingdom,1,2.57,2.57,0,0,1,0,Year 2009-2010
1848,489597,2009-12-01 14:28:00,2009-12-01,2009-12,20091201,20654,,United Kingdom,1,2.57,2.57,0,0,1,0,Year 2009-2010
1849,489597,2009-12-01 14:28:00,2009-12-01,2009-12,20091201,20655,,United Kingdom,1,2.57,2.57,0,0,1,0,Year 2009-2010
1850,489597,2009-12-01 14:28:00,2009-12-01,2009-12,20091201,20659,,United Kingdom,1,2.57,2.57,0,0,1,0,Year 2009-2010
1851,489597,2009-12-01 14:28:00,2009-12-01,2009-12,20091201,20674,,United Kingdom,1,2.57,2.57,0,0,1,0,Year 2009-2010
1852,489597,2009-12-01 14:28:00,2009-12-01,2009-12,20091201,20675,,United Kingdom,2,2.57,5.14,0,0,1,0,Year 2009-2010
1853,489597,2009-12-01 14:28:00,2009-12-01,2009-12,20091201,20677,,United Kingdom,2,2.57,5.14,0,0,1,0,Year 2009-2010
1854,489597,2009-12-01 14:28:00,2009-12-01,2009-12,20091201,20682,,United Kingdom,1,6.91,6.91,0,0,1,0,Year 2009-2010
1855,489597,2009-12-01 14:28:00,2009-12-01,2009-12,20091201,20694,,United Kingdom,1,7.78,7.78,0,0,1,0,Year 2009-2010
1856,489597,2009-12-01 14:28:00,2009-12-01,2009-12,20091201,20695,,United Kingdom,1,8.65,8.65,0,0,1,0,Year 2009-2010
1857,489597,2009-12-01 14:28:00,2009-12-01,2009-12,20091201,20712,,United Kingdom,6,4.3,25.799999999999997,0,0,1,0,Year 2009-2010
1858,489597,2009-12-01 14:28:00,2009-12-01,2009-12,20091201,20714,,United Kingdom,1,2.57,2.57,0,0,1,0,Year 2009-2010
1859,489597,2009-12-01 14:28:00,2009-12-01,2009-12,20091201,20719,,United Kingdom,1,1.7,1.7,0,0,1,0,Year 2009-2010
1860,489597,2009-12-01 14:28:00,2009-12-01,2009-12,20091201,20724,,United Kingdom,3,1.7,5.1,0,0,1,0,Year 2009-2010
1861,489597,2009-12-01 14:28:00,2009-12-01,2009-12,20091201,20725,,United Kingdom,1,4.3,4.3,0,0,1,0,Year 2009-2010
1862,489597,2009-12-01 14:28:00,2009-12-01,2009-12,20091201,20729,,United Kingdom,1,2.57,2.57,0,0,1,0,Year 2009-2010
1863,489597,2009-12-01 14:28:00,2009-12-01,2009-12,20091201,20739,,United Kingdom,1,8.65,8.65,0,0,1,0,Year 2009-2010
1864,489597,2009-12-01 14:28:00,2009-12-01,2009-12,20091201,20752,,United Kingdom,3,4.3,12.899999999999999,0,0,1,0,Year 2009-2010
1865,489597,2009-12-01 14:28:00,2009-12-01,2009-12,20091201,20753,,United Kingdom,1,4.3,4.3,0,0,1,0,Year 2009-2010
1866,489597,2009-12-01 14:28:00,2009-12-01,2009-12,20091201,20754,,United Kingdom,2,4.3,8.6,0,0,1,0,Year 2009-2010
1867,489597,2009-12-01 14:28:00,2009-12-01,2009-12,20091201,20761,,United Kingdom,1,7.78,7.78,0,0,1,0,Year 2009-2010
1868,489597,2009-12-01 14:28:00,2009-12-01,2009-12,20091201,20780,,United Kingdom,1,11.26,11.26,0,0,1,0,Year 2009-2010
1869,489597,2009-12-01 14:28:00,2009-12-01,2009-12,20091201,20782,,United Kingdom,2,11.26,22.52,0,0,1,0,Year 2009-2010
1870,489597,2009-12-01 14:28:00,2009-12-01,2009-12,20091201,20783,,United Kingdom,1,11.26,11.26,0,0,1,0,Year 2009-2010
1871,489597,2009-12-01 14:28:00,2009-12-01,2009-12,20091201,20798,,United Kingdom,3,4.3,12.899999999999999,0,0,1,0,Year 2009-2010
1872,489597,2009-12-01 14:28:00,2009-12-01,2009-12,20091201,20799,,United Kingdom,3,4.3,12.899999999999999,0,0,1,0,Year 2009-2010
1873,489597,2009-12-01 14:28:00,2009-12-01,2009-12,20091201,20825,,United Kingdom,1,26.04,26.04,0,0,1,0,Year 2009-2010
1874,489597,2009-12-01 14:28:00,2009-12-01,2009-12,20091201,20828,,United Kingdom,1,5.17,5.17,0,0,1,0,Year 2009-2010
1875,489597,2009-12-01 14:28:00,2009-12-01,2009-12,20091201,20832,,United Kingdom,1,1.7,1.7,0,0,1,0,Year 2009-2010
1876,489597,2009-12-01 14:28:00,2009-12-01,2009-12,20091201,20863,,United Kingdom,1,4.3,4.3,0,0,1,0,Year 2009-2010
1877,489597,2009-12-01 14:28:00,2009-12-01,2009-12,20091201,20865,,United Kingdom,2,4.3,8.6,0,0,1,0,Year 2009-2010
1878,489597,2009-12-01 14:28:00,2009-12-01,2009-12,20091201,20866,,United Kingdom,2,2.57,5.14,0,0,1,0,Year 2009-2010
1879,489597,2009-12-01 14:28:00,2009-12-01,2009-12,20091201,20886,,United Kingdom,1,4.3,4.3,0,0,1,0,Year 2009-2010
1880,489597,2009-12-01 14:28:00,2009-12-01,2009-12,20091201,20888,,United Kingdom,1,6.04,6.04,0,0,1,0,Year 2009-2010
1881,489597,2009-12-01 14:28:00,2009-12-01,2009-12,20091201,20897,,United Kingdom,1,6.04,6.04,0,0,1,0,Year 2009-2010
1882,489597,2009-12-01 14:28:00,2009-12-01,2009-12,20091201,20903,,United Kingdom,1,13.0,13.0,0,0,1,0,Year 2009-2010
1883,489597,2009-12-01 14:28:00,2009-12-01,2009-12,20091201,20914,,United Kingdom,1,6.04,6.04,0,0,1,0,Year 2009-2010
1884,489597,2009-12-01 14:28:00,2009-12-01,2009-12,20091201,20940,,United Kingdom,1,6.04,6.04,0,0,1,0,Year 2009-2010
1885,489597,2009-12-01 14:28:00,2009-12-01,2009-12,20091201,20961,,United Kingdom,2,2.57,5.14,0,0,1,0,Year 2009-2010
1886,489597,2009-12-01 14:28:00,2009-12-01,2009-12,20091201,20966,,United Kingdom,3,2.57,7.709999999999999,0,0,1,0,Year 2009-2010
1887,489597,2009-12-01 14:28:00,2009-12-01,2009-12,20091201,20970,,United Kingdom,1,7.78,7.78,0,0,1,0,Year 2009-2010
1888,489597,2009-12-01 14:28:00,2009-12-01,2009-12,20091201,20972,,United Kingdom,1,2.57,2.57,0,0,1,0,Year 2009-2010
1889,489597,2009-12-01 14:28:00,2009-12-01,2009-12,20091201,20974,,United Kingdom,1,1.3,1.3,0,0,1,0,Year 2009-2010
1890,489597,2009-12-01 14:28:00,2009-12-01,2009-12,20091201,20975,,United Kingdom,1,1.3,1.3,0,0,1,0,Year 2009-2010
1891,489597,2009-12-01 14:28:00,2009-12-01,2009-12,20091201,20977,,United Kingdom,5,2.57,12.85,0,0,1,0,Year 2009-2010
1892,489597,2009-12-01 14:28:00,2009-12-01,2009-12,20091201,20978,,United Kingdom,1,2.57,2.57,0,0,1,0,Year 2009-2010
1893,489597,2009-12-01 14:28:00,2009-12-01,2009-12,20091201,20979,,United Kingdom,3,2.57,7.709999999999999,0,0,1,0,Year 2009-2010
1894,489597,2009-12-01 14:28:00,2009-12-01,2009-12,20091201,20980,,United Kingdom,1,2.57,2.57,0,0,1,0,Year 2009-2010
1895,489597,2009-12-01 14:28:00,2009-12-01,2009-12,20091201,20981,,United Kingdom,3,1.7,5.1,0,0,1,0,Year 2009-2010
1896,489597,2009-12-01 14:28:00,2009-12-01,2009-12,20091201,20982,,United Kingdom,2,1.7,3.4,0,0,1,0,Year 2009-2010
1897,489597,2009-12-01 14:28:00,2009-12-01,2009-12,20091201,20983,,United Kingdom,1,1.7,1.7,0,0,1,0,Year 2009-2010
1898,489597,2009-12-01 14:28:00,2009-12-01,2009-12,20091201,20984,,United Kingdom,1,1.7,1.7,0,0,1,0,Year 2009-2010
1899,489597,2009-12-01 14:28:00,2009-12-01,2009-12,20091201,20987,,United Kingdom,1,4.3,4.3,0,0,1,0,Year 2009-2010
1900,489597,2009-12-01 14:28:00,2009-12-01,2009-12,20091201,20991,,United Kingdom,1,1.3,1.3,0,0,1,0,Year 2009-2010
1901,489597,2009-12-01 14:28:00,2009-12-01,2009-12,20091201,21012,,United Kingdom,1,4.3,4.3,0,0,1,0,Year 2009-2010
1902,489597,2009-12-01 14:28:00,2009-12-01,2009-12,20091201,21025,,United Kingdom,1,2.57,2.57,0,0,1,0,Year 2009-2010
1903,489597,2009-12-01 14:28:00,2009-12-01,2009-12,20091201,21035,,United Kingdom,1,6.04,6.04,0,0,1,0,Year 2009-2010
1904,489597,2009-12-01 14:28:00,2009-12-01,2009-12,20091201,21055,,United Kingdom,1,17.35,17.35,0,0,1,0,Year 2009-2010
1905,489597,2009-12-01 14:28:00,2009-12-01,2009-12,20091201,21058,,United Kingdom,3,1.7,5.1,0,0,1,0,Year 2009-2010
1906,489597,2009-12-01 14:28:00,2009-12-01,2009-12,20091201,21064,,United Kingdom,1,12.13,12.13,0,0,1,0,Year 2009-2010
1907,489597,2009-12-01 14:28:00,2009-12-01,2009-12,20091201,21069,,United Kingdom,1,2.57,2.57,0,0,1,0,Year 2009-2010
1908,489597,2009-12-01 14:28:00,2009-12-01,2009-12,20091201,21071,,United Kingdom,4,2.57,10.28,0,0,1,0,Year 2009-2010
1909,489597,2009-12-01 14:28:00,2009-12-01,2009-12,20091201,21080,,United Kingdom,2,1.7,3.4,0,0,1,0,Year 2009-2010
1910,489597,2009-12-01 14:28:00,2009-12-01,2009-12,20091201,21098,,United Kingdom,14,2.57,35.98,0,0,1,0,Year 2009-2010
1911,489597,2009-12-01 14:28:00,2009-12-01,2009-12,20091201,21108,,United Kingdom,5,5.17,25.85,0,0,1,0,Year 2009-2010
1912,489597,2009-12-01 14:28:00,2009-12-01,2009-12,20091201,21110,,United Kingdom,1,13.87,13.87,0,0,1,0,Year 2009-2010
1913,489597,2009-12-01 14:28:00,2009-12-01,2009-12,20091201,21115,,United Kingdom,1,14.74,14.74,0,0,1,0,Year 2009-2010
1914,489597,2009-12-01 14:28:00,2009-12-01,2009-12,20091201,21116,,United Kingdom,3,8.65,25.950000000000003,0,0,1,0,Year 2009-2010
1915,489597,2009-12-01 14:28:00,2009-12-01,2009-12,20091201,21122,,United Kingdom,1,2.57,2.57,0,0,1,0,Year 2009-2010
1916,489597,2009-12-01 14:28:00,2009-12-01,2009-12,20091201,21124,,United Kingdom,1,2.57,2.57,0,0,1,0,Year 2009-2010
1917,489597,2009-12-01 14:28:00,2009-12-01,2009-12,20091201,21134,,United Kingdom,1,26.04,26.04,0,0,1,0,Year 2009-2010
1918,489597,2009-12-01 14:28:00,2009-12-01,2009-12,20091201,21143,,United Kingdom,1,4.3,4.3,0,0,1,0,Year 2009-2010
1919,489597,2009-12-01 14:28:00,2009-12-01,2009-12,20091201,21145,,United Kingdom,1,14.74,14.74,0,0,1,0,Year 2009-2010
1920,489597,2009-12-01 14:28:00,2009-12-01,2009-12,20091201,21154,,United Kingdom,2,2.57,5.14,0,0,1,0,Year 2009-2010
1921,489597,2009-12-01 14:28:00,2009-12-01,2009-12,20091201,21160,,United Kingdom,1,3.43,3.43,0,0,1,0,Year 2009-2010
1922,489597,2009-12-01 14:28:00,2009-12-01,2009-12,20091201,21164,,United Kingdom,1,6.04,6.04,0,0,1,0,Year 2009-2010
1923,489597,2009-12-01 14:28:00,2009-12-01,2009-12,20091201,21165,,United Kingdom,2,4.3,8.6,0,0,1,0,Year 2009-2010
1924,489597,2009-12-01 14:28:00,2009-12-01,2009-12,20091201,21173,,United Kingdom,1,4.3,4.3,0,0,1,0,Year 2009-2010
1925,489597,2009-12-01 14:28:00,2009-12-01,2009-12,20091201,21174,,United Kingdom,3,4.3,12.899999999999999,0,0,1,0,Year 2009-2010
1926,489597,2009-12-01 14:28:00,2009-12-01,2009-12,20091201,21175,,United Kingdom,2,4.3,8.6,0,0,1,0,Year 2009-2010
1927,489597,2009-12-01 14:28:00,2009-12-01,2009-12,20091201,21181,,United Kingdom,1,4.3,4.3,0,0,1,0,Year 2009-2010
1928,489597,2009-12-01 14:28:00,2009-12-01,2009-12,20091201,21185,,United Kingdom,2,13.0,26.0,0,0,1,0,Year 2009-2010
1929,489597,2009-12-01 14:28:00,2009-12-01,2009-12,20091201,21191,,United Kingdom,3,4.3,12.899999999999999,0,0,1,0,Year 2009-2010
1930,489597,2009-12-01 14:28:00,2009-12-01,2009-12,20091201,21198,,United Kingdom,1,3.43,3.43,0,0,1,0,Year 2009-2010
1931,489597,2009-12-01 14:28:00,2009-12-01,2009-12,20091201,21210,,United Kingdom,3,3.04,9.120000000000001,0,0,1,0,Year 2009-2010
1932,489597,2009-12-01 14:28:00,2009-12-01,2009-12,20091201,21212,,United Kingdom,18,1.3,23.400000000000002,0,0,1,0,Year 2009-2010
1933,489597,2009-12-01 14:28:00,2009-12-01,2009-12,20091201,21213,,United Kingdom,1,1.3,1.3,0,0,1,0,Year 2009-2010
1934,489597,2009-12-01 14:28:00,2009-12-01,2009-12,20091201,21218,,United Kingdom,1,8.65,8.65,0,0,1,0,Year 2009-2010
1935,489597,2009-12-01 14:28:00,2009-12-01,2009-12,20091201,21231,,United Kingdom,13,2.57,33.41,0,0,1,0,Year 2009-2010
1936,489597,2009-12-01 14:28:00,2009-12-01,2009-12,20091201,21232,,United Kingdom,12,2.57,30.839999999999996,0,0,1,0,Year 2009-2010
1937,489597,2009-12-01 14:28:00,2009-12-01,2009-12,20091201,21242,,United Kingdom,6,3.43,20.580000000000002,0,0,1,0,Year 2009-2010
1938,489597,2009-12-01 14:28:00,2009-12-01,2009-12,20091201,21249,,United Kingdom,2,6.04,12.08,0,0,1,0,Year 2009-2010
1939,489597,2009-12-01 14:28:00,2009-12-01,2009-12,20091201,21251,,United Kingdom,2,6.04,12.08,0,0,1,0,Year 2009-2010
1940,489597,2009-12-01 14:28:00,2009-12-01,2009-12,20091201,21255,,United Kingdom,1,3.43,3.43,0,0,1,0,Year 2009-2010
1941,489597,2009-12-01 14:28:00,2009-12-01,2009-12,20091201,21256,,United Kingdom,2,3.43,6.86,0,0,1,0,Year 2009-2010
1942,489597,2009-12-01 14:28:00,2009-12-01,2009-12,20091201,21259,,United Kingdom,1,13.0,13.0,0,0,1,0,Year 2009-2010
1943,489597,2009-12-01 14:28:00,2009-12-01,2009-12,20091201,21266,,United Kingdom,1,4.3,4.3,0,0,1,0,Year 2009-2010
1944,489597,2009-12-01 14:28:00,2009-12-01,2009-12,20091201,21283,,United Kingdom,1,6.91,6.91,0,0,1,0,Year 2009-2010
1945,489597,2009-12-01 14:28:00,2009-12-01,2009-12,20091201,21284,,United Kingdom,1,3.43,3.43,0,0,1,0,Year 2009-2010
1946,489597,2009-12-01 14:28:00,2009-12-01,2009-12,20091201,21291,,United Kingdom,3,1.7,5.1,0,0,1,0,Year 2009-2010
1947,489597,2009-12-01 14:28:00,2009-12-01,2009-12,20091201,21314,,United Kingdom,4,4.3,17.2,0,0,1,0,Year 2009-2010
1948,489597,2009-12-01 14:28:00,2009-12-01,2009-12,20091201,21328,,United Kingdom,1,3.43,3.43,0,0,1,0,Year 2009-2010
1949,489597,2009-12-01 14:28:00,2009-12-01,2009-12,20091201,21329,,United Kingdom,6,3.43,20.580000000000002,0,0,1,0,Year 2009-2010
1950,489597,2009-12-01 14:28:00,2009-12-01,2009-12,20091201,21330,,United Kingdom,2,3.43,6.86,0,0,1,0,Year 2009-2010
1951,489597,2009-12-01 14:28:00,2009-12-01,2009-12,20091201,21348,,United Kingdom,1,6.04,6.04,0,0,1,0,Year 2009-2010
1952,489597,2009-12-01 14:28:00,2009-12-01,2009-12,20091201,21356,,United Kingdom,2,2.57,5.14,0,0,1,0,Year 2009-2010
1953,489597,2009-12-01 14:28:00,2009-12-01,2009-12,20091201,21357,,United Kingdom,4,2.57,10.28,0,0,1,0,Year 2009-2010
1954,489597,2009-12-01 14:28:00,2009-12-01,2009-12,20091201,21379,,United Kingdom,1,2.57,2.57,0,0,1,0,Year 2009-2010
1955,489597,2009-12-01 14:28:00,2009-12-01,2009-12,20091201,21396,,United Kingdom,7,3.43,24.01,0,0,1,0,Year 2009-2010
1956,489597,2009-12-01 14:28:00,2009-12-01,2009-12,20091201,21412,,United Kingdom,1,4.3,4.3,0,0,1,0,Year 2009-2010
1957,489597,2009-12-01 14:28:00,2009-12-01,2009-12,20091201,21429,,United Kingdom,1,3.43,3.43,0,0,1,0,Year 2009-2010
1958,489597,2009-12-01 14:28:00,2009-12-01,2009-12,20091201,21431,,United Kingdom,1,3.43,3.43,0,0,1,0,Year 2009-2010
1959,489597,2009-12-01 14:28:00,2009-12-01,2009-12,20091201,21444,,United Kingdom,1,7.78,7.78,0,0,1,0,Year 2009-2010
1960,489597,2009-12-01 14:28:00,2009-12-01,2009-12,20091201,21445,,United Kingdom,1,2.57,2.57,0,0,1,0,Year 2009-2010
1961,489597,2009-12-01 14:28:00,2009-12-01,2009-12,20091201,21479,,United Kingdom,1,7.78,7.78,0,0,1,0,Year 2009-2010
1962,489597,2009-12-01 14:28:00,2009-12-01,2009-12,20091201,21480,,United Kingdom,1,6.04,6.04,0,0,1,0,Year 2009-2010
1963,489597,2009-12-01 14:28:00,2009-12-01,2009-12,20091201,21481,,United Kingdom,2,6.04,12.08,0,0,1,0,Year 2009-2010
1964,489597,2009-12-01 14:28:00,2009-12-01,2009-12,20091201,21482,,United Kingdom,1,6.04,6.04,0,0,1,0,Year 2009-2010
1965,489597,2009-12-01 14:28:00,2009-12-01,2009-12,20091201,21485,,United Kingdom,1,11.26,11.26,0,0,1,0,Year 2009-2010
1966,489597,2009-12-01 14:28:00,2009-12-01,2009-12,20091201,21486,,United Kingdom,3,4.3,12.899999999999999,0,0,1,0,Year 2009-2010
1967,489597,2009-12-01 14:28:00,2009-12-01,2009-12,20091201,21490,,United Kingdom,2,4.3,8.6,0,0,1,0,Year 2009-2010
1968,489597,2009-12-01 14:28:00,2009-12-01,2009-12,20091201,21491,,United Kingdom,1,4.3,4.3,0,0,1,0,Year 2009-2010
1969,489597,2009-12-01 14:28:00,2009-12-01,2009-12,20091201,21493,,United Kingdom,4,1.7,6.8,0,0,1,0,Year 2009-2010
1970,489597,2009-12-01 14:28:00,2009-12-01,2009-12,20091201,21494,,United Kingdom,1,5.17,5.17,0,0,1,0,Year 2009-2010
1971,489597,2009-12-01 14:28:00,2009-12-01,2009-12,20091201,21506,,United Kingdom,1,0.86,0.86,0,0,1,0,Year 2009-2010
1972,489597,2009-12-01 14:28:00,2009-12-01,2009-12,20091201,21519,,United Kingdom,1,0.86,0.86,0,0,1,0,Year 2009-2010
1973,489597,2009-12-01 14:28:00,2009-12-01,2009-12,20091201,21520,,United Kingdom,1,0.86,0.86,0,0,1,0,Year 2009-2010
1974,489597,2009-12-01 14:28:00,2009-12-01,2009-12,20091201,21524,,United Kingdom,1,13.87,13.87,0,0,1,0,Year 2009-2010
1975,489597,2009-12-01 14:28:00,2009-12-01,2009-12,20091201,21527,,United Kingdom,2,17.35,34.7,0,0,1,0,Year 2009-2010
1976,489597,2009-12-01 14:28:00,2009-12-01,2009-12,20091201,21529,,United Kingdom,3,6.04,18.12,0,0,1,0,Year 2009-2010
1977,489597,2009-12-01 14:28:00,2009-12-01,2009-12,20091201,21537,,United Kingdom,2,8.65,17.3,0,0,1,0,Year 2009-2010
1978,489597,2009-12-01 14:28:00,2009-12-01,2009-12,20091201,21541,,United Kingdom,2,1.7,3.4,0,0,1,0,Year 2009-2010
1979,489597,2009-12-01 14:28:00,2009-12-01,2009-12,20091201,21542,,United Kingdom,1,1.7,1.7,0,0,1,0,Year 2009-2010
1980,489597,2009-12-01 14:28:00,2009-12-01,2009-12,20091201,21543,,United Kingdom,1,1.7,1.7,0,0,1,0,Year 2009-2010
1981,489597,2009-12-01 14:28:00,2009-12-01,2009-12,20091201,21544,,United Kingdom,3,1.7,5.1,0,0,1,0,Year 2009-2010
1982,489597,2009-12-01 14:28:00,2009-12-01,2009-12,20091201,21548,,United Kingdom,1,6.04,6.04,0,0,1,0,Year 2009-2010
1983,489597,2009-12-01 14:28:00,2009-12-01,2009-12,20091201,21553,,United Kingdom,1,13.0,13.0,0,0,1,0,Year 2009-2010
1984,489597,2009-12-01 14:28:00,2009-12-01,2009-12,20091201,21557,,United Kingdom,5,6.04,30.2,0,0,1,0,Year 2009-2010
1985,489597,2009-12-01 14:28:00,2009-12-01,2009-12,20091201,21558,,United Kingdom,4,5.17,20.68,0,0,1,0,Year 2009-2010
1986,489597,2009-12-01 14:28:00,2009-12-01,2009-12,20091201,21559,,United Kingdom,2,5.17,10.34,0,0,1,0,Year 2009-2010
1987,489597,2009-12-01 14:28:00,2009-12-01,2009-12,20091201,21577,,United Kingdom,1,5.17,5.17,0,0,1,0,Year 2009-2010
1988,489597,2009-12-01 14:28:00,2009-12-01,2009-12,20091201,21580,,United Kingdom,1,5.17,5.17,0,0,1,0,Year 2009-2010
1989,489597,2009-12-01 14:28:00,2009-12-01,2009-12,20091201,21581,,United Kingdom,2,5.17,10.34,0,0,1,0,Year 2009-2010
1990,489597,2009-12-01 14:28:00,2009-12-01,2009-12,20091201,21612,,United Kingdom,1,6.04,6.04,0,0,1,0,Year 2009-2010
1991,489597,2009-12-01 14:28:00,2009-12-01,2009-12,20091201,21622,,United Kingdom,2,13.87,27.74,0,0,1,0,Year 2009-2010
1992,489597,2009-12-01 14:28:00,2009-12-01,2009-12,20091201,21625,,United Kingdom,1,14.74,14.74,0,0,1,0,Year 2009-2010
1993,489597,2009-12-01 14:28:00,2009-12-01,2009-12,20091201,21626,,United Kingdom,1,4.3,4.3,0,0,1,0,Year 2009-2010
1994,489597,2009-12-01 14:28:00,2009-12-01,2009-12,20091201,21638,,United Kingdom,5,4.3,21.5,0,0,1,0,Year 2009-2010
1995,489597,2009-12-01 14:28:00,2009-12-01,2009-12,20091201,21639,,United Kingdom,5,1.7,8.5,0,0,1,0,Year 2009-2010
1996,489597,2009-12-01 14:28:00,2009-12-01,2009-12,20091201,21642,,United Kingdom,1,1.7,1.7,0,0,1,0,Year 2009-2010
1997,489597,2009-12-01 14:28:00,2009-12-01,2009-12,20091201,21643,,United Kingdom,2,2.57,5.14,0,0,1,0,Year 2009-2010
1998,489597,2009-12-01 14:28:00,2009-12-01,2009-12,20091201,21647,,United Kingdom,2,4.3,8.6,0,0,1,0,Year 2009-2010
1999,489597,2009-12-01 14:28:00,2009-12-01,2009-12,20091201,21648,,United Kingdom,3,2.57,7.709999999999999,0,0,1,0,Year 2009-2010
2000,489597,2009-12-01 14:28:00,2009-12-01,2009-12,20091201,10123C,,United Kingdom,3,1.3,3.9000000000000004,0,0,1,0,Year 2009-2010
2001,489597,2009-12-01 14:28:00,2009-12-01,2009-12,20091201,10123G,,United Kingdom,2,1.7,3.4,0,0,1,0,Year 2009-2010
2002,489597,2009-12-01 14:28:00,2009-12-01,2009-12,20091201,10125,,United Kingdom,1,1.7,1.7,0,0,1,0,Year 2009-2010
2003,489597,2009-12-01 14:28:00,2009-12-01,2009-12,20091201,11001,,United Kingdom,2,3.43,6.86,0,0,1,0,Year 2009-2010
2004,489597,2009-12-01 14:28:00,2009-12-01,2009-12,20091201,15034,,United Kingdom,1,0.83,0.83,0,0,1,0,Year 2009-2010
2005,489597,2009-12-01 14:28:00,2009-12-01,2009-12,20091201,15044C,,United Kingdom,1,6.04,6.04,0,0,1,0,Year 2009-2010
2006,489597,2009-12-01 14:28:00,2009-12-01,2009-12,20091201,15044D,,United Kingdom,3,6.04,18.12,0,0,1,1,Year 2009-2010
2007,489597,2009-12-01 14:28:00,2009-12-01,2009-12,20091201,15059A,,United Kingdom,2,13.0,26.0,0,0,1,0,Year 2009-2010
2008,489597,2009-12-01 14:28:00,2009-12-01,2009-12,20091201,16235,,United Kingdom,2,0.43,0.86,0,0,1,0,Year 2009-2010
2009,489597,2009-12-01 14:28:00,2009-12-01,2009-12,20091201,16237,,United Kingdom,2,0.43,0.86,0,0,1,0,Year 2009-2010
2010,489597,2009-12-01 14:28:00,2009-12-01,2009-12,20091201,21673,,United Kingdom,2,2.57,5.14,0,0,1,0,Year 2009-2010
2011,489597,2009-12-01 14:28:00,2009-12-01,2009-12,20091201,21679,,United Kingdom,2,1.7,3.4,0,0,1,0,Year 2009-2010
2012,489597,2009-12-01 14:28:00,2009-12-01,2009-12,20091201,21680,,United Kingdom,1,1.7,1.7,0,0,1,0,Year 2009-2010
2013,489597,2009-12-01 14:28:00,2009-12-01,2009-12,20091201,21687,,United Kingdom,1,8.65,8.65,0,0,1,0,Year 2009-2010
2014,489597,2009-12-01 14:28:00,2009-12-01,2009-12,20091201,21688,,United Kingdom,2,6.04,12.08,0,0,1,0,Year 2009-2010
2015,489597,2009-12-01 14:28:00,2009-12-01,2009-12,20091201,21694,,United Kingdom,1,6.04,6.04,0,0,1,0,Year 2009-2010
2016,489597,2009-12-01 14:28:00,2009-12-01,2009-12,20091201,21700,,United Kingdom,1,8.65,8.65,0,0,1,0,Year 2009-2010
2017,489597,2009-12-01 14:28:00,2009-12-01,2009-12,20091201,21704,,United Kingdom,1,1.7,1.7,0,0,1,0,Year 2009-2010
2018,489597,2009-12-01 14:28:00,2009-12-01,2009-12,20091201,21719,,United Kingdom,2,1.7,3.4,0,0,1,0,Year 2009-2010
2019,489597,2009-12-01 14:28:00,2009-12-01,2009-12,20091201,21721,,United Kingdom,2,1.7,3.4,0,0,1,0,Year 2009-2010
2020,489597,2009-12-01 14:28:00,2009-12-01,2009-12,20091201,21722,,United Kingdom,2,1.7,3.4,0,0,1,0,Year 2009-2010
2021,489597,2009-12-01 14:28:00,2009-12-01,2009-12,20091201,21724,,United Kingdom,1,1.7,1.7,0,0,1,0,Year 2009-2010
2022,489597,2009-12-01 14:28:00,2009-12-01,2009-12,20091201,21725,,United Kingdom,1,1.7,1.7,0,0,1,0,Year 2009-2010
2023,489597,2009-12-01 14:28:00,2009-12-01,2009-12,20091201,21730,,United Kingdom,1,10.39,10.39,0,0,1,0,Year 2009-2010
2024,489597,2009-12-01 14:28:00,2009-12-01,2009-12,20091201,21731,,United Kingdom,2,3.43,6.86,0,0,1,0,Year 2009-2010
2025,489597,2009-12-01 14:28:00,2009-12-01,2009-12,20091201,21733,,United Kingdom,2,6.04,12.08,0,0,1,0,Year 2009-2010
2026,489597,2009-12-01 14:28:00,2009-12-01,2009-12,20091201,21740,,United Kingdom,6,6.04,36.24,0,0,1,0,Year 2009-2010
2027,489597,2009-12-01 14:28:00,2009-12-01,2009-12,20091201,21741,,United Kingdom,1,6.04,6.04,0,0,1,0,Year 2009-2010
2028,489597,2009-12-01 14:28:00,2009-12-01,2009-12,20091201,21743,,United Kingdom,1,6.04,6.04,0,0,1,0,Year 2009-2010
2029,489597,2009-12-01 14:28:00,2009-12-01,2009-12,20091201,21746,,United Kingdom,4,2.57,10.28,0,0,1,0,Year 2009-2010
2030,489597,2009-12-01 14:28:00,2009-12-01,2009-12,20091201,21754,,United Kingdom,1,12.13,12.13,0,0,1,0,Year 2009-2010
2031,489597,2009-12-01 14:28:00,2009-12-01,2009-12,20091201,21770,,United Kingdom,1,10.39,10.39,0,0,1,0,Year 2009-2010
2032,489597,2009-12-01 14:28:00,2009-12-01,2009-12,20091201,21773,,United Kingdom,2,2.57,5.14,0,0,1,0,Year 2009-2010
2033,489597,2009-12-01 14:28:00,2009-12-01,2009-12,20091201,21781,,United Kingdom,1,30.39,30.39,0,0,1,0,Year 2009-2010
2034,489597,2009-12-01 14:28:00,2009-12-01,2009-12,20091201,21784,,United Kingdom,3,21.7,65.1,0,0,1,0,Year 2009-2010
2035,489597,2009-12-01 14:28:00,2009-12-01,2009-12,20091201,21788,,United Kingdom,1,1.7,1.7,0,0,1,0,Year 2009-2010
2036,489597,2009-12-01 14:28:00,2009-12-01,2009-12,20091201,21790,,United Kingdom,5,1.7,8.5,0,0,1,0,Year 2009-2010
2037,489597,2009-12-01 14:28:00,2009-12-01,2009-12,20091201,21791,,United Kingdom,4,2.57,10.28,0,0,1,0,Year 2009-2010
2038,489597,2009-12-01 14:28:00,2009-12-01,2009-12,20091201,21805,,United Kingdom,5,0.87,4.35,0,0,1,0,Year 2009-2010
2039,489597,2009-12-01 14:28:00,2009-12-01,2009-12,20091201,21806,,United Kingdom,4,0.87,3.48,0,0,1,0,Year 2009-2010
2040,489597,2009-12-01 14:28:00,2009-12-01,2009-12,20091201,21807,,United Kingdom,4,0.87,3.48,0,0,1,0,Year 2009-2010
2041,489597,2009-12-01 14:28:00,2009-12-01,2009-12,20091201,21808,,United Kingdom,1,7.78,7.78,0,0,1,0,Year 2009-2010
2042,489597,2009-12-01 14:28:00,2009-12-01,2009-12,20091201,21809,,United Kingdom,1,2.57,2.57,0,0,1,0,Year 2009-2010
2043,489597,2009-12-01 14:28:00,2009-12-01,2009-12,20091201,21812,,United Kingdom,1,10.39,10.39,0,0,1,0,Year 2009-2010
2044,489597,2009-12-01 14:28:00,2009-12-01,2009-12,20091201,21816,,United Kingdom,2,3.04,6.08,0,0,1,0,Year 2009-2010
2045,489597,2009-12-01 14:28:00,2009-12-01,2009-12,20091201,21826,,United Kingdom,4,2.57,10.28,0,0,1,0,Year 2009-2010
2046,489597,2009-12-01 14:28:00,2009-12-01,2009-12,20091201,21827,,United Kingdom,4,2.57,10.28,0,0,1,0,Year 2009-2010
2047,489597,2009-12-01 14:28:00,2009-12-01,2009-12,20091201,21828,,United Kingdom,3,2.57,7.709999999999999,0,0,1,0,Year 2009-2010
2048,489597,2009-12-01 14:28:00,2009-12-01,2009-12,20091201,21829,,United Kingdom,6,0.43,2.58,0,0,1,0,Year 2009-2010
2049,489597,2009-12-01 14:28:00,2009-12-01,2009-12,20091201,21832,,United Kingdom,2,3.43,6.86,0,0,1,0,Year 2009-2010
2050,489597,2009-12-01 14:28:00,2009-12-01,2009-12,20091201,21833,,United Kingdom,2,3.43,6.86,0,0,1,0,Year 2009-2010
2051,489597,2009-12-01 14:28:00,2009-12-01,2009-12,20091201,21843,,United Kingdom,2,21.7,43.4,0,0,1,0,Year 2009-2010
2052,489597,2009-12-01 14:28:00,2009-12-01,2009-12,20091201,21844,,United Kingdom,4,6.04,24.16,0,0,1,0,Year 2009-2010
2053,489597,2009-12-01 14:28:00,2009-12-01,2009-12,20091201,21864,,United Kingdom,1,4.3,4.3,0,0,1,0,Year 2009-2010
2054,489597,2009-12-01 14:28:00,2009-12-01,2009-12,20091201,21865,,United Kingdom,1,4.3,4.3,0,0,1,0,Year 2009-2010
2055,489597,2009-12-01 14:28:00,2009-12-01,2009-12,20091201,21866,,United Kingdom,2,2.57,5.14,0,0,1,0,Year 2009-2010
2056,489597,2009-12-01 14:28:00,2009-12-01,2009-12,20091201,21867,,United Kingdom,2,2.57,5.14,0,0,1,0,Year 2009-2010
2057,489597,2009-12-01 14:28:00,2009-12-01,2009-12,20091201,21868,,United Kingdom,2,3.43,6.86,0,0,1,0,Year 2009-2010
2058,489597,2009-12-01 14:28:00,2009-12-01,2009-12,20091201,21870,,United Kingdom,1,3.43,3.43,0,0,1,0,Year 2009-2010
2059,489597,2009-12-01 14:28:00,2009-12-01,2009-12,20091201,21871,,United Kingdom,3,3.43,10.290000000000001,0,0,1,0,Year 2009-2010
2060,489597,2009-12-01 14:28:00,2009-12-01,2009-12,20091201,21875,,United Kingdom,2,3.43,6.86,0,0,1,0,Year 2009-2010
2061,489597,2009-12-01 14:28:00,2009-12-01,2009-12,20091201,21876,,United Kingdom,1,3.43,3.43,0,0,1,0,Year 2009-2010
2062,489597,2009-12-01 14:28:00,2009-12-01,2009-12,20091201,21883,,United Kingdom,1,1.7,1.7,0,0,1,0,Year 2009-2010
2063,489597,2009-12-01 14:28:00,2009-12-01,2009-12,20091201,21888,,United Kingdom,1,7.78,7.78,0,0,1,0,Year 2009-2010
2064,489597,2009-12-01 14:28:00,2009-12-01,2009-12,20091201,21889,,United Kingdom,4,2.57,10.28,0,0,1,0,Year 2009-2010
2065,489597,2009-12-01 14:28:00,2009-12-01,2009-12,20091201,21890,,United Kingdom,1,6.04,6.04,0,0,1,0,Year 2009-2010
2066,489597,2009-12-01 14:28:00,2009-12-01,2009-12,20091201,21891,,United Kingdom,1,2.57,2.57,0,0,1,0,Year 2009-2010
2067,489597,2009-12-01 14:28:00,2009-12-01,2009-12,20091201,21892,,United Kingdom,6,2.57,15.419999999999998,0,0,1,0,Year 2009-2010
2068,489597,2009-12-01 14:28:00,2009-12-01,2009-12,20091201,21896,,United Kingdom,2,4.3,8.6,0,0,1,0,Year 2009-2010
2069,489597,2009-12-01 14:28:00,2009-12-01,2009-12,20091201,21897,,United Kingdom,1,6.04,6.04,0,0,1,0,Year 2009-2010
2070,489597,2009-12-01 14:28:00,2009-12-01,2009-12,20091201,21899,,United Kingdom,1,1.7,1.7,0,0,1,0,Year 2009-2010
2071,489597,2009-12-01 14:28:00,2009-12-01,2009-12,20091201,21901,,United Kingdom,1,1.7,1.7,0,0,1,0,Year 2009-2010
2072,489597,2009-12-01 14:28:00,2009-12-01,2009-12,20091201,21912,,United Kingdom,1,7.78,7.78,0,0,1,0,Year 2009-2010
2073,489597,2009-12-01 14:28:00,2009-12-01,2009-12,20091201,21931,,United Kingdom,1,4.3,4.3,0,0,1,0,Year 2009-2010
2074,489597,2009-12-01 14:28:00,2009-12-01,2009-12,20091201,21934,,United Kingdom,5,3.43,17.150000000000002,0,0,1,0,Year 2009-2010
2075,489597,2009-12-01 14:28:00,2009-12-01,2009-12,20091201,21935,,United Kingdom,4,3.43,13.72,0,0,1,0,Year 2009-2010
2076,489597,2009-12-01 14:28:00,2009-12-01,2009-12,20091201,21942,,United Kingdom,4,1.7,6.8,0,0,1,0,Year 2009-2010
2077,489597,2009-12-01 14:28:00,2009-12-01,2009-12,20091201,21945,,United Kingdom,3,1.7,5.1,0,0,1,0,Year 2009-2010
2078,489597,2009-12-01 14:28:00,2009-12-01,2009-12,20091201,21967,,United Kingdom,1,0.83,0.83,0,0,1,0,Year 2009-2010
2079,489597,2009-12-01 14:28:00,2009-12-01,2009-12,20091201,21975,,United Kingdom,1,1.3,1.3,0,0,1,0,Year 2009-2010
2080,489597,2009-12-01 14:28:00,2009-12-01,2009-12,20091201,21977,,United Kingdom,3,1.3,3.9000000000000004,0,0,1,0,Year 2009-2010
2081,489597,2009-12-01 14:28:00,2009-12-01,2009-12,20091201,21985,,United Kingdom,1,0.83,0.83,0,0,1,0,Year 2009-2010
2082,489597,2009-12-01 14:28:00,2009-12-01,2009-12,20091201,21990,,United Kingdom,1,6.04,6.04,0,0,1,0,Year 2009-2010
2083,489597,2009-12-01 14:28:00,2009-12-01,2009-12,20091201,21993,,United Kingdom,1,6.04,6.04,0,0,1,0,Year 2009-2010
2084,489597,2009-12-01 14:28:00,2009-12-01,2009-12,20091201,22054,,United Kingdom,1,3.43,3.43,0,0,1,0,Year 2009-2010
2085,489597,2009-12-01 14:28:00,2009-12-01,2009-12,20091201,22055,,United Kingdom,2,3.43,6.86,0,0,1,0,Year 2009-2010
2086,489597,2009-12-01 14:28:00,2009-12-01,2009-12,20091201,22064,,United Kingdom,3,3.43,10.290000000000001,0,0,1,0,Year 2009-2010
2087,489597,2009-12-01 14:28:00,2009-12-01,2009-12,20091201,22068,,United Kingdom,1,3.43,3.43,0,0,1,0,Year 2009-2010
2088,489597,2009-12-01 14:28:00,2009-12-01,2009-12,20091201,22069,,United Kingdom,1,3.43,3.43,0,0,1,0,Year 2009-2010
2089,489597,2009-12-01 14:28:00,2009-12-01,2009-12,20091201,22072,,United Kingdom,10,7.78,77.8,0,0,1,0,Year 2009-2010
2090,489597,2009-12-01 14:28:00,2009-12-01,2009-12,20091201,22079,,United Kingdom,2,3.43,6.86,0,0,1,0,Year 2009-2010
2091,489597,2009-12-01 14:28:00,2009-12-01,2009-12,20091201,22081,,United Kingdom,1,3.43,3.43,0,0,1,0,Year 2009-2010
2092,489597,2009-12-01 14:28:00,2009-12-01,2009-12,20091201,22083,,United Kingdom,1,6.04,6.04,0,0,1,0,Year 2009-2010
2093,489597,2009-12-01 14:28:00,2009-12-01,2009-12,20091201,22086,,United Kingdom,12,6.04,72.48,0,0,1,0,Year 2009-2010
2094,489597,2009-12-01 14:28:00,2009-12-01,2009-12,20091201,22107,,United Kingdom,3,7.78,23.34,0,0,1,0,Year 2009-2010
2095,489597,2009-12-01 14:28:00,2009-12-01,2009-12,20091201,22108,,United Kingdom,1,7.78,7.78,0,0,1,0,Year 2009-2010
2096,489597,2009-12-01 14:28:00,2009-12-01,2009-12,20091201,22109,,United Kingdom,2,7.78,15.56,0,0,1,0,Year 2009-2010
2097,489597,2009-12-01 14:28:00,2009-12-01,2009-12,20091201,22111,,United Kingdom,1,8.65,8.65,0,0,1,0,Year 2009-2010
2098,489597,2009-12-01 14:28:00,2009-12-01,2009-12,20091201,84380,,United Kingdom,3,2.57,7.709999999999999,0,0,1,0,Year 2009-2010
2099,489597,2009-12-01 14:28:00,2009-12-01,2009-12,20091201,22111,,United Kingdom,4,11.26,45.04,0,0,1,0,Year 2009-2010
2100,489597,2009-12-01 14:28:00,2009-12-01,2009-12,20091201,22112,,United Kingdom,1,11.26,11.26,0,0,1,0,Year 2009-2010
2101,489597,2009-12-01 14:28:00,2009-12-01,2009-12,20091201,22113,,United Kingdom,1,7.78,7.78,0,0,1,0,Year 2009-2010
2102,489597,2009-12-01 14:28:00,2009-12-01,2009-12,20091201,22114,,United Kingdom,9,8.65,77.85000000000001,0,0,1,0,Year 2009-2010
2103,489597,2009-12-01 14:28:00,2009-12-01,2009-12,20091201,22115,,United Kingdom,1,6.04,6.04,0,0,1,0,Year 2009-2010
2104,489597,2009-12-01 14:28:00,2009-12-01,2009-12,20091201,22117,,United Kingdom,1,6.04,6.04,0,0,1,0,Year 2009-2010
2105,489597,2009-12-01 14:28:00,2009-12-01,2009-12,20091201,22118,,United Kingdom,1,12.13,12.13,0,0,1,0,Year 2009-2010
2106,489597,2009-12-01 14:28:00,2009-12-01,2009-12,20091201,22121,,United Kingdom,1,12.13,12.13,0,0,1,0,Year 2009-2010
2107,489597,2009-12-01 14:28:00,2009-12-01,2009-12,20091201,22122,,United Kingdom,1,6.04,6.04,0,0,1,0,Year 2009-2010
2108,489597,2009-12-01 14:28:00,2009-12-01,2009-12,20091201,22130,,United Kingdom,1,8.65,8.65,0,0,1,0,Year 2009-2010
2109,489597,2009-12-01 14:28:00,2009-12-01,2009-12,20091201,22132,,United Kingdom,6,1.7,10.2,0,0,1,0,Year 2009-2010
2110,489597,2009-12-01 14:28:00,2009-12-01,2009-12,20091201,22133,,United Kingdom,4,1.7,6.8,0,0,1,0,Year 2009-2010
2111,489597,2009-12-01 14:28:00,2009-12-01,2009-12,20091201,22134,,United Kingdom,1,0.87,0.87,0,0,1,0,Year 2009-2010
2112,489597,2009-12-01 14:28:00,2009-12-01,2009-12,20091201,22135,,United Kingdom,1,0.87,0.87,0,0,1,0,Year 2009-2010
2113,489597,2009-12-01 14:28:00,2009-12-01,2009-12,20091201,22138,,United Kingdom,3,11.26,33.78,0,0,1,0,Year 2009-2010
2114,489597,2009-12-01 14:28:00,2009-12-01,2009-12,20091201,22139,,United Kingdom,2,11.26,22.52,0,0,1,0,Year 2009-2010
2115,489597,2009-12-01 14:28:00,2009-12-01,2009-12,20091201,22141,,United Kingdom,6,4.3,25.799999999999997,0,0,1,0,Year 2009-2010
2116,489597,2009-12-01 14:28:00,2009-12-01,2009-12,20091201,22142,,United Kingdom,2,3.43,6.86,0,0,1,0,Year 2009-2010
2117,489597,2009-12-01 14:28:00,2009-12-01,2009-12,20091201,22143,,United Kingdom,2,4.3,8.6,0,0,1,0,Year 2009-2010
2118,489597,2009-12-01 14:28:00,2009-12-01,2009-12,20091201,22144,,United Kingdom,3,4.3,12.899999999999999,0,0,1,0,Year 2009-2010
2119,489597,2009-12-01 14:28:00,2009-12-01,2009-12,20091201,22147,,United Kingdom,1,3.43,3.43,0,0,1,0,Year 2009-2010
2120,489597,2009-12-01 14:28:00,2009-12-01,2009-12,20091201,22149,,United Kingdom,2,4.3,8.6,0,0,1,0,Year 2009-2010
2121,489597,2009-12-01 14:28:00,2009-12-01,2009-12,20091201,22150,,United Kingdom,2,4.3,8.6,0,0,1,0,Year 2009-2010
2122,489597,2009-12-01 14:28:00,2009-12-01,2009-12,20091201,22153,,United Kingdom,5,0.87,4.35,0,0,1,0,Year 2009-2010
2123,489597,2009-12-01 14:28:00,2009-12-01,2009-12,20091201,22155,,United Kingdom,5,0.87,4.35,0,0,1,0,Year 2009-2010
2124,489597,2009-12-01 14:28:00,2009-12-01,2009-12,20091201,22156,,United Kingdom,2,1.7,3.4,0,0,1,0,Year 2009-2010
2125,489597,2009-12-01 14:28:00,2009-12-01,2009-12,20091201,22163,,United Kingdom,2,6.04,12.08,0,0,1,0,Year 2009-2010
2126,489597,2009-12-01 14:28:00,2009-12-01,2009-12,20091201,22173,,United Kingdom,1,6.04,6.04,0,0,1,0,Year 2009-2010
2127,489597,2009-12-01 14:28:00,2009-12-01,2009-12,20091201,22174,,United Kingdom,5,3.43,17.150000000000002,0,0,1,0,Year 2009-2010
2128,489597,2009-12-01 14:28:00,2009-12-01,2009-12,20091201,22177,,United Kingdom,1,21.7,21.7,0,0,1,0,Year 2009-2010
2129,489597,2009-12-01 14:28:00,2009-12-01,2009-12,20091201,22187,,United Kingdom,2,8.65,17.3,0,0,1,0,Year 2009-2010
2130,489597,2009-12-01 14:28:00,2009-12-01,2009-12,20091201,22189,,United Kingdom,1,8.65,8.65,0,0,1,0,Year 2009-2010
2131,489597,2009-12-01 14:28:00,2009-12-01,2009-12,20091201,22190,,United Kingdom,2,4.3,8.6,0,0,1,0,Year 2009-2010
2132,489597,2009-12-01 14:28:00,2009-12-01,2009-12,20091201,22195,,United Kingdom,2,3.43,6.86,0,0,1,0,Year 2009-2010
2133,489597,2009-12-01 14:28:00,2009-12-01,2009-12,20091201,22196,,United Kingdom,4,1.7,6.8,0,0,1,0,Year 2009-2010
2134,489597,2009-12-01 14:28:00,2009-12-01,2009-12,20091201,22197,,United Kingdom,6,1.7,10.2,0,0,1,0,Year 2009-2010
2135,489597,2009-12-01 14:28:00,2009-12-01,2009-12,20091201,22198,,United Kingdom,6,3.43,20.580000000000002,0,0,1,0,Year 2009-2010
2136,489597,2009-12-01 14:28:00,2009-12-01,2009-12,20091201,22199,,United Kingdom,1,8.65,8.65,0,0,1,0,Year 2009-2010
2137,489597,2009-12-01 14:28:00,2009-12-01,2009-12,20091201,22203,,United Kingdom,1,7.78,7.78,0,0,1,0,Year 2009-2010
2138,489597,2009-12-01 14:28:00,2009-12-01,2009-12,20091201,22207,,United Kingdom,1,8.65,8.65,0,0,1,0,Year 2009-2010
2139,489597,2009-12-01 14:28:00,2009-12-01,2009-12,20091201,22208,,United Kingdom,1,3.43,3.43,0,0,1,0,Year 2009-2010
2140,489597,2009-12-01 14:28:00,2009-12-01,2009-12,20091201,22212,,United Kingdom,1,4.3,4.3,0,0,1,0,Year 2009-2010
2141,489597,2009-12-01 14:28:00,2009-12-01,2009-12,20091201,22224,,United Kingdom,3,6.04,18.12,0,0,1,0,Year 2009-2010
2142,489597,2009-12-01 14:28:00,2009-12-01,2009-12,20091201,22261,,United Kingdom,1,1.7,1.7,0,0,1,0,Year 2009-2010
2143,489597,2009-12-01 14:28:00,2009-12-01,2009-12,20091201,22262,,United Kingdom,4,1.7,6.8,0,0,1,0,Year 2009-2010
2144,489597,2009-12-01 14:28:00,2009-12-01,2009-12,20091201,22273,,United Kingdom,2,6.04,12.08,0,0,1,0,Year 2009-2010
2145,489597,2009-12-01 14:28:00,2009-12-01,2009-12,20091201,22274,,United Kingdom,2,6.04,12.08,0,0,1,0,Year 2009-2010
2146,489597,2009-12-01 14:28:00,2009-12-01,2009-12,20091201,22286,,United Kingdom,1,3.43,3.43,0,0,1,0,Year 2009-2010
2147,489597,2009-12-01 14:28:00,2009-12-01,2009-12,20091201,22288,,United Kingdom,1,2.57,2.57,0,0,1,0,Year 2009-2010
2148,489597,2009-12-01 14:28:00,2009-12-01,2009-12,20091201,22289,,United Kingdom,1,2.57,2.57,0,0,1,0,Year 2009-2010
2149,489597,2009-12-01 14:28:00,2009-12-01,2009-12,20091201,22295,,United Kingdom,1,3.43,3.43,0,0,1,0,Year 2009-2010
2150,489597,2009-12-01 14:28:00,2009-12-01,2009-12,20091201,22296,,United Kingdom,1,3.43,3.43,0,0,1,0,Year 2009-2010
2151,489597,2009-12-01 14:28:00,2009-12-01,2009-12,20091201,22297,,United Kingdom,3,2.57,7.709999999999999,0,0,1,0,Year 2009-2010
2152,489597,2009-12-01 14:28:00,2009-12-01,2009-12,20091201,22300,,United Kingdom,4,5.17,20.68,0,0,1,0,Year 2009-2010
2153,489597,2009-12-01 14:28:00,2009-12-01,2009-12,20091201,22301,,United Kingdom,1,5.17,5.17,0,0,1,0,Year 2009-2010
2154,489597,2009-12-01 14:28:00,2009-12-01,2009-12,20091201,22302,,United Kingdom,1,5.17,5.17,0,0,1,0,Year 2009-2010
2155,489597,2009-12-01 14:28:00,2009-12-01,2009-12,20091201,22303,,United Kingdom,2,5.17,10.34,0,0,1,0,Year 2009-2010
2156,489597,2009-12-01 14:28:00,2009-12-01,2009-12,20091201,22311,,United Kingdom,2,8.65,17.3,0,0,1,0,Year 2009-2010
2157,489597,2009-12-01 14:28:00,2009-12-01,2009-12,20091201,22312,,United Kingdom,1,8.65,8.65,0,0,1,0,Year 2009-2010
2158,489597,2009-12-01 14:28:00,2009-12-01,2009-12,20091201,22315,,United Kingdom,1,2.57,2.57,0,0,1,0,Year 2009-2010
2159,489597,2009-12-01 14:28:00,2009-12-01,2009-12,20091201,22324,,United Kingdom,1,10.39,10.39,0,0,1,0,Year 2009-2010
2160,489597,2009-12-01 14:28:00,2009-12-01,2009-12,20091201,22336,,United Kingdom,3,1.3,3.9000000000000004,0,0,1,0,Year 2009-2010
2161,489597,2009-12-01 14:28:00,2009-12-01,2009-12,20091201,22347,,United Kingdom,1,2.57,2.57,0,0,1,0,Year 2009-2010
2162,489597,2009-12-01 14:28:00,2009-12-01,2009-12,20091201,22348,,United Kingdom,1,1.7,1.7,0,0,1,0,Year 2009-2010
2163,489597,2009-12-01 14:28:00,2009-12-01,2009-12,20091201,22353,,United Kingdom,1,5.17,5.17,0,0,1,0,Year 2009-2010
2164,489597,2009-12-01 14:28:00,2009-12-01,2009-12,20091201,22355,,United Kingdom,14,1.7,23.8,0,0,1,0,Year 2009-2010
2165,489597,2009-12-01 14:28:00,2009-12-01,2009-12,20091201,22356,,United Kingdom,2,1.7,3.4,0,0,1,0,Year 2009-2010
2166,489597,2009-12-01 14:28:00,2009-12-01,2009-12,20091201,30086C,,United Kingdom,1,1.7,1.7,0,0,1,0,Year 2009-2010
2167,489597,2009-12-01 14:28:00,2009-12-01,2009-12,20091201,35001W,,United Kingdom,2,8.65,17.3,0,0,1,0,Year 2009-2010
2168,489597,2009-12-01 14:28:00,2009-12-01,2009-12,20091201,35004B,,United Kingdom,3,13.0,39.0,0,0,1,1,Year 2009-2010
2169,489597,2009-12-01 14:28:00,2009-12-01,2009-12,20091201,35004S,,United Kingdom,2,13.0,26.0,0,0,1,0,Year 2009-2010
2170,489597,2009-12-01 14:28:00,2009-12-01,2009-12,20091201,35400,,United Kingdom,1,17.35,17.35,0,0,1,0,Year 2009-2010
2171,489597,2009-12-01 14:28:00,2009-12-01,2009-12,20091201,35471A,,United Kingdom,2,2.57,5.14,0,0,1,0,Year 2009-2010
2172,489597,2009-12-01 14:28:00,2009-12-01,2009-12,20091201,35471D,,United Kingdom,5,2.57,12.85,0,0,1,1,Year 2009-2010
2173,489597,2009-12-01 14:28:00,2009-12-01,2009-12,20091201,35594,,United Kingdom,1,1.7,1.7,0,0,1,0,Year 2009-2010
2174,489597,2009-12-01 14:28:00,2009-12-01,2009-12,20091201,35598B,,United Kingdom,1,6.91,6.91,0,0,1,1,Year 2009-2010
2175,489597,2009-12-01 14:28:00,2009-12-01,2009-12,20091201,35599D,,United Kingdom,2,6.04,12.08,0,0,1,1,Year 2009-2010
2176,489597,2009-12-01 14:28:00,2009-12-01,2009-12,20091201,35600D,,United Kingdom,1,21.7,21.7,0,0,1,1,Year 2009-2010
2177,489597,2009-12-01 14:28:00,2009-12-01,2009-12,20091201,35951,,United Kingdom,1,8.65,8.65,0,0,1,0,Year 2009-2010
2178,489597,2009-12-01 14:28:00,2009-12-01,2009-12,20091201,35961,,United Kingdom,1,1.7,1.7,0,0,1,0,Year 2009-2010
2179,489597,2009-12-01 14:28:00,2009-12-01,2009-12,20091201,35962,,United Kingdom,1,4.3,4.3,0,0,1,0,Year 2009-2010
2180,489597,2009-12-01 14:28:00,2009-12-01,2009-12,20091201,37422,,United Kingdom,2,1.7,3.4,0,0,1,0,Year 2009-2010
2181,489597,2009-12-01 14:28:00,2009-12-01,2009-12,20091201,37424,,United Kingdom,1,1.7,1.7,0,0,1,0,Year 2009-2010
2182,489597,2009-12-01 14:28:00,2009-12-01,2009-12,20091201,37444A,,United Kingdom,3,6.04,18.12,0,0,1,0,Year 2009-2010
2183,489597,2009-12-01 14:28:00,2009-12-01,2009-12,20091201,37444C,,United Kingdom,1,6.04,6.04,0,0,1,0,Year 2009-2010
2184,489597,2009-12-01 14:28:00,2009-12-01,2009-12,20091201,37446,,United Kingdom,2,3.43,6.86,0,0,1,0,Year 2009-2010
2185,489597,2009-12-01 14:28:00,2009-12-01,2009-12,20091201,37449,,United Kingdom,1,21.7,21.7,0,0,1,0,Year 2009-2010
2186,489597,2009-12-01 14:28:00,2009-12-01,2009-12,20091201,37462B,,United Kingdom,2,0.86,1.72,0,0,1,1,Year 2009-2010
2187,489597,2009-12-01 14:28:00,2009-12-01,2009-12,20091201,37464,,United Kingdom,1,2.57,2.57,0,0,1,0,Year 2009-2010
2188,489597,2009-12-01 14:28:00,2009-12-01,2009-12,20091201,37489C,,United Kingdom,1,4.3,4.3,0,0,1,0,Year 2009-2010
2189,489597,2009-12-01 14:28:00,2009-12-01,2009-12,20091201,37503,,United Kingdom,1,21.7,21.7,0,0,1,0,Year 2009-2010
2190,489597,2009-12-01 14:28:00,2009-12-01,2009-12,20091201,37508,,United Kingdom,1,5.17,5.17,0,0,1,0,Year 2009-2010
2191,489597,2009-12-01 14:28:00,2009-12-01,2009-12,20091201,47471,,United Kingdom,1,1.52,1.52,0,0,1,0,Year 2009-2010
2192,489597,2009-12-01 14:28:00,2009-12-01,2009-12,20091201,47587A,,United Kingdom,2,1.7,3.4,0,0,1,0,Year 2009-2010
2193,489597,2009-12-01 14:28:00,2009-12-01,2009-12,20091201,47591C,,United Kingdom,2,4.3,8.6,0,0,1,0,Year 2009-2010
2194,489597,2009-12-01 14:28:00,2009-12-01,2009-12,20091201,47591D,,United Kingdom,1,4.3,4.3,0,0,1,1,Year 2009-2010
2195,489597,2009-12-01 14:28:00,2009-12-01,2009-12,20091201,47598,,United Kingdom,1,1.3,1.3,0,0,1,0,Year 2009-2010
2196,489597,2009-12-01 14:28:00,2009-12-01,2009-12,20091201,48129,,United Kingdom,1,13.87,13.87,0,0,1,0,Year 2009-2010
2197,489597,2009-12-01 14:28:00,2009-12-01,2009-12,20091201,48173C,,United Kingdom,2,13.87,27.74,0,0,1,0,Year 2009-2010
2198,489597,2009-12-01 14:28:00,2009-12-01,2009-12,20091201,48188,,United Kingdom,1,13.87,13.87,0,0,1,0,Year 2009-2010
2199,489597,2009-12-01 14:28:00,2009-12-01,2009-12,20091201,51014A,,United Kingdom,1,1.7,1.7,0,0,1,0,Year 2009-2010
2200,489597,2009-12-01 14:28:00,2009-12-01,2009-12,20091201,51014C,,United Kingdom,1,1.7,1.7,0,0,1,0,Year 2009-2010
2201,489597,2009-12-01 14:28:00,2009-12-01,2009-12,20091201,70006,,United Kingdom,2,3.43,6.86,0,0,1,0,Year 2009-2010
2202,489597,2009-12-01 14:28:00,2009-12-01,2009-12,20091201,70007,,United Kingdom,1,3.43,3.43,0,0,1,0,Year 2009-2010
2203,489597,2009-12-01 14:28:00,2009-12-01,2009-12,20091201,71143,,United Kingdom,2,2.57,5.14,0,0,1,0,Year 2009-2010
2204,489597,2009-12-01 14:28:00,2009-12-01,2009-12,20091201,72051S,,United Kingdom,1,0.86,0.86,0,0,1,0,Year 2009-2010
2205,489597,2009-12-01 14:28:00,2009-12-01,2009-12,20091201,72598,,United Kingdom,1,1.7,1.7,0,0,1,0,Year 2009-2010
2206,489597,2009-12-01 14:28:00,2009-12-01,2009-12,20091201,72741,,United Kingdom,1,8.65,8.65,0,0,1,0,Year 2009-2010
2207,489597,2009-12-01 14:28:00,2009-12-01,2009-12,20091201,72799E,,United Kingdom,1,6.04,6.04,0,0,1,0,Year 2009-2010
2208,489597,2009-12-01 14:28:00,2009-12-01,2009-12,20091201,72800A,,United Kingdom,1,5.17,5.17,0,0,1,0,Year 2009-2010
2209,489597,2009-12-01 14:28:00,2009-12-01,2009-12,20091201,72802C,,United Kingdom,2,8.65,17.3,0,0,1,0,Year 2009-2010
2210,489597,2009-12-01 14:28:00,2009-12-01,2009-12,20091201,72807A,,United Kingdom,1,8.65,8.65,0,0,1,0,Year 2009-2010
2211,489597,2009-12-01 14:28:00,2009-12-01,2009-12,20091201,72807B,,United Kingdom,1,8.65,8.65,0,0,1,1,Year 2009-2010
2212,489597,2009-12-01 14:28:00,2009-12-01,2009-12,20091201,72807C,,United Kingdom,1,8.65,8.65,0,0,1,0,Year 2009-2010
2213,489597,2009-12-01 14:28:00,2009-12-01,2009-12,20091201,72816,,United Kingdom,1,5.17,5.17,0,0,1,0,Year 2009-2010
2214,489597,2009-12-01 14:28:00,2009-12-01,2009-12,20091201,75013B,,United Kingdom,1,3.43,3.43,0,0,1,1,Year 2009-2010
2215,489597,2009-12-01 14:28:00,2009-12-01,2009-12,20091201,77081,,United Kingdom,1,2.57,2.57,0,0,1,0,Year 2009-2010
2216,489597,2009-12-01 14:28:00,2009-12-01,2009-12,20091201,79000,,United Kingdom,4,5.17,20.68,0,0,1,0,Year 2009-2010
2217,489597,2009-12-01 14:28:00,2009-12-01,2009-12,20091201,79026B,,United Kingdom,1,2.57,2.57,0,0,1,1,Year 2009-2010
2218,489597,2009-12-01 14:28:00,2009-12-01,2009-12,20091201,79030A,,United Kingdom,1,13.0,13.0,0,0,1,0,Year 2009-2010
2219,489597,2009-12-01 14:28:00,2009-12-01,2009-12,20091201,79067,,United Kingdom,2,8.65,17.3,0,0,1,0,Year 2009-2010
2220,489597,2009-12-01 14:28:00,2009-12-01,2009-12,20091201,79160,,United Kingdom,1,3.43,3.43,0,0,1,0,Year 2009-2010
2221,489597,2009-12-01 14:28:00,2009-12-01,2009-12,20091201,79164,,United Kingdom,2,21.7,43.4,0,0,1,0,Year 2009-2010
2222,489597,2009-12-01 14:28:00,2009-12-01,2009-12,20091201,79303D,,United Kingdom,1,6.04,6.04,0,0,1,1,Year 2009-2010
2223,489597,2009-12-01 14:28:00,2009-12-01,2009-12,20091201,79323W,,United Kingdom,1,13.87,13.87,0,0,1,0,Year 2009-2010
2224,489597,2009-12-01 14:28:00,2009-12-01,2009-12,20091201,79341,,United Kingdom,1,13.87,13.87,0,0,1,0,Year 2009-2010
2225,489597,2009-12-01 14:28:00,2009-12-01,2009-12,20091201,82076,,United Kingdom,1,3.43,3.43,0,0,1,0,Year 2009-2010
2226,489597,2009-12-01 14:28:00,2009-12-01,2009-12,20091201,82093,,United Kingdom,1,3.43,3.43,0,0,1,0,Year 2009-2010
2227,489597,2009-12-01 14:28:00,2009-12-01,2009-12,20091201,82553,,United Kingdom,2,3.43,6.86,0,0,1,0,Year 2009-2010
2228,489597,2009-12-01 14:28:00,2009-12-01,2009-12,20091201,82578,,United Kingdom,1,1.3,1.3,0,0,1,0,Year 2009-2010
2229,489597,2009-12-01 14:28:00,2009-12-01,2009-12,20091201,82582,,United Kingdom,2,4.3,8.6,0,0,1,0,Year 2009-2010
2230,489597,2009-12-01 14:28:00,2009-12-01,2009-12,20091201,82583,,United Kingdom,1,4.3,4.3,0,0,1,0,Year 2009-2010
2231,489597,2009-12-01 14:28:00,2009-12-01,2009-12,20091201,82607C,,United Kingdom,1,2.57,2.57,0,0,1,0,Year 2009-2010
2232,489597,2009-12-01 14:28:00,2009-12-01,2009-12,20091201,82613B,,United Kingdom,1,2.57,2.57,0,0,1,1,Year 2009-2010
2233,489597,2009-12-01 14:28:00,2009-12-01,2009-12,20091201,84006,,United Kingdom,1,1.7,1.7,0,0,1,0,Year 2009-2010
2234,489597,2009-12-01 14:28:00,2009-12-01,2009-12,20091201,84029E,,United Kingdom,1,7.78,7.78,0,0,1,0,Year 2009-2010
2235,489597,2009-12-01 14:28:00,2009-12-01,2009-12,20091201,84029G,,United Kingdom,1,7.78,7.78,0,0,1,0,Year 2009-2010
2236,489597,2009-12-01 14:28:00,2009-12-01,2009-12,20091201,84030C,,United Kingdom,1,7.78,7.78,0,0,1,0,Year 2009-2010
2237,489597,2009-12-01 14:28:00,2009-12-01,2009-12,20091201,84032A,,United Kingdom,1,6.04,6.04,0,0,1,0,Year 2009-2010
2238,489597,2009-12-01 14:28:00,2009-12-01,2009-12,20091201,84251F,,United Kingdom,2,0.86,1.72,0,0,1,0,Year 2009-2010
2239,489597,2009-12-01 14:28:00,2009-12-01,2009-12,20091201,84251G,,United Kingdom,1,0.86,0.86,0,0,1,0,Year 2009-2010
2240,489597,2009-12-01 14:28:00,2009-12-01,2009-12,20091201,84279B,,United Kingdom,1,8.65,8.65,0,0,1,1,Year 2009-2010
2241,489597,2009-12-01 14:28:00,2009-12-01,2009-12,20091201,84313B,,United Kingdom,1,17.35,17.35,0,0,1,1,Year 2009-2010
2242,489597,2009-12-01 14:28:00,2009-12-01,2009-12,20091201,84347,,United Kingdom,4,5.17,20.68,0,0,1,0,Year 2009-2010
2243,489597,2009-12-01 14:28:00,2009-12-01,2009-12,20091201,84375,,United Kingdom,4,4.3,17.2,0,0,1,0,Year 2009-2010
2244,489597,2009-12-01 14:28:00,2009-12-01,2009-12,20091201,84378,,United Kingdom,1,2.57,2.57,0,0,1,0,Year 2009-2010
2245,489597,2009-12-01 14:28:00,2009-12-01,2009-12,20091201,84459A,,United Kingdom,2,3.43,6.86,0,0,1,0,Year 2009-2010
2246,489597,2009-12-01 14:28:00,2009-12-01,2009-12,20091201,84466,,United Kingdom,3,2.57,7.709999999999999,0,0,1,0,Year 2009-2010
2247,489597,2009-12-01 14:28:00,2009-12-01,2009-12,20091201,84509A,,United Kingdom,1,7.78,7.78,0,0,1,0,Year 2009-2010
2248,489597,2009-12-01 14:28:00,2009-12-01,2009-12,20091201,84510A,,United Kingdom,1,2.57,2.57,0,0,1,0,Year 2009-2010
2249,489597,2009-12-01 14:28:00,2009-12-01,2009-12,20091201,84510B,,United Kingdom,1,2.57,2.57,0,0,1,1,Year 2009-2010
2250,489597,2009-12-01 14:28:00,2009-12-01,2009-12,20091201,84535A,,United Kingdom,3,1.52,4.5600000000000005,0,0,1,0,Year 2009-2010
2251,489597,2009-12-01 14:28:00,2009-12-01,2009-12,20091201,84536A,,United Kingdom,1,0.83,0.83,0,0,1,0,Year 2009-2010
2252,489597,2009-12-01 14:28:00,2009-12-01,2009-12,20091201,84536B,,United Kingdom,1,0.83,0.83,0,0,1,1,Year 2009-2010
2253,489597,2009-12-01 14:28:00,2009-12-01,2009-12,20091201,84558A,,United Kingdom,1,6.04,6.04,0,0,1,0,Year 2009-2010
2254,489597,2009-12-01 14:28:00,2009-12-01,2009-12,20091201,84559A,,United Kingdom,1,1.73,1.73,0,0,1,0,Year 2009-2010
2255,489597,2009-12-01 14:28:00,2009-12-01,2009-12,20091201,84578,,United Kingdom,1,4.3,4.3,0,0,1,0,Year 2009-2010
2256,489597,2009-12-01 14:28:00,2009-12-01,2009-12,20091201,84596B,,United Kingdom,1,2.57,2.57,0,0,1,1,Year 2009-2010
2257,489597,2009-12-01 14:28:00,2009-12-01,2009-12,20091201,84596E,,United Kingdom,1,2.57,2.57,0,0,1,0,Year 2009-2010
2258,489597,2009-12-01 14:28:00,2009-12-01,2009-12,20091201,84598,,United Kingdom,1,0.43,0.43,0,0,1,0,Year 2009-2010
2259,489597,2009-12-01 14:28:00,2009-12-01,2009-12,20091201,84673B,,United Kingdom,1,1.3,1.3,0,0,1,1,Year 2009-2010
2260,489597,2009-12-01 14:28:00,2009-12-01,2009-12,20091201,84686,,United Kingdom,1,8.65,8.65,0,0,1,0,Year 2009-2010
2261,489597,2009-12-01 14:28:00,2009-12-01,2009-12,20091201,84750A,,United Kingdom,2,4.3,8.6,0,0,1,0,Year 2009-2010
2262,489597,2009-12-01 14:28:00,2009-12-01,2009-12,20091201,84755,,United Kingdom,1,5.17,5.17,0,0,1,0,Year 2009-2010
2263,489597,2009-12-01 14:28:00,2009-12-01,2009-12,20091201,84791,,United Kingdom,1,6.04,6.04,0,0,1,0,Year 2009-2010
2264,489597,2009-12-01 14:28:00,2009-12-01,2009-12,20091201,84836,,United Kingdom,4,2.57,10.28,0,0,1,0,Year 2009-2010
2265,489597,2009-12-01 14:28:00,2009-12-01,2009-12,20091201,84839,,United Kingdom,1,13.0,13.0,0,0,1,0,Year 2009-2010
2266,489597,2009-12-01 14:28:00,2009-12-01,2009-12,20091201,84854,,United Kingdom,5,8.65,43.25,0,0,1,0,Year 2009-2010
2267,489597,2009-12-01 14:28:00,2009-12-01,2009-12,20091201,84877B,,United Kingdom,1,3.43,3.43,0,0,1,1,Year 2009-2010
2268,489597,2009-12-01 14:28:00,2009-12-01,2009-12,20091201,84884A,,United Kingdom,1,8.65,8.65,0,0,1,0,Year 2009-2010
2269,489597,2009-12-01 14:28:00,2009-12-01,2009-12,20091201,84901,,United Kingdom,1,4.3,4.3,0,0,1,0,Year 2009-2010
2270,489597,2009-12-01 14:28:00,2009-12-01,2009-12,20091201,84902,,United Kingdom,2,4.3,8.6,0,0,1,0,Year 2009-2010
2271,489597,2009-12-01 14:28:00,2009-12-01,2009-12,20091201,84912B,,United Kingdom,1,7.78,7.78,0,0,1,1,Year 2009-2010
2272,489597,2009-12-01 14:28:00,2009-12-01,2009-12,20091201,84926C,,United Kingdom,1,2.57,2.57,0,0,1,0,Year 2009-2010
2273,489597,2009-12-01 14:28:00,2009-12-01,2009-12,20091201,84931A,,United Kingdom,1,5.17,5.17,0,0,1,0,Year 2009-2010
2274,489597,2009-12-01 14:28:00,2009-12-01,2009-12,20091201,84937,,United Kingdom,1,11.26,11.26,0,0,1,0,Year 2009-2010
2275,489597,2009-12-01 14:28:00,2009-12-01,2009-12,20091201,84944,,United Kingdom,1,7.78,7.78,0,0,1,0,Year 2009-2010
2276,489597,2009-12-01 14:28:00,2009-12-01,2009-12,20091201,84946,,United Kingdom,6,2.57,15.419999999999998,0,0,1,0,Year 2009-2010
2277,489597,2009-12-01 14:28:00,2009-12-01,2009-12,20091201,84991,,United Kingdom,5,1.3,6.5,0,0,1,0,Year 2009-2010
2278,489597,2009-12-01 14:28:00,2009-12-01,2009-12,20091201,84992,,United Kingdom,2,1.3,2.6,0,0,1,0,Year 2009-2010
2279,489597,2009-12-01 14:28:00,2009-12-01,2009-12,20091201,85014B,,United Kingdom,1,13.0,13.0,0,0,1,1,Year 2009-2010
2280,489597,2009-12-01 14:28:00,2009-12-01,2009-12,20091201,85014C,,United Kingdom,1,13.0,13.0,0,0,1,0,Year 2009-2010
2281,489597,2009-12-01 14:28:00,2009-12-01,2009-12,20091201,85015,,United Kingdom,1,2.57,2.57,0,0,1,0,Year 2009-2010
2282,489597,2009-12-01 14:28:00,2009-12-01,2009-12,20091201,85016,,United Kingdom,2,2.57,5.14,0,0,1,0,Year 2009-2010
2283,489597,2009-12-01 14:28:00,2009-12-01,2009-12,20091201,85017A,,United Kingdom,1,0.83,0.83,0,0,1,0,Year 2009-2010
2284,489597,2009-12-01 14:28:00,2009-12-01,2009-12,20091201,85017C,,United Kingdom,1,0.83,0.83,0,0,1,0,Year 2009-2010
2285,489597,2009-12-01 14:28:00,2009-12-01,2009-12,20091201,85026B,,United Kingdom,1,1.7,1.7,0,0,1,1,Year 2009-2010
2286,489597,2009-12-01 14:28:00,2009-12-01,2009-12,20091201,85031A,,United Kingdom,1,3.43,3.43,0,0,1,0,Year 2009-2010
2287,489597,2009-12-01 14:28:00,2009-12-01,2009-12,20091201,85031B,,United Kingdom,2,3.43,6.86,0,0,1,1,Year 2009-2010
2288,489597,2009-12-01 14:28:00,2009-12-01,2009-12,20091201,85031C,,United Kingdom,1,3.43,3.43,0,0,1,0,Year 2009-2010
2289,489597,2009-12-01 14:28:00,2009-12-01,2009-12,20091201,85033G,,United Kingdom,4,4.3,17.2,0,0,1,0,Year 2009-2010
2290,489597,2009-12-01 14:28:00,2009-12-01,2009-12,20091201,85033S,,United Kingdom,1,4.3,4.3,0,0,1,0,Year 2009-2010
2291,489597,2009-12-01 14:28:00,2009-12-01,2009-12,20091201,85034B,,United Kingdom,1,8.65,8.65,0,0,1,1,Year 2009-2010
2292,489597,2009-12-01 14:28:00,2009-12-01,2009-12,20091201,85039A,,United Kingdom,1,3.43,3.43,0,0,1,0,Year 2009-2010
2293,489597,2009-12-01 14:28:00,2009-12-01,2009-12,20091201,85041,,United Kingdom,1,3.43,3.43,0,0,1,0,Year 2009-2010
2294,489597,2009-12-01 14:28:00,2009-12-01,2009-12,20091201,85042,,United Kingdom,1,11.26,11.26,0,0,1,0,Year 2009-2010
2295,489597,2009-12-01 14:28:00,2009-12-01,2009-12,20091201,85048,,United Kingdom,1,17.35,17.35,0,0,1,0,Year 2009-2010
2296,489597,2009-12-01 14:28:00,2009-12-01,2009-12,20091201,85061W,,United Kingdom,1,1.7,1.7,0,0,1,0,Year 2009-2010
2297,489597,2009-12-01 14:28:00,2009-12-01,2009-12,20091201,85064,,United Kingdom,2,11.26,22.52,0,0,1,0,Year 2009-2010
2298,489597,2009-12-01 14:28:00,2009-12-01,2009-12,20091201,85066,,United Kingdom,1,26.04,26.04,0,0,1,0,Year 2009-2010
2299,489597,2009-12-01 14:28:00,2009-12-01,2009-12,20091201,85086A,,United Kingdom,1,1.7,1.7,0,0,1,0,Year 2009-2010
2300,489597,2009-12-01 14:28:00,2009-12-01,2009-12,20091201,85099B,,United Kingdom,3,4.3,12.899999999999999,0,0,1,1,Year 2009-2010
2301,489597,2009-12-01 14:28:00,2009-12-01,2009-12,20091201,85112,,United Kingdom,2,2.57,5.14,0,0,1,0,Year 2009-2010
2302,489597,2009-12-01 14:28:00,2009-12-01,2009-12,20091201,85114B,,United Kingdom,1,3.43,3.43,0,0,1,1,Year 2009-2010
2303,489597,2009-12-01 14:28:00,2009-12-01,2009-12,20091201,85116,,United Kingdom,2,1.7,3.4,0,0,1,0,Year 2009-2010
2304,489597,2009-12-01 14:28:00,2009-12-01,2009-12,20091201,85123A,,United Kingdom,3,6.04,18.12,0,0,1,0,Year 2009-2010
2305,489597,2009-12-01 14:28:00,2009-12-01,2009-12,20091201,85124A,,United Kingdom,1,5.17,5.17,0,0,1,0,Year 2009-2010
2306,489597,2009-12-01 14:28:00,2009-12-01,2009-12,20091201,85129D,,United Kingdom,1,2.57,2.57,0,0,1,1,Year 2009-2010
2307,489597,2009-12-01 14:28:00,2009-12-01,2009-12,20091201,85130A,,United Kingdom,1,3.43,3.43,0,0,1,0,Year 2009-2010
2308,489597,2009-12-01 14:28:00,2009-12-01,2009-12,20091201,85135B,,United Kingdom,1,8.65,8.65,0,0,1,1,Year 2009-2010
2309,489597,2009-12-01 14:28:00,2009-12-01,2009-12,20091201,85136A,,United Kingdom,2,8.65,17.3,0,0,1,0,Year 2009-2010
2310,489597,2009-12-01 14:28:00,2009-12-01,2009-12,20091201,85150,,United Kingdom,1,5.17,5.17,0,0,1,0,Year 2009-2010
2311,489597,2009-12-01 14:28:00,2009-12-01,2009-12,20091201,85152,,United Kingdom,2,4.3,8.6,0,0,1,0,Year 2009-2010
2312,489597,2009-12-01 14:28:00,2009-12-01,2009-12,20091201,85180B,,United Kingdom,1,9.52,9.52,0,0,1,1,Year 2009-2010
2313,489597,2009-12-01 14:28:00,2009-12-01,2009-12,20091201,85183A,,United Kingdom,1,7.78,7.78,0,0,1,0,Year 2009-2010
2314,489597,2009-12-01 14:28:00,2009-12-01,2009-12,20091201,85184C,,United Kingdom,3,6.04,18.12,0,0,1,0,Year 2009-2010
2315,489597,2009-12-01 14:28:00,2009-12-01,2009-12,20091201,85184D,,United Kingdom,1,6.04,6.04,0,0,1,1,Year 2009-2010
2316,489597,2009-12-01 14:28:00,2009-12-01,2009-12,20091201,85185B,,United Kingdom,1,6.04,6.04,0,0,1,1,Year 2009-2010
2317,489597,2009-12-01 14:28:00,2009-12-01,2009-12,20091201,85185D,,United Kingdom,1,6.04,6.04,0,0,1,1,Year 2009-2010
2318,489597,2009-12-01 14:28:00,2009-12-01,2009-12,20091201,85186A,,United Kingdom,1,0.83,0.83,0,0,1,0,Year 2009-2010
2319,489597,2009-12-01 14:28:00,2009-12-01,2009-12,20091201,85186C,,United Kingdom,1,0.83,0.83,0,0,1,0,Year 2009-2010
2320,489597,2009-12-01 14:28:00,2009-12-01,2009-12,20091201,85199S,,United Kingdom,5,0.83,4.1499999999999995,0,0,1,0,Year 2009-2010
2321,489597,2009-12-01 14:28:00,2009-12-01,2009-12,20091201,85211,,United Kingdom,2,3.43,6.86,0,0,1,0,Year 2009-2010
2322,489597,2009-12-01 14:28:00,2009-12-01,2009-12,20091201,85217,,United Kingdom,1,7.78,7.78,0,0,1,0,Year 2009-2010
2323,489597,2009-12-01 14:28:00,2009-12-01,2009-12,20091201,85227,,United Kingdom,1,1.7,1.7,0,0,1,0,Year 2009-2010
2324,489597,2009-12-01 14:28:00,2009-12-01,2009-12,20091201,85231B,,United Kingdom,1,1.7,1.7,0,0,1,1,Year 2009-2010
2325,489597,2009-12-01 14:28:00,2009-12-01,2009-12,20091201,85231G,,United Kingdom,1,1.7,1.7,0,0,1,0,Year 2009-2010
2326,489597,2009-12-01 14:28:00,2009-12-01,2009-12,20091201,90000D,,United Kingdom,1,6.5,6.5,0,0,1,1,Year 2009-2010
2327,489597,2009-12-01 14:28:00,2009-12-01,2009-12,20091201,90005A,,United Kingdom,1,2.16,2.16,0,0,1,0,Year 2009-2010
2328,489597,2009-12-01 14:28:00,2009-12-01,2009-12,20091201,90039D,,United Kingdom,1,3.9,3.9,0,0,1,1,Year 2009-2010
2329,489597,2009-12-01 14:28:00,2009-12-01,2009-12,20091201,90040D,,United Kingdom,1,3.9,3.9,0,0,1,1,Year 2009-2010
2330,489597,2009-12-01 14:28:00,2009-12-01,2009-12,20091201,90081C,,United Kingdom,1,5.2,5.2,0,0,1,0,Year 2009-2010
2331,489597,2009-12-01 14:28:00,2009-12-01,2009-12,20091201,90120C,,United Kingdom,1,4.33,4.33,0,0,1,0,Year 2009-2010
2332,489597,2009-12-01 14:28:00,2009-12-01,2009-12,20091201,90125D,,United Kingdom,1,4.3,4.3,0,0,1,1,Year 2009-2010
2333,489597,2009-12-01 14:28:00,2009-12-01,2009-12,20091201,90158,,United Kingdom,1,5.2,5.2,0,0,1,0,Year 2009-2010
2334,489597,2009-12-01 14:28:00,2009-12-01,2009-12,20091201,90171,,United Kingdom,2,1.29,2.58,0,0,1,0,Year 2009-2010
2335,489597,2009-12-01 14:28:00,2009-12-01,2009-12,20091201,90175C,,United Kingdom,1,9.55,9.55,0,0,1,0,Year 2009-2010
2336,489597,2009-12-01 14:28:00,2009-12-01,2009-12,20091201,90184B,,United Kingdom,1,9.55,9.55,0,0,1,1,Year 2009-2010
2337,489597,2009-12-01 14:28:00,2009-12-01,2009-12,20091201,90188,,United Kingdom,1,2.59,2.59,0,0,1,0,Year 2009-2010
2338,489597,2009-12-01 14:28:00,2009-12-01,2009-12,20091201,90192,,United Kingdom,1,5.2,5.2,0,0,1,0,Year 2009-2010
2339,489597,2009-12-01 14:28:00,2009-12-01,2009-12,20091201,90200D,,United Kingdom,3,4.33,12.99,0,0,1,1,Year 2009-2010
2340,489597,2009-12-01 14:28:00,2009-12-01,2009-12,20091201,90206C,,United Kingdom,1,5.2,5.2,0,0,1,0,Year 2009-2010
2341,489597,2009-12-01 14:28:00,2009-12-01,2009-12,20091201,90208,,United Kingdom,1,2.59,2.59,0,0,1,0,Year 2009-2010
2342,489597,2009-12-01 14:28:00,2009-12-01,2009-12,20091201,DCGS0058,,United Kingdom,1,0.83,0.83,0,0,1,0,Year 2009-2010
2343,489597,2009-12-01 14:28:00,2009-12-01,2009-12,20091201,DCGS0068,,United Kingdom,1,8.65,8.65,0,0,1,0,Year 2009-2010
2344,489597,2009-12-01 14:28:00,2009-12-01,2009-12,20091201,DOT,,United Kingdom,1,647.19,647.19,0,0,1,1,Year 2009-2010
2345,489598,2009-12-01 14:35:00,2009-12-01,2009-12,20091201,20685,16620,United Kingdom,2,6.75,13.5,0,0,0,0,Year 2009-2010
2346,489598,2009-12-01 14:35:00,2009-12-01,2009-12,20091201,22180,16620,United Kingdom,1,9.95,9.95,0,0,0,0,Year 2009-2010
2347,489598,2009-12-01 14:35:00,2009-12-01,2009-12,20091201,85090,16620,United Kingdom,3,4.65,13.950000000000001,0,0,0,0,Year 2009-2010
2348,489598,2009-12-01 14:35:00,2009-12-01,2009-12,20091201,21670,16620,United Kingdom,12,1.25,15.0,0,0,0,0,Year 2009-2010
2349,489598,2009-12-01 14:35:00,2009-12-01,2009-12,20091201,21671,16620,United Kingdom,12,1.25,15.0,0,0,0,0,Year 2009-2010
2350,489598,2009-12-01 14:35:00,2009-12-01,2009-12,20091201,21121,16620,United Kingdom,24,1.25,30.0,0,0,0,0,Year 2009-2010
2351,489598,2009-12-01 14:35:00,2009-12-01,2009-12,20091201,21122,16620,United Kingdom,24,1.25,30.0,0,0,0,0,Year 2009-2010
2352,489598,2009-12-01 14:35:00,2009-12-01,2009-12,20091201,21124,16620,United Kingdom,24,1.25,30.0,0,0,0,0,Year 2009-2010
2353,489598,2009-12-01 14:35:00,2009-12-01,2009-12,20091201,22218,16620,United Kingdom,3,4.25,12.75,0,0,0,0,Year 2009-2010
2354,489598,2009-12-01 14:35:00,2009-12-01,2009-12,20091201,21242,16620,United Kingdom,8,1.69,13.52,0,0,0,0,Year 2009-2010
2355,489598,2009-12-01 14:35:00,2009-12-01,2009-12,20091201,21238,16620,United Kingdom,8,0.85,6.8,0,0,0,0,Year 2009-2010
2356,489598,2009-12-01 14:35:00,2009-12-01,2009-12,20091201,82482,16620,United Kingdom,6,2.55,15.299999999999999,0,0,0,0,Year 2009-2010
2357,489598,2009-12-01 14:35:00,2009-12-01,2009-12,20091201,22189,16620,United Kingdom,4,3.95,15.8,0,0,0,0,Year 2009-2010
2358,489598,2009-12-01 14:35:00,2009-12-01,2009-12,20091201,21650,16620,United Kingdom,24,0.65,15.600000000000001,0,0,0,0,Year 2009-2010
2359,489598,2009-12-01 14:35:00,2009-12-01,2009-12,20091201,20983,16620,United Kingdom,12,0.85,10.2,0,0,0,0,Year 2009-2010
2360,489598,2009-12-01 14:35:00,2009-12-01,2009-12,20091201,21356,16620,United Kingdom,12,1.25,15.0,0,0,0,0,Year 2009-2010
2361,489598,2009-12-01 14:35:00,2009-12-01,2009-12,20091201,21357,16620,United Kingdom,12,1.25,15.0,0,0,0,0,Year 2009-2010
2362,489598,2009-12-01 14:35:00,2009-12-01,2009-12,20091201,22280,16620,United Kingdom,6,2.1,12.600000000000001,0,0,0,0,Year 2009-2010
2363,489598,2009-12-01 14:35:00,2009-12-01,2009-12,20091201,20982,16620,United Kingdom,12,0.85,10.2,0,0,0,0,Year 2009-2010
2364,489598,2009-12-01 14:35:00,2009-12-01,2009-12,20091201,85099B,16620,United Kingdom,10,1.95,19.5,0,0,0,1,Year 2009-2010
2365,489598,2009-12-01 14:35:00,2009-12-01,2009-12,20091201,21929,16620,United Kingdom,10,1.95,19.5,0,0,0,0,Year 2009-2010
2366,489598,2009-12-01 14:35:00,2009-12-01,2009-12,20091201,90167,16620,United Kingdom,12,0.85,10.2,0,0,0,0,Year 2009-2010
2367,489598,2009-12-01 14:35:00,2009-12-01,2009-12,20091201,21544,16620,United Kingdom,12,0.85,10.2,0,0,0,0,Year 2009-2010
2368,489598,2009-12-01 14:35:00,2009-12-01,2009-12,20091201,21543,16620,United Kingdom,12,0.85,10.2,0,0,0,0,Year 2009-2010
2369,489598,2009-12-01 14:35:00,2009-12-01,2009-12,20091201,21833,16620,United Kingdom,12,1.69,20.28,0,0,0,0,Year 2009-2010
2370,489598,2009-12-01 14:35:00,2009-12-01,2009-12,20091201,21829,16620,United Kingdom,36,0.21,7.56,0,0,0,0,Year 2009-2010
2371,489598,2009-12-01 14:35:00,2009-12-01,2009-12,20091201,47591D,16620,United Kingdom,8,1.95,15.6,0,0,0,1,Year 2009-2010
2372,489598,2009-12-01 14:35:00,2009-12-01,2009-12,20091201,21100,16620,United Kingdom,10,1.65,16.5,0,0,0,0,Year 2009-2010
2373,489598,2009-12-01 14:35:00,2009-12-01,2009-12,20091201,21642,16620,United Kingdom,24,0.85,20.4,0,0,0,0,Year 2009-2010
2374,489598,2009-12-01 14:35:00,2009-12-01,2009-12,20091201,21639,16620,United Kingdom,24,0.85,20.4,0,0,0,0,Year 2009-2010
2375,489598,2009-12-01 14:35:00,2009-12-01,2009-12,20091201,72023F,16620,United Kingdom,12,1.25,15.0,0,0,0,0,Year 2009-2010
2376,489598,2009-12-01 14:35:00,2009-12-01,2009-12,20091201,22082,16620,United Kingdom,20,1.65,33.0,0,0,0,0,Year 2009-2010
2377,489598,2009-12-01 14:35:00,2009-12-01,2009-12,20091201,20886,16620,United Kingdom,12,1.95,23.4,0,0,0,0,Year 2009-2010
2378,489598,2009-12-01 14:35:00,2009-12-01,2009-12,20091201,85172,16620,United Kingdom,16,0.42,6.72,0,0,0,0,Year 2009-2010
2379,489598,2009-12-01 14:35:00,2009-12-01,2009-12,20091201,72008,16620,United Kingdom,12,0.42,5.04,0,0,0,0,Year 2009-2010
2380,489598,2009-12-01 14:35:00,2009-12-01,2009-12,20091201,84970S,16620,United Kingdom,12,0.85,10.2,0,0,0,0,Year 2009-2010
2381,489598,2009-12-01 14:35:00,2009-12-01,2009-12,20091201,21471,16620,United Kingdom,6,3.75,22.5,0,0,0,0,Year 2009-2010
2382,489598,2009-12-01 14:35:00,2009-12-01,2009-12,20091201,21469,16620,United Kingdom,6,3.75,22.5,0,0,0,0,Year 2009-2010
2383,489598,2009-12-01 14:35:00,2009-12-01,2009-12,20091201,20753,16620,United Kingdom,6,2.1,12.600000000000001,0,0,0,0,Year 2009-2010
2384,489598,2009-12-01 14:35:00,2009-12-01,2009-12,20091201,21868,16620,United Kingdom,12,1.25,15.0,0,0,0,0,Year 2009-2010
2385,489598,2009-12-01 14:35:00,2009-12-01,2009-12,20091201,21869,16620,United Kingdom,12,1.25,15.0,0,0,0,0,Year 2009-2010
2386,489598,2009-12-01 14:35:00,2009-12-01,2009-12,20091201,22185,16620,United Kingdom,12,1.65,19.799999999999997,0,0,0,0,Year 2009-2010
2387,489598,2009-12-01 14:35:00,2009-12-01,2009-12,20091201,21897,16620,United Kingdom,6,2.95,17.700000000000003,0,0,0,0,Year 2009-2010
2388,489598,2009-12-01 14:35:00,2009-12-01,2009-12,20091201,21898,16620,United Kingdom,6,2.95,17.700000000000003,0,0,0,0,Year 2009-2010
2389,489598,2009-12-01 14:35:00,2009-12-01,2009-12,20091201,20681,16620,United Kingdom,6,3.25,19.5,0,0,0,0,Year 2009-2010
2390,489598,2009-12-01 14:35:00,2009-12-01,2009-12,20091201,85099F,16620,United Kingdom,20,1.95,39.0,0,0,0,0,Year 2009-2010
2391,489598,2009-12-01 14:35:00,2009-12-01,2009-12,20091201,20771,16620,United Kingdom,6,2.55,15.299999999999999,0,0,0,0,Year 2009-2010
2392,489598,2009-12-01 14:35:00,2009-12-01,2009-12,20091201,20777,16620,United Kingdom,6,1.65,9.899999999999999,0,0,0,0,Year 2009-2010
2393,489598,2009-12-01 14:35:00,2009-12-01,2009-12,20091201,72815,16620,United Kingdom,4,3.75,15.0,0,0,0,0,Year 2009-2010
2394,489598,2009-12-01 14:35:00,2009-12-01,2009-12,20091201,22187,16620,United Kingdom,4,4.25,17.0,0,0,0,0,Year 2009-2010
2395,489599,2009-12-01 14:40:00,2009-12-01,2009-12,20091201,22111,12758,Portugal,3,4.95,14.850000000000001,0,0,0,0,Year 2009-2010
2396,489599,2009-12-01 14:40:00,2009-12-01,2009-12,20091201,22113,12758,Portugal,8,3.45,27.6,0,0,0,0,Year 2009-2010
2397,489599,2009-12-01 14:40:00,2009-12-01,2009-12,20091201,22114,12758,Portugal,8,3.95,31.6,0,0,0,0,Year 2009-2010
2398,489599,2009-12-01 14:40:00,2009-12-01,2009-12,20091201,47504G,12758,Portugal,12,1.25,15.0,0,0,0,0,Year 2009-2010
2399,489599,2009-12-01 14:40:00,2009-12-01,2009-12,20091201,85014D,12758,Portugal,3,5.95,17.85,0,0,0,1,Year 2009-2010
2400,489599,2009-12-01 14:40:00,2009-12-01,2009-12,20091201,84985B,12758,Portugal,12,1.45,17.4,0,0,0,1,Year 2009-2010
2401,489599,2009-12-01 14:40:00,2009-12-01,2009-12,20091201,84986B,12758,Portugal,12,1.45,17.4,0,0,0,1,Year 2009-2010
2402,489599,2009-12-01 14:40:00,2009-12-01,2009-12,20091201,84990,12758,Portugal,24,0.55,13.200000000000001,0,0,0,0,Year 2009-2010
2403,489599,2009-12-01 14:40:00,2009-12-01,2009-12,20091201,21891,12758,Portugal,12,1.25,15.0,0,0,0,0,Year 2009-2010
2404,489599,2009-12-01 14:40:00,2009-12-01,2009-12,20091201,21890,12758,Portugal,6,2.95,17.700000000000003,0,0,0,0,Year 2009-2010
2405,489599,2009-12-01 14:40:00,2009-12-01,2009-12,20091201,22138,12758,Portugal,3,4.95,14.850000000000001,0,0,0,0,Year 2009-2010
2406,489599,2009-12-01 14:40:00,2009-12-01,2009-12,20091201,20750,12758,Portugal,12,6.35,76.19999999999999,0,0,0,0,Year 2009-2010
2407,489599,2009-12-01 14:40:00,2009-12-01,2009-12,20091201,20749,12758,Portugal,2,7.95,15.9,0,0,0,0,Year 2009-2010
2408,489599,2009-12-01 14:40:00,2009-12-01,2009-12,20091201,20684,12758,Portugal,6,3.25,19.5,0,0,0,0,Year 2009-2010
2409,489599,2009-12-01 14:40:00,2009-12-01,2009-12,20091201,85006,12758,Portugal,6,2.95,17.700000000000003,0,0,0,0,Year 2009-2010
2410,489599,2009-12-01 14:40:00,2009-12-01,2009-12,20091201,21429,12758,Portugal,8,1.65,13.2,0,0,0,0,Year 2009-2010
2411,489599,2009-12-01 14:40:00,2009-12-01,2009-12,20091201,20983,12758,Portugal,12,0.85,10.2,0,0,0,0,Year 2009-2010
2412,489599,2009-12-01 14:40:00,2009-12-01,2009-12,20091201,20979,12758,Portugal,16,1.25,20.0,0,0,0,0,Year 2009-2010
2413,489599,2009-12-01 14:40:00,2009-12-01,2009-12,20091201,21156,12758,Portugal,8,1.95,15.6,0,0,0,0,Year 2009-2010
2414,489599,2009-12-01 14:40:00,2009-12-01,2009-12,20091201,21789,12758,Portugal,24,0.85,20.4,0,0,0,0,Year 2009-2010
2415,489599,2009-12-01 14:40:00,2009-12-01,2009-12,20091201,21788,12758,Portugal,24,0.85,20.4,0,0,0,0,Year 2009-2010
2416,489599,2009-12-01 14:40:00,2009-12-01,2009-12,20091201,85199S,12758,Portugal,24,0.42,10.08,0,0,0,0,Year 2009-2010
2417,489599,2009-12-01 14:40:00,2009-12-01,2009-12,20091201,85199L,12758,Portugal,24,0.65,15.600000000000001,0,0,0,0,Year 2009-2010
2418,489599,2009-12-01 14:40:00,2009-12-01,2009-12,20091201,21556,12758,Portugal,12,2.55,30.599999999999998,0,0,0,0,Year 2009-2010
2419,489599,2009-12-01 14:40:00,2009-12-01,2009-12,20091201,82081,12758,Portugal,2,8.5,17.0,0,0,0,0,Year 2009-2010
2420,489599,2009-12-01 14:40:00,2009-12-01,2009-12,20091201,21164,12758,Portugal,12,2.95,35.400000000000006,0,0,0,0,Year 2009-2010
2421,489599,2009-12-01 14:40:00,2009-12-01,2009-12,20091201,22321,12758,Portugal,24,0.85,20.4,0,0,0,0,Year 2009-2010
2422,489599,2009-12-01 14:40:00,2009-12-01,2009-12,20091201,21238,12758,Portugal,16,0.85,13.6,0,0,0,0,Year 2009-2010
2423,489599,2009-12-01 14:40:00,2009-12-01,2009-12,20091201,21239,12758,Portugal,16,0.85,13.6,0,0,0,0,Year 2009-2010
2424,489599,2009-12-01 14:40:00,2009-12-01,2009-12,20091201,21243,12758,Portugal,16,1.69,27.04,0,0,0,0,Year 2009-2010
2425,489599,2009-12-01 14:40:00,2009-12-01,2009-12,20091201,21242,12758,Portugal,16,1.69,27.04,0,0,0,0,Year 2009-2010
2426,489599,2009-12-01 14:40:00,2009-12-01,2009-12,20091201,20711,12758,Portugal,30,1.95,58.5,0,0,0,0,Year 2009-2010
2427,489599,2009-12-01 14:40:00,2009-12-01,2009-12,20091201,20724,12758,Portugal,40,0.85,34.0,0,0,0,0,Year 2009-2010
2428,489599,2009-12-01 14:40:00,2009-12-01,2009-12,20091201,20725,12758,Portugal,100,1.45,145.0,0,0,0,0,Year 2009-2010
2429,489599,2009-12-01 14:40:00,2009-12-01,2009-12,20091201,21155,12758,Portugal,12,2.1,25.200000000000003,0,0,0,0,Year 2009-2010
2430,489599,2009-12-01 14:40:00,2009-12-01,2009-12,20091201,21527,12758,Portugal,4,7.95,31.8,0,0,0,0,Year 2009-2010
2431,489599,2009-12-01 14:40:00,2009-12-01,2009-12,20091201,21843,12758,Portugal,6,10.95,65.69999999999999,0,0,0,0,Year 2009-2010
2432,489599,2009-12-01 14:40:00,2009-12-01,2009-12,20091201,85099B,12758,Portugal,30,1.95,58.5,0,0,0,1,Year 2009-2010
2433,489599,2009-12-01 14:40:00,2009-12-01,2009-12,20091201,21218,12758,Portugal,6,3.75,22.5,0,0,0,0,Year 2009-2010
2434,489599,2009-12-01 14:40:00,2009-12-01,2009-12,20091201,21181,12758,Portugal,12,2.1,25.200000000000003,0,0,0,0,Year 2009-2010
2435,489599,2009-12-01 14:40:00,2009-12-01,2009-12,20091201,22356,12758,Portugal,100,0.72,72.0,0,0,0,0,Year 2009-2010
2436,489599,2009-12-01 14:40:00,2009-12-01,2009-12,20091201,85014B,12758,Portugal,6,5.95,35.7,0,0,0,1,Year 2009-2010
2437,489599,2009-12-01 14:40:00,2009-12-01,2009-12,20091201,22355,12758,Portugal,20,0.85,17.0,0,0,0,0,Year 2009-2010
2438,489599,2009-12-01 14:40:00,2009-12-01,2009-12,20091201,21931,12758,Portugal,20,1.95,39.0,0,0,0,0,Year 2009-2010
2439,489599,2009-12-01 14:40:00,2009-12-01,2009-12,20091201,21928,12758,Portugal,30,1.95,58.5,0,0,0,0,Year 2009-2010
2440,489599,2009-12-01 14:40:00,2009-12-01,2009-12,20091201,21430,12758,Portugal,24,3.39,81.36,0,0,0,0,Year 2009-2010
2441,489599,2009-12-01 14:40:00,2009-12-01,2009-12,20091201,21428,12758,Portugal,16,3.75,60.0,0,0,0,0,Year 2009-2010
2442,489599,2009-12-01 14:40:00,2009-12-01,2009-12,20091201,22139,12758,Portugal,12,4.95,59.400000000000006,0,0,0,0,Year 2009-2010
2443,489599,2009-12-01 14:40:00,2009-12-01,2009-12,20091201,47504E,12758,Portugal,24,1.25,30.0,0,0,0,0,Year 2009-2010
2444,489599,2009-12-01 14:40:00,2009-12-01,2009-12,20091201,20728,12758,Portugal,30,1.65,49.5,0,0,0,0,Year 2009-2010
2445,489599,2009-12-01 14:40:00,2009-12-01,2009-12,20091201,20914,12758,Portugal,6,2.95,17.700000000000003,0,0,0,0,Year 2009-2010
2446,489599,2009-12-01 14:40:00,2009-12-01,2009-12,20091201,84988,12758,Portugal,12,1.45,17.4,0,0,0,0,Year 2009-2010
2447,489599,2009-12-01 14:40:00,2009-12-01,2009-12,20091201,84934,12758,Portugal,40,0.85,34.0,0,0,0,0,Year 2009-2010
2448,489599,2009-12-01 14:40:00,2009-12-01,2009-12,20091201,22197,12758,Portugal,12,0.85,10.2,0,0,0,0,Year 2009-2010
2449,489599,2009-12-01 14:40:00,2009-12-01,2009-12,20091201,20681,12758,Portugal,12,3.25,39.0,0,0,0,0,Year 2009-2010
2450,489599,2009-12-01 14:40:00,2009-12-01,2009-12,20091201,20682,12758,Portugal,12,3.25,39.0,0,0,0,0,Year 2009-2010
2451,489599,2009-12-01 14:40:00,2009-12-01,2009-12,20091201,21844,12758,Portugal,12,2.95,35.400000000000006,0,0,0,0,Year 2009-2010
2452,489599,2009-12-01 14:40:00,2009-12-01,2009-12,20091201,22071,12758,Portugal,6,3.75,22.5,0,0,0,0,Year 2009-2010
2453,489599,2009-12-01 14:40:00,2009-12-01,2009-12,20091201,85014A,12758,Portugal,6,5.95,35.7,0,0,0,0,Year 2009-2010
2454,489599,2009-12-01 14:40:00,2009-12-01,2009-12,20091201,85014C,12758,Portugal,6,5.95,35.7,0,0,0,0,Year 2009-2010
2455,489599,2009-12-01 14:40:00,2009-12-01,2009-12,20091201,47504K,12758,Portugal,24,1.95,46.8,0,0,0,0,Year 2009-2010
2456,489599,2009-12-01 14:40:00,2009-12-01,2009-12,20091201,21929,12758,Portugal,30,1.95,58.5,0,0,0,0,Year 2009-2010
2457,489599,2009-12-01 14:40:00,2009-12-01,2009-12,20091201,21165,12758,Portugal,36,1.69,60.839999999999996,0,0,0,0,Year 2009-2010
2458,489599,2009-12-01 14:40:00,2009-12-01,2009-12,20091201,82600,12758,Portugal,24,2.1,50.400000000000006,0,0,0,0,Year 2009-2010
2459,489599,2009-12-01 14:40:00,2009-12-01,2009-12,20091201,21877,12758,Portugal,12,1.25,15.0,0,0,0,0,Year 2009-2010
2460,489599,2009-12-01 14:40:00,2009-12-01,2009-12,20091201,21431,12758,Portugal,16,1.65,26.4,0,0,0,0,Year 2009-2010
2461,489599,2009-12-01 14:40:00,2009-12-01,2009-12,20091201,21398,12758,Portugal,12,2.1,25.200000000000003,0,0,0,0,Year 2009-2010
2462,489599,2009-12-01 14:40:00,2009-12-01,2009-12,20091201,16161U,12758,Portugal,25,0.42,10.5,0,0,0,0,Year 2009-2010
2463,489599,2009-12-01 14:40:00,2009-12-01,2009-12,20091201,21497,12758,Portugal,25,0.42,10.5,0,0,0,0,Year 2009-2010
2464,489599,2009-12-01 14:40:00,2009-12-01,2009-12,20091201,22051,12758,Portugal,25,0.42,10.5,0,0,0,0,Year 2009-2010
2465,489599,2009-12-01 14:40:00,2009-12-01,2009-12,20091201,84879,12758,Portugal,48,1.69,81.12,0,0,0,0,Year 2009-2010
2466,489599,2009-12-01 14:40:00,2009-12-01,2009-12,20091201,22117,12758,Portugal,6,2.95,17.700000000000003,0,0,0,0,Year 2009-2010
2467,489599,2009-12-01 14:40:00,2009-12-01,2009-12,20091201,22116,12758,Portugal,6,2.95,17.700000000000003,0,0,0,0,Year 2009-2010
2468,489599,2009-12-01 14:40:00,2009-12-01,2009-12,20091201,21042,12758,Portugal,3,5.95,17.85,0,0,0,0,Year 2009-2010
2469,489599,2009-12-01 14:40:00,2009-12-01,2009-12,20091201,21121,12758,Portugal,24,1.25,30.0,0,0,0,0,Year 2009-2010
2470,489599,2009-12-01 14:40:00,2009-12-01,2009-12,20091201,21212,12758,Portugal,24,0.55,13.200000000000001,0,0,0,0,Year 2009-2010
2471,489599,2009-12-01 14:40:00,2009-12-01,2009-12,20091201,21210,12758,Portugal,24,1.45,34.8,0,0,0,0,Year 2009-2010
2472,489599,2009-12-01 14:40:00,2009-12-01,2009-12,20091201,21531,12758,Portugal,6,2.55,15.299999999999999,0,0,0,0,Year 2009-2010
2473,489599,2009-12-01 14:40:00,2009-12-01,2009-12,20091201,22073,12758,Portugal,4,3.75,15.0,0,0,0,0,Year 2009-2010
2474,489600,2009-12-01 14:43:00,2009-12-01,2009-12,20091201,20615,,United Kingdom,1,4.3,4.3,0,0,1,0,Year 2009-2010
2475,489600,2009-12-01 14:43:00,2009-12-01,2009-12,20091201,20887,,United Kingdom,1,7.78,7.78,0,0,1,0,Year 2009-2010
2476,489600,2009-12-01 14:43:00,2009-12-01,2009-12,20091201,20913,,United Kingdom,1,6.04,6.04,0,0,1,0,Year 2009-2010
2477,489600,2009-12-01 14:43:00,2009-12-01,2009-12,20091201,21258,,United Kingdom,3,26.04,78.12,0,0,1,0,Year 2009-2010
2478,489600,2009-12-01 14:43:00,2009-12-01,2009-12,20091201,21328,,United Kingdom,1,3.43,3.43,0,0,1,0,Year 2009-2010
2479,489600,2009-12-01 14:43:00,2009-12-01,2009-12,20091201,21428,,United Kingdom,1,8.65,8.65,0,0,1,0,Year 2009-2010
2480,489600,2009-12-01 14:43:00,2009-12-01,2009-12,20091201,21472,,United Kingdom,1,7.78,7.78,0,0,1,0,Year 2009-2010
2481,489600,2009-12-01 14:43:00,2009-12-01,2009-12,20091201,21481,,United Kingdom,2,6.04,12.08,0,0,1,0,Year 2009-2010
2482,489600,2009-12-01 14:43:00,2009-12-01,2009-12,20091201,21482,,United Kingdom,1,6.04,6.04,0,0,1,0,Year 2009-2010
2483,489600,2009-12-01 14:43:00,2009-12-01,2009-12,20091201,21560,,United Kingdom,1,2.55,2.55,0,0,1,0,Year 2009-2010
2484,489600,2009-12-01 14:43:00,2009-12-01,2009-12,20091201,21912,,United Kingdom,1,7.78,7.78,0,0,1,0,Year 2009-2010
2485,489600,2009-12-01 14:43:00,2009-12-01,2009-12,20091201,22069,,United Kingdom,1,3.43,3.43,0,0,1,0,Year 2009-2010
2486,489600,2009-12-01 14:43:00,2009-12-01,2009-12,20091201,22086,,United Kingdom,1,6.04,6.04,0,0,1,0,Year 2009-2010
2487,489600,2009-12-01 14:43:00,2009-12-01,2009-12,20091201,22149,,United Kingdom,3,4.3,12.899999999999999,0,0,1,0,Year 2009-2010
2488,489600,2009-12-01 14:43:00,2009-12-01,2009-12,20091201,22174,,United Kingdom,1,3.43,3.43,0,0,1,0,Year 2009-2010
2489,489600,2009-12-01 14:43:00,2009-12-01,2009-12,20091201,22180,,United Kingdom,1,20.83,20.83,0,0,1,0,Year 2009-2010
2490,489600,2009-12-01 14:43:00,2009-12-01,2009-12,20091201,22353,,United Kingdom,1,5.17,5.17,0,0,1,0,Year 2009-2010
2491,489600,2009-12-01 14:43:00,2009-12-01,2009-12,20091201,35004G,,United Kingdom,1,13.0,13.0,0,0,1,0,Year 2009-2010
2492,489600,2009-12-01 14:43:00,2009-12-01,2009-12,20091201,35400,,United Kingdom,2,17.35,34.7,0,0,1,0,Year 2009-2010
2493,489600,2009-12-01 14:43:00,2009-12-01,2009-12,20091201,35832,,United Kingdom,1,13.0,13.0,0,0,1,0,Year 2009-2010
2494,489600,2009-12-01 14:43:00,2009-12-01,2009-12,20091201,35962,,United Kingdom,1,4.3,4.3,0,0,1,0,Year 2009-2010
2495,489600,2009-12-01 14:43:00,2009-12-01,2009-12,20091201,37370,,United Kingdom,1,16.48,16.48,0,0,1,0,Year 2009-2010
2496,489600,2009-12-01 14:43:00,2009-12-01,2009-12,20091201,48185,,United Kingdom,1,13.87,13.87,0,0,1,0,Year 2009-2010
2497,489600,2009-12-01 14:43:00,2009-12-01,2009-12,20091201,71053,,United Kingdom,2,8.65,17.3,0,0,1,0,Year 2009-2010
2498,489600,2009-12-01 14:43:00,2009-12-01,2009-12,20091201,72349B,,United Kingdom,2,4.3,8.6,0,0,1,1,Year 2009-2010
2499,489600,2009-12-01 14:43:00,2009-12-01,2009-12,20091201,72529W,,United Kingdom,1,4.3,4.3,0,0,1,0,Year 2009-2010
2500,489600,2009-12-01 14:43:00,2009-12-01,2009-12,20091201,72807C,,United Kingdom,1,8.65,8.65,0,0,1,0,Year 2009-2010
2501,489600,2009-12-01 14:43:00,2009-12-01,2009-12,20091201,79072,,United Kingdom,1,17.35,17.35,0,0,1,0,Year 2009-2010
2502,489600,2009-12-01 14:43:00,2009-12-01,2009-12,20091201,84347,,United Kingdom,1,5.17,5.17,0,0,1,0,Year 2009-2010
2503,489600,2009-12-01 14:43:00,2009-12-01,2009-12,20091201,84797B,,United Kingdom,1,11.26,11.26,0,0,1,1,Year 2009-2010
2504,489600,2009-12-01 14:43:00,2009-12-01,2009-12,20091201,DOT,,United Kingdom,1,55.96,55.96,0,0,1,1,Year 2009-2010
2505,489601,2009-12-01 14:44:00,2009-12-01,2009-12,20091201,22147,,United Kingdom,1,3.43,3.43,0,0,1,0,Year 2009-2010
2506,489601,2009-12-01 14:44:00,2009-12-01,2009-12,20091201,22165,,United Kingdom,1,26.04,26.04,0,0,1,0,Year 2009-2010
2507,489601,2009-12-01 14:44:00,2009-12-01,2009-12,20091201,22166,,United Kingdom,1,16.48,16.48,0,0,1,0,Year 2009-2010
2508,489601,2009-12-01 14:44:00,2009-12-01,2009-12,20091201,35400,,United Kingdom,1,17.35,17.35,0,0,1,0,Year 2009-2010
2509,489601,2009-12-01 14:44:00,2009-12-01,2009-12,20091201,37340,,United Kingdom,2,8.65,17.3,0,0,1,0,Year 2009-2010
2510,489601,2009-12-01 14:44:00,2009-12-01,2009-12,20091201,37410,,United Kingdom,1,16.48,16.48,0,0,1,0,Year 2009-2010
2511,489601,2009-12-01 14:44:00,2009-12-01,2009-12,20091201,71053,,United Kingdom,1,8.65,8.65,0,0,1,0,Year 2009-2010
2512,489601,2009-12-01 14:44:00,2009-12-01,2009-12,20091201,84854,,United Kingdom,2,8.65,17.3,0,0,1,0,Year 2009-2010
2513,489601,2009-12-01 14:44:00,2009-12-01,2009-12,20091201,84872A,,United Kingdom,1,11.26,11.26,0,0,1,0,Year 2009-2010
2514,489601,2009-12-01 14:44:00,2009-12-01,2009-12,20091201,84873A,,United Kingdom,1,11.26,11.26,0,0,1,0,Year 2009-2010
2515,489601,2009-12-01 14:44:00,2009-12-01,2009-12,20091201,85114B,,United Kingdom,6,3.43,20.580000000000002,0,0,1,1,Year 2009-2010
2516,489601,2009-12-01 14:44:00,2009-12-01,2009-12,20091201,DOT,,United Kingdom,1,68.39,68.39,0,0,1,1,Year 2009-2010
2517,489601,2009-12-01 14:44:00,2009-12-01,2009-12,20091201,18096C,,United Kingdom,1,5.17,5.17,0,0,1,0,Year 2009-2010
2518,489601,2009-12-01 14:44:00,2009-12-01,2009-12,20091201,20615,,United Kingdom,2,4.3,8.6,0,0,1,0,Year 2009-2010
2519,489601,2009-12-01 14:44:00,2009-12-01,2009-12,20091201,21108,,United Kingdom,1,5.17,5.17,0,0,1,0,Year 2009-2010
2520,489601,2009-12-01 14:44:00,2009-12-01,2009-12,20091201,21192,,United Kingdom,1,3.43,3.43,0,0,1,0,Year 2009-2010
2521,489601,2009-12-01 14:44:00,2009-12-01,2009-12,20091201,21491,,United Kingdom,1,4.3,4.3,0,0,1,0,Year 2009-2010
2522,489601,2009-12-01 14:44:00,2009-12-01,2009-12,20091201,21865,,United Kingdom,1,4.3,4.3,0,0,1,0,Year 2009-2010
2523,489601,2009-12-01 14:44:00,2009-12-01,2009-12,20091201,21876,,United Kingdom,1,3.43,3.43,0,0,1,0,Year 2009-2010
2524,489601,2009-12-01 14:44:00,2009-12-01,2009-12,20091201,21893,,United Kingdom,1,8.65,8.65,0,0,1,0,Year 2009-2010
2525,489601,2009-12-01 14:44:00,2009-12-01,2009-12,20091201,21955,,United Kingdom,2,13.87,27.74,0,0,1,0,Year 2009-2010
2526,489601,2009-12-01 14:44:00,2009-12-01,2009-12,20091201,22065,,United Kingdom,1,3.43,3.43,0,0,1,0,Year 2009-2010
2527,489601,2009-12-01 14:44:00,2009-12-01,2009-12,20091201,22069,,United Kingdom,1,3.43,3.43,0,0,1,0,Year 2009-2010
2528,489601,2009-12-01 14:44:00,2009-12-01,2009-12,20091201,22086,,United Kingdom,2,6.04,12.08,0,0,1,0,Year 2009-2010
2529,489601,2009-12-01 14:44:00,2009-12-01,2009-12,20091201,22114,,United Kingdom,1,8.65,8.65,0,0,1,0,Year 2009-2010
2530,489601,2009-12-01 14:44:00,2009-12-01,2009-12,20091201,22141,,United Kingdom,1,4.3,4.3,0,0,1,0,Year 2009-2010
2531,489602,2009-12-01 14:45:00,2009-12-01,2009-12,20091201,84797A,,United Kingdom,1,11.26,11.26,0,0,1,0,Year 2009-2010
2532,489602,2009-12-01 14:45:00,2009-12-01,2009-12,20091201,84854,,United Kingdom,2,8.65,17.3,0,0,1,0,Year 2009-2010
2533,489602,2009-12-01 14:45:00,2009-12-01,2009-12,20091201,85014B,,United Kingdom,1,13.0,13.0,0,0,1,1,Year 2009-2010
2534,489602,2009-12-01 14:45:00,2009-12-01,2009-12,20091201,85132A,,United Kingdom,1,21.7,21.7,0,0,1,0,Year 2009-2010
2535,489602,2009-12-01 14:45:00,2009-12-01,2009-12,20091201,85174,,United Kingdom,1,11.26,11.26,0,0,1,0,Year 2009-2010
2536,489602,2009-12-01 14:45:00,2009-12-01,2009-12,20091201,DOT,,United Kingdom,1,59.35,59.35,0,0,1,1,Year 2009-2010
2537,489602,2009-12-01 14:45:00,2009-12-01,2009-12,20091201,18098C,,United Kingdom,1,5.17,5.17,0,0,1,0,Year 2009-2010
2538,489602,2009-12-01 14:45:00,2009-12-01,2009-12,20091201,20661,,United Kingdom,1,6.04,6.04,0,0,1,0,Year 2009-2010
2539,489602,2009-12-01 14:45:00,2009-12-01,2009-12,20091201,21041,,United Kingdom,1,6.04,6.04,0,0,1,0,Year 2009-2010
2540,489602,2009-12-01 14:45:00,2009-12-01,2009-12,20091201,21258,,United Kingdom,3,26.04,78.12,0,0,1,0,Year 2009-2010
2541,489602,2009-12-01 14:45:00,2009-12-01,2009-12,20091201,48173C,,United Kingdom,2,13.87,27.74,0,0,1,0,Year 2009-2010
2542,489602,2009-12-01 14:45:00,2009-12-01,2009-12,20091201,72807C,,United Kingdom,1,8.65,8.65,0,0,1,0,Year 2009-2010
2543,489602,2009-12-01 14:45:00,2009-12-01,2009-12,20091201,79070B,,United Kingdom,1,11.26,11.26,0,0,1,1,Year 2009-2010
2544,489602,2009-12-01 14:45:00,2009-12-01,2009-12,20091201,84030C,,United Kingdom,2,7.78,15.56,0,0,1,0,Year 2009-2010
2545,489602,2009-12-01 14:45:00,2009-12-01,2009-12,20091201,84031B,,United Kingdom,1,9.52,9.52,0,0,1,1,Year 2009-2010
2546,489602,2009-12-01 14:45:00,2009-12-01,2009-12,20091201,84347,,United Kingdom,1,5.17,5.17,0,0,1,0,Year 2009-2010
2547,489602,2009-12-01 14:45:00,2009-12-01,2009-12,20091201,84558A,,United Kingdom,1,6.04,6.04,0,0,1,0,Year 2009-2010
2548,489602,2009-12-01 14:45:00,2009-12-01,2009-12,20091201,21410,,United Kingdom,1,8.65,8.65,0,0,1,0,Year 2009-2010
2549,489602,2009-12-01 14:45:00,2009-12-01,2009-12,20091201,21467,,United Kingdom,1,7.78,7.78,0,0,1,0,Year 2009-2010
2550,489602,2009-12-01 14:45:00,2009-12-01,2009-12,20091201,21478,,United Kingdom,1,7.78,7.78,0,0,1,0,Year 2009-2010
2551,489602,2009-12-01 14:45:00,2009-12-01,2009-12,20091201,21539,,United Kingdom,1,10.39,10.39,0,0,1,0,Year 2009-2010
2552,489602,2009-12-01 14:45:00,2009-12-01,2009-12,20091201,21558,,United Kingdom,1,5.17,5.17,0,0,1,0,Year 2009-2010
2553,489602,2009-12-01 14:45:00,2009-12-01,2009-12,20091201,21865,,United Kingdom,1,4.3,4.3,0,0,1,0,Year 2009-2010
2554,489602,2009-12-01 14:45:00,2009-12-01,2009-12,20091201,21888,,United Kingdom,2,7.78,15.56,0,0,1,0,Year 2009-2010
2555,489602,2009-12-01 14:45:00,2009-12-01,2009-12,20091201,22058,,United Kingdom,1,3.43,3.43,0,0,1,0,Year 2009-2010
2556,489602,2009-12-01 14:45:00,2009-12-01,2009-12,20091201,22064,,United Kingdom,1,3.43,3.43,0,0,1,0,Year 2009-2010
2557,489602,2009-12-01 14:45:00,2009-12-01,2009-12,20091201,22065,,United Kingdom,2,3.43,6.86,0,0,1,0,Year 2009-2010
2558,489602,2009-12-01 14:45:00,2009-12-01,2009-12,20091201,22086,,United Kingdom,3,6.04,18.12,0,0,1,0,Year 2009-2010
2559,489602,2009-12-01 14:45:00,2009-12-01,2009-12,20091201,22144,,United Kingdom,1,4.3,4.3,0,0,1,0,Year 2009-2010
2560,489602,2009-12-01 14:45:00,2009-12-01,2009-12,20091201,22149,,United Kingdom,1,4.3,4.3,0,0,1,0,Year 2009-2010
2561,489602,2009-12-01 14:45:00,2009-12-01,2009-12,20091201,22308,,United Kingdom,1,5.17,5.17,0,0,1,0,Year 2009-2010
2562,489602,2009-12-01 14:45:00,2009-12-01,2009-12,20091201,35400,,United Kingdom,1,17.35,17.35,0,0,1,0,Year 2009-2010
2563,489602,2009-12-01 14:45:00,2009-12-01,2009-12,20091201,47518F,,United Kingdom,1,4.3,4.3,0,0,1,0,Year 2009-2010
2564,489603,2009-12-01 14:46:00,2009-12-01,2009-12,20091201,20804,,United Kingdom,1,3.43,3.43,0,0,1,0,Year 2009-2010
2565,489603,2009-12-01 14:46:00,2009-12-01,2009-12,20091201,21004,,United Kingdom,1,8.65,8.65,0,0,1,0,Year 2009-2010
2566,489603,2009-12-01 14:46:00,2009-12-01,2009-12,20091201,21116,,United Kingdom,1,8.65,8.65,0,0,1,0,Year 2009-2010
2567,489603,2009-12-01 14:46:00,2009-12-01,2009-12,20091201,21258,,United Kingdom,1,26.04,26.04,0,0,1,0,Year 2009-2010
2568,489603,2009-12-01 14:46:00,2009-12-01,2009-12,20091201,21330,,United Kingdom,1,3.43,3.43,0,0,1,0,Year 2009-2010
2569,489603,2009-12-01 14:46:00,2009-12-01,2009-12,20091201,21360,,United Kingdom,1,21.7,21.7,0,0,1,0,Year 2009-2010
2570,489603,2009-12-01 14:46:00,2009-12-01,2009-12,20091201,21430,,United Kingdom,2,7.78,15.56,0,0,1,0,Year 2009-2010
2571,489603,2009-12-01 14:46:00,2009-12-01,2009-12,20091201,21870,,United Kingdom,1,3.43,3.43,0,0,1,0,Year 2009-2010
2572,489603,2009-12-01 14:46:00,2009-12-01,2009-12,20091201,22077,,United Kingdom,2,3.43,6.86,0,0,1,0,Year 2009-2010
2573,489603,2009-12-01 14:46:00,2009-12-01,2009-12,20091201,22114,,United Kingdom,1,8.65,8.65,0,0,1,0,Year 2009-2010
2574,489603,2009-12-01 14:46:00,2009-12-01,2009-12,20091201,22144,,United Kingdom,1,4.3,4.3,0,0,1,0,Year 2009-2010
2575,489603,2009-12-01 14:46:00,2009-12-01,2009-12,20091201,22149,,United Kingdom,1,4.3,4.3,0,0,1,0,Year 2009-2010
2576,489603,2009-12-01 14:46:00,2009-12-01,2009-12,20091201,22174,,United Kingdom,1,3.43,3.43,0,0,1,0,Year 2009-2010
2577,489603,2009-12-01 14:46:00,2009-12-01,2009-12,20091201,22273,,United Kingdom,1,6.04,6.04,0,0,1,0,Year 2009-2010
2578,489603,2009-12-01 14:46:00,2009-12-01,2009-12,20091201,35400,,United Kingdom,4,17.35,69.4,0,0,1,0,Year 2009-2010
2579,489603,2009-12-01 14:46:00,2009-12-01,2009-12,20091201,37370,,United Kingdom,1,16.48,16.48,0,0,1,0,Year 2009-2010
2580,489603,2009-12-01 14:46:00,2009-12-01,2009-12,20091201,72807C,,United Kingdom,3,8.65,25.950000000000003,0,0,1,0,Year 2009-2010
2581,489603,2009-12-01 14:46:00,2009-12-01,2009-12,20091201,84030C,,United Kingdom,2,7.78,15.56,0,0,1,0,Year 2009-2010
2582,489603,2009-12-01 14:46:00,2009-12-01,2009-12,20091201,84558A,,United Kingdom,1,6.04,6.04,0,0,1,0,Year 2009-2010
2583,489603,2009-12-01 14:46:00,2009-12-01,2009-12,20091201,85174,,United Kingdom,1,11.26,11.26,0,0,1,0,Year 2009-2010
2584,489603,2009-12-01 14:46:00,2009-12-01,2009-12,20091201,DOT,,United Kingdom,1,42.39,42.39,0,0,1,1,Year 2009-2010
2585,489604,2009-12-01 14:47:00,2009-12-01,2009-12,20091201,15056BL,,United Kingdom,1,13.0,13.0,0,0,1,0,Year 2009-2010
2586,489604,2009-12-01 14:47:00,2009-12-01,2009-12,20091201,20804,,United Kingdom,1,3.43,3.43,0,0,1,0,Year 2009-2010
2587,489604,2009-12-01 14:47:00,2009-12-01,2009-12,20091201,21153,,United Kingdom,1,21.7,21.7,0,0,1,0,Year 2009-2010
2588,489604,2009-12-01 14:47:00,2009-12-01,2009-12,20091201,21186,,United Kingdom,1,3.43,3.43,0,0,1,0,Year 2009-2010
2589,489604,2009-12-01 14:47:00,2009-12-01,2009-12,20091201,21189,,United Kingdom,1,3.43,3.43,0,0,1,0,Year 2009-2010
2590,489604,2009-12-01 14:47:00,2009-12-01,2009-12,20091201,21307,,United Kingdom,2,3.43,6.86,0,0,1,0,Year 2009-2010
2591,489604,2009-12-01 14:47:00,2009-12-01,2009-12,20091201,21328,,United Kingdom,2,3.43,6.86,0,0,1,0,Year 2009-2010
2592,489604,2009-12-01 14:47:00,2009-12-01,2009-12,20091201,21329,,United Kingdom,1,3.43,3.43,0,0,1,0,Year 2009-2010
2593,489604,2009-12-01 14:47:00,2009-12-01,2009-12,20091201,21330,,United Kingdom,2,3.43,6.86,0,0,1,0,Year 2009-2010
2594,489604,2009-12-01 14:47:00,2009-12-01,2009-12,20091201,21478,,United Kingdom,2,7.78,15.56,0,0,1,0,Year 2009-2010
2595,489604,2009-12-01 14:47:00,2009-12-01,2009-12,20091201,21482,,United Kingdom,2,6.04,12.08,0,0,1,0,Year 2009-2010
2596,489604,2009-12-01 14:47:00,2009-12-01,2009-12,20091201,21490,,United Kingdom,1,4.3,4.3,0,0,1,0,Year 2009-2010
2597,489604,2009-12-01 14:47:00,2009-12-01,2009-12,20091201,21533,,United Kingdom,1,10.39,10.39,0,0,1,0,Year 2009-2010
2598,489604,2009-12-01 14:47:00,2009-12-01,2009-12,20091201,21539,,United Kingdom,3,10.39,31.17,0,0,1,0,Year 2009-2010
2599,489604,2009-12-01 14:47:00,2009-12-01,2009-12,20091201,21833,,United Kingdom,1,3.43,3.43,0,0,1,0,Year 2009-2010
2600,489604,2009-12-01 14:47:00,2009-12-01,2009-12,20091201,22086,,United Kingdom,2,6.04,12.08,0,0,1,0,Year 2009-2010
2601,489604,2009-12-01 14:47:00,2009-12-01,2009-12,20091201,22144,,United Kingdom,1,4.3,4.3,0,0,1,0,Year 2009-2010
2602,489604,2009-12-01 14:47:00,2009-12-01,2009-12,20091201,22149,,United Kingdom,3,4.3,12.899999999999999,0,0,1,0,Year 2009-2010
2603,489604,2009-12-01 14:47:00,2009-12-01,2009-12,20091201,22208,,United Kingdom,1,3.43,3.43,0,0,1,0,Year 2009-2010
2604,489604,2009-12-01 14:47:00,2009-12-01,2009-12,20091201,35004C,,United Kingdom,1,13.0,13.0,0,0,1,0,Year 2009-2010
2605,489604,2009-12-01 14:47:00,2009-12-01,2009-12,20091201,35400,,United Kingdom,6,17.35,104.10000000000001,0,0,1,0,Year 2009-2010
2606,489604,2009-12-01 14:47:00,2009-12-01,2009-12,20091201,72807C,,United Kingdom,1,8.65,8.65,0,0,1,0,Year 2009-2010
2607,489604,2009-12-01 14:47:00,2009-12-01,2009-12,20091201,79072,,United Kingdom,1,17.35,17.35,0,0,1,0,Year 2009-2010
2608,489604,2009-12-01 14:47:00,2009-12-01,2009-12,20091201,84797B,,United Kingdom,1,11.26,11.26,0,0,1,1,Year 2009-2010
2609,489604,2009-12-01 14:47:00,2009-12-01,2009-12,20091201,DOT,,United Kingdom,1,50.87,50.87,0,0,1,1,Year 2009-2010
2610,C489605,2009-12-01 14:47:00,2009-12-01,2009-12,20091201,21257,14558,United Kingdom,-2,7.95,-15.9,1,1,0,0,Year 2009-2010
2611,489606,2009-12-01 14:48:00,2009-12-01,2009-12,20091201,20753,17961,United Kingdom,1,2.1,2.1,0,0,0,0,Year 2009-2010
2612,489608,2009-12-01 14:49:00,2009-12-01,2009-12,20091201,85099C,,United Kingdom,5,1.95,9.75,0,0,1,0,Year 2009-2010
2613,489607,2009-12-01 14:49:00,2009-12-01,2009-12,20091201,17181,,United Kingdom,1,5.17,5.17,0,0,1,0,Year 2009-2010
2614,489607,2009-12-01 14:49:00,2009-12-01,2009-12,20091201,18096C,,United Kingdom,1,5.17,5.17,0,0,1,0,Year 2009-2010
2615,489607,2009-12-01 14:49:00,2009-12-01,2009-12,20091201,18098C,,United Kingdom,4,5.17,20.68,0,0,1,0,Year 2009-2010
2616,489607,2009-12-01 14:49:00,2009-12-01,2009-12,20091201,21328,,United Kingdom,2,3.43,6.86,0,0,1,0,Year 2009-2010
2617,489607,2009-12-01 14:49:00,2009-12-01,2009-12,20091201,21330,,United Kingdom,1,3.43,3.43,0,0,1,0,Year 2009-2010
2618,489607,2009-12-01 14:49:00,2009-12-01,2009-12,20091201,21410,,United Kingdom,1,8.65,8.65,0,0,1,0,Year 2009-2010
2619,489607,2009-12-01 14:49:00,2009-12-01,2009-12,20091201,21428,,United Kingdom,1,8.65,8.65,0,0,1,0,Year 2009-2010
2620,489607,2009-12-01 14:49:00,2009-12-01,2009-12,20091201,21467,,United Kingdom,1,7.78,7.78,0,0,1,0,Year 2009-2010
2621,489607,2009-12-01 14:49:00,2009-12-01,2009-12,20091201,21472,,United Kingdom,1,7.78,7.78,0,0,1,0,Year 2009-2010
2622,489607,2009-12-01 14:49:00,2009-12-01,2009-12,20091201,21478,,United Kingdom,1,7.78,7.78,0,0,1,0,Year 2009-2010
2623,489607,2009-12-01 14:49:00,2009-12-01,2009-12,20091201,21479,,United Kingdom,1,7.78,7.78,0,0,1,0,Year 2009-2010
2624,489607,2009-12-01 14:49:00,2009-12-01,2009-12,20091201,21531,,United Kingdom,1,5.17,5.17,0,0,1,0,Year 2009-2010
2625,489607,2009-12-01 14:49:00,2009-12-01,2009-12,20091201,21533,,United Kingdom,1,10.39,10.39,0,0,1,0,Year 2009-2010
2626,489607,2009-12-01 14:49:00,2009-12-01,2009-12,20091201,21535,,United Kingdom,2,5.17,10.34,0,0,1,0,Year 2009-2010
2627,489607,2009-12-01 14:49:00,2009-12-01,2009-12,20091201,21539,,United Kingdom,2,10.39,20.78,0,0,1,0,Year 2009-2010
2628,489607,2009-12-01 14:49:00,2009-12-01,2009-12,20091201,21558,,United Kingdom,1,5.17,5.17,0,0,1,0,Year 2009-2010
2629,489607,2009-12-01 14:49:00,2009-12-01,2009-12,20091201,21596,,United Kingdom,1,4.3,4.3,0,0,1,0,Year 2009-2010
2630,489607,2009-12-01 14:49:00,2009-12-01,2009-12,20091201,21624,,United Kingdom,1,12.13,12.13,0,0,1,0,Year 2009-2010
2631,489607,2009-12-01 14:49:00,2009-12-01,2009-12,20091201,21658,,United Kingdom,1,8.65,8.65,0,0,1,0,Year 2009-2010
2632,489607,2009-12-01 14:49:00,2009-12-01,2009-12,20091201,21865,,United Kingdom,1,4.3,4.3,0,0,1,0,Year 2009-2010
2633,489607,2009-12-01 14:49:00,2009-12-01,2009-12,20091201,21888,,United Kingdom,2,7.78,15.56,0,0,1,0,Year 2009-2010
2634,489607,2009-12-01 14:49:00,2009-12-01,2009-12,20091201,21893,,United Kingdom,1,8.65,8.65,0,0,1,0,Year 2009-2010
2635,489607,2009-12-01 14:49:00,2009-12-01,2009-12,20091201,22055,,United Kingdom,2,3.43,6.86,0,0,1,0,Year 2009-2010
2636,489607,2009-12-01 14:49:00,2009-12-01,2009-12,20091201,22077,,United Kingdom,1,3.43,3.43,0,0,1,0,Year 2009-2010
2637,489607,2009-12-01 14:49:00,2009-12-01,2009-12,20091201,22086,,United Kingdom,3,6.04,18.12,0,0,1,0,Year 2009-2010
2638,489607,2009-12-01 14:49:00,2009-12-01,2009-12,20091201,22144,,United Kingdom,2,4.3,8.6,0,0,1,0,Year 2009-2010
2639,489607,2009-12-01 14:49:00,2009-12-01,2009-12,20091201,22147,,United Kingdom,1,3.43,3.43,0,0,1,0,Year 2009-2010
2640,489607,2009-12-01 14:49:00,2009-12-01,2009-12,20091201,22311,,United Kingdom,2,8.65,17.3,0,0,1,0,Year 2009-2010
2641,489607,2009-12-01 14:49:00,2009-12-01,2009-12,20091201,22320,,United Kingdom,1,12.13,12.13,0,0,1,0,Year 2009-2010
2642,489607,2009-12-01 14:49:00,2009-12-01,2009-12,20091201,35400,,United Kingdom,1,17.35,17.35,0,0,1,0,Year 2009-2010
2643,489607,2009-12-01 14:49:00,2009-12-01,2009-12,20091201,35965,,United Kingdom,1,6.04,6.04,0,0,1,0,Year 2009-2010
2644,489607,2009-12-01 14:49:00,2009-12-01,2009-12,20091201,37503,,United Kingdom,1,21.7,21.7,0,0,1,0,Year 2009-2010
2645,489607,2009-12-01 14:49:00,2009-12-01,2009-12,20091201,84030C,,United Kingdom,2,7.78,15.56,0,0,1,0,Year 2009-2010
2646,489607,2009-12-01 14:49:00,2009-12-01,2009-12,20091201,84347,,United Kingdom,1,5.17,5.17,0,0,1,0,Year 2009-2010
2647,489607,2009-12-01 14:49:00,2009-12-01,2009-12,20091201,84519B,,United Kingdom,1,6.04,6.04,0,0,1,1,Year 2009-2010
2648,489607,2009-12-01 14:49:00,2009-12-01,2009-12,20091201,84872A,,United Kingdom,1,11.26,11.26,0,0,1,0,Year 2009-2010
2649,489607,2009-12-01 14:49:00,2009-12-01,2009-12,20091201,84873A,,United Kingdom,1,11.26,11.26,0,0,1,0,Year 2009-2010
2650,489607,2009-12-01 14:49:00,2009-12-01,2009-12,20091201,85174,,United Kingdom,1,11.26,11.26,0,0,1,0,Year 2009-2010
2651,489607,2009-12-01 14:49:00,2009-12-01,2009-12,20091201,DOT,,United Kingdom,1,76.3,76.3,0,0,1,1,Year 2009-2010
2652,489609,2009-12-01 14:50:00,2009-12-01,2009-12,20091201,79072,,United Kingdom,1,17.35,17.35,0,0,1,0,Year 2009-2010
2653,489609,2009-12-01 14:50:00,2009-12-01,2009-12,20091201,84029G,,United Kingdom,1,7.78,7.78,0,0,1,0,Year 2009-2010
2654,489609,2009-12-01 14:50:00,2009-12-01,2009-12,20091201,84347,,United Kingdom,2,5.17,10.34,0,0,1,0,Year 2009-2010
2655,489609,2009-12-01 14:50:00,2009-12-01,2009-12,20091201,84796B,,United Kingdom,1,8.65,8.65,0,0,1,1,Year 2009-2010
2656,489609,2009-12-01 14:50:00,2009-12-01,2009-12,20091201,84873A,,United Kingdom,1,11.26,11.26,0,0,1,0,Year 2009-2010
2657,489609,2009-12-01 14:50:00,2009-12-01,2009-12,20091201,85040A,,United Kingdom,1,3.43,3.43,0,0,1,0,Year 2009-2010
2658,489609,2009-12-01 14:50:00,2009-12-01,2009-12,20091201,85048,,United Kingdom,2,17.35,34.7,0,0,1,0,Year 2009-2010
2659,489609,2009-12-01 14:50:00,2009-12-01,2009-12,20091201,85127,,United Kingdom,2,10.39,20.78,0,0,1,0,Year 2009-2010
2660,489609,2009-12-01 14:50:00,2009-12-01,2009-12,20091201,85164B,,United Kingdom,1,26.04,26.04,0,0,1,1,Year 2009-2010
2661,489609,2009-12-01 14:50:00,2009-12-01,2009-12,20091201,85174,,United Kingdom,1,11.26,11.26,0,0,1,0,Year 2009-2010
2662,489609,2009-12-01 14:50:00,2009-12-01,2009-12,20091201,M,,United Kingdom,1,4.0,4.0,0,0,1,1,Year 2009-2010
2663,489609,2009-12-01 14:50:00,2009-12-01,2009-12,20091201,DOT,,United Kingdom,1,74.61,74.61,0,0,1,1,Year 2009-2010
2664,489609,2009-12-01 14:50:00,2009-12-01,2009-12,20091201,18098C,,United Kingdom,2,5.17,10.34,0,0,1,0,Year 2009-2010
2665,489609,2009-12-01 14:50:00,2009-12-01,2009-12,20091201,20615,,United Kingdom,1,4.3,4.3,0,0,1,0,Year 2009-2010
2666,489609,2009-12-01 14:50:00,2009-12-01,2009-12,20091201,20804,,United Kingdom,1,3.43,3.43,0,0,1,0,Year 2009-2010
2667,489609,2009-12-01 14:50:00,2009-12-01,2009-12,20091201,21041,,United Kingdom,1,6.04,6.04,0,0,1,0,Year 2009-2010
2668,489609,2009-12-01 14:50:00,2009-12-01,2009-12,20091201,21116,,United Kingdom,2,8.65,17.3,0,0,1,0,Year 2009-2010
2669,489609,2009-12-01 14:50:00,2009-12-01,2009-12,20091201,21186,,United Kingdom,1,3.43,3.43,0,0,1,0,Year 2009-2010
2670,489609,2009-12-01 14:50:00,2009-12-01,2009-12,20091201,21247,,United Kingdom,1,3.43,3.43,0,0,1,0,Year 2009-2010
2671,489609,2009-12-01 14:50:00,2009-12-01,2009-12,20091201,21328,,United Kingdom,1,3.43,3.43,0,0,1,0,Year 2009-2010
2672,489609,2009-12-01 14:50:00,2009-12-01,2009-12,20091201,21349,,United Kingdom,1,13.87,13.87,0,0,1,0,Year 2009-2010
2673,489609,2009-12-01 14:50:00,2009-12-01,2009-12,20091201,21430,,United Kingdom,2,7.78,15.56,0,0,1,0,Year 2009-2010
2674,489609,2009-12-01 14:50:00,2009-12-01,2009-12,20091201,21533,,United Kingdom,1,10.39,10.39,0,0,1,0,Year 2009-2010
2675,489609,2009-12-01 14:50:00,2009-12-01,2009-12,20091201,21596,,United Kingdom,1,4.3,4.3,0,0,1,0,Year 2009-2010
2676,489609,2009-12-01 14:50:00,2009-12-01,2009-12,20091201,21871,,United Kingdom,1,3.43,3.43,0,0,1,0,Year 2009-2010
2677,489609,2009-12-01 14:50:00,2009-12-01,2009-12,20091201,21888,,United Kingdom,3,7.78,23.34,0,0,1,0,Year 2009-2010
2678,489609,2009-12-01 14:50:00,2009-12-01,2009-12,20091201,21912,,United Kingdom,1,7.78,7.78,0,0,1,0,Year 2009-2010
2679,489609,2009-12-01 14:50:00,2009-12-01,2009-12,20091201,21914,,United Kingdom,1,6.04,6.04,0,0,1,0,Year 2009-2010
2680,489609,2009-12-01 14:50:00,2009-12-01,2009-12,20091201,21955,,United Kingdom,1,13.87,13.87,0,0,1,0,Year 2009-2010
2681,489609,2009-12-01 14:50:00,2009-12-01,2009-12,20091201,22077,,United Kingdom,1,3.43,3.43,0,0,1,0,Year 2009-2010
2682,489609,2009-12-01 14:50:00,2009-12-01,2009-12,20091201,22086,,United Kingdom,3,6.04,18.12,0,0,1,0,Year 2009-2010
2683,489609,2009-12-01 14:50:00,2009-12-01,2009-12,20091201,22144,,United Kingdom,1,4.3,4.3,0,0,1,0,Year 2009-2010
2684,489609,2009-12-01 14:50:00,2009-12-01,2009-12,20091201,22166,,United Kingdom,1,16.48,16.48,0,0,1,0,Year 2009-2010
2685,489609,2009-12-01 14:50:00,2009-12-01,2009-12,20091201,35400,,United Kingdom,5,17.35,86.75,0,0,1,0,Year 2009-2010
2686,489609,2009-12-01 14:50:00,2009-12-01,2009-12,20091201,37340,,United Kingdom,1,8.65,8.65,0,0,1,0,Year 2009-2010
2687,489609,2009-12-01 14:50:00,2009-12-01,2009-12,20091201,37503,,United Kingdom,1,21.7,21.7,0,0,1,0,Year 2009-2010
2688,489609,2009-12-01 14:50:00,2009-12-01,2009-12,20091201,48185,,United Kingdom,1,13.87,13.87,0,0,1,0,Year 2009-2010
2689,C489610,2009-12-01 14:52:00,2009-12-01,2009-12,20091201,21364,17485,United Kingdom,-1,6.75,-6.75,1,1,0,0,Year 2009-2010
2690,C489610,2009-12-01 14:52:00,2009-12-01,2009-12,20091201,22164,17485,United Kingdom,-1,2.95,-2.95,1,1,0,0,Year 2009-2010
2691,C489610,2009-12-01 14:52:00,2009-12-01,2009-12,20091201,21892,17485,United Kingdom,-3,1.25,-3.75,1,1,0,0,Year 2009-2010
2692,C489610,2009-12-01 14:52:00,2009-12-01,2009-12,20091201,20682,17485,United Kingdom,-1,3.25,-3.25,1,1,0,0,Year 2009-2010
2693,C489610,2009-12-01 14:52:00,2009-12-01,2009-12,20091201,85123A,17485,United Kingdom,-1,2.95,-2.95,1,1,0,0,Year 2009-2010
2694,C489610,2009-12-01 14:52:00,2009-12-01,2009-12,20091201,22138,17485,United Kingdom,-2,4.95,-9.9,1,1,0,0,Year 2009-2010
2695,489611,2009-12-01 14:53:00,2009-12-01,2009-12,20091201,21549,15601,United Kingdom,1,2.95,2.95,0,0,0,0,Year 2009-2010
2696,489612,2009-12-01 14:55:00,2009-12-01,2009-12,20091201,18098C,,United Kingdom,1,5.17,5.17,0,0,1,0,Year 2009-2010
2697,489612,2009-12-01 14:55:00,2009-12-01,2009-12,20091201,20886,,United Kingdom,1,4.3,4.3,0,0,1,0,Year 2009-2010
2698,489612,2009-12-01 14:55:00,2009-12-01,2009-12,20091201,21116,,United Kingdom,2,8.65,17.3,0,0,1,0,Year 2009-2010
2699,489612,2009-12-01 14:55:00,2009-12-01,2009-12,20091201,21185,,United Kingdom,1,13.0,13.0,0,0,1,0,Year 2009-2010
2700,489612,2009-12-01 14:55:00,2009-12-01,2009-12,20091201,21186,,United Kingdom,2,3.43,6.86,0,0,1,0,Year 2009-2010
2701,489612,2009-12-01 14:55:00,2009-12-01,2009-12,20091201,21189,,United Kingdom,2,3.43,6.86,0,0,1,0,Year 2009-2010
2702,489612,2009-12-01 14:55:00,2009-12-01,2009-12,20091201,21200,,United Kingdom,2,3.43,6.86,0,0,1,0,Year 2009-2010
2703,489612,2009-12-01 14:55:00,2009-12-01,2009-12,20091201,21201,,United Kingdom,2,5.17,10.34,0,0,1,0,Year 2009-2010
2704,489612,2009-12-01 14:55:00,2009-12-01,2009-12,20091201,21216,,United Kingdom,1,11.26,11.26,0,0,1,0,Year 2009-2010
2705,489612,2009-12-01 14:55:00,2009-12-01,2009-12,20091201,21218,,United Kingdom,1,8.65,8.65,0,0,1,0,Year 2009-2010
2706,489612,2009-12-01 14:55:00,2009-12-01,2009-12,20091201,21252,,United Kingdom,1,6.04,6.04,0,0,1,0,Year 2009-2010
2707,489612,2009-12-01 14:55:00,2009-12-01,2009-12,20091201,21257,,United Kingdom,1,16.48,16.48,0,0,1,0,Year 2009-2010
2708,489612,2009-12-01 14:55:00,2009-12-01,2009-12,20091201,21307,,United Kingdom,1,3.43,3.43,0,0,1,0,Year 2009-2010
2709,489612,2009-12-01 14:55:00,2009-12-01,2009-12,20091201,21330,,United Kingdom,1,3.43,3.43,0,0,1,0,Year 2009-2010
2710,489612,2009-12-01 14:55:00,2009-12-01,2009-12,20091201,21419,,United Kingdom,1,7.78,7.78,0,0,1,0,Year 2009-2010
2711,489612,2009-12-01 14:55:00,2009-12-01,2009-12,20091201,21478,,United Kingdom,1,7.78,7.78,0,0,1,0,Year 2009-2010
2712,489612,2009-12-01 14:55:00,2009-12-01,2009-12,20091201,21489,,United Kingdom,1,8.65,8.65,0,0,1,0,Year 2009-2010
2713,489612,2009-12-01 14:55:00,2009-12-01,2009-12,20091201,21490,,United Kingdom,1,4.3,4.3,0,0,1,0,Year 2009-2010
2714,489612,2009-12-01 14:55:00,2009-12-01,2009-12,20091201,21955,,United Kingdom,1,13.87,13.87,0,0,1,0,Year 2009-2010
2715,489612,2009-12-01 14:55:00,2009-12-01,2009-12,20091201,22077,,United Kingdom,1,3.43,3.43,0,0,1,0,Year 2009-2010
2716,489612,2009-12-01 14:55:00,2009-12-01,2009-12,20091201,22083,,United Kingdom,2,6.04,12.08,0,0,1,0,Year 2009-2010
2717,489612,2009-12-01 14:55:00,2009-12-01,2009-12,20091201,22086,,United Kingdom,6,6.04,36.24,0,0,1,0,Year 2009-2010
2718,489612,2009-12-01 14:55:00,2009-12-01,2009-12,20091201,22136,,United Kingdom,1,3.43,3.43,0,0,1,0,Year 2009-2010
2719,489612,2009-12-01 14:55:00,2009-12-01,2009-12,20091201,22144,,United Kingdom,2,4.3,8.6,0,0,1,0,Year 2009-2010
2720,489612,2009-12-01 14:55:00,2009-12-01,2009-12,20091201,22174,,United Kingdom,1,3.43,3.43,0,0,1,0,Year 2009-2010
2721,489612,2009-12-01 14:55:00,2009-12-01,2009-12,20091201,22189,,United Kingdom,2,8.65,17.3,0,0,1,0,Year 2009-2010
2722,489612,2009-12-01 14:55:00,2009-12-01,2009-12,20091201,22195,,United Kingdom,1,3.43,3.43,0,0,1,0,Year 2009-2010
2723,489612,2009-12-01 14:55:00,2009-12-01,2009-12,20091201,22311,,United Kingdom,1,8.65,8.65,0,0,1,0,Year 2009-2010
2724,489612,2009-12-01 14:55:00,2009-12-01,2009-12,20091201,35400,,United Kingdom,10,17.35,173.5,0,0,1,0,Year 2009-2010
2725,489612,2009-12-01 14:55:00,2009-12-01,2009-12,20091201,37370,,United Kingdom,1,16.48,16.48,0,0,1,0,Year 2009-2010
2726,489612,2009-12-01 14:55:00,2009-12-01,2009-12,20091201,48185,,United Kingdom,1,13.87,13.87,0,0,1,0,Year 2009-2010
2727,489612,2009-12-01 14:55:00,2009-12-01,2009-12,20091201,79072,,United Kingdom,1,17.35,17.35,0,0,1,0,Year 2009-2010
2728,489612,2009-12-01 14:55:00,2009-12-01,2009-12,20091201,84030C,,United Kingdom,1,7.78,7.78,0,0,1,0,Year 2009-2010
2729,489612,2009-12-01 14:55:00,2009-12-01,2009-12,20091201,84032B,,United Kingdom,1,6.04,6.04,0,0,1,1,Year 2009-2010
2730,489612,2009-12-01 14:55:00,2009-12-01,2009-12,20091201,84347,,United Kingdom,1,5.17,5.17,0,0,1,0,Year 2009-2010
2731,489612,2009-12-01 14:55:00,2009-12-01,2009-12,20091201,84519B,,United Kingdom,1,6.04,6.04,0,0,1,1,Year 2009-2010
2732,489612,2009-12-01 14:55:00,2009-12-01,2009-12,20091201,84705B,,United Kingdom,1,3.43,3.43,0,0,1,1,Year 2009-2010
2733,489612,2009-12-01 14:55:00,2009-12-01,2009-12,20091201,84767,,United Kingdom,1,11.26,11.26,0,0,1,0,Year 2009-2010
2734,489612,2009-12-01 14:55:00,2009-12-01,2009-12,20091201,84872A,,United Kingdom,1,11.26,11.26,0,0,1,0,Year 2009-2010
2735,489612,2009-12-01 14:55:00,2009-12-01,2009-12,20091201,85042,,United Kingdom,1,11.26,11.26,0,0,1,0,Year 2009-2010
2736,489612,2009-12-01 14:55:00,2009-12-01,2009-12,20091201,DOT,,United Kingdom,1,87.39,87.39,0,0,1,1,Year 2009-2010
2737,489613,2009-12-01 14:56:00,2009-12-01,2009-12,20091201,22165,13585,United Kingdom,1,12.75,12.75,0,0,0,0,Year 2009-2010
2738,489615,2009-12-01 14:56:00,2009-12-01,2009-12,20091201,17181,,United Kingdom,9,5.17,46.53,0,0,1,0,Year 2009-2010
2739,489615,2009-12-01 14:56:00,2009-12-01,2009-12,20091201,20784,,United Kingdom,1,78.22,78.22,0,0,1,0,Year 2009-2010
2740,489615,2009-12-01 14:56:00,2009-12-01,2009-12,20091201,21116,,United Kingdom,1,8.65,8.65,0,0,1,0,Year 2009-2010
2741,489615,2009-12-01 14:56:00,2009-12-01,2009-12,20091201,21157,,United Kingdom,1,4.3,4.3,0,0,1,0,Year 2009-2010
2742,489615,2009-12-01 14:56:00,2009-12-01,2009-12,20091201,21186,,United Kingdom,5,3.43,17.150000000000002,0,0,1,0,Year 2009-2010
2743,489615,2009-12-01 14:56:00,2009-12-01,2009-12,20091201,21192,,United Kingdom,3,3.43,10.290000000000001,0,0,1,0,Year 2009-2010
2744,489615,2009-12-01 14:56:00,2009-12-01,2009-12,20091201,21307,,United Kingdom,1,3.43,3.43,0,0,1,0,Year 2009-2010
2745,489615,2009-12-01 14:56:00,2009-12-01,2009-12,20091201,21430,,United Kingdom,1,7.78,7.78,0,0,1,0,Year 2009-2010
2746,489614,2009-12-01 14:56:00,2009-12-01,2009-12,20091201,18098C,,United Kingdom,1,5.17,5.17,0,0,1,0,Year 2009-2010
2747,489614,2009-12-01 14:56:00,2009-12-01,2009-12,20091201,21042,,United Kingdom,1,13.0,13.0,0,0,1,0,Year 2009-2010
2748,489614,2009-12-01 14:56:00,2009-12-01,2009-12,20091201,21116,,United Kingdom,2,8.65,17.3,0,0,1,0,Year 2009-2010
2749,489614,2009-12-01 14:56:00,2009-12-01,2009-12,20091201,21430,,United Kingdom,1,7.78,7.78,0,0,1,0,Year 2009-2010
2750,489614,2009-12-01 14:56:00,2009-12-01,2009-12,20091201,21478,,United Kingdom,2,7.78,15.56,0,0,1,0,Year 2009-2010
2751,489614,2009-12-01 14:56:00,2009-12-01,2009-12,20091201,21871,,United Kingdom,1,3.43,3.43,0,0,1,0,Year 2009-2010
2752,489614,2009-12-01 14:56:00,2009-12-01,2009-12,20091201,21888,,United Kingdom,1,7.78,7.78,0,0,1,0,Year 2009-2010
2753,489614,2009-12-01 14:56:00,2009-12-01,2009-12,20091201,21931,,United Kingdom,1,4.3,4.3,0,0,1,0,Year 2009-2010
2754,489614,2009-12-01 14:56:00,2009-12-01,2009-12,20091201,22086,,United Kingdom,4,6.04,24.16,0,0,1,0,Year 2009-2010
2755,489614,2009-12-01 14:56:00,2009-12-01,2009-12,20091201,22200,,United Kingdom,1,8.65,8.65,0,0,1,0,Year 2009-2010
2756,489614,2009-12-01 14:56:00,2009-12-01,2009-12,20091201,22272,,United Kingdom,1,6.04,6.04,0,0,1,0,Year 2009-2010
2757,489614,2009-12-01 14:56:00,2009-12-01,2009-12,20091201,22273,,United Kingdom,1,6.04,6.04,0,0,1,0,Year 2009-2010
2758,489614,2009-12-01 14:56:00,2009-12-01,2009-12,20091201,22301,,United Kingdom,1,5.17,5.17,0,0,1,0,Year 2009-2010
2759,489614,2009-12-01 14:56:00,2009-12-01,2009-12,20091201,22308,,United Kingdom,1,5.17,5.17,0,0,1,0,Year 2009-2010
2760,489614,2009-12-01 14:56:00,2009-12-01,2009-12,20091201,35004S,,United Kingdom,1,13.0,13.0,0,0,1,0,Year 2009-2010
2761,489614,2009-12-01 14:56:00,2009-12-01,2009-12,20091201,35400,,United Kingdom,3,17.35,52.050000000000004,0,0,1,0,Year 2009-2010
2762,489614,2009-12-01 14:56:00,2009-12-01,2009-12,20091201,37370,,United Kingdom,1,16.48,16.48,0,0,1,0,Year 2009-2010
2763,489614,2009-12-01 14:56:00,2009-12-01,2009-12,20091201,82553,,United Kingdom,1,3.43,3.43,0,0,1,0,Year 2009-2010
2764,489614,2009-12-01 14:56:00,2009-12-01,2009-12,20091201,84030C,,United Kingdom,1,7.78,7.78,0,0,1,0,Year 2009-2010
2765,489614,2009-12-01 14:56:00,2009-12-01,2009-12,20091201,84347,,United Kingdom,3,5.17,15.51,0,0,1,0,Year 2009-2010
2766,489614,2009-12-01 14:56:00,2009-12-01,2009-12,20091201,84509C,,United Kingdom,1,7.78,7.78,0,0,1,0,Year 2009-2010
2767,489614,2009-12-01 14:56:00,2009-12-01,2009-12,20091201,84854,,United Kingdom,4,8.65,34.6,0,0,1,0,Year 2009-2010
2768,489614,2009-12-01 14:56:00,2009-12-01,2009-12,20091201,84872A,,United Kingdom,1,11.26,11.26,0,0,1,0,Year 2009-2010
2769,489614,2009-12-01 14:56:00,2009-12-01,2009-12,20091201,84873A,,United Kingdom,1,11.26,11.26,0,0,1,0,Year 2009-2010
2770,489614,2009-12-01 14:56:00,2009-12-01,2009-12,20091201,84951B,,United Kingdom,5,5.17,25.85,0,0,1,1,Year 2009-2010
2771,489614,2009-12-01 14:56:00,2009-12-01,2009-12,20091201,DOT,,United Kingdom,1,80.3,80.3,0,0,1,1,Year 2009-2010
2772,489615,2009-12-01 14:56:00,2009-12-01,2009-12,20091201,21531,,United Kingdom,1,5.17,5.17,0,0,1,0,Year 2009-2010
2773,489615,2009-12-01 14:56:00,2009-12-01,2009-12,20091201,21558,,United Kingdom,1,5.17,5.17,0,0,1,0,Year 2009-2010
2774,489615,2009-12-01 14:56:00,2009-12-01,2009-12,20091201,22086,,United Kingdom,6,6.04,36.24,0,0,1,0,Year 2009-2010
2775,489615,2009-12-01 14:56:00,2009-12-01,2009-12,20091201,22166,,United Kingdom,1,16.48,16.48,0,0,1,0,Year 2009-2010
2776,489615,2009-12-01 14:56:00,2009-12-01,2009-12,20091201,22193,,United Kingdom,1,17.35,17.35,0,0,1,0,Year 2009-2010
2777,489615,2009-12-01 14:56:00,2009-12-01,2009-12,20091201,22340,,United Kingdom,1,3.43,3.43,0,0,1,0,Year 2009-2010
2778,489615,2009-12-01 14:56:00,2009-12-01,2009-12,20091201,35400,,United Kingdom,6,17.35,104.10000000000001,0,0,1,0,Year 2009-2010
2779,489615,2009-12-01 14:56:00,2009-12-01,2009-12,20091201,35793,,United Kingdom,1,6.04,6.04,0,0,1,0,Year 2009-2010
2780,489615,2009-12-01 14:56:00,2009-12-01,2009-12,20091201,37482P,,United Kingdom,1,17.35,17.35,0,0,1,0,Year 2009-2010
2781,489615,2009-12-01 14:56:00,2009-12-01,2009-12,20091201,79321,,United Kingdom,1,10.39,10.39,0,0,1,0,Year 2009-2010
2782,489615,2009-12-01 14:56:00,2009-12-01,2009-12,20091201,84854,,United Kingdom,1,8.65,8.65,0,0,1,0,Year 2009-2010
2783,489615,2009-12-01 14:56:00,2009-12-01,2009-12,20091201,84855,,United Kingdom,1,8.65,8.65,0,0,1,0,Year 2009-2010
2784,489615,2009-12-01 14:56:00,2009-12-01,2009-12,20091201,85114C,,United Kingdom,2,3.43,6.86,0,0,1,0,Year 2009-2010
2785,489615,2009-12-01 14:56:00,2009-12-01,2009-12,20091201,DOT,,United Kingdom,1,77.13,77.13,0,0,1,1,Year 2009-2010
2786,489616,2009-12-01 14:58:00,2009-12-01,2009-12,20091201,20887,,United Kingdom,3,7.78,23.34,0,0,1,0,Year 2009-2010
2787,489616,2009-12-01 14:58:00,2009-12-01,2009-12,20091201,20969,,United Kingdom,1,7.78,7.78,0,0,1,0,Year 2009-2010
2788,489616,2009-12-01 14:58:00,2009-12-01,2009-12,20091201,21116,,United Kingdom,5,8.65,43.25,0,0,1,0,Year 2009-2010
2789,489616,2009-12-01 14:58:00,2009-12-01,2009-12,20091201,21490,,United Kingdom,1,4.3,4.3,0,0,1,0,Year 2009-2010
2790,489616,2009-12-01 14:58:00,2009-12-01,2009-12,20091201,21531,,United Kingdom,1,5.17,5.17,0,0,1,0,Year 2009-2010
2791,489616,2009-12-01 14:58:00,2009-12-01,2009-12,20091201,21558,,United Kingdom,1,5.17,5.17,0,0,1,0,Year 2009-2010
2792,489616,2009-12-01 14:58:00,2009-12-01,2009-12,20091201,21820,,United Kingdom,1,7.78,7.78,0,0,1,0,Year 2009-2010
2793,489616,2009-12-01 14:58:00,2009-12-01,2009-12,20091201,21876,,United Kingdom,1,3.43,3.43,0,0,1,0,Year 2009-2010
2794,489616,2009-12-01 14:58:00,2009-12-01,2009-12,20091201,21888,,United Kingdom,2,7.78,15.56,0,0,1,0,Year 2009-2010
2795,489616,2009-12-01 14:58:00,2009-12-01,2009-12,20091201,21912,,United Kingdom,1,7.78,7.78,0,0,1,0,Year 2009-2010
2796,489616,2009-12-01 14:58:00,2009-12-01,2009-12,20091201,21914,,United Kingdom,1,6.04,6.04,0,0,1,0,Year 2009-2010
2797,489616,2009-12-01 14:58:00,2009-12-01,2009-12,20091201,22083,,United Kingdom,3,6.04,18.12,0,0,1,0,Year 2009-2010
2798,489616,2009-12-01 14:58:00,2009-12-01,2009-12,20091201,22086,,United Kingdom,11,6.04,66.44,0,0,1,0,Year 2009-2010
2799,489616,2009-12-01 14:58:00,2009-12-01,2009-12,20091201,22136,,United Kingdom,1,3.43,3.43,0,0,1,0,Year 2009-2010
2800,489616,2009-12-01 14:58:00,2009-12-01,2009-12,20091201,22141,,United Kingdom,1,4.3,4.3,0,0,1,0,Year 2009-2010
2801,489616,2009-12-01 14:58:00,2009-12-01,2009-12,20091201,22147,,United Kingdom,1,3.43,3.43,0,0,1,0,Year 2009-2010
2802,489616,2009-12-01 14:58:00,2009-12-01,2009-12,20091201,22165,,United Kingdom,1,26.04,26.04,0,0,1,0,Year 2009-2010
2803,489616,2009-12-01 14:58:00,2009-12-01,2009-12,20091201,22174,,United Kingdom,7,3.43,24.01,0,0,1,0,Year 2009-2010
2804,489616,2009-12-01 14:58:00,2009-12-01,2009-12,20091201,22308,,United Kingdom,2,5.17,10.34,0,0,1,0,Year 2009-2010
2805,489616,2009-12-01 14:58:00,2009-12-01,2009-12,20091201,22318,,United Kingdom,1,6.04,6.04,0,0,1,0,Year 2009-2010
2806,489616,2009-12-01 14:58:00,2009-12-01,2009-12,20091201,84797B,,United Kingdom,1,11.26,11.26,0,0,1,1,Year 2009-2010
2807,489616,2009-12-01 14:58:00,2009-12-01,2009-12,20091201,84872A,,United Kingdom,2,11.26,22.52,0,0,1,0,Year 2009-2010
2808,489616,2009-12-01 14:58:00,2009-12-01,2009-12,20091201,DOT,,United Kingdom,1,83.74,83.74,0,0,1,1,Year 2009-2010
2809,489617,2009-12-01 14:59:00,2009-12-01,2009-12,20091201,46000P,13442,United Kingdom,2,4.25,8.5,0,0,0,0,Year 2009-2010
2810,489617,2009-12-01 14:59:00,2009-12-01,2009-12,20091201,46000M,13442,United Kingdom,4,1.55,6.2,0,0,0,1,Year 2009-2010
2811,489617,2009-12-01 14:59:00,2009-12-01,2009-12,20091201,21685,13442,United Kingdom,2,14.95,29.9,0,0,0,0,Year 2009-2010
2812,489617,2009-12-01 14:59:00,2009-12-01,2009-12,20091201,84472,13442,United Kingdom,1,45.95,45.95,0,0,0,0,Year 2009-2010
2813,489617,2009-12-01 14:59:00,2009-12-01,2009-12,20091201,84658,13442,United Kingdom,2,6.95,13.9,0,0,0,0,Year 2009-2010
2814,489617,2009-12-01 14:59:00,2009-12-01,2009-12,20091201,21622,13442,United Kingdom,4,4.95,19.8,0,0,0,0,Year 2009-2010
2815,489617,2009-12-01 14:59:00,2009-12-01,2009-12,20091201,20887,13442,United Kingdom,1,3.45,3.45,0,0,0,0,Year 2009-2010
2816,489617,2009-12-01 14:59:00,2009-12-01,2009-12,20091201,20886,13442,United Kingdom,1,1.95,1.95,0,0,0,0,Year 2009-2010
2817,489617,2009-12-01 14:59:00,2009-12-01,2009-12,20091201,21692,13442,United Kingdom,1,3.75,3.75,0,0,0,0,Year 2009-2010
2818,489617,2009-12-01 14:59:00,2009-12-01,2009-12,20091201,21691,13442,United Kingdom,3,3.75,11.25,0,0,0,0,Year 2009-2010
2819,489617,2009-12-01 14:59:00,2009-12-01,2009-12,20091201,22114,13442,United Kingdom,4,3.95,15.8,0,0,0,0,Year 2009-2010
2820,489617,2009-12-01 14:59:00,2009-12-01,2009-12,20091201,22125,13442,United Kingdom,2,5.95,11.9,0,0,0,0,Year 2009-2010
2821,489617,2009-12-01 14:59:00,2009-12-01,2009-12,20091201,21756,13442,United Kingdom,1,5.95,5.95,0,0,0,0,Year 2009-2010
2822,489617,2009-12-01 14:59:00,2009-12-01,2009-12,20091201,21755,13442,United Kingdom,1,5.95,5.95,0,0,0,0,Year 2009-2010
2823,489617,2009-12-01 14:59:00,2009-12-01,2009-12,20091201,21754,13442,United Kingdom,1,5.95,5.95,0,0,0,0,Year 2009-2010
2824,489617,2009-12-01 14:59:00,2009-12-01,2009-12,20091201,21326,13442,United Kingdom,12,0.65,7.800000000000001,0,0,0,0,Year 2009-2010
2825,489618,2009-12-01 14:59:00,2009-12-01,2009-12,20091201,90199B,,United Kingdom,1,6.35,6.35,0,0,1,1,Year 2009-2010
2826,489619,2009-12-01 15:02:00,2009-12-01,2009-12,20091201,20713,,United Kingdom,2,1.95,3.9,0,0,1,0,Year 2009-2010
2827,489619,2009-12-01 15:02:00,2009-12-01,2009-12,20091201,20712,,United Kingdom,2,1.95,3.9,0,0,1,0,Year 2009-2010
2828,489619,2009-12-01 15:02:00,2009-12-01,2009-12,20091201,21931,,United Kingdom,2,1.95,3.9,0,0,1,0,Year 2009-2010
2829,489619,2009-12-01 15:02:00,2009-12-01,2009-12,20091201,20711,,United Kingdom,2,1.95,3.9,0,0,1,0,Year 2009-2010
2830,489619,2009-12-01 15:02:00,2009-12-01,2009-12,20091201,85099B,,United Kingdom,2,1.95,3.9,0,0,1,1,Year 2009-2010
2831,C489632,2009-12-01 15:18:00,2009-12-01,2009-12,20091201,20814,13381,United Kingdom,-12,1.25,-15.0,1,1,0,0,Year 2009-2010
2832,C489632,2009-12-01 15:18:00,2009-12-01,2009-12,20091201,20814,13381,United Kingdom,-1,1.25,-1.25,1,1,0,0,Year 2009-2010
2833,489634,2009-12-01 15:19:00,2009-12-01,2009-12,20091201,21814,13381,United Kingdom,12,1.45,17.4,0,0,0,0,Year 2009-2010
2834,489635,2009-12-01 15:26:00,2009-12-01,2009-12,20091201,47566,16763,United Kingdom,5,4.65,23.25,0,0,0,0,Year 2009-2010
2835,489635,2009-12-01 15:26:00,2009-12-01,2009-12,20091201,47570B,16763,United Kingdom,2,10.65,21.3,0,0,0,1,Year 2009-2010
2836,489635,2009-12-01 15:26:00,2009-12-01,2009-12,20091201,21826,16763,United Kingdom,12,1.25,15.0,0,0,0,0,Year 2009-2010
2837,489635,2009-12-01 15:26:00,2009-12-01,2009-12,20091201,84032B,16763,United Kingdom,6,2.95,17.700000000000003,0,0,0,1,Year 2009-2010
2838,489635,2009-12-01 15:26:00,2009-12-01,2009-12,20091201,21541,16763,United Kingdom,12,0.85,10.2,0,0,0,0,Year 2009-2010
2839,489635,2009-12-01 15:26:00,2009-12-01,2009-12,20091201,20682,16763,United Kingdom,6,3.25,19.5,0,0,0,0,Year 2009-2010
2840,489635,2009-12-01 15:26:00,2009-12-01,2009-12,20091201,22273,16763,United Kingdom,6,2.95,17.700000000000003,0,0,0,0,Year 2009-2010
2841,489635,2009-12-01 15:26:00,2009-12-01,2009-12,20091201,51014C,16763,United Kingdom,12,0.85,10.2,0,0,0,0,Year 2009-2010
2842,489635,2009-12-01 15:26:00,2009-12-01,2009-12,20091201,20659,16763,United Kingdom,12,1.25,15.0,0,0,0,0,Year 2009-2010
2843,489635,2009-12-01 15:26:00,2009-12-01,2009-12,20091201,20658,16763,United Kingdom,12,1.25,15.0,0,0,0,0,Year 2009-2010
2844,489635,2009-12-01 15:26:00,2009-12-01,2009-12,20091201,21231,16763,United Kingdom,12,1.25,15.0,0,0,0,0,Year 2009-2010
2845,489635,2009-12-01 15:26:00,2009-12-01,2009-12,20091201,21232,16763,United Kingdom,12,1.25,15.0,0,0,0,0,Year 2009-2010
2846,489635,2009-12-01 15:26:00,2009-12-01,2009-12,20091201,21844,16763,United Kingdom,6,2.95,17.700000000000003,0,0,0,0,Year 2009-2010
2847,489635,2009-12-01 15:26:00,2009-12-01,2009-12,20091201,22072,16763,United Kingdom,4,3.75,15.0,0,0,0,0,Year 2009-2010
2848,489635,2009-12-01 15:26:00,2009-12-01,2009-12,20091201,21527,16763,United Kingdom,2,7.95,15.9,0,0,0,0,Year 2009-2010
2849,489635,2009-12-01 15:26:00,2009-12-01,2009-12,20091201,21156,16763,United Kingdom,8,1.95,15.6,0,0,0,0,Year 2009-2010
2850,489635,2009-12-01 15:26:00,2009-12-01,2009-12,20091201,20750,16763,United Kingdom,4,7.95,31.8,0,0,0,0,Year 2009-2010
2851,489635,2009-12-01 15:26:00,2009-12-01,2009-12,20091201,21355,16763,United Kingdom,12,1.25,15.0,0,0,0,0,Year 2009-2010
2852,489635,2009-12-01 15:26:00,2009-12-01,2009-12,20091201,84378,16763,United Kingdom,12,1.25,15.0,0,0,0,0,Year 2009-2010
2853,489635,2009-12-01 15:26:00,2009-12-01,2009-12,20091201,84380,16763,United Kingdom,12,1.25,15.0,0,0,0,0,Year 2009-2010
2854,489635,2009-12-01 15:26:00,2009-12-01,2009-12,20091201,72807B,16763,United Kingdom,4,4.25,17.0,0,0,0,1,Year 2009-2010
2855,C489636,2009-12-01 15:34:00,2009-12-01,2009-12,20091201,21576,17345,United Kingdom,-2,2.25,-4.5,1,1,0,0,Year 2009-2010
2856,C489636,2009-12-01 15:34:00,2009-12-01,2009-12,20091201,21579,17345,United Kingdom,-1,2.25,-2.25,1,1,0,0,Year 2009-2010
2857,C489636,2009-12-01 15:34:00,2009-12-01,2009-12,20091201,21578,17345,United Kingdom,-2,2.25,-4.5,1,1,0,0,Year 2009-2010
2858,C489636,2009-12-01 15:34:00,2009-12-01,2009-12,20091201,22142,17345,United Kingdom,-2,1.45,-2.9,1,1,0,0,Year 2009-2010
2859,C489636,2009-12-01 15:34:00,2009-12-01,2009-12,20091201,22145,17345,United Kingdom,-2,2.1,-4.2,1,1,0,0,Year 2009-2010
2860,C489636,2009-12-01 15:34:00,2009-12-01,2009-12,20091201,22144,17345,United Kingdom,-1,2.1,-2.1,1,1,0,0,Year 2009-2010
2861,C489636,2009-12-01 15:34:00,2009-12-01,2009-12,20091201,21329,17345,United Kingdom,-8,1.65,-13.2,1,1,0,0,Year 2009-2010
2862,C489636,2009-12-01 15:34:00,2009-12-01,2009-12,20091201,21330,17345,United Kingdom,-9,1.65,-14.85,1,1,0,0,Year 2009-2010
2863,C489636,2009-12-01 15:34:00,2009-12-01,2009-12,20091201,84029E,17345,United Kingdom,-4,3.75,-15.0,1,1,0,0,Year 2009-2010
2864,C489636,2009-12-01 15:34:00,2009-12-01,2009-12,20091201,84032B,17345,United Kingdom,-3,2.95,-8.850000000000001,1,1,0,1,Year 2009-2010
2865,C489636,2009-12-01 15:34:00,2009-12-01,2009-12,20091201,21577,17345,United Kingdom,-1,2.25,-2.25,1,1,0,0,Year 2009-2010
2866,489637,2009-12-01 15:36:00,2009-12-01,2009-12,20091201,72815,17243,United Kingdom,12,3.75,45.0,0,0,0,0,Year 2009-2010
2867,489637,2009-12-01 15:36:00,2009-12-01,2009-12,20091201,72800E,17243,United Kingdom,12,2.55,30.599999999999998,0,0,0,0,Year 2009-2010
2868,489637,2009-12-01 15:36:00,2009-12-01,2009-12,20091201,72814,17243,United Kingdom,12,3.75,45.0,0,0,0,0,Year 2009-2010
2869,489637,2009-12-01 15:36:00,2009-12-01,2009-12,20091201,21213,17243,United Kingdom,12,0.55,6.6000000000000005,0,0,0,0,Year 2009-2010
2870,489637,2009-12-01 15:36:00,2009-12-01,2009-12,20091201,72008,17243,United Kingdom,9,0.42,3.78,0,0,0,0,Year 2009-2010
2871,489637,2009-12-01 15:36:00,2009-12-01,2009-12,20091201,85231L,17243,United Kingdom,9,0.85,7.6499999999999995,0,0,0,0,Year 2009-2010
2872,489637,2009-12-01 15:36:00,2009-12-01,2009-12,20091201,85231E,17243,United Kingdom,9,0.85,7.6499999999999995,0,0,0,0,Year 2009-2010
2873,489637,2009-12-01 15:36:00,2009-12-01,2009-12,20091201,72801F,17243,United Kingdom,7,1.25,8.75,0,0,0,0,Year 2009-2010
2874,489637,2009-12-01 15:36:00,2009-12-01,2009-12,20091201,85125,17243,United Kingdom,6,4.95,29.700000000000003,0,0,0,0,Year 2009-2010
2875,489637,2009-12-01 15:36:00,2009-12-01,2009-12,20091201,85126,17243,United Kingdom,6,6.75,40.5,0,0,0,0,Year 2009-2010
2876,489637,2009-12-01 15:36:00,2009-12-01,2009-12,20091201,72267,17243,United Kingdom,6,2.1,12.600000000000001,0,0,0,0,Year 2009-2010
2877,489637,2009-12-01 15:36:00,2009-12-01,2009-12,20091201,72529W,17243,United Kingdom,16,2.12,33.92,0,0,0,0,Year 2009-2010
2878,489637,2009-12-01 15:36:00,2009-12-01,2009-12,20091201,21795,17243,United Kingdom,3,12.75,38.25,0,0,0,0,Year 2009-2010
2879,489637,2009-12-01 15:36:00,2009-12-01,2009-12,20091201,21796,17243,United Kingdom,3,12.75,38.25,0,0,0,0,Year 2009-2010
2880,489637,2009-12-01 15:36:00,2009-12-01,2009-12,20091201,84029G,17243,United Kingdom,9,3.75,33.75,0,0,0,0,Year 2009-2010
2881,489637,2009-12-01 15:36:00,2009-12-01,2009-12,20091201,22112,17243,United Kingdom,6,4.95,29.700000000000003,0,0,0,0,Year 2009-2010
2882,489637,2009-12-01 15:36:00,2009-12-01,2009-12,20091201,22111,17243,United Kingdom,6,4.95,29.700000000000003,0,0,0,0,Year 2009-2010
2883,489637,2009-12-01 15:36:00,2009-12-01,2009-12,20091201,48116,17243,United Kingdom,6,6.75,40.5,0,0,0,0,Year 2009-2010
2884,489637,2009-12-01 15:36:00,2009-12-01,2009-12,20091201,48111,17243,United Kingdom,4,6.75,27.0,0,0,0,0,Year 2009-2010
2885,489637,2009-12-01 15:36:00,2009-12-01,2009-12,20091201,48188,17243,United Kingdom,4,6.75,27.0,0,0,0,0,Year 2009-2010
2886,489638,2009-12-01 15:42:00,2009-12-01,2009-12,20091201,22349,,United Kingdom,2,3.75,7.5,0,0,1,0,Year 2009-2010
2887,489639,2009-12-01 16:05:00,2009-12-01,2009-12,20091201,15036,14865,United Kingdom,48,0.65,31.200000000000003,0,0,0,0,Year 2009-2010
2888,489640,2009-12-01 16:17:00,2009-12-01,2009-12,20091201,22172,17345,United Kingdom,1,8.5,8.5,0,0,0,0,Year 2009-2010
2889,489640,2009-12-01 16:17:00,2009-12-01,2009-12,20091201,21742,17345,United Kingdom,1,5.95,5.95,0,0,0,0,Year 2009-2010
2890,489640,2009-12-01 16:17:00,2009-12-01,2009-12,20091201,21745,17345,United Kingdom,1,3.75,3.75,0,0,0,0,Year 2009-2010
2891,489640,2009-12-01 16:17:00,2009-12-01,2009-12,20091201,22111,17345,United Kingdom,3,4.95,14.850000000000001,0,0,0,0,Year 2009-2010
2892,489640,2009-12-01 16:17:00,2009-12-01,2009-12,20091201,21223,17345,United Kingdom,10,1.25,12.5,0,0,0,0,Year 2009-2010
2893,489640,2009-12-01 16:17:00,2009-12-01,2009-12,20091201,21221,17345,United Kingdom,10,1.25,12.5,0,0,0,0,Year 2009-2010
2894,489640,2009-12-01 16:17:00,2009-12-01,2009-12,20091201,84559B,17345,United Kingdom,13,0.85,11.049999999999999,0,0,0,1,Year 2009-2010
2895,489640,2009-12-01 16:17:00,2009-12-01,2009-12,20091201,84559D,17345,United Kingdom,15,0.85,12.75,0,0,0,1,Year 2009-2010
2896,489640,2009-12-01 16:17:00,2009-12-01,2009-12,20091201,84559A,17345,United Kingdom,21,0.85,17.849999999999998,0,0,0,0,Year 2009-2010
2897,489640,2009-12-01 16:17:00,2009-12-01,2009-12,20091201,15056P,17345,United Kingdom,1,5.95,5.95,0,0,0,0,Year 2009-2010
2898,489640,2009-12-01 16:17:00,2009-12-01,2009-12,20091201,84199,17345,United Kingdom,30,0.21,6.3,0,0,0,0,Year 2009-2010
2899,489640,2009-12-01 16:17:00,2009-12-01,2009-12,20091201,17165B,17345,United Kingdom,4,1.05,4.2,0,0,0,1,Year 2009-2010
2900,489640,2009-12-01 16:17:00,2009-12-01,2009-12,20091201,17165D,17345,United Kingdom,8,1.05,8.4,0,0,0,1,Year 2009-2010
2901,489640,2009-12-01 16:17:00,2009-12-01,2009-12,20091201,21642,17345,United Kingdom,24,0.85,20.4,0,0,0,0,Year 2009-2010
2902,489640,2009-12-01 16:17:00,2009-12-01,2009-12,20091201,17003,17345,United Kingdom,144,0.21,30.24,0,0,0,0,Year 2009-2010
2903,489640,2009-12-01 16:17:00,2009-12-01,2009-12,20091201,15034,17345,United Kingdom,2,0.14,0.28,0,0,0,0,Year 2009-2010
2904,489640,2009-12-01 16:17:00,2009-12-01,2009-12,20091201,16238,17345,United Kingdom,28,0.21,5.88,0,0,0,0,Year 2009-2010
2905,489640,2009-12-01 16:17:00,2009-12-01,2009-12,20091201,16237,17345,United Kingdom,30,0.21,6.3,0,0,0,0,Year 2009-2010
2906,489640,2009-12-01 16:17:00,2009-12-01,2009-12,20091201,35085E,17345,United Kingdom,1,1.25,1.25,0,0,0,0,Year 2009-2010
2907,489640,2009-12-01 16:17:00,2009-12-01,2009-12,20091201,21837,17345,United Kingdom,1,5.95,5.95,0,0,0,0,Year 2009-2010
2908,489640,2009-12-01 16:17:00,2009-12-01,2009-12,20091201,85099B,17345,United Kingdom,2,1.95,3.9,0,0,0,1,Year 2009-2010
2909,489640,2009-12-01 16:17:00,2009-12-01,2009-12,20091201,10120,17345,United Kingdom,60,0.21,12.6,0,0,0,0,Year 2009-2010
2910,489640,2009-12-01 16:17:00,2009-12-01,2009-12,20091201,20828,17345,United Kingdom,1,2.55,2.55,0,0,0,0,Year 2009-2010
2911,489640,2009-12-01 16:17:00,2009-12-01,2009-12,20091201,17165B,17345,United Kingdom,9,1.05,9.450000000000001,0,0,0,1,Year 2009-2010
2912,489640,2009-12-01 16:17:00,2009-12-01,2009-12,20091201,17164D,17345,United Kingdom,36,0.42,15.12,0,0,0,1,Year 2009-2010
2913,489640,2009-12-01 16:17:00,2009-12-01,2009-12,20091201,17164B,17345,United Kingdom,72,0.42,30.24,0,0,0,1,Year 2009-2010
2914,489640,2009-12-01 16:17:00,2009-12-01,2009-12,20091201,84006,17345,United Kingdom,72,0.85,61.199999999999996,0,0,0,0,Year 2009-2010
2915,489641,2009-12-01 16:18:00,2009-12-01,2009-12,20091201,20724,13819,United Kingdom,30,0.85,25.5,0,0,0,0,Year 2009-2010
2916,489641,2009-12-01 16:18:00,2009-12-01,2009-12,20091201,85099B,13819,United Kingdom,20,1.95,39.0,0,0,0,1,Year 2009-2010
2917,489641,2009-12-01 16:18:00,2009-12-01,2009-12,20091201,20725,13819,United Kingdom,30,1.65,49.5,0,0,0,0,Year 2009-2010
2918,489641,2009-12-01 16:18:00,2009-12-01,2009-12,20091201,79323W,13819,United Kingdom,4,6.75,27.0,0,0,0,0,Year 2009-2010
2919,489641,2009-12-01 16:18:00,2009-12-01,2009-12,20091201,37503,13819,United Kingdom,2,10.75,21.5,0,0,0,0,Year 2009-2010
2920,489641,2009-12-01 16:18:00,2009-12-01,2009-12,20091201,21156,13819,United Kingdom,8,1.95,15.6,0,0,0,0,Year 2009-2010
2921,489641,2009-12-01 16:18:00,2009-12-01,2009-12,20091201,20723,13819,United Kingdom,10,0.85,8.5,0,0,0,0,Year 2009-2010
2922,489641,2009-12-01 16:18:00,2009-12-01,2009-12,20091201,20719,13819,United Kingdom,10,0.85,8.5,0,0,0,0,Year 2009-2010
2923,489641,2009-12-01 16:18:00,2009-12-01,2009-12,20091201,85123A,13819,United Kingdom,6,2.95,17.700000000000003,0,0,0,0,Year 2009-2010
2924,489641,2009-12-01 16:18:00,2009-12-01,2009-12,20091201,20712,13819,United Kingdom,10,1.95,19.5,0,0,0,0,Year 2009-2010
2925,489641,2009-12-01 16:18:00,2009-12-01,2009-12,20091201,84380,13819,United Kingdom,12,1.25,15.0,0,0,0,0,Year 2009-2010
2926,489641,2009-12-01 16:18:00,2009-12-01,2009-12,20091201,71477,13819,United Kingdom,8,3.25,26.0,0,0,0,0,Year 2009-2010
2927,489641,2009-12-01 16:18:00,2009-12-01,2009-12,20091201,21080,13819,United Kingdom,12,0.85,10.2,0,0,0,0,Year 2009-2010
2928,489641,2009-12-01 16:18:00,2009-12-01,2009-12,20091201,21231,13819,United Kingdom,12,1.25,15.0,0,0,0,0,Year 2009-2010
2929,489641,2009-12-01 16:18:00,2009-12-01,2009-12,20091201,21731,13819,United Kingdom,12,1.65,19.799999999999997,0,0,0,0,Year 2009-2010
2930,489641,2009-12-01 16:18:00,2009-12-01,2009-12,20091201,21041,13819,United Kingdom,6,2.95,17.700000000000003,0,0,0,0,Year 2009-2010
2931,489641,2009-12-01 16:18:00,2009-12-01,2009-12,20091201,84991,13819,United Kingdom,24,0.55,13.200000000000001,0,0,0,0,Year 2009-2010
2932,489641,2009-12-01 16:18:00,2009-12-01,2009-12,20091201,37446,13819,United Kingdom,8,1.45,11.6,0,0,0,0,Year 2009-2010
2933,489641,2009-12-01 16:18:00,2009-12-01,2009-12,20091201,22138,13819,United Kingdom,6,4.95,29.700000000000003,0,0,0,0,Year 2009-2010
2934,489641,2009-12-01 16:18:00,2009-12-01,2009-12,20091201,21232,13819,United Kingdom,12,1.25,15.0,0,0,0,0,Year 2009-2010
2935,489641,2009-12-01 16:18:00,2009-12-01,2009-12,20091201,20727,13819,United Kingdom,10,1.65,16.5,0,0,0,0,Year 2009-2010
2936,489641,2009-12-01 16:18:00,2009-12-01,2009-12,20091201,20726,13819,United Kingdom,10,1.65,16.5,0,0,0,0,Year 2009-2010
2937,489641,2009-12-01 16:18:00,2009-12-01,2009-12,20091201,84029E,13819,United Kingdom,8,3.75,30.0,0,0,0,0,Year 2009-2010
2938,489641,2009-12-01 16:18:00,2009-12-01,2009-12,20091201,84029C,13819,United Kingdom,4,3.75,15.0,0,0,0,0,Year 2009-2010
2939,489641,2009-12-01 16:18:00,2009-12-01,2009-12,20091201,21479,13819,United Kingdom,8,3.75,30.0,0,0,0,0,Year 2009-2010
2940,489641,2009-12-01 16:18:00,2009-12-01,2009-12,20091201,84596G,13819,United Kingdom,8,1.25,10.0,0,0,0,0,Year 2009-2010
2941,489641,2009-12-01 16:18:00,2009-12-01,2009-12,20091201,20677,13819,United Kingdom,8,1.25,10.0,0,0,0,0,Year 2009-2010
2942,489641,2009-12-01 16:18:00,2009-12-01,2009-12,20091201,84992,13819,United Kingdom,24,0.55,13.200000000000001,0,0,0,0,Year 2009-2010
2943,489641,2009-12-01 16:18:00,2009-12-01,2009-12,20091201,21212,13819,United Kingdom,120,0.42,50.4,0,0,0,0,Year 2009-2010
2944,489641,2009-12-01 16:18:00,2009-12-01,2009-12,20091201,20718,13819,United Kingdom,20,1.25,25.0,0,0,0,0,Year 2009-2010
2945,489642,2009-12-01 16:19:00,2009-12-01,2009-12,20091201,47503K,,United Kingdom,1,1.95,1.95,0,0,1,0,Year 2009-2010
2946,489642,2009-12-01 16:19:00,2009-12-01,2009-12,20091201,47503J,,United Kingdom,1,7.95,7.95,0,0,1,0,Year 2009-2010
2947,489642,2009-12-01 16:19:00,2009-12-01,2009-12,20091201,85123A,,United Kingdom,1,2.95,2.95,0,0,1,0,Year 2009-2010
2948,C489643,2009-12-01 16:26:00,2009-12-01,2009-12,20091201,20686,15750,United Kingdom,-1,3.25,-3.25,1,1,0,0,Year 2009-2010
2949,C489643,2009-12-01 16:26:00,2009-12-01,2009-12,20091201,22167,15750,United Kingdom,-1,9.95,-9.95,1,1,0,0,Year 2009-2010
2950,C489643,2009-12-01 16:26:00,2009-12-01,2009-12,20091201,84839,15750,United Kingdom,-2,6.75,-13.5,1,1,0,0,Year 2009-2010
2951,C489643,2009-12-01 16:26:00,2009-12-01,2009-12,20091201,21429,15750,United Kingdom,-1,1.65,-1.65,1,1,0,0,Year 2009-2010
2952,C489643,2009-12-01 16:26:00,2009-12-01,2009-12,20091201,47594B,15750,United Kingdom,-1,1.95,-1.95,1,1,0,1,Year 2009-2010
2953,489644,2009-12-01 16:30:00,2009-12-01,2009-12,20091201,21218,15808,United Kingdom,1,3.75,3.75,0,0,0,0,Year 2009-2010
2954,489644,2009-12-01 16:30:00,2009-12-01,2009-12,20091201,21080,15808,United Kingdom,1,0.85,0.85,0,0,0,0,Year 2009-2010
2955,489644,2009-12-01 16:30:00,2009-12-01,2009-12,20091201,22111,15808,United Kingdom,12,4.95,59.400000000000006,0,0,0,0,Year 2009-2010
2956,489644,2009-12-01 16:30:00,2009-12-01,2009-12,20091201,37502,15808,United Kingdom,3,2.95,8.850000000000001,0,0,0,0,Year 2009-2010
2957,489644,2009-12-01 16:30:00,2009-12-01,2009-12,20091201,21484,15808,United Kingdom,18,3.45,62.1,0,0,0,0,Year 2009-2010
2958,489644,2009-12-01 16:30:00,2009-12-01,2009-12,20091201,22113,15808,United Kingdom,18,3.45,62.1,0,0,0,0,Year 2009-2010
2959,489644,2009-12-01 16:30:00,2009-12-01,2009-12,20091201,21479,15808,United Kingdom,8,3.75,30.0,0,0,0,0,Year 2009-2010
2960,489644,2009-12-01 16:30:00,2009-12-01,2009-12,20091201,22114,15808,United Kingdom,6,3.95,23.700000000000003,0,0,0,0,Year 2009-2010
2961,489644,2009-12-01 16:30:00,2009-12-01,2009-12,20091201,21481,15808,United Kingdom,6,2.95,17.700000000000003,0,0,0,0,Year 2009-2010
2962,489644,2009-12-01 16:30:00,2009-12-01,2009-12,20091201,21080,15808,United Kingdom,9,0.85,7.6499999999999995,0,0,0,0,Year 2009-2010
2963,489644,2009-12-01 16:30:00,2009-12-01,2009-12,20091201,20685,15808,United Kingdom,3,6.75,20.25,0,0,0,0,Year 2009-2010
2964,489644,2009-12-01 16:30:00,2009-12-01,2009-12,20091201,48185,15808,United Kingdom,6,6.75,40.5,0,0,0,0,Year 2009-2010
2965,489644,2009-12-01 16:30:00,2009-12-01,2009-12,20091201,47556B,15808,United Kingdom,10,2.95,29.5,0,0,0,1,Year 2009-2010
2966,489644,2009-12-01 16:30:00,2009-12-01,2009-12,20091201,15056N,15808,United Kingdom,12,5.95,71.4,0,0,0,0,Year 2009-2010
2967,489644,2009-12-01 16:30:00,2009-12-01,2009-12,20091201,21621,15808,United Kingdom,7,8.5,59.5,0,0,0,0,Year 2009-2010
2968,489644,2009-12-01 16:30:00,2009-12-01,2009-12,20091201,21407,15808,United Kingdom,5,4.25,21.25,0,0,0,0,Year 2009-2010
2969,489644,2009-12-01 16:30:00,2009-12-01,2009-12,20091201,22189,15808,United Kingdom,36,3.39,122.04,0,0,0,0,Year 2009-2010
2970,489644,2009-12-01 16:30:00,2009-12-01,2009-12,20091201,82494L,15808,United Kingdom,12,2.95,35.400000000000006,0,0,0,0,Year 2009-2010
2971,489644,2009-12-01 16:30:00,2009-12-01,2009-12,20091201,82482,15808,United Kingdom,12,2.55,30.599999999999998,0,0,0,0,Year 2009-2010
2972,489644,2009-12-01 16:30:00,2009-12-01,2009-12,20091201,85099B,15808,United Kingdom,30,1.95,58.5,0,0,0,1,Year 2009-2010
2973,489644,2009-12-01 16:30:00,2009-12-01,2009-12,20091201,85099C,15808,United Kingdom,20,1.95,39.0,0,0,0,0,Year 2009-2010
2974,489644,2009-12-01 16:30:00,2009-12-01,2009-12,20091201,22356,15808,United Kingdom,20,0.85,17.0,0,0,0,0,Year 2009-2010
2975,489644,2009-12-01 16:30:00,2009-12-01,2009-12,20091201,20724,15808,United Kingdom,20,0.85,17.0,0,0,0,0,Year 2009-2010
2976,489644,2009-12-01 16:30:00,2009-12-01,2009-12,20091201,20723,15808,United Kingdom,20,0.85,17.0,0,0,0,0,Year 2009-2010
2977,489644,2009-12-01 16:30:00,2009-12-01,2009-12,20091201,21591,15808,United Kingdom,2,1.25,2.5,0,0,0,0,Year 2009-2010
2978,489645,2009-12-01 16:34:00,2009-12-01,2009-12,20091201,20685,17191,United Kingdom,2,6.75,13.5,0,0,0,0,Year 2009-2010
2979,489645,2009-12-01 16:34:00,2009-12-01,2009-12,20091201,21524,17191,United Kingdom,2,6.75,13.5,0,0,0,0,Year 2009-2010
2980,489645,2009-12-01 16:34:00,2009-12-01,2009-12,20091201,21955,17191,United Kingdom,2,6.75,13.5,0,0,0,0,Year 2009-2010
2981,489645,2009-12-01 16:34:00,2009-12-01,2009-12,20091201,48184,17191,United Kingdom,2,6.75,13.5,0,0,0,0,Year 2009-2010
2982,489645,2009-12-01 16:34:00,2009-12-01,2009-12,20091201,48187,17191,United Kingdom,1,6.75,6.75,0,0,0,0,Year 2009-2010
2983,489645,2009-12-01 16:34:00,2009-12-01,2009-12,20091201,48188,17191,United Kingdom,3,6.75,20.25,0,0,0,0,Year 2009-2010
2984,489645,2009-12-01 16:34:00,2009-12-01,2009-12,20091201,22207,17191,United Kingdom,3,4.25,12.75,0,0,0,0,Year 2009-2010
2985,489645,2009-12-01 16:34:00,2009-12-01,2009-12,20091201,84750A,17191,United Kingdom,4,1.95,7.8,0,0,0,0,Year 2009-2010
2986,489645,2009-12-01 16:34:00,2009-12-01,2009-12,20091201,84987,17191,United Kingdom,3,1.45,4.35,0,0,0,0,Year 2009-2010
2987,489645,2009-12-01 16:34:00,2009-12-01,2009-12,20091201,47556B,17191,United Kingdom,3,2.95,8.850000000000001,0,0,0,1,Year 2009-2010
2988,489645,2009-12-01 16:34:00,2009-12-01,2009-12,20091201,72756,17191,United Kingdom,9,1.49,13.41,0,0,0,0,Year 2009-2010
2989,489645,2009-12-01 16:34:00,2009-12-01,2009-12,20091201,21621,17191,United Kingdom,1,8.5,8.5,0,0,0,0,Year 2009-2010
2990,489645,2009-12-01 16:34:00,2009-12-01,2009-12,20091201,85008,17191,United Kingdom,2,4.95,9.9,0,0,0,0,Year 2009-2010
2991,489645,2009-12-01 16:34:00,2009-12-01,2009-12,20091201,85184C,17191,United Kingdom,1,2.95,2.95,0,0,0,0,Year 2009-2010
2992,489645,2009-12-01 16:34:00,2009-12-01,2009-12,20091201,84709B,17191,United Kingdom,3,5.95,17.85,0,0,0,1,Year 2009-2010
2993,489645,2009-12-01 16:34:00,2009-12-01,2009-12,20091201,35095A,17191,United Kingdom,12,0.42,5.04,0,0,0,0,Year 2009-2010
2994,489645,2009-12-01 16:34:00,2009-12-01,2009-12,20091201,82583,17191,United Kingdom,2,2.1,4.2,0,0,0,0,Year 2009-2010
2995,489645,2009-12-01 16:34:00,2009-12-01,2009-12,20091201,82580,17191,United Kingdom,1,0.55,0.55,0,0,0,0,Year 2009-2010
2996,489645,2009-12-01 16:34:00,2009-12-01,2009-12,20091201,82578,17191,United Kingdom,1,0.55,0.55,0,0,0,0,Year 2009-2010
2997,489645,2009-12-01 16:34:00,2009-12-01,2009-12,20091201,82581,17191,United Kingdom,1,0.55,0.55,0,0,0,0,Year 2009-2010
2998,489645,2009-12-01 16:34:00,2009-12-01,2009-12,20091201,20830,17191,United Kingdom,3,2.1,6.300000000000001,0,0,0,0,Year 2009-2010
2999,489645,2009-12-01 16:34:00,2009-12-01,2009-12,20091201,35095B,17191,United Kingdom,12,0.42,5.04,0,0,0,1,Year 2009-2010
3000,489645,2009-12-01 16:34:00,2009-12-01,2009-12,20091201,20831,17191,United Kingdom,3,2.1,6.300000000000001,0,0,0,0,Year 2009-2010
3001,489645,2009-12-01 16:34:00,2009-12-01,2009-12,20091201,79067,17191,United Kingdom,3,3.75,11.25,0,0,0,0,Year 2009-2010
3002,489645,2009-12-01 16:34:00,2009-12-01,2009-12,20091201,84533B,17191,United Kingdom,2,5.95,11.9,0,0,0,1,Year 2009-2010
3003,489645,2009-12-01 16:34:00,2009-12-01,2009-12,20091201,22173,17191,United Kingdom,4,2.95,11.8,0,0,0,0,Year 2009-2010
3004,489645,2009-12-01 16:34:00,2009-12-01,2009-12,20091201,84792,17191,United Kingdom,1,4.65,4.65,0,0,0,0,Year 2009-2010
3005,489645,2009-12-01 16:34:00,2009-12-01,2009-12,20091201,85123A,17191,United Kingdom,2,2.95,5.9,0,0,0,0,Year 2009-2010
3006,489645,2009-12-01 16:34:00,2009-12-01,2009-12,20091201,21272,17191,United Kingdom,2,1.25,2.5,0,0,0,0,Year 2009-2010
3007,489645,2009-12-01 16:34:00,2009-12-01,2009-12,20091201,21164,17191,United Kingdom,3,2.95,8.850000000000001,0,0,0,0,Year 2009-2010
3008,489645,2009-12-01 16:34:00,2009-12-01,2009-12,20091201,82551,17191,United Kingdom,2,1.25,2.5,0,0,0,0,Year 2009-2010
3009,489645,2009-12-01 16:34:00,2009-12-01,2009-12,20091201,84406B,17191,United Kingdom,2,3.25,6.5,0,0,0,1,Year 2009-2010
3010,489650,2009-12-01 16:44:00,2009-12-01,2009-12,20091201,21490,13748,United Kingdom,20,1.95,39.0,0,0,0,0,Year 2009-2010
3011,489650,2009-12-01 16:44:00,2009-12-01,2009-12,20091201,22086,13748,United Kingdom,12,2.95,35.400000000000006,0,0,0,0,Year 2009-2010
3012,489650,2009-12-01 16:44:00,2009-12-01,2009-12,20091201,22294,13748,United Kingdom,24,1.25,30.0,0,0,0,0,Year 2009-2010
3013,489650,2009-12-01 16:44:00,2009-12-01,2009-12,20091201,22212,13748,United Kingdom,6,2.1,12.600000000000001,0,0,0,0,Year 2009-2010
3014,489650,2009-12-01 16:44:00,2009-12-01,2009-12,20091201,22295,13748,United Kingdom,12,1.65,19.799999999999997,0,0,0,0,Year 2009-2010
3015,489650,2009-12-01 16:44:00,2009-12-01,2009-12,20091201,22214,13748,United Kingdom,6,2.55,15.299999999999999,0,0,0,0,Year 2009-2010
3016,489650,2009-12-01 16:44:00,2009-12-01,2009-12,20091201,85152,13748,United Kingdom,10,2.1,21.0,0,0,0,0,Year 2009-2010
3017,C489651,2009-12-01 16:48:00,2009-12-01,2009-12,20091201,M,17804,United Kingdom,-1,5.1,-5.1,1,1,0,1,Year 2009-2010
3018,489653,2009-12-01 17:08:00,2009-12-01,2009-12,20091201,72051S,,United Kingdom,2,0.42,0.84,0,0,1,0,Year 2009-2010
3019,489653,2009-12-01 17:08:00,2009-12-01,2009-12,20091201,90010E,,United Kingdom,1,8.95,8.95,0,0,1,0,Year 2009-2010
3020,489653,2009-12-01 17:08:00,2009-12-01,2009-12,20091201,90178A,,United Kingdom,1,11.95,11.95,0,0,1,0,Year 2009-2010
3021,489653,2009-12-01 17:08:00,2009-12-01,2009-12,20091201,84814B,,United Kingdom,1,1.95,1.95,0,0,1,1,Year 2009-2010
3022,489653,2009-12-01 17:08:00,2009-12-01,2009-12,20091201,21071,,United Kingdom,1,1.25,1.25,0,0,1,0,Year 2009-2010
3023,489653,2009-12-01 17:08:00,2009-12-01,2009-12,20091201,85036B,,United Kingdom,1,4.25,4.25,0,0,1,1,Year 2009-2010
3024,489653,2009-12-01 17:08:00,2009-12-01,2009-12,20091201,79328,,United Kingdom,1,1.65,1.65,0,0,1,0,Year 2009-2010
3025,489653,2009-12-01 17:08:00,2009-12-01,2009-12,20091201,21777,,United Kingdom,2,7.95,15.9,0,0,1,0,Year 2009-2010
3026,489653,2009-12-01 17:08:00,2009-12-01,2009-12,20091201,21490,,United Kingdom,1,1.95,1.95,0,0,1,0,Year 2009-2010
3027,489653,2009-12-01 17:08:00,2009-12-01,2009-12,20091201,22044,,United Kingdom,12,0.42,5.04,0,0,1,0,Year 2009-2010
3028,489653,2009-12-01 17:08:00,2009-12-01,2009-12,20091201,71477,,United Kingdom,1,3.25,3.25,0,0,1,0,Year 2009-2010
3029,489653,2009-12-01 17:08:00,2009-12-01,2009-12,20091201,18098C,,United Kingdom,1,2.95,2.95,0,0,1,0,Year 2009-2010
3030,489653,2009-12-01 17:08:00,2009-12-01,2009-12,20091201,85231B,,United Kingdom,1,0.85,0.85,0,0,1,1,Year 2009-2010
3031,489652,2009-12-01 17:08:00,2009-12-01,2009-12,20091201,22186,15265,United Kingdom,6,2.95,17.700000000000003,0,0,0,0,Year 2009-2010
3032,489652,2009-12-01 17:08:00,2009-12-01,2009-12,20091201,21349,15265,United Kingdom,2,6.75,13.5,0,0,0,0,Year 2009-2010
3033,489652,2009-12-01 17:08:00,2009-12-01,2009-12,20091201,85184C,15265,United Kingdom,6,2.95,17.700000000000003,0,0,0,0,Year 2009-2010
3034,489652,2009-12-01 17:08:00,2009-12-01,2009-12,20091201,21108,15265,United Kingdom,9,2.55,22.95,0,0,0,0,Year 2009-2010
3035,489652,2009-12-01 17:08:00,2009-12-01,2009-12,20091201,21556,15265,United Kingdom,6,2.55,15.299999999999999,0,0,0,0,Year 2009-2010
3036,489652,2009-12-01 17:08:00,2009-12-01,2009-12,20091201,22065,15265,United Kingdom,12,1.45,17.4,0,0,0,0,Year 2009-2010
3037,489652,2009-12-01 17:08:00,2009-12-01,2009-12,20091201,22139,15265,United Kingdom,3,4.95,14.850000000000001,0,0,0,0,Year 2009-2010
3038,489652,2009-12-01 17:08:00,2009-12-01,2009-12,20091201,21112,15265,United Kingdom,6,2.95,17.700000000000003,0,0,0,0,Year 2009-2010
3039,489652,2009-12-01 17:08:00,2009-12-01,2009-12,20091201,21111,15265,United Kingdom,6,2.95,17.700000000000003,0,0,0,0,Year 2009-2010
3040,489652,2009-12-01 17:08:00,2009-12-01,2009-12,20091201,37502,15265,United Kingdom,6,2.95,17.700000000000003,0,0,0,0,Year 2009-2010
3041,489652,2009-12-01 17:08:00,2009-12-01,2009-12,20091201,85041,15265,United Kingdom,12,1.65,19.799999999999997,0,0,0,0,Year 2009-2010
3042,489652,2009-12-01 17:08:00,2009-12-01,2009-12,20091201,85034A,15265,United Kingdom,4,4.25,17.0,0,0,0,0,Year 2009-2010
3043,489652,2009-12-01 17:08:00,2009-12-01,2009-12,20091201,72807A,15265,United Kingdom,4,4.25,17.0,0,0,0,0,Year 2009-2010
3044,489652,2009-12-01 17:08:00,2009-12-01,2009-12,20091201,21640,15265,United Kingdom,24,0.85,20.4,0,0,0,0,Year 2009-2010
3045,489652,2009-12-01 17:08:00,2009-12-01,2009-12,20091201,21642,15265,United Kingdom,24,0.85,20.4,0,0,0,0,Year 2009-2010
3046,489652,2009-12-01 17:08:00,2009-12-01,2009-12,20091201,21136,15265,United Kingdom,8,1.69,13.52,0,0,0,0,Year 2009-2010
3047,489652,2009-12-01 17:08:00,2009-12-01,2009-12,20091201,84879,15265,United Kingdom,8,1.69,13.52,0,0,0,0,Year 2009-2010
3048,489654,2009-12-01 17:19:00,2009-12-01,2009-12,20091201,20713,15750,United Kingdom,3,1.95,5.85,0,0,0,0,Year 2009-2010
3049,489654,2009-12-01 17:19:00,2009-12-01,2009-12,20091201,21931,15750,United Kingdom,3,1.95,5.85,0,0,0,0,Year 2009-2010
3050,489654,2009-12-01 17:19:00,2009-12-01,2009-12,20091201,85099F,15750,United Kingdom,3,1.95,5.85,0,0,0,0,Year 2009-2010
3051,489654,2009-12-01 17:19:00,2009-12-01,2009-12,20091201,20716,15750,United Kingdom,3,1.25,3.75,0,0,0,0,Year 2009-2010
3052,489654,2009-12-01 17:19:00,2009-12-01,2009-12,20091201,20730,15750,United Kingdom,3,1.25,3.75,0,0,0,0,Year 2009-2010
3053,489654,2009-12-01 17:19:00,2009-12-01,2009-12,20091201,20729,15750,United Kingdom,3,1.25,3.75,0,0,0,0,Year 2009-2010
3054,489654,2009-12-01 17:19:00,2009-12-01,2009-12,20091201,21181,15750,United Kingdom,7,2.1,14.700000000000001,0,0,0,0,Year 2009-2010
3055,489654,2009-12-01 17:19:00,2009-12-01,2009-12,20091201,22165,15750,United Kingdom,1,12.75,12.75,0,0,0,0,Year 2009-2010
3056,489654,2009-12-01 17:19:00,2009-12-01,2009-12,20091201,22167,15750,United Kingdom,1,9.95,9.95,0,0,0,0,Year 2009-2010
3057,489654,2009-12-01 17:19:00,2009-12-01,2009-12,20091201,37343,15750,United Kingdom,12,1.65,19.799999999999997,0,0,0,0,Year 2009-2010
3058,489654,2009-12-01 17:19:00,2009-12-01,2009-12,20091201,21535,15750,United Kingdom,2,2.55,5.1,0,0,0,0,Year 2009-2010
3059,489654,2009-12-01 17:19:00,2009-12-01,2009-12,20091201,21527,15750,United Kingdom,2,7.95,15.9,0,0,0,0,Year 2009-2010
3060,489654,2009-12-01 17:19:00,2009-12-01,2009-12,20091201,21986,15750,United Kingdom,6,0.29,1.7399999999999998,0,0,0,0,Year 2009-2010
3061,489654,2009-12-01 17:19:00,2009-12-01,2009-12,20091201,21980,15750,United Kingdom,6,0.29,1.7399999999999998,0,0,0,0,Year 2009-2010
3062,489654,2009-12-01 17:19:00,2009-12-01,2009-12,20091201,22109,15750,United Kingdom,2,3.75,7.5,0,0,0,0,Year 2009-2010
3063,489654,2009-12-01 17:19:00,2009-12-01,2009-12,20091201,82494L,15750,United Kingdom,6,2.95,17.700000000000003,0,0,0,0,Year 2009-2010
3064,489654,2009-12-01 17:19:00,2009-12-01,2009-12,20091201,84839,15750,United Kingdom,1,6.75,6.75,0,0,0,0,Year 2009-2010
3065,489654,2009-12-01 17:19:00,2009-12-01,2009-12,20091201,84508A,15750,United Kingdom,2,2.55,5.1,0,0,0,0,Year 2009-2010
3066,489654,2009-12-01 17:19:00,2009-12-01,2009-12,20091201,84670,15750,United Kingdom,12,0.42,5.04,0,0,0,0,Year 2009-2010
3067,489654,2009-12-01 17:19:00,2009-12-01,2009-12,20091201,22139,15750,United Kingdom,2,4.95,9.9,0,0,0,0,Year 2009-2010
3068,489654,2009-12-01 17:19:00,2009-12-01,2009-12,20091201,21212,15750,United Kingdom,6,0.55,3.3000000000000003,0,0,0,0,Year 2009-2010
3069,489654,2009-12-01 17:19:00,2009-12-01,2009-12,20091201,22231,15750,United Kingdom,4,1.45,5.8,0,0,0,0,Year 2009-2010
3070,489654,2009-12-01 17:19:00,2009-12-01,2009-12,20091201,10125,15750,United Kingdom,4,0.85,3.4,0,0,0,0,Year 2009-2010
3071,489654,2009-12-01 17:19:00,2009-12-01,2009-12,20091201,21025,15750,United Kingdom,2,1.25,2.5,0,0,0,0,Year 2009-2010
3072,489654,2009-12-01 17:19:00,2009-12-01,2009-12,20091201,21031,15750,United Kingdom,4,1.25,5.0,0,0,0,0,Year 2009-2010
3073,489654,2009-12-01 17:19:00,2009-12-01,2009-12,20091201,70007,15750,United Kingdom,4,1.65,6.6,0,0,0,0,Year 2009-2010
3074,489654,2009-12-01 17:19:00,2009-12-01,2009-12,20091201,22125,15750,United Kingdom,2,5.95,11.9,0,0,0,0,Year 2009-2010
3075,489654,2009-12-01 17:19:00,2009-12-01,2009-12,20091201,20886,15750,United Kingdom,3,1.95,5.85,0,0,0,0,Year 2009-2010
3076,489654,2009-12-01 17:19:00,2009-12-01,2009-12,20091201,21586,15750,United Kingdom,3,2.55,7.6499999999999995,0,0,0,0,Year 2009-2010
3077,489654,2009-12-01 17:19:00,2009-12-01,2009-12,20091201,21589,15750,United Kingdom,3,2.55,7.6499999999999995,0,0,0,0,Year 2009-2010
3078,489655,2009-12-01 17:26:00,2009-12-01,2009-12,20091201,20683,,United Kingdom,-44,0.0,-0.0,0,1,1,0,Year 2009-2010
3079,489656,2009-12-01 17:28:00,2009-12-01,2009-12,20091201,20770,17428,United Kingdom,18,2.55,45.9,0,0,0,0,Year 2009-2010
3080,489656,2009-12-01 17:28:00,2009-12-01,2009-12,20091201,22199,17428,United Kingdom,8,4.25,34.0,0,0,0,0,Year 2009-2010
3081,489656,2009-12-01 17:28:00,2009-12-01,2009-12,20091201,22023,17428,United Kingdom,12,0.42,5.04,0,0,0,0,Year 2009-2010
3082,489656,2009-12-01 17:28:00,2009-12-01,2009-12,20091201,71477,17428,United Kingdom,24,2.75,66.0,0,0,0,0,Year 2009-2010
3083,489657,2009-12-01 17:28:00,2009-12-01,2009-12,20091201,22349,17428,United Kingdom,4,3.75,15.0,0,0,0,0,Year 2009-2010
3084,489657,2009-12-01 17:28:00,2009-12-01,2009-12,20091201,22350,17428,United Kingdom,4,2.55,10.2,0,0,0,0,Year 2009-2010
3085,489657,2009-12-01 17:28:00,2009-12-01,2009-12,20091201,22294,17428,United Kingdom,24,1.25,30.0,0,0,0,0,Year 2009-2010
3086,489656,2009-12-01 17:28:00,2009-12-01,2009-12,20091201,16169D,17428,United Kingdom,25,0.42,10.5,0,0,0,1,Year 2009-2010
3087,489656,2009-12-01 17:28:00,2009-12-01,2009-12,20091201,85048,17428,United Kingdom,12,6.95,83.4,0,0,0,0,Year 2009-2010
3088,489656,2009-12-01 17:28:00,2009-12-01,2009-12,20091201,21732,17428,United Kingdom,16,3.39,54.24,0,0,0,0,Year 2009-2010
3089,489656,2009-12-01 17:28:00,2009-12-01,2009-12,20091201,85123A,17428,United Kingdom,32,2.55,81.6,0,0,0,0,Year 2009-2010
3090,489656,2009-12-01 17:28:00,2009-12-01,2009-12,20091201,21136,17428,United Kingdom,24,1.69,40.56,0,0,0,0,Year 2009-2010
3091,489656,2009-12-01 17:28:00,2009-12-01,2009-12,20091201,84879,17428,United Kingdom,24,1.69,40.56,0,0,0,0,Year 2009-2010
3092,489656,2009-12-01 17:28:00,2009-12-01,2009-12,20091201,79323P,17428,United Kingdom,48,5.45,261.6,0,0,0,0,Year 2009-2010
3093,489656,2009-12-01 17:28:00,2009-12-01,2009-12,20091201,79323W,17428,United Kingdom,48,5.45,261.6,0,0,0,0,Year 2009-2010
3094,489656,2009-12-01 17:28:00,2009-12-01,2009-12,20091201,21100,17428,United Kingdom,20,1.65,33.0,0,0,0,0,Year 2009-2010
3095,489656,2009-12-01 17:28:00,2009-12-01,2009-12,20091201,21839,17428,United Kingdom,6,5.45,32.7,0,0,0,0,Year 2009-2010
3096,489656,2009-12-01 17:28:00,2009-12-01,2009-12,20091201,21841,17428,United Kingdom,6,4.25,25.5,0,0,0,0,Year 2009-2010
3097,489656,2009-12-01 17:28:00,2009-12-01,2009-12,20091201,20777,17428,United Kingdom,12,1.65,19.799999999999997,0,0,0,0,Year 2009-2010
3098,489656,2009-12-01 17:28:00,2009-12-01,2009-12,20091201,20771,17428,United Kingdom,12,2.55,30.599999999999998,0,0,0,0,Year 2009-2010
3099,489656,2009-12-01 17:28:00,2009-12-01,2009-12,20091201,20767,17428,United Kingdom,6,2.55,15.299999999999999,0,0,0,0,Year 2009-2010
3100,489656,2009-12-01 17:28:00,2009-12-01,2009-12,20091201,20773,17428,United Kingdom,6,1.65,9.899999999999999,0,0,0,0,Year 2009-2010
3101,489656,2009-12-01 17:28:00,2009-12-01,2009-12,20091201,20774,17428,United Kingdom,12,1.65,19.799999999999997,0,0,0,0,Year 2009-2010
3102,489656,2009-12-01 17:28:00,2009-12-01,2009-12,20091201,20776,17428,United Kingdom,12,1.65,19.799999999999997,0,0,0,0,Year 2009-2010
3103,489656,2009-12-01 17:28:00,2009-12-01,2009-12,20091201,20768,17428,United Kingdom,18,2.55,45.9,0,0,0,0,Year 2009-2010
3104,489658,2009-12-01 17:31:00,2009-12-01,2009-12,20091201,21499,15485,United Kingdom,25,0.42,10.5,0,0,0,0,Year 2009-2010
3105,489658,2009-12-01 17:31:00,2009-12-01,2009-12,20091201,21498,15485,United Kingdom,50,0.42,21.0,0,0,0,0,Year 2009-2010
3106,489658,2009-12-01 17:31:00,2009-12-01,2009-12,20091201,15056BL,15485,United Kingdom,12,5.95,71.4,0,0,0,0,Year 2009-2010
3107,489658,2009-12-01 17:31:00,2009-12-01,2009-12,20091201,20679,15485,United Kingdom,12,5.95,71.4,0,0,0,0,Year 2009-2010
3108,489658,2009-12-01 17:31:00,2009-12-01,2009-12,20091201,15056N,15485,United Kingdom,12,5.95,71.4,0,0,0,0,Year 2009-2010
3109,489658,2009-12-01 17:31:00,2009-12-01,2009-12,20091201,72008,15485,United Kingdom,12,0.42,5.04,0,0,0,0,Year 2009-2010
3110,489658,2009-12-01 17:31:00,2009-12-01,2009-12,20091201,20886,15485,United Kingdom,24,1.95,46.8,0,0,0,0,Year 2009-2010
3111,489658,2009-12-01 17:31:00,2009-12-01,2009-12,20091201,22193,15485,United Kingdom,4,8.5,34.0,0,0,0,0,Year 2009-2010
3112,489658,2009-12-01 17:31:00,2009-12-01,2009-12,20091201,22191,15485,United Kingdom,3,8.5,25.5,0,0,0,0,Year 2009-2010
3113,489658,2009-12-01 17:31:00,2009-12-01,2009-12,20091201,82494L,15485,United Kingdom,6,2.95,17.700000000000003,0,0,0,0,Year 2009-2010
3114,489658,2009-12-01 17:31:00,2009-12-01,2009-12,20091201,22192,15485,United Kingdom,2,8.5,17.0,0,0,0,0,Year 2009-2010
3115,489658,2009-12-01 17:31:00,2009-12-01,2009-12,20091201,22115,15485,United Kingdom,12,2.95,35.400000000000006,0,0,0,0,Year 2009-2010
3116,489658,2009-12-01 17:31:00,2009-12-01,2009-12,20091201,82597,15485,United Kingdom,12,2.1,25.200000000000003,0,0,0,0,Year 2009-2010
3117,489658,2009-12-01 17:31:00,2009-12-01,2009-12,20091201,21912,15485,United Kingdom,9,3.75,33.75,0,0,0,0,Year 2009-2010
3118,489658,2009-12-01 17:31:00,2009-12-01,2009-12,20091201,21888,15485,United Kingdom,9,3.75,33.75,0,0,0,0,Year 2009-2010
3119,489658,2009-12-01 17:31:00,2009-12-01,2009-12,20091201,79323P,15485,United Kingdom,6,6.75,40.5,0,0,0,0,Year 2009-2010
3120,489658,2009-12-01 17:31:00,2009-12-01,2009-12,20091201,79323W,15485,United Kingdom,6,6.75,40.5,0,0,0,0,Year 2009-2010
3121,489658,2009-12-01 17:31:00,2009-12-01,2009-12,20091201,79323S,15485,United Kingdom,6,6.75,40.5,0,0,0,0,Year 2009-2010
3122,489658,2009-12-01 17:31:00,2009-12-01,2009-12,20091201,79323LP,15485,United Kingdom,6,6.75,40.5,0,0,0,0,Year 2009-2010
3123,489658,2009-12-01 17:31:00,2009-12-01,2009-12,20091201,85047,15485,United Kingdom,15,6.35,95.25,0,0,0,0,Year 2009-2010
3124,489658,2009-12-01 17:31:00,2009-12-01,2009-12,20091201,22194,15485,United Kingdom,6,8.5,51.0,0,0,0,0,Year 2009-2010
3125,489659,2009-12-01 17:39:00,2009-12-01,2009-12,20091201,21350,,United Kingdom,230,0.0,0.0,0,0,1,0,Year 2009-2010
3126,489660,2009-12-01 17:43:00,2009-12-01,2009-12,20091201,35956,,United Kingdom,-1043,0.0,-0.0,0,1,1,0,Year 2009-2010
3127,489661,2009-12-01 17:45:00,2009-12-01,2009-12,20091201,40016,17246,United Kingdom,24,0.42,10.08,0,0,0,0,Year 2009-2010
3128,489661,2009-12-01 17:45:00,2009-12-01,2009-12,20091201,15044B,17246,United Kingdom,1,2.95,2.95,0,0,0,1,Year 2009-2010
3129,489661,2009-12-01 17:45:00,2009-12-01,2009-12,20091201,15044D,17246,United Kingdom,2,2.95,5.9,0,0,0,1,Year 2009-2010
3130,489661,2009-12-01 17:45:00,2009-12-01,2009-12,20091201,15036,17246,United Kingdom,7,0.65,4.55,0,0,0,0,Year 2009-2010
3131,489662,2009-12-01 17:50:00,2009-12-01,2009-12,20091201,22086,15485,United Kingdom,25,2.95,73.75,0,0,0,0,Year 2009-2010
3132,489663,2009-12-01 18:02:00,2009-12-01,2009-12,20091201,35605A,,United Kingdom,-117,0.0,-0.0,0,1,1,0,Year 2009-2010
3133,489664,2009-12-01 18:03:00,2009-12-01,2009-12,20091201,21737,14061,United Kingdom,1,19.95,19.95,0,0,0,0,Year 2009-2010
3134,489664,2009-12-01 18:03:00,2009-12-01,2009-12,20091201,84814B,14061,United Kingdom,4,1.95,7.8,0,0,0,1,Year 2009-2010
3135,489664,2009-12-01 18:03:00,2009-12-01,2009-12,20091201,79323P,14061,United Kingdom,5,6.75,33.75,0,0,0,0,Year 2009-2010
3136,489664,2009-12-01 18:03:00,2009-12-01,2009-12,20091201,79341,14061,United Kingdom,5,6.75,33.75,0,0,0,0,Year 2009-2010
3137,489664,2009-12-01 18:03:00,2009-12-01,2009-12,20091201,79323GR,14061,United Kingdom,2,6.75,13.5,0,0,0,0,Year 2009-2010
3138,489664,2009-12-01 18:03:00,2009-12-01,2009-12,20091201,79323W,14061,United Kingdom,2,6.75,13.5,0,0,0,0,Year 2009-2010
3139,489664,2009-12-01 18:03:00,2009-12-01,2009-12,20091201,79323B,14061,United Kingdom,4,6.75,27.0,0,0,0,1,Year 2009-2010
3140,489664,2009-12-01 18:03:00,2009-12-01,2009-12,20091201,79323G,14061,United Kingdom,5,6.75,33.75,0,0,0,0,Year 2009-2010
3141,489664,2009-12-01 18:03:00,2009-12-01,2009-12,20091201,79323S,14061,United Kingdom,5,6.75,33.75,0,0,0,0,Year 2009-2010
3142,489664,2009-12-01 18:03:00,2009-12-01,2009-12,20091201,84360,14061,United Kingdom,12,4.65,55.800000000000004,0,0,0,0,Year 2009-2010
3143,489664,2009-12-01 18:03:00,2009-12-01,2009-12,20091201,84358,14061,United Kingdom,12,8.49,101.88,0,0,0,0,Year 2009-2010
3144,489665,2009-12-01 18:07:00,2009-12-01,2009-12,20091201,22101,14108,United Kingdom,36,1.85,66.60000000000001,0,0,0,0,Year 2009-2010
3145,489665,2009-12-01 18:07:00,2009-12-01,2009-12,20091201,22065,14108,United Kingdom,12,1.45,17.4,0,0,0,0,Year 2009-2010
3146,489665,2009-12-01 18:07:00,2009-12-01,2009-12,20091201,22349,14108,United Kingdom,6,3.75,22.5,0,0,0,0,Year 2009-2010
3147,489665,2009-12-01 18:07:00,2009-12-01,2009-12,20091201,22350,14108,United Kingdom,6,2.55,15.299999999999999,0,0,0,0,Year 2009-2010
3148,489665,2009-12-01 18:07:00,2009-12-01,2009-12,20091201,20870,14108,United Kingdom,18,1.25,22.5,0,0,0,0,Year 2009-2010
3149,489665,2009-12-01 18:07:00,2009-12-01,2009-12,20091201,85071B,14108,United Kingdom,6,2.95,17.700000000000003,0,0,0,1,Year 2009-2010
3150,489665,2009-12-01 18:07:00,2009-12-01,2009-12,20091201,85071A,14108,United Kingdom,6,2.95,17.700000000000003,0,0,0,0,Year 2009-2010
3151,489665,2009-12-01 18:07:00,2009-12-01,2009-12,20091201,22142,14108,United Kingdom,12,1.45,17.4,0,0,0,0,Year 2009-2010
3152,489665,2009-12-01 18:07:00,2009-12-01,2009-12,20091201,85123A,14108,United Kingdom,12,2.95,35.400000000000006,0,0,0,0,Year 2009-2010
3153,489665,2009-12-01 18:07:00,2009-12-01,2009-12,20091201,85174,14108,United Kingdom,4,4.95,19.8,0,0,0,0,Year 2009-2010
3154,489666,2009-12-01 18:13:00,2009-12-01,2009-12,20091201,22337,13648,United Kingdom,24,0.65,15.600000000000001,0,0,0,0,Year 2009-2010
3155,489666,2009-12-01 18:13:00,2009-12-01,2009-12,20091201,84920,13648,United Kingdom,4,3.75,15.0,0,0,0,0,Year 2009-2010
3156,489666,2009-12-01 18:13:00,2009-12-01,2009-12,20091201,20665,13648,United Kingdom,6,2.95,17.700000000000003,0,0,0,0,Year 2009-2010
3157,489666,2009-12-01 18:13:00,2009-12-01,2009-12,20091201,21826,13648,United Kingdom,12,1.25,15.0,0,0,0,0,Year 2009-2010
3158,489666,2009-12-01 18:13:00,2009-12-01,2009-12,20091201,21811,13648,United Kingdom,12,1.25,15.0,0,0,0,0,Year 2009-2010
3159,489666,2009-12-01 18:13:00,2009-12-01,2009-12,20091201,21805,13648,United Kingdom,36,0.42,15.12,0,0,0,0,Year 2009-2010
3160,489666,2009-12-01 18:13:00,2009-12-01,2009-12,20091201,21806,13648,United Kingdom,36,0.42,15.12,0,0,0,0,Year 2009-2010
3161,489666,2009-12-01 18:13:00,2009-12-01,2009-12,20091201,21411,13648,United Kingdom,3,4.25,12.75,0,0,0,0,Year 2009-2010
3162,489666,2009-12-01 18:13:00,2009-12-01,2009-12,20091201,84832,13648,United Kingdom,12,0.85,10.2,0,0,0,0,Year 2009-2010
3163,489666,2009-12-01 18:13:00,2009-12-01,2009-12,20091201,22114,13648,United Kingdom,4,3.95,15.8,0,0,0,0,Year 2009-2010
3164,489666,2009-12-01 18:13:00,2009-12-01,2009-12,20091201,22071,13648,United Kingdom,6,3.75,22.5,0,0,0,0,Year 2009-2010
3165,489666,2009-12-01 18:13:00,2009-12-01,2009-12,20091201,21039,13648,United Kingdom,6,2.55,15.299999999999999,0,0,0,0,Year 2009-2010
3166,489666,2009-12-01 18:13:00,2009-12-01,2009-12,20091201,20754,13648,United Kingdom,6,2.1,12.600000000000001,0,0,0,0,Year 2009-2010
3167,489666,2009-12-01 18:13:00,2009-12-01,2009-12,20091201,22297,13648,United Kingdom,24,1.25,30.0,0,0,0,0,Year 2009-2010
3168,489666,2009-12-01 18:13:00,2009-12-01,2009-12,20091201,85123A,13648,United Kingdom,12,2.95,35.400000000000006,0,0,0,0,Year 2009-2010
3169,489667,2009-12-01 18:35:00,2009-12-01,2009-12,20091201,21133,16563,United Kingdom,12,1.69,20.28,0,0,0,0,Year 2009-2010
3170,489667,2009-12-01 18:35:00,2009-12-01,2009-12,20091201,84879,16563,United Kingdom,24,1.69,40.56,0,0,0,0,Year 2009-2010
3171,489667,2009-12-01 18:35:00,2009-12-01,2009-12,20091201,16156S,16563,United Kingdom,25,0.42,10.5,0,0,0,0,Year 2009-2010
3172,489667,2009-12-01 18:35:00,2009-12-01,2009-12,20091201,20765,16563,United Kingdom,32,2.95,94.4,0,0,0,0,Year 2009-2010
3173,489667,2009-12-01 18:35:00,2009-12-01,2009-12,20091201,82001S,16563,United Kingdom,24,3.39,81.36,0,0,0,0,Year 2009-2010
3174,489667,2009-12-01 18:35:00,2009-12-01,2009-12,20091201,21137,16563,United Kingdom,24,3.39,81.36,0,0,0,0,Year 2009-2010
3175,489667,2009-12-01 18:35:00,2009-12-01,2009-12,20091201,22246,16563,United Kingdom,12,1.95,23.4,0,0,0,0,Year 2009-2010
3176,489667,2009-12-01 18:35:00,2009-12-01,2009-12,20091201,22187,16563,United Kingdom,24,3.75,90.0,0,0,0,0,Year 2009-2010
3177,489667,2009-12-01 18:35:00,2009-12-01,2009-12,20091201,85123A,16563,United Kingdom,32,2.55,81.6,0,0,0,0,Year 2009-2010
3178,489667,2009-12-01 18:35:00,2009-12-01,2009-12,20091201,84946,16563,United Kingdom,12,1.25,15.0,0,0,0,0,Year 2009-2010
3179,489668,2009-12-01 19:19:00,2009-12-01,2009-12,20091201,21493,16701,United Kingdom,24,0.85,20.4,0,0,0,0,Year 2009-2010
3180,489668,2009-12-01 19:19:00,2009-12-01,2009-12,20091201,20750,16701,United Kingdom,12,6.35,76.19999999999999,0,0,0,0,Year 2009-2010
3181,489668,2009-12-01 19:19:00,2009-12-01,2009-12,20091201,21868,16701,United Kingdom,24,1.25,30.0,0,0,0,0,Year 2009-2010
3182,489668,2009-12-01 19:19:00,2009-12-01,2009-12,20091201,22192,16701,United Kingdom,2,8.5,17.0,0,0,0,0,Year 2009-2010
3183,489668,2009-12-01 19:19:00,2009-12-01,2009-12,20091201,22193,16701,United Kingdom,4,8.5,34.0,0,0,0,0,Year 2009-2010
3184,489668,2009-12-01 19:19:00,2009-12-01,2009-12,20091201,21479,16701,United Kingdom,12,3.75,45.0,0,0,0,0,Year 2009-2010
3185,489668,2009-12-01 19:19:00,2009-12-01,2009-12,20091201,21490,16701,United Kingdom,48,1.65,79.19999999999999,0,0,0,0,Year 2009-2010
3186,489668,2009-12-01 19:19:00,2009-12-01,2009-12,20091201,21877,16701,United Kingdom,72,1.06,76.32000000000001,0,0,0,0,Year 2009-2010
3187,489669,2009-12-02 08:15:00,2009-12-02,2009-12,20091202,21733,12842,United Kingdom,24,2.95,70.80000000000001,0,0,0,0,Year 2009-2010
3188,489669,2009-12-02 08:15:00,2009-12-02,2009-12,20091202,84970S,12842,United Kingdom,24,0.85,20.4,0,0,0,0,Year 2009-2010
3189,489669,2009-12-02 08:15:00,2009-12-02,2009-12,20091202,22086,12842,United Kingdom,120,2.55,306.0,0,0,0,0,Year 2009-2010
3190,489670,2009-12-02 08:16:00,2009-12-02,2009-12,20091202,21527,14302,United Kingdom,4,7.95,31.8,0,0,0,0,Year 2009-2010
3191,489670,2009-12-02 08:16:00,2009-12-02,2009-12,20091202,22114,14302,United Kingdom,24,3.45,82.80000000000001,0,0,0,0,Year 2009-2010
3192,489671,2009-12-02 08:58:00,2009-12-02,2009-12,20091202,51008,14135,United Kingdom,50,3.45,172.5,0,0,0,0,Year 2009-2010
3193,489671,2009-12-02 08:58:00,2009-12-02,2009-12,20091202,21484,14135,United Kingdom,36,2.95,106.2,0,0,0,0,Year 2009-2010
3194,489671,2009-12-02 08:58:00,2009-12-02,2009-12,20091202,21212,14135,United Kingdom,120,0.42,50.4,0,0,0,0,Year 2009-2010
3195,489671,2009-12-02 08:58:00,2009-12-02,2009-12,20091202,21975,14135,United Kingdom,120,0.42,50.4,0,0,0,0,Year 2009-2010
3196,489671,2009-12-02 08:58:00,2009-12-02,2009-12,20091202,21977,14135,United Kingdom,120,0.42,50.4,0,0,0,0,Year 2009-2010
3197,489671,2009-12-02 08:58:00,2009-12-02,2009-12,20091202,84992,14135,United Kingdom,120,0.42,50.4,0,0,0,0,Year 2009-2010
3198,489671,2009-12-02 08:58:00,2009-12-02,2009-12,20091202,21543,14135,United Kingdom,200,0.65,130.0,0,0,0,0,Year 2009-2010
3199,489671,2009-12-02 08:58:00,2009-12-02,2009-12,20091202,21541,14135,United Kingdom,200,0.65,130.0,0,0,0,0,Year 2009-2010
3200,489672,2009-12-02 09:21:00,2009-12-02,2009-12,20091202,20676,14831,United Kingdom,16,1.25,20.0,0,0,0,0,Year 2009-2010
3201,489672,2009-12-02 09:21:00,2009-12-02,2009-12,20091202,21241,14831,United Kingdom,16,0.85,13.6,0,0,0,0,Year 2009-2010
3202,489672,2009-12-02 09:21:00,2009-12-02,2009-12,20091202,21238,14831,United Kingdom,16,0.85,13.6,0,0,0,0,Year 2009-2010
3203,489672,2009-12-02 09:21:00,2009-12-02,2009-12,20091202,21485,14831,United Kingdom,6,4.95,29.700000000000003,0,0,0,0,Year 2009-2010
3204,489672,2009-12-02 09:21:00,2009-12-02,2009-12,20091202,84997B,14831,United Kingdom,6,3.75,22.5,0,0,0,1,Year 2009-2010
3205,489672,2009-12-02 09:21:00,2009-12-02,2009-12,20091202,84997A,14831,United Kingdom,6,3.75,22.5,0,0,0,0,Year 2009-2010
3206,489672,2009-12-02 09:21:00,2009-12-02,2009-12,20091202,21975,14831,United Kingdom,24,0.55,13.200000000000001,0,0,0,0,Year 2009-2010
3207,489672,2009-12-02 09:21:00,2009-12-02,2009-12,20091202,22138,14831,United Kingdom,3,4.95,14.850000000000001,0,0,0,0,Year 2009-2010
3208,489672,2009-12-02 09:21:00,2009-12-02,2009-12,20091202,21396,14831,United Kingdom,12,1.25,15.0,0,0,0,0,Year 2009-2010
3209,489672,2009-12-02 09:21:00,2009-12-02,2009-12,20091202,21086,14831,United Kingdom,12,0.65,7.800000000000001,0,0,0,0,Year 2009-2010
3210,489672,2009-12-02 09:21:00,2009-12-02,2009-12,20091202,21094,14831,United Kingdom,12,0.85,10.2,0,0,0,0,Year 2009-2010
3211,489672,2009-12-02 09:21:00,2009-12-02,2009-12,20091202,21843,14831,United Kingdom,6,10.95,65.69999999999999,0,0,0,0,Year 2009-2010
3212,489672,2009-12-02 09:21:00,2009-12-02,2009-12,20091202,21539,14831,United Kingdom,3,4.95,14.850000000000001,0,0,0,0,Year 2009-2010
3213,489672,2009-12-02 09:21:00,2009-12-02,2009-12,20091202,21535,14831,United Kingdom,6,2.55,15.299999999999999,0,0,0,0,Year 2009-2010
3214,489672,2009-12-02 09:21:00,2009-12-02,2009-12,20091202,21527,14831,United Kingdom,4,7.95,31.8,0,0,0,0,Year 2009-2010
3215,489672,2009-12-02 09:21:00,2009-12-02,2009-12,20091202,21218,14831,United Kingdom,6,3.75,22.5,0,0,0,0,Year 2009-2010
3216,489672,2009-12-02 09:21:00,2009-12-02,2009-12,20091202,21217,14831,United Kingdom,4,9.95,39.8,0,0,0,0,Year 2009-2010
3217,489672,2009-12-02 09:21:00,2009-12-02,2009-12,20091202,21216,14831,United Kingdom,4,4.95,19.8,0,0,0,0,Year 2009-2010
3218,489672,2009-12-02 09:21:00,2009-12-02,2009-12,20091202,21212,14831,United Kingdom,48,0.55,26.400000000000002,0,0,0,0,Year 2009-2010
3219,489672,2009-12-02 09:21:00,2009-12-02,2009-12,20091202,20913,14831,United Kingdom,6,2.95,17.700000000000003,0,0,0,0,Year 2009-2010
3220,489672,2009-12-02 09:21:00,2009-12-02,2009-12,20091202,20914,14831,United Kingdom,6,2.95,17.700000000000003,0,0,0,0,Year 2009-2010
3221,489672,2009-12-02 09:21:00,2009-12-02,2009-12,20091202,47591D,14831,United Kingdom,8,1.95,15.6,0,0,0,1,Year 2009-2010
3222,489672,2009-12-02 09:21:00,2009-12-02,2009-12,20091202,84992,14831,United Kingdom,24,0.55,13.200000000000001,0,0,0,0,Year 2009-2010
3223,489672,2009-12-02 09:21:00,2009-12-02,2009-12,20091202,21977,14831,United Kingdom,24,0.55,13.200000000000001,0,0,0,0,Year 2009-2010
3224,489672,2009-12-02 09:21:00,2009-12-02,2009-12,20091202,21107,14831,United Kingdom,12,2.95,35.400000000000006,0,0,0,0,Year 2009-2010
3225,489672,2009-12-02 09:21:00,2009-12-02,2009-12,20091202,79072,14831,United Kingdom,4,9.95,39.8,0,0,0,0,Year 2009-2010
3226,489672,2009-12-02 09:21:00,2009-12-02,2009-12,20091202,84510B,14831,United Kingdom,10,1.25,12.5,0,0,0,1,Year 2009-2010
3227,489672,2009-12-02 09:21:00,2009-12-02,2009-12,20091202,84509B,14831,United Kingdom,4,3.75,15.0,0,0,0,1,Year 2009-2010
3228,489672,2009-12-02 09:21:00,2009-12-02,2009-12,20091202,84991,14831,United Kingdom,72,0.55,39.6,0,0,0,0,Year 2009-2010
3229,489672,2009-12-02 09:21:00,2009-12-02,2009-12,20091202,84987,14831,United Kingdom,24,1.45,34.8,0,0,0,0,Year 2009-2010
3230,489672,2009-12-02 09:21:00,2009-12-02,2009-12,20091202,37503,14831,United Kingdom,8,10.75,86.0,0,0,0,0,Year 2009-2010
3231,489672,2009-12-02 09:21:00,2009-12-02,2009-12,20091202,72741,14831,United Kingdom,9,1.45,13.049999999999999,0,0,0,0,Year 2009-2010
3232,489673,2009-12-02 09:23:00,2009-12-02,2009-12,20091202,22195,14831,United Kingdom,12,1.65,19.799999999999997,0,0,0,0,Year 2009-2010
3233,489673,2009-12-02 09:23:00,2009-12-02,2009-12,20091202,21658,14831,United Kingdom,4,3.95,15.8,0,0,0,0,Year 2009-2010
3234,489673,2009-12-02 09:23:00,2009-12-02,2009-12,20091202,22197,14831,United Kingdom,12,0.85,10.2,0,0,0,0,Year 2009-2010
3235,489673,2009-12-02 09:23:00,2009-12-02,2009-12,20091202,21531,14831,United Kingdom,6,2.55,15.299999999999999,0,0,0,0,Year 2009-2010
3236,489674,2009-12-02 09:35:00,2009-12-02,2009-12,20091202,22336,15602,United Kingdom,24,0.65,15.600000000000001,0,0,0,0,Year 2009-2010
3237,489674,2009-12-02 09:35:00,2009-12-02,2009-12,20091202,22339,15602,United Kingdom,24,0.65,15.600000000000001,0,0,0,0,Year 2009-2010
3238,489674,2009-12-02 09:35:00,2009-12-02,2009-12,20091202,22338,15602,United Kingdom,24,0.65,15.600000000000001,0,0,0,0,Year 2009-2010
3239,489674,2009-12-02 09:35:00,2009-12-02,2009-12,20091202,22335,15602,United Kingdom,24,0.65,15.600000000000001,0,0,0,0,Year 2009-2010
3240,489674,2009-12-02 09:35:00,2009-12-02,2009-12,20091202,21811,15602,United Kingdom,12,1.25,15.0,0,0,0,0,Year 2009-2010
3241,489674,2009-12-02 09:35:00,2009-12-02,2009-12,20091202,21809,15602,United Kingdom,12,1.25,15.0,0,0,0,0,Year 2009-2010
3242,489674,2009-12-02 09:35:00,2009-12-02,2009-12,20091202,21810,15602,United Kingdom,12,1.25,15.0,0,0,0,0,Year 2009-2010
3243,489674,2009-12-02 09:35:00,2009-12-02,2009-12,20091202,21351,15602,United Kingdom,6,6.75,40.5,0,0,0,0,Year 2009-2010
3244,489674,2009-12-02 09:35:00,2009-12-02,2009-12,20091202,21349,15602,United Kingdom,2,6.75,13.5,0,0,0,0,Year 2009-2010
3245,489674,2009-12-02 09:35:00,2009-12-02,2009-12,20091202,22153,15602,United Kingdom,48,0.42,20.16,0,0,0,0,Year 2009-2010
3246,489674,2009-12-02 09:35:00,2009-12-02,2009-12,20091202,85112,15602,United Kingdom,12,1.25,15.0,0,0,0,0,Year 2009-2010
3247,489674,2009-12-02 09:35:00,2009-12-02,2009-12,20091202,84832,15602,United Kingdom,12,0.85,10.2,0,0,0,0,Year 2009-2010
3248,489674,2009-12-02 09:35:00,2009-12-02,2009-12,20091202,84970S,15602,United Kingdom,12,0.85,10.2,0,0,0,0,Year 2009-2010
3249,489674,2009-12-02 09:35:00,2009-12-02,2009-12,20091202,85123A,15602,United Kingdom,6,2.95,17.700000000000003,0,0,0,0,Year 2009-2010
3250,489674,2009-12-02 09:35:00,2009-12-02,2009-12,20091202,22178,15602,United Kingdom,12,1.25,15.0,0,0,0,0,Year 2009-2010
3251,489674,2009-12-02 09:35:00,2009-12-02,2009-12,20091202,79534,15602,United Kingdom,12,0.55,6.6000000000000005,0,0,0,0,Year 2009-2010
3252,489674,2009-12-02 09:35:00,2009-12-02,2009-12,20091202,35594,15602,United Kingdom,12,0.42,5.04,0,0,0,0,Year 2009-2010
3253,489675,2009-12-02 09:47:00,2009-12-02,2009-12,20091202,21842,13777,United Kingdom,48,2.1,100.80000000000001,0,0,0,0,Year 2009-2010
3254,489675,2009-12-02 09:47:00,2009-12-02,2009-12,20091202,15056BL,13777,United Kingdom,240,4.6,1104.0,0,0,0,0,Year 2009-2010
3255,489675,2009-12-02 09:47:00,2009-12-02,2009-12,20091202,21864,13777,United Kingdom,48,1.69,81.12,0,0,0,0,Year 2009-2010
3256,489675,2009-12-02 09:47:00,2009-12-02,2009-12,20091202,84050,13777,United Kingdom,120,1.25,150.0,0,0,0,0,Year 2009-2010
3257,489675,2009-12-02 09:47:00,2009-12-02,2009-12,20091202,84029E,13777,United Kingdom,168,2.95,495.6,0,0,0,0,Year 2009-2010
3258,489675,2009-12-02 09:47:00,2009-12-02,2009-12,20091202,20971,13777,United Kingdom,240,1.06,254.4,0,0,0,0,Year 2009-2010
3259,489675,2009-12-02 09:47:00,2009-12-02,2009-12,20091202,82615,13777,United Kingdom,48,2.55,122.39999999999999,0,0,0,0,Year 2009-2010
3260,489675,2009-12-02 09:47:00,2009-12-02,2009-12,20091202,20679,13777,United Kingdom,120,4.6,552.0,0,0,0,0,Year 2009-2010
3261,489675,2009-12-02 09:47:00,2009-12-02,2009-12,20091202,21354,13777,United Kingdom,12,1.05,12.600000000000001,0,0,0,0,Year 2009-2010
3262,489675,2009-12-02 09:47:00,2009-12-02,2009-12,20091202,22095,13777,United Kingdom,60,1.25,75.0,0,0,0,0,Year 2009-2010
3263,489675,2009-12-02 09:47:00,2009-12-02,2009-12,20091202,72023F,13777,United Kingdom,96,0.85,81.6,0,0,0,0,Year 2009-2010
3264,489675,2009-12-02 09:47:00,2009-12-02,2009-12,20091202,85038,13777,United Kingdom,48,1.69,81.12,0,0,0,0,Year 2009-2010
3265,489675,2009-12-02 09:47:00,2009-12-02,2009-12,20091202,20934,13777,United Kingdom,16,4.95,79.2,0,0,0,0,Year 2009-2010
3266,489675,2009-12-02 09:47:00,2009-12-02,2009-12,20091202,21107,13777,United Kingdom,48,2.55,122.39999999999999,0,0,0,0,Year 2009-2010
3267,489675,2009-12-02 09:47:00,2009-12-02,2009-12,20091202,85099B,13777,United Kingdom,60,1.65,99.0,0,0,0,1,Year 2009-2010
3268,489675,2009-12-02 09:47:00,2009-12-02,2009-12,20091202,85123A,13777,United Kingdom,64,2.55,163.2,0,0,0,0,Year 2009-2010
3269,489675,2009-12-02 09:47:00,2009-12-02,2009-12,20091202,20727,13777,United Kingdom,50,1.45,72.5,0,0,0,0,Year 2009-2010
3270,489675,2009-12-02 09:47:00,2009-12-02,2009-12,20091202,22041,13777,United Kingdom,240,2.1,504.0,0,0,0,0,Year 2009-2010
3271,489675,2009-12-02 09:47:00,2009-12-02,2009-12,20091202,21610,13777,United Kingdom,48,2.55,122.39999999999999,0,0,0,0,Year 2009-2010
3272,489675,2009-12-02 09:47:00,2009-12-02,2009-12,20091202,85174,13777,United Kingdom,48,4.25,204.0,0,0,0,0,Year 2009-2010
3273,489675,2009-12-02 09:47:00,2009-12-02,2009-12,20091202,72802A,13777,United Kingdom,48,3.81,182.88,0,0,0,0,Year 2009-2010
3274,489675,2009-12-02 09:47:00,2009-12-02,2009-12,20091202,35004C,13777,United Kingdom,60,4.65,279.0,0,0,0,0,Year 2009-2010
3275,489676,2009-12-02 09:49:00,2009-12-02,2009-12,20091202,22095,13777,United Kingdom,120,1.25,150.0,0,0,0,0,Year 2009-2010
3276,489676,2009-12-02 09:49:00,2009-12-02,2009-12,20091202,72023F,13777,United Kingdom,240,0.85,204.0,0,0,0,0,Year 2009-2010
3277,489676,2009-12-02 09:49:00,2009-12-02,2009-12,20091202,21864,13777,United Kingdom,120,1.69,202.79999999999998,0,0,0,0,Year 2009-2010
3278,489676,2009-12-02 09:49:00,2009-12-02,2009-12,20091202,21107,13777,United Kingdom,120,2.55,306.0,0,0,0,0,Year 2009-2010
3279,489676,2009-12-02 09:49:00,2009-12-02,2009-12,20091202,85220,13777,United Kingdom,240,1.45,348.0,0,0,0,0,Year 2009-2010
3280,489677,2009-12-02 09:50:00,2009-12-02,2009-12,20091202,21341,14000,United Kingdom,24,4.25,102.0,0,0,0,0,Year 2009-2010
3281,489677,2009-12-02 09:50:00,2009-12-02,2009-12,20091202,21323,14000,United Kingdom,24,3.75,90.0,0,0,0,0,Year 2009-2010
3282,489678,2009-12-02 09:57:00,2009-12-02,2009-12,20091202,22023,16823,United Kingdom,1,0.42,0.42,0,0,0,0,Year 2009-2010
3283,489678,2009-12-02 09:57:00,2009-12-02,2009-12,20091202,22030,16823,United Kingdom,12,0.42,5.04,0,0,0,0,Year 2009-2010
3284,489678,2009-12-02 09:57:00,2009-12-02,2009-12,20091202,21504,16823,United Kingdom,12,0.42,5.04,0,0,0,0,Year 2009-2010
3285,489678,2009-12-02 09:57:00,2009-12-02,2009-12,20091202,21340,16823,United Kingdom,1,12.75,12.75,0,0,0,0,Year 2009-2010
3286,489678,2009-12-02 09:57:00,2009-12-02,2009-12,20091202,21347,16823,United Kingdom,4,5.95,23.8,0,0,0,0,Year 2009-2010
3287,489678,2009-12-02 09:57:00,2009-12-02,2009-12,20091202,22076,16823,United Kingdom,3,1.65,4.949999999999999,0,0,0,0,Year 2009-2010
3288,489678,2009-12-02 09:57:00,2009-12-02,2009-12,20091202,85049E,16823,United Kingdom,5,1.25,6.25,0,0,0,0,Year 2009-2010
3289,489678,2009-12-02 09:57:00,2009-12-02,2009-12,20091202,21493,16823,United Kingdom,8,0.85,6.8,0,0,0,0,Year 2009-2010
3290,489678,2009-12-02 09:57:00,2009-12-02,2009-12,20091202,22082,16823,United Kingdom,2,1.65,3.3,0,0,0,0,Year 2009-2010
3291,489678,2009-12-02 09:57:00,2009-12-02,2009-12,20091202,84347,16823,United Kingdom,19,2.55,48.449999999999996,0,0,0,0,Year 2009-2010
3292,489678,2009-12-02 09:57:00,2009-12-02,2009-12,20091202,21122,16823,United Kingdom,1,1.25,1.25,0,0,0,0,Year 2009-2010
3293,489678,2009-12-02 09:57:00,2009-12-02,2009-12,20091202,21126,16823,United Kingdom,1,1.25,1.25,0,0,0,0,Year 2009-2010
3294,489678,2009-12-02 09:57:00,2009-12-02,2009-12,20091202,22349,16823,United Kingdom,1,3.75,3.75,0,0,0,0,Year 2009-2010
3295,489678,2009-12-02 09:57:00,2009-12-02,2009-12,20091202,22079,16823,United Kingdom,4,1.65,6.6,0,0,0,0,Year 2009-2010
3296,489678,2009-12-02 09:57:00,2009-12-02,2009-12,20091202,21490,16823,United Kingdom,3,1.95,5.85,0,0,0,0,Year 2009-2010
3297,489678,2009-12-02 09:57:00,2009-12-02,2009-12,20091202,22303,16823,United Kingdom,6,2.55,15.299999999999999,0,0,0,0,Year 2009-2010
3298,489678,2009-12-02 09:57:00,2009-12-02,2009-12,20091202,22118,16823,United Kingdom,2,4.95,9.9,0,0,0,0,Year 2009-2010
3299,489678,2009-12-02 09:57:00,2009-12-02,2009-12,20091202,84947,16823,United Kingdom,6,1.25,7.5,0,0,0,0,Year 2009-2010
3300,489678,2009-12-02 09:57:00,2009-12-02,2009-12,20091202,84946,16823,United Kingdom,6,1.25,7.5,0,0,0,0,Year 2009-2010
3301,489678,2009-12-02 09:57:00,2009-12-02,2009-12,20091202,21016,16823,United Kingdom,16,0.85,13.6,0,0,0,0,Year 2009-2010
3302,489679,2009-12-02 10:00:00,2009-12-02,2009-12,20091202,21527,16163,United Kingdom,2,7.95,15.9,0,0,0,0,Year 2009-2010
3303,489679,2009-12-02 10:00:00,2009-12-02,2009-12,20091202,21733,16163,United Kingdom,6,2.95,17.700000000000003,0,0,0,0,Year 2009-2010
3304,489679,2009-12-02 10:00:00,2009-12-02,2009-12,20091202,21843,16163,United Kingdom,1,10.95,10.95,0,0,0,0,Year 2009-2010
3305,489679,2009-12-02 10:00:00,2009-12-02,2009-12,20091202,20692,16163,United Kingdom,3,4.25,12.75,0,0,0,0,Year 2009-2010
3306,489679,2009-12-02 10:00:00,2009-12-02,2009-12,20091202,22184,16163,United Kingdom,2,8.5,17.0,0,0,0,0,Year 2009-2010
3307,489679,2009-12-02 10:00:00,2009-12-02,2009-12,20091202,21107,16163,United Kingdom,18,2.95,53.1,0,0,0,0,Year 2009-2010
3308,489679,2009-12-02 10:00:00,2009-12-02,2009-12,20091202,85232B,16163,United Kingdom,6,4.95,29.700000000000003,0,0,0,1,Year 2009-2010
3309,489679,2009-12-02 10:00:00,2009-12-02,2009-12,20091202,22353,16163,United Kingdom,6,2.55,15.299999999999999,0,0,0,0,Year 2009-2010
3310,489679,2009-12-02 10:00:00,2009-12-02,2009-12,20091202,22086,16163,United Kingdom,6,2.95,17.700000000000003,0,0,0,0,Year 2009-2010
3311,489679,2009-12-02 10:00:00,2009-12-02,2009-12,20091202,22169,16163,United Kingdom,2,8.5,17.0,0,0,0,0,Year 2009-2010
3312,489679,2009-12-02 10:00:00,2009-12-02,2009-12,20091202,21537,16163,United Kingdom,4,4.25,17.0,0,0,0,0,Year 2009-2010
3313,489679,2009-12-02 10:00:00,2009-12-02,2009-12,20091202,71459,16163,United Kingdom,12,0.85,10.2,0,0,0,0,Year 2009-2010
3314,489679,2009-12-02 10:00:00,2009-12-02,2009-12,20091202,21299,16163,United Kingdom,1,12.75,12.75,0,0,0,0,Year 2009-2010
3315,489679,2009-12-02 10:00:00,2009-12-02,2009-12,20091202,21578,16163,United Kingdom,12,2.25,27.0,0,0,0,0,Year 2009-2010
3316,489679,2009-12-02 10:00:00,2009-12-02,2009-12,20091202,84371,16163,United Kingdom,1,19.95,19.95,0,0,0,0,Year 2009-2010
3317,489679,2009-12-02 10:00:00,2009-12-02,2009-12,20091202,21080,16163,United Kingdom,12,0.85,10.2,0,0,0,0,Year 2009-2010
3318,489679,2009-12-02 10:00:00,2009-12-02,2009-12,20091202,21734,16163,United Kingdom,4,3.75,15.0,0,0,0,0,Year 2009-2010
3319,489679,2009-12-02 10:00:00,2009-12-02,2009-12,20091202,84879,16163,United Kingdom,8,1.69,13.52,0,0,0,0,Year 2009-2010
3320,489679,2009-12-02 10:00:00,2009-12-02,2009-12,20091202,20685,16163,United Kingdom,6,6.75,40.5,0,0,0,0,Year 2009-2010
3321,489679,2009-12-02 10:00:00,2009-12-02,2009-12,20091202,22138,16163,United Kingdom,3,4.95,14.850000000000001,0,0,0,0,Year 2009-2010
3322,489679,2009-12-02 10:00:00,2009-12-02,2009-12,20091202,82483,16163,United Kingdom,3,5.95,17.85,0,0,0,0,Year 2009-2010
3323,489679,2009-12-02 10:00:00,2009-12-02,2009-12,20091202,22181,16163,United Kingdom,12,0.85,10.2,0,0,0,0,Year 2009-2010
3324,489679,2009-12-02 10:00:00,2009-12-02,2009-12,20091202,22139,16163,United Kingdom,12,4.95,59.400000000000006,0,0,0,0,Year 2009-2010
3325,489679,2009-12-02 10:00:00,2009-12-02,2009-12,20091202,22134,16163,United Kingdom,24,0.42,10.08,0,0,0,0,Year 2009-2010
3326,489679,2009-12-02 10:00:00,2009-12-02,2009-12,20091202,35979,16163,United Kingdom,12,2.95,35.400000000000006,0,0,0,0,Year 2009-2010
3327,489679,2009-12-02 10:00:00,2009-12-02,2009-12,20091202,21754,16163,United Kingdom,3,5.95,17.85,0,0,0,0,Year 2009-2010
3328,489679,2009-12-02 10:00:00,2009-12-02,2009-12,20091202,21448,16163,United Kingdom,12,1.65,19.799999999999997,0,0,0,0,Year 2009-2010
3329,489679,2009-12-02 10:00:00,2009-12-02,2009-12,20091202,22322,16163,United Kingdom,12,0.85,10.2,0,0,0,0,Year 2009-2010
3330,489679,2009-12-02 10:00:00,2009-12-02,2009-12,20091202,85048,16163,United Kingdom,6,7.95,47.7,0,0,0,0,Year 2009-2010
3331,489679,2009-12-02 10:00:00,2009-12-02,2009-12,20091202,22321,16163,United Kingdom,12,0.85,10.2,0,0,0,0,Year 2009-2010
3332,489679,2009-12-02 10:00:00,2009-12-02,2009-12,20091202,22030,16163,United Kingdom,12,0.42,5.04,0,0,0,0,Year 2009-2010
3333,489679,2009-12-02 10:00:00,2009-12-02,2009-12,20091202,22027,16163,United Kingdom,12,0.42,5.04,0,0,0,0,Year 2009-2010
3334,489679,2009-12-02 10:00:00,2009-12-02,2009-12,20091202,21440,16163,United Kingdom,12,1.25,15.0,0,0,0,0,Year 2009-2010
3335,489679,2009-12-02 10:00:00,2009-12-02,2009-12,20091202,84795C,16163,United Kingdom,2,7.95,15.9,0,0,0,0,Year 2009-2010
3336,489679,2009-12-02 10:00:00,2009-12-02,2009-12,20091202,21304,16163,United Kingdom,1,12.75,12.75,0,0,0,0,Year 2009-2010
3337,489679,2009-12-02 10:00:00,2009-12-02,2009-12,20091202,85123A,16163,United Kingdom,6,2.95,17.700000000000003,0,0,0,0,Year 2009-2010
3338,489679,2009-12-02 10:00:00,2009-12-02,2009-12,20091202,21259,16163,United Kingdom,2,5.95,11.9,0,0,0,0,Year 2009-2010
3339,489679,2009-12-02 10:00:00,2009-12-02,2009-12,20091202,21258,16163,United Kingdom,1,12.75,12.75,0,0,0,0,Year 2009-2010
3340,489679,2009-12-02 10:00:00,2009-12-02,2009-12,20091202,21485,16163,United Kingdom,3,4.95,14.850000000000001,0,0,0,0,Year 2009-2010
3341,489679,2009-12-02 10:00:00,2009-12-02,2009-12,20091202,85014B,16163,United Kingdom,3,5.95,17.85,0,0,0,1,Year 2009-2010
3342,489679,2009-12-02 10:00:00,2009-12-02,2009-12,20091202,21735,16163,United Kingdom,2,12.75,25.5,0,0,0,0,Year 2009-2010
3343,489679,2009-12-02 10:00:00,2009-12-02,2009-12,20091202,21752,16163,United Kingdom,1,14.95,14.95,0,0,0,0,Year 2009-2010
3344,489681,2009-12-02 10:02:00,2009-12-02,2009-12,20091202,35649,17998,United Kingdom,2,3.35,6.7,0,0,0,0,Year 2009-2010
3345,489681,2009-12-02 10:02:00,2009-12-02,2009-12,20091202,35646,17998,United Kingdom,2,4.25,8.5,0,0,0,0,Year 2009-2010
3346,489681,2009-12-02 10:02:00,2009-12-02,2009-12,20091202,35651,17998,United Kingdom,1,7.95,7.95,0,0,0,0,Year 2009-2010
3347,489681,2009-12-02 10:02:00,2009-12-02,2009-12,20091202,35648,17998,United Kingdom,1,2.95,2.95,0,0,0,0,Year 2009-2010
3348,489681,2009-12-02 10:02:00,2009-12-02,2009-12,20091202,84670,17998,United Kingdom,36,0.42,15.12,0,0,0,0,Year 2009-2010
3349,489681,2009-12-02 10:02:00,2009-12-02,2009-12,20091202,21829,17998,United Kingdom,72,0.21,15.12,0,0,0,0,Year 2009-2010
3350,489681,2009-12-02 10:02:00,2009-12-02,2009-12,20091202,84270,17998,United Kingdom,30,0.21,6.3,0,0,0,0,Year 2009-2010
3351,489681,2009-12-02 10:02:00,2009-12-02,2009-12,20091202,85227,17998,United Kingdom,12,0.85,10.2,0,0,0,0,Year 2009-2010
3352,489681,2009-12-02 10:02:00,2009-12-02,2009-12,20091202,85226C,17998,United Kingdom,11,0.55,6.050000000000001,0,0,0,0,Year 2009-2010
3353,489681,2009-12-02 10:02:00,2009-12-02,2009-12,20091202,16212,17998,United Kingdom,15,0.65,9.75,0,0,0,0,Year 2009-2010
3354,489681,2009-12-02 10:02:00,2009-12-02,2009-12,20091202,21034,17998,United Kingdom,1,0.95,0.95,0,0,0,0,Year 2009-2010
3355,489680,2009-12-02 10:02:00,2009-12-02,2009-12,20091202,21889,17193,United Kingdom,36,1.25,45.0,0,0,0,0,Year 2009-2010
3356,489682,2009-12-02 10:08:00,2009-12-02,2009-12,20091202,22121,15759,United Kingdom,3,5.95,17.85,0,0,0,0,Year 2009-2010
3357,489682,2009-12-02 10:08:00,2009-12-02,2009-12,20091202,22138,15759,United Kingdom,6,4.95,29.700000000000003,0,0,0,0,Year 2009-2010
3358,489682,2009-12-02 10:08:00,2009-12-02,2009-12,20091202,22273,15759,United Kingdom,6,2.95,17.700000000000003,0,0,0,0,Year 2009-2010
3359,489682,2009-12-02 10:08:00,2009-12-02,2009-12,20091202,84568,15759,United Kingdom,288,0.21,60.48,0,0,0,0,Year 2009-2010
3360,489683,2009-12-02 10:09:00,2009-12-02,2009-12,20091202,48116,16131,United Kingdom,2,6.75,13.5,0,0,0,0,Year 2009-2010
3361,489683,2009-12-02 10:09:00,2009-12-02,2009-12,20091202,35095B,16131,United Kingdom,24,0.42,10.08,0,0,0,1,Year 2009-2010
3362,489683,2009-12-02 10:09:00,2009-12-02,2009-12,20091202,35096A,16131,United Kingdom,24,0.42,10.08,0,0,0,0,Year 2009-2010
3363,489683,2009-12-02 10:09:00,2009-12-02,2009-12,20091202,82582,16131,United Kingdom,72,1.69,121.67999999999999,0,0,0,0,Year 2009-2010
3364,489683,2009-12-02 10:09:00,2009-12-02,2009-12,20091202,84520B,16131,United Kingdom,12,0.85,10.2,0,0,0,1,Year 2009-2010
3365,489683,2009-12-02 10:09:00,2009-12-02,2009-12,20091202,84536A,16131,United Kingdom,16,0.42,6.72,0,0,0,0,Year 2009-2010
3366,489683,2009-12-02 10:09:00,2009-12-02,2009-12,20091202,79323W,16131,United Kingdom,24,5.45,130.8,0,0,0,0,Year 2009-2010
3367,489683,2009-12-02 10:09:00,2009-12-02,2009-12,20091202,48184,16131,United Kingdom,2,6.75,13.5,0,0,0,0,Year 2009-2010
3368,489683,2009-12-02 10:09:00,2009-12-02,2009-12,20091202,35646,16131,United Kingdom,4,4.25,17.0,0,0,0,0,Year 2009-2010
3369,489683,2009-12-02 10:09:00,2009-12-02,2009-12,20091202,47503K,16131,United Kingdom,24,1.95,46.8,0,0,0,0,Year 2009-2010
3370,489683,2009-12-02 10:09:00,2009-12-02,2009-12,20091202,84691,16131,United Kingdom,24,0.85,20.4,0,0,0,0,Year 2009-2010
3371,489683,2009-12-02 10:09:00,2009-12-02,2009-12,20091202,84879,16131,United Kingdom,24,1.69,40.56,0,0,0,0,Year 2009-2010
3372,489683,2009-12-02 10:09:00,2009-12-02,2009-12,20091202,48189,16131,United Kingdom,2,6.75,13.5,0,0,0,0,Year 2009-2010
3373,489683,2009-12-02 10:09:00,2009-12-02,2009-12,20091202,84970L,16131,United Kingdom,24,0.95,22.799999999999997,0,0,0,0,Year 2009-2010
3374,489683,2009-12-02 10:09:00,2009-12-02,2009-12,20091202,84990,16131,United Kingdom,24,0.55,13.200000000000001,0,0,0,0,Year 2009-2010
3375,489683,2009-12-02 10:09:00,2009-12-02,2009-12,20091202,85034A,16131,United Kingdom,24,3.81,91.44,0,0,0,0,Year 2009-2010
3376,489683,2009-12-02 10:09:00,2009-12-02,2009-12,20091202,85049C,16131,United Kingdom,12,1.25,15.0,0,0,0,0,Year 2009-2010
3377,489683,2009-12-02 10:09:00,2009-12-02,2009-12,20091202,48194,16131,United Kingdom,2,6.75,13.5,0,0,0,0,Year 2009-2010
3378,489683,2009-12-02 10:09:00,2009-12-02,2009-12,20091202,85123A,16131,United Kingdom,12,2.95,35.400000000000006,0,0,0,0,Year 2009-2010
3379,489683,2009-12-02 10:09:00,2009-12-02,2009-12,20091202,85222,16131,United Kingdom,12,2.1,25.200000000000003,0,0,0,0,Year 2009-2010
3380,489683,2009-12-02 10:09:00,2009-12-02,2009-12,20091202,85230F,16131,United Kingdom,24,0.29,6.959999999999999,0,0,0,0,Year 2009-2010
3381,489683,2009-12-02 10:09:00,2009-12-02,2009-12,20091202,20754,16131,United Kingdom,6,2.1,12.600000000000001,0,0,0,0,Year 2009-2010
3382,489683,2009-12-02 10:09:00,2009-12-02,2009-12,20091202,20913,16131,United Kingdom,6,2.95,17.700000000000003,0,0,0,0,Year 2009-2010
3383,489683,2009-12-02 10:09:00,2009-12-02,2009-12,20091202,20914,16131,United Kingdom,12,2.95,35.400000000000006,0,0,0,0,Year 2009-2010
3384,489683,2009-12-02 10:09:00,2009-12-02,2009-12,20091202,21041,16131,United Kingdom,6,2.95,17.700000000000003,0,0,0,0,Year 2009-2010
3385,489683,2009-12-02 10:09:00,2009-12-02,2009-12,20091202,21042,16131,United Kingdom,6,5.95,35.7,0,0,0,0,Year 2009-2010
3386,489683,2009-12-02 10:09:00,2009-12-02,2009-12,20091202,21080,16131,United Kingdom,24,0.85,20.4,0,0,0,0,Year 2009-2010
3387,489683,2009-12-02 10:09:00,2009-12-02,2009-12,20091202,21136,16131,United Kingdom,24,1.69,40.56,0,0,0,0,Year 2009-2010
3388,489683,2009-12-02 10:09:00,2009-12-02,2009-12,20091202,21154,16131,United Kingdom,10,1.25,12.5,0,0,0,0,Year 2009-2010
3389,489683,2009-12-02 10:09:00,2009-12-02,2009-12,20091202,21155,16131,United Kingdom,12,2.1,25.200000000000003,0,0,0,0,Year 2009-2010
3390,489683,2009-12-02 10:09:00,2009-12-02,2009-12,20091202,21164,16131,United Kingdom,6,2.95,17.700000000000003,0,0,0,0,Year 2009-2010
3391,489683,2009-12-02 10:09:00,2009-12-02,2009-12,20091202,21172,16131,United Kingdom,12,1.45,17.4,0,0,0,0,Year 2009-2010
3392,489683,2009-12-02 10:09:00,2009-12-02,2009-12,20091202,21181,16131,United Kingdom,12,2.1,25.200000000000003,0,0,0,0,Year 2009-2010
3393,489683,2009-12-02 10:09:00,2009-12-02,2009-12,20091202,21212,16131,United Kingdom,24,0.55,13.200000000000001,0,0,0,0,Year 2009-2010
3394,489683,2009-12-02 10:09:00,2009-12-02,2009-12,20091202,21238,16131,United Kingdom,8,0.85,6.8,0,0,0,0,Year 2009-2010
3395,489683,2009-12-02 10:09:00,2009-12-02,2009-12,20091202,21255,16131,United Kingdom,12,1.65,19.799999999999997,0,0,0,0,Year 2009-2010
3396,489683,2009-12-02 10:09:00,2009-12-02,2009-12,20091202,21260,16131,United Kingdom,6,3.25,19.5,0,0,0,0,Year 2009-2010
3397,489683,2009-12-02 10:09:00,2009-12-02,2009-12,20091202,21286,16131,United Kingdom,12,2.55,30.599999999999998,0,0,0,0,Year 2009-2010
3398,489683,2009-12-02 10:09:00,2009-12-02,2009-12,20091202,21313,16131,United Kingdom,24,0.85,20.4,0,0,0,0,Year 2009-2010
3399,489683,2009-12-02 10:09:00,2009-12-02,2009-12,20091202,21359,16131,United Kingdom,2,15.95,31.9,0,0,0,0,Year 2009-2010
3400,489683,2009-12-02 10:09:00,2009-12-02,2009-12,20091202,21398,16131,United Kingdom,48,1.75,84.0,0,0,0,0,Year 2009-2010
3401,489683,2009-12-02 10:09:00,2009-12-02,2009-12,20091202,21529,16131,United Kingdom,6,3.45,20.700000000000003,0,0,0,0,Year 2009-2010
3402,489683,2009-12-02 10:09:00,2009-12-02,2009-12,20091202,21534,16131,United Kingdom,3,4.95,14.850000000000001,0,0,0,0,Year 2009-2010
3403,489683,2009-12-02 10:09:00,2009-12-02,2009-12,20091202,21732,16131,United Kingdom,16,3.39,54.24,0,0,0,0,Year 2009-2010
3404,489683,2009-12-02 10:09:00,2009-12-02,2009-12,20091202,22196,16131,United Kingdom,24,0.85,20.4,0,0,0,0,Year 2009-2010
3405,489683,2009-12-02 10:09:00,2009-12-02,2009-12,20091202,22212,16131,United Kingdom,12,2.1,25.200000000000003,0,0,0,0,Year 2009-2010
3406,489684,2009-12-02 10:15:00,2009-12-02,2009-12,20091202,84990,14560,United Kingdom,48,0.55,26.400000000000002,0,0,0,0,Year 2009-2010
3407,489684,2009-12-02 10:15:00,2009-12-02,2009-12,20091202,21217,14560,United Kingdom,5,9.95,49.75,0,0,0,0,Year 2009-2010
3408,489684,2009-12-02 10:15:00,2009-12-02,2009-12,20091202,84520B,14560,United Kingdom,12,0.85,10.2,0,0,0,1,Year 2009-2010
3409,489684,2009-12-02 10:15:00,2009-12-02,2009-12,20091202,21080,14560,United Kingdom,12,0.85,10.2,0,0,0,0,Year 2009-2010
3410,489684,2009-12-02 10:15:00,2009-12-02,2009-12,20091202,21210,14560,United Kingdom,24,1.45,34.8,0,0,0,0,Year 2009-2010
3411,489684,2009-12-02 10:15:00,2009-12-02,2009-12,20091202,37449,14560,United Kingdom,4,9.95,39.8,0,0,0,0,Year 2009-2010
3412,489684,2009-12-02 10:15:00,2009-12-02,2009-12,20091202,21843,14560,United Kingdom,6,10.95,65.69999999999999,0,0,0,0,Year 2009-2010
3413,489684,2009-12-02 10:15:00,2009-12-02,2009-12,20091202,22218,14560,United Kingdom,3,4.25,12.75,0,0,0,0,Year 2009-2010
3414,489684,2009-12-02 10:15:00,2009-12-02,2009-12,20091202,22215,14560,United Kingdom,2,8.5,17.0,0,0,0,0,Year 2009-2010
3415,C489685,2009-12-02 10:28:00,2009-12-02,2009-12,20091202,POST,12523,France,-1,18.0,-18.0,1,1,0,1,Year 2009-2010
3416,C489685,2009-12-02 10:28:00,2009-12-02,2009-12,20091202,21843,12523,France,-1,10.95,-10.95,1,1,0,0,Year 2009-2010
3417,C489686,2009-12-02 10:34:00,2009-12-02,2009-12,20091202,79191C,17019,United Kingdom,-2,0.85,-1.7,1,1,0,0,Year 2009-2010
3418,489687,2009-12-02 10:41:00,2009-12-02,2009-12,20091202,21837,17087,United Kingdom,3,5.95,17.85,0,0,0,0,Year 2009-2010
3419,489687,2009-12-02 10:41:00,2009-12-02,2009-12,20091202,20675,17087,United Kingdom,8,1.25,10.0,0,0,0,0,Year 2009-2010
3420,489687,2009-12-02 10:41:00,2009-12-02,2009-12,20091202,22086,17087,United Kingdom,6,2.95,17.700000000000003,0,0,0,0,Year 2009-2010
3421,489687,2009-12-02 10:41:00,2009-12-02,2009-12,20091202,22111,17087,United Kingdom,3,4.95,14.850000000000001,0,0,0,0,Year 2009-2010
3422,489687,2009-12-02 10:41:00,2009-12-02,2009-12,20091202,22112,17087,United Kingdom,3,4.95,14.850000000000001,0,0,0,0,Year 2009-2010
3423,489687,2009-12-02 10:41:00,2009-12-02,2009-12,20091202,21691,17087,United Kingdom,4,3.75,15.0,0,0,0,0,Year 2009-2010
3424,489687,2009-12-02 10:41:00,2009-12-02,2009-12,20091202,21133,17087,United Kingdom,12,1.69,20.28,0,0,0,0,Year 2009-2010
3425,489687,2009-12-02 10:41:00,2009-12-02,2009-12,20091202,21591,17087,United Kingdom,24,1.25,30.0,0,0,0,0,Year 2009-2010
3426,489687,2009-12-02 10:41:00,2009-12-02,2009-12,20091202,21584,17087,United Kingdom,20,1.65,33.0,0,0,0,0,Year 2009-2010
3427,489687,2009-12-02 10:41:00,2009-12-02,2009-12,20091202,21407,17087,United Kingdom,3,4.25,12.75,0,0,0,0,Year 2009-2010
3428,489687,2009-12-02 10:41:00,2009-12-02,2009-12,20091202,47505,17087,United Kingdom,3,4.95,14.850000000000001,0,0,0,0,Year 2009-2010
3429,489687,2009-12-02 10:41:00,2009-12-02,2009-12,20091202,21640,17087,United Kingdom,24,0.85,20.4,0,0,0,0,Year 2009-2010
3430,489688,2009-12-02 10:42:00,2009-12-02,2009-12,20091202,85047,14894,United Kingdom,6,6.35,38.099999999999994,0,0,0,0,Year 2009-2010
3431,489688,2009-12-02 10:42:00,2009-12-02,2009-12,20091202,79323LP,14894,United Kingdom,24,5.45,130.8,0,0,0,0,Year 2009-2010
3432,489688,2009-12-02 10:42:00,2009-12-02,2009-12,20091202,79323W,14894,United Kingdom,24,5.45,130.8,0,0,0,0,Year 2009-2010
3433,C489689,2009-12-02 10:46:00,2009-12-02,2009-12,20091202,21843,15353,United Kingdom,-2,10.95,-21.9,1,1,0,0,Year 2009-2010
3434,489695,2009-12-02 10:48:00,2009-12-02,2009-12,20091202,22415,16202,United Kingdom,1,7.95,7.95,0,0,0,0,Year 2009-2010
3435,489695,2009-12-02 10:48:00,2009-12-02,2009-12,20091202,22121,16202,United Kingdom,3,5.95,17.85,0,0,0,0,Year 2009-2010
3436,489695,2009-12-02 10:48:00,2009-12-02,2009-12,20091202,22295,16202,United Kingdom,12,1.65,19.799999999999997,0,0,0,0,Year 2009-2010
3437,489695,2009-12-02 10:48:00,2009-12-02,2009-12,20091202,21485,16202,United Kingdom,3,4.95,14.850000000000001,0,0,0,0,Year 2009-2010
3438,489695,2009-12-02 10:48:00,2009-12-02,2009-12,20091202,85014D,16202,United Kingdom,3,5.95,17.85,0,0,0,1,Year 2009-2010
3439,489695,2009-12-02 10:48:00,2009-12-02,2009-12,20091202,85014B,16202,United Kingdom,3,5.95,17.85,0,0,0,1,Year 2009-2010
3440,489695,2009-12-02 10:48:00,2009-12-02,2009-12,20091202,72760B,16202,United Kingdom,4,9.95,39.8,0,0,0,1,Year 2009-2010
3441,489695,2009-12-02 10:48:00,2009-12-02,2009-12,20091202,85042,16202,United Kingdom,8,4.95,39.6,0,0,0,0,Year 2009-2010
3442,489695,2009-12-02 10:48:00,2009-12-02,2009-12,20091202,21790,16202,United Kingdom,12,0.85,10.2,0,0,0,0,Year 2009-2010
3443,489695,2009-12-02 10:48:00,2009-12-02,2009-12,20091202,21889,16202,United Kingdom,12,1.25,15.0,0,0,0,0,Year 2009-2010
3444,489695,2009-12-02 10:48:00,2009-12-02,2009-12,20091202,21912,16202,United Kingdom,4,3.75,15.0,0,0,0,0,Year 2009-2010
3445,489695,2009-12-02 10:48:00,2009-12-02,2009-12,20091202,85031B,16202,United Kingdom,24,1.25,30.0,0,0,0,1,Year 2009-2010
3446,489695,2009-12-02 10:48:00,2009-12-02,2009-12,20091202,85123A,16202,United Kingdom,6,2.95,17.700000000000003,0,0,0,0,Year 2009-2010
3447,489695,2009-12-02 10:48:00,2009-12-02,2009-12,20091202,21955,16202,United Kingdom,2,6.75,13.5,0,0,0,0,Year 2009-2010
3448,489695,2009-12-02 10:48:00,2009-12-02,2009-12,20091202,21672,16202,United Kingdom,24,1.25,30.0,0,0,0,0,Year 2009-2010
3449,489699,2009-12-02 10:51:00,2009-12-02,2009-12,20091202,85099C,16700,United Kingdom,20,1.95,39.0,0,0,0,0,Year 2009-2010
3450,489699,2009-12-02 10:51:00,2009-12-02,2009-12,20091202,21931,16700,United Kingdom,10,1.95,19.5,0,0,0,0,Year 2009-2010
3451,489699,2009-12-02 10:51:00,2009-12-02,2009-12,20091202,21930,16700,United Kingdom,10,1.95,19.5,0,0,0,0,Year 2009-2010
3452,489699,2009-12-02 10:51:00,2009-12-02,2009-12,20091202,21212,16700,United Kingdom,24,0.55,13.200000000000001,0,0,0,0,Year 2009-2010
3453,489699,2009-12-02 10:51:00,2009-12-02,2009-12,20091202,21833,16700,United Kingdom,12,1.69,20.28,0,0,0,0,Year 2009-2010
3454,489699,2009-12-02 10:51:00,2009-12-02,2009-12,20091202,22131,16700,United Kingdom,6,1.95,11.7,0,0,0,0,Year 2009-2010
3455,489699,2009-12-02 10:51:00,2009-12-02,2009-12,20091202,22111,16700,United Kingdom,3,4.95,14.850000000000001,0,0,0,0,Year 2009-2010
3456,489699,2009-12-02 10:51:00,2009-12-02,2009-12,20091202,22216,16700,United Kingdom,12,0.85,10.2,0,0,0,0,Year 2009-2010
3457,489699,2009-12-02 10:51:00,2009-12-02,2009-12,20091202,22224,16700,United Kingdom,6,2.95,17.700000000000003,0,0,0,0,Year 2009-2010
3458,489699,2009-12-02 10:51:00,2009-12-02,2009-12,20091202,22083,16700,United Kingdom,6,2.95,17.700000000000003,0,0,0,0,Year 2009-2010
3459,489699,2009-12-02 10:51:00,2009-12-02,2009-12,20091202,22086,16700,United Kingdom,6,2.95,17.700000000000003,0,0,0,0,Year 2009-2010
3460,489699,2009-12-02 10:51:00,2009-12-02,2009-12,20091202,22348,16700,United Kingdom,12,0.85,10.2,0,0,0,0,Year 2009-2010
3461,489699,2009-12-02 10:51:00,2009-12-02,2009-12,20091202,22355,16700,United Kingdom,20,0.85,17.0,0,0,0,0,Year 2009-2010
3462,489699,2009-12-02 10:51:00,2009-12-02,2009-12,20091202,22356,16700,United Kingdom,10,0.85,8.5,0,0,0,0,Year 2009-2010
3463,489699,2009-12-02 10:51:00,2009-12-02,2009-12,20091202,84879,16700,United Kingdom,8,1.69,13.52,0,0,0,0,Year 2009-2010
3464,489699,2009-12-02 10:51:00,2009-12-02,2009-12,20091202,85132C,16700,United Kingdom,1,9.95,9.95,0,0,0,0,Year 2009-2010
3465,489699,2009-12-02 10:51:00,2009-12-02,2009-12,20091202,21100,16700,United Kingdom,10,1.65,16.5,0,0,0,0,Year 2009-2010
3466,489699,2009-12-02 10:51:00,2009-12-02,2009-12,20091202,85099B,16700,United Kingdom,10,1.95,19.5,0,0,0,1,Year 2009-2010
3467,489699,2009-12-02 10:51:00,2009-12-02,2009-12,20091202,21746,16700,United Kingdom,12,1.25,15.0,0,0,0,0,Year 2009-2010
3468,489699,2009-12-02 10:51:00,2009-12-02,2009-12,20091202,21210,16700,United Kingdom,12,1.45,17.4,0,0,0,0,Year 2009-2010
3469,489699,2009-12-02 10:51:00,2009-12-02,2009-12,20091202,20681,16700,United Kingdom,6,3.25,19.5,0,0,0,0,Year 2009-2010
3470,489699,2009-12-02 10:51:00,2009-12-02,2009-12,20091202,21238,16700,United Kingdom,8,0.85,6.8,0,0,0,0,Year 2009-2010
3471,489699,2009-12-02 10:51:00,2009-12-02,2009-12,20091202,21527,16700,United Kingdom,2,7.95,15.9,0,0,0,0,Year 2009-2010
3472,489699,2009-12-02 10:51:00,2009-12-02,2009-12,20091202,21531,16700,United Kingdom,6,2.55,15.299999999999999,0,0,0,0,Year 2009-2010
3473,489699,2009-12-02 10:51:00,2009-12-02,2009-12,20091202,21535,16700,United Kingdom,6,2.55,15.299999999999999,0,0,0,0,Year 2009-2010
3474,489705,2009-12-02 10:52:00,2009-12-02,2009-12,20091202,22207,16700,United Kingdom,4,4.25,17.0,0,0,0,0,Year 2009-2010
3475,489702,2009-12-02 10:52:00,2009-12-02,2009-12,20091202,22086,17511,United Kingdom,280,2.55,714.0,0,0,0,0,Year 2009-2010
3476,489702,2009-12-02 10:52:00,2009-12-02,2009-12,20091202,85123A,17511,United Kingdom,64,2.55,163.2,0,0,0,0,Year 2009-2010
3477,489702,2009-12-02 10:52:00,2009-12-02,2009-12,20091202,85065,17511,United Kingdom,10,9.95,99.5,0,0,0,0,Year 2009-2010
3478,489702,2009-12-02 10:52:00,2009-12-02,2009-12,20091202,20685,17511,United Kingdom,10,5.95,59.5,0,0,0,0,Year 2009-2010
3479,489702,2009-12-02 10:52:00,2009-12-02,2009-12,20091202,20961,17511,United Kingdom,10,1.25,12.5,0,0,0,0,Year 2009-2010
3480,489702,2009-12-02 10:52:00,2009-12-02,2009-12,20091202,20963,17511,United Kingdom,10,1.25,12.5,0,0,0,0,Year 2009-2010
3481,489702,2009-12-02 10:52:00,2009-12-02,2009-12,20091202,20966,17511,United Kingdom,10,1.25,12.5,0,0,0,0,Year 2009-2010
3482,489702,2009-12-02 10:52:00,2009-12-02,2009-12,20091202,20960,17511,United Kingdom,10,1.25,12.5,0,0,0,0,Year 2009-2010
3483,489702,2009-12-02 10:52:00,2009-12-02,2009-12,20091202,22197,17511,United Kingdom,120,0.72,86.39999999999999,0,0,0,0,Year 2009-2010
3484,489702,2009-12-02 10:52:00,2009-12-02,2009-12,20091202,21238,17511,United Kingdom,96,0.72,69.12,0,0,0,0,Year 2009-2010
3485,489702,2009-12-02 10:52:00,2009-12-02,2009-12,20091202,21241,17511,United Kingdom,96,0.72,69.12,0,0,0,0,Year 2009-2010
3486,489702,2009-12-02 10:52:00,2009-12-02,2009-12,20091202,20677,17511,United Kingdom,72,1.06,76.32000000000001,0,0,0,0,Year 2009-2010
3487,489702,2009-12-02 10:52:00,2009-12-02,2009-12,20091202,20675,17511,United Kingdom,72,1.06,76.32000000000001,0,0,0,0,Year 2009-2010
3488,489702,2009-12-02 10:52:00,2009-12-02,2009-12,20091202,20674,17511,United Kingdom,72,1.06,76.32000000000001,0,0,0,0,Year 2009-2010
3489,489702,2009-12-02 10:52:00,2009-12-02,2009-12,20091202,21212,17511,United Kingdom,120,0.42,50.4,0,0,0,0,Year 2009-2010
3490,489702,2009-12-02 10:52:00,2009-12-02,2009-12,20091202,21094,17511,United Kingdom,96,0.64,61.44,0,0,0,0,Year 2009-2010
3491,489702,2009-12-02 10:52:00,2009-12-02,2009-12,20091202,21086,17511,United Kingdom,48,0.65,31.200000000000003,0,0,0,0,Year 2009-2010
3492,489702,2009-12-02 10:52:00,2009-12-02,2009-12,20091202,20979,17511,United Kingdom,128,1.06,135.68,0,0,0,0,Year 2009-2010
3493,489702,2009-12-02 10:52:00,2009-12-02,2009-12,20091202,22109,17511,United Kingdom,16,3.39,54.24,0,0,0,0,Year 2009-2010
3494,489702,2009-12-02 10:52:00,2009-12-02,2009-12,20091202,21217,17511,United Kingdom,12,8.95,107.39999999999999,0,0,0,0,Year 2009-2010
3495,489702,2009-12-02 10:52:00,2009-12-02,2009-12,20091202,21791,17511,United Kingdom,72,1.06,76.32000000000001,0,0,0,0,Year 2009-2010
3496,489702,2009-12-02 10:52:00,2009-12-02,2009-12,20091202,21703,17511,United Kingdom,96,0.36,34.56,0,0,0,0,Year 2009-2010
3497,489702,2009-12-02 10:52:00,2009-12-02,2009-12,20091202,21888,17511,United Kingdom,8,3.75,30.0,0,0,0,0,Year 2009-2010
3498,489702,2009-12-02 10:52:00,2009-12-02,2009-12,20091202,21205,17511,United Kingdom,48,2.1,100.80000000000001,0,0,0,0,Year 2009-2010
3499,489702,2009-12-02 10:52:00,2009-12-02,2009-12,20091202,84692,17511,United Kingdom,100,0.42,42.0,0,0,0,0,Year 2009-2010
3500,489702,2009-12-02 10:52:00,2009-12-02,2009-12,20091202,21477,17511,United Kingdom,20,10.95,219.0,0,0,0,0,Year 2009-2010
3501,489702,2009-12-02 10:52:00,2009-12-02,2009-12,20091202,79323W,17511,United Kingdom,24,5.45,130.8,0,0,0,0,Year 2009-2010
3502,489702,2009-12-02 10:52:00,2009-12-02,2009-12,20091202,85099B,17511,United Kingdom,100,1.65,165.0,0,0,0,1,Year 2009-2010
3503,489702,2009-12-02 10:52:00,2009-12-02,2009-12,20091202,21931,17511,United Kingdom,100,1.65,165.0,0,0,0,0,Year 2009-2010
3504,489702,2009-12-02 10:52:00,2009-12-02,2009-12,20091202,85099F,17511,United Kingdom,100,1.65,165.0,0,0,0,0,Year 2009-2010
3505,C489713,2009-12-02 10:55:00,2009-12-02,2009-12,20091202,21094,12755,Japan,-150,0.64,-96.0,1,1,0,0,Year 2009-2010
3506,C489713,2009-12-02 10:55:00,2009-12-02,2009-12,20091202,22071,12755,Japan,-18,2.75,-49.5,1,1,0,0,Year 2009-2010
3507,C489713,2009-12-02 10:55:00,2009-12-02,2009-12,20091202,22070,12755,Japan,-23,2.75,-63.25,1,1,0,0,Year 2009-2010
3508,489723,2009-12-02 10:58:00,2009-12-02,2009-12,20091202,22415,14299,United Kingdom,2,7.95,15.9,0,0,0,0,Year 2009-2010
3509,489723,2009-12-02 10:58:00,2009-12-02,2009-12,20091202,22114,14299,United Kingdom,24,3.45,82.80000000000001,0,0,0,0,Year 2009-2010
3510,489723,2009-12-02 10:58:00,2009-12-02,2009-12,20091202,22145,14299,United Kingdom,40,1.85,74.0,0,0,0,0,Year 2009-2010
3511,489723,2009-12-02 10:58:00,2009-12-02,2009-12,20091202,21485,14299,United Kingdom,24,4.25,102.0,0,0,0,0,Year 2009-2010
3512,489723,2009-12-02 10:58:00,2009-12-02,2009-12,20091202,84077,14299,United Kingdom,288,0.18,51.839999999999996,0,0,0,0,Year 2009-2010
3513,489723,2009-12-02 10:58:00,2009-12-02,2009-12,20091202,84029E,14299,United Kingdom,48,2.95,141.60000000000002,0,0,0,0,Year 2009-2010
3514,489723,2009-12-02 10:58:00,2009-12-02,2009-12,20091202,22111,14299,United Kingdom,48,4.25,204.0,0,0,0,0,Year 2009-2010
3515,489723,2009-12-02 10:58:00,2009-12-02,2009-12,20091202,72756,14299,United Kingdom,108,1.25,135.0,0,0,0,0,Year 2009-2010
3516,489723,2009-12-02 10:58:00,2009-12-02,2009-12,20091202,48184,14299,United Kingdom,10,5.95,59.5,0,0,0,0,Year 2009-2010
3517,489723,2009-12-02 10:58:00,2009-12-02,2009-12,20091202,48173C,14299,United Kingdom,10,5.95,59.5,0,0,0,0,Year 2009-2010
3518,489723,2009-12-02 10:58:00,2009-12-02,2009-12,20091202,85014B,14299,United Kingdom,12,5.95,71.4,0,0,0,1,Year 2009-2010
3519,489723,2009-12-02 10:58:00,2009-12-02,2009-12,20091202,85231E,14299,United Kingdom,36,0.85,30.599999999999998,0,0,0,0,Year 2009-2010
3520,489723,2009-12-02 10:58:00,2009-12-02,2009-12,20091202,85231B,14299,United Kingdom,36,0.85,30.599999999999998,0,0,0,1,Year 2009-2010
3521,489723,2009-12-02 10:58:00,2009-12-02,2009-12,20091202,21080,14299,United Kingdom,24,0.85,20.4,0,0,0,0,Year 2009-2010
3522,489723,2009-12-02 10:58:00,2009-12-02,2009-12,20091202,21098,14299,United Kingdom,36,1.06,38.160000000000004,0,0,0,0,Year 2009-2010
3523,489723,2009-12-02 10:58:00,2009-12-02,2009-12,20091202,21126,14299,United Kingdom,12,1.25,15.0,0,0,0,0,Year 2009-2010
3524,489723,2009-12-02 10:58:00,2009-12-02,2009-12,20091202,21212,14299,United Kingdom,120,0.42,50.4,0,0,0,0,Year 2009-2010
3525,489723,2009-12-02 10:58:00,2009-12-02,2009-12,20091202,21231,14299,United Kingdom,72,1.06,76.32000000000001,0,0,0,0,Year 2009-2010
3526,489723,2009-12-02 10:58:00,2009-12-02,2009-12,20091202,21232,14299,United Kingdom,72,1.06,76.32000000000001,0,0,0,0,Year 2009-2010
3527,489723,2009-12-02 10:58:00,2009-12-02,2009-12,20091202,21429,14299,United Kingdom,8,1.65,13.2,0,0,0,0,Year 2009-2010
3528,489723,2009-12-02 10:58:00,2009-12-02,2009-12,20091202,22049,14299,United Kingdom,25,0.42,10.5,0,0,0,0,Year 2009-2010
3529,489723,2009-12-02 10:58:00,2009-12-02,2009-12,20091202,21832,14299,United Kingdom,36,1.65,59.4,0,0,0,0,Year 2009-2010
3530,489723,2009-12-02 10:58:00,2009-12-02,2009-12,20091202,22064,14299,United Kingdom,48,1.45,69.6,0,0,0,0,Year 2009-2010
3531,489723,2009-12-02 10:58:00,2009-12-02,2009-12,20091202,22189,14299,United Kingdom,72,3.39,244.08,0,0,0,0,Year 2009-2010
3532,489723,2009-12-02 10:58:00,2009-12-02,2009-12,20091202,22195,14299,United Kingdom,80,1.45,116.0,0,0,0,0,Year 2009-2010
3533,489723,2009-12-02 10:58:00,2009-12-02,2009-12,20091202,22112,14299,United Kingdom,48,4.25,204.0,0,0,0,0,Year 2009-2010
3534,489726,2009-12-02 11:07:00,2009-12-02,2009-12,20091202,21428,17949,United Kingdom,200,3.75,750.0,0,0,0,0,Year 2009-2010
3535,489725,2009-12-02 11:07:00,2009-12-02,2009-12,20091202,22197,17949,United Kingdom,300,0.72,216.0,0,0,0,0,Year 2009-2010
3536,489727,2009-12-02 11:09:00,2009-12-02,2009-12,20091202,22086,17949,United Kingdom,450,2.0,900.0,0,0,0,0,Year 2009-2010
3537,489728,2009-12-02 11:18:00,2009-12-02,2009-12,20091202,48173C,14799,United Kingdom,4,6.75,27.0,0,0,0,0,Year 2009-2010
3538,489728,2009-12-02 11:18:00,2009-12-02,2009-12,20091202,21523,14799,United Kingdom,2,6.75,13.5,0,0,0,0,Year 2009-2010
3539,489728,2009-12-02 11:18:00,2009-12-02,2009-12,20091202,84926B,14799,United Kingdom,24,1.25,30.0,0,0,0,1,Year 2009-2010
3540,489728,2009-12-02 11:18:00,2009-12-02,2009-12,20091202,21464,14799,United Kingdom,2,4.25,8.5,0,0,0,0,Year 2009-2010
3541,489728,2009-12-02 11:18:00,2009-12-02,2009-12,20091202,21463,14799,United Kingdom,2,5.95,11.9,0,0,0,0,Year 2009-2010
3542,489728,2009-12-02 11:18:00,2009-12-02,2009-12,20091202,20668,14799,United Kingdom,288,0.1,28.8,0,0,0,0,Year 2009-2010
3543,489728,2009-12-02 11:18:00,2009-12-02,2009-12,20091202,22340,14799,United Kingdom,12,1.65,19.799999999999997,0,0,0,0,Year 2009-2010
3544,489728,2009-12-02 11:18:00,2009-12-02,2009-12,20091202,21812,14799,United Kingdom,6,4.95,29.700000000000003,0,0,0,0,Year 2009-2010
3545,489728,2009-12-02 11:18:00,2009-12-02,2009-12,20091202,72801G,14799,United Kingdom,3,1.25,3.75,0,0,0,0,Year 2009-2010
3546,489728,2009-12-02 11:18:00,2009-12-02,2009-12,20091202,21009,14799,United Kingdom,6,1.25,7.5,0,0,0,0,Year 2009-2010
3547,489733,2009-12-02 11:20:00,2009-12-02,2009-12,20091202,71477,15311,United Kingdom,24,2.75,66.0,0,0,0,0,Year 2009-2010
3548,489733,2009-12-02 11:20:00,2009-12-02,2009-12,20091202,21216,15311,United Kingdom,24,4.25,102.0,0,0,0,0,Year 2009-2010
3549,489743,2009-12-02 11:24:00,2009-12-02,2009-12,20091202,84562B,16550,United Kingdom,2,7.95,15.9,0,0,0,1,Year 2009-2010
3550,489743,2009-12-02 11:24:00,2009-12-02,2009-12,20091202,84990,16550,United Kingdom,24,0.55,13.200000000000001,0,0,0,0,Year 2009-2010
3551,489743,2009-12-02 11:24:00,2009-12-02,2009-12,20091202,21212,16550,United Kingdom,24,0.55,13.200000000000001,0,0,0,0,Year 2009-2010
3552,489743,2009-12-02 11:24:00,2009-12-02,2009-12,20091202,21213,16550,United Kingdom,24,0.55,13.200000000000001,0,0,0,0,Year 2009-2010
3553,489743,2009-12-02 11:24:00,2009-12-02,2009-12,20091202,21977,16550,United Kingdom,24,0.55,13.200000000000001,0,0,0,0,Year 2009-2010
3554,489743,2009-12-02 11:24:00,2009-12-02,2009-12,20091202,21357,16550,United Kingdom,10,1.25,12.5,0,0,0,0,Year 2009-2010
3555,489743,2009-12-02 11:24:00,2009-12-02,2009-12,20091202,21356,16550,United Kingdom,10,1.25,12.5,0,0,0,0,Year 2009-2010
3556,489743,2009-12-02 11:24:00,2009-12-02,2009-12,20091202,21355,16550,United Kingdom,8,1.25,10.0,0,0,0,0,Year 2009-2010
3557,489743,2009-12-02 11:24:00,2009-12-02,2009-12,20091202,84948,16550,United Kingdom,12,1.65,19.799999999999997,0,0,0,0,Year 2009-2010
3558,489743,2009-12-02 11:24:00,2009-12-02,2009-12,20091202,21240,16550,United Kingdom,8,0.85,6.8,0,0,0,0,Year 2009-2010
3559,489743,2009-12-02 11:24:00,2009-12-02,2009-12,20091202,21244,16550,United Kingdom,8,1.69,13.52,0,0,0,0,Year 2009-2010
3560,489743,2009-12-02 11:24:00,2009-12-02,2009-12,20091202,22198,16550,United Kingdom,25,1.65,41.25,0,0,0,0,Year 2009-2010
3561,489743,2009-12-02 11:24:00,2009-12-02,2009-12,20091202,84050,16550,United Kingdom,3,1.65,4.949999999999999,0,0,0,0,Year 2009-2010
3562,489743,2009-12-02 11:24:00,2009-12-02,2009-12,20091202,21558,16550,United Kingdom,4,2.55,10.2,0,0,0,0,Year 2009-2010
3563,489743,2009-12-02 11:24:00,2009-12-02,2009-12,20091202,22353,16550,United Kingdom,4,2.55,10.2,0,0,0,0,Year 2009-2010
3564,489743,2009-12-02 11:24:00,2009-12-02,2009-12,20091202,84997B,16550,United Kingdom,12,3.75,45.0,0,0,0,1,Year 2009-2010
3565,489743,2009-12-02 11:24:00,2009-12-02,2009-12,20091202,84997A,16550,United Kingdom,6,3.75,22.5,0,0,0,0,Year 2009-2010
3566,489743,2009-12-02 11:24:00,2009-12-02,2009-12,20091202,84997C,16550,United Kingdom,12,3.75,45.0,0,0,0,0,Year 2009-2010
3567,489743,2009-12-02 11:24:00,2009-12-02,2009-12,20091202,84997D,16550,United Kingdom,18,3.75,67.5,0,0,0,1,Year 2009-2010
3568,489743,2009-12-02 11:24:00,2009-12-02,2009-12,20091202,75049L,16550,United Kingdom,24,1.25,30.0,0,0,0,0,Year 2009-2010
3569,489743,2009-12-02 11:24:00,2009-12-02,2009-12,20091202,21822,16550,United Kingdom,6,1.95,11.7,0,0,0,0,Year 2009-2010
3570,489743,2009-12-02 11:24:00,2009-12-02,2009-12,20091202,21821,16550,United Kingdom,6,3.75,22.5,0,0,0,0,Year 2009-2010
3571,489743,2009-12-02 11:24:00,2009-12-02,2009-12,20091202,22347,16550,United Kingdom,6,1.25,7.5,0,0,0,0,Year 2009-2010
3572,489743,2009-12-02 11:24:00,2009-12-02,2009-12,20091202,20913,16550,United Kingdom,1,2.95,2.95,0,0,0,0,Year 2009-2010
3573,489743,2009-12-02 11:24:00,2009-12-02,2009-12,20091202,20675,16550,United Kingdom,8,1.25,10.0,0,0,0,0,Year 2009-2010
3574,489743,2009-12-02 11:24:00,2009-12-02,2009-12,20091202,21192,16550,United Kingdom,6,1.65,9.899999999999999,0,0,0,0,Year 2009-2010
3575,489743,2009-12-02 11:24:00,2009-12-02,2009-12,20091202,22142,16550,United Kingdom,3,1.45,4.35,0,0,0,0,Year 2009-2010
3576,489743,2009-12-02 11:24:00,2009-12-02,2009-12,20091202,21745,16550,United Kingdom,3,3.75,11.25,0,0,0,0,Year 2009-2010
3577,489743,2009-12-02 11:24:00,2009-12-02,2009-12,20091202,21889,16550,United Kingdom,6,1.25,7.5,0,0,0,0,Year 2009-2010
3578,489743,2009-12-02 11:24:00,2009-12-02,2009-12,20091202,22150,16550,United Kingdom,4,1.95,7.8,0,0,0,0,Year 2009-2010
3579,489743,2009-12-02 11:24:00,2009-12-02,2009-12,20091202,22148,16550,United Kingdom,4,1.95,7.8,0,0,0,0,Year 2009-2010
3580,489743,2009-12-02 11:24:00,2009-12-02,2009-12,20091202,22144,16550,United Kingdom,1,2.1,2.1,0,0,0,0,Year 2009-2010
3581,489743,2009-12-02 11:24:00,2009-12-02,2009-12,20091202,20682,16550,United Kingdom,4,3.25,13.0,0,0,0,0,Year 2009-2010
3582,489748,2009-12-02 11:26:00,2009-12-02,2009-12,20091202,84078A,12980,United Kingdom,12,34.95,419.40000000000003,0,0,0,0,Year 2009-2010
3583,489748,2009-12-02 11:26:00,2009-12-02,2009-12,20091202,20780,12980,United Kingdom,36,4.65,167.4,0,0,0,0,Year 2009-2010
3584,489748,2009-12-02 11:26:00,2009-12-02,2009-12,20091202,35004C,12980,United Kingdom,36,4.65,167.4,0,0,0,0,Year 2009-2010
3585,489764,2009-12-02 11:31:00,2009-12-02,2009-12,20091202,20772,14425,United Kingdom,6,2.55,15.299999999999999,0,0,0,0,Year 2009-2010
3586,489764,2009-12-02 11:31:00,2009-12-02,2009-12,20091202,20770,14425,United Kingdom,6,2.55,15.299999999999999,0,0,0,0,Year 2009-2010
3587,489764,2009-12-02 11:31:00,2009-12-02,2009-12,20091202,21485,14425,United Kingdom,3,4.95,14.850000000000001,0,0,0,0,Year 2009-2010
3588,489764,2009-12-02 11:31:00,2009-12-02,2009-12,20091202,21488,14425,United Kingdom,4,3.95,15.8,0,0,0,0,Year 2009-2010
3589,489764,2009-12-02 11:31:00,2009-12-02,2009-12,20091202,85014B,14425,United Kingdom,3,5.95,17.85,0,0,0,1,Year 2009-2010
3590,489764,2009-12-02 11:31:00,2009-12-02,2009-12,20091202,85014A,14425,United Kingdom,3,5.95,17.85,0,0,0,0,Year 2009-2010
3591,489764,2009-12-02 11:31:00,2009-12-02,2009-12,20091202,21709,14425,United Kingdom,4,4.95,19.8,0,0,0,0,Year 2009-2010
3592,489764,2009-12-02 11:31:00,2009-12-02,2009-12,20091202,21708,14425,United Kingdom,4,4.95,19.8,0,0,0,0,Year 2009-2010
3593,489764,2009-12-02 11:31:00,2009-12-02,2009-12,20091202,22278,14425,United Kingdom,3,4.95,14.850000000000001,0,0,0,0,Year 2009-2010
3594,489764,2009-12-02 11:31:00,2009-12-02,2009-12,20091202,21429,14425,United Kingdom,8,1.65,13.2,0,0,0,0,Year 2009-2010
3595,489764,2009-12-02 11:31:00,2009-12-02,2009-12,20091202,21431,14425,United Kingdom,8,1.65,13.2,0,0,0,0,Year 2009-2010
3596,489764,2009-12-02 11:31:00,2009-12-02,2009-12,20091202,20768,14425,United Kingdom,6,2.55,15.299999999999999,0,0,0,0,Year 2009-2010
3597,489764,2009-12-02 11:31:00,2009-12-02,2009-12,20091202,20867,14425,United Kingdom,12,1.25,15.0,0,0,0,0,Year 2009-2010
3598,489764,2009-12-02 11:31:00,2009-12-02,2009-12,20091202,20866,14425,United Kingdom,12,1.25,15.0,0,0,0,0,Year 2009-2010
3599,489765,2009-12-02 11:33:00,2009-12-02,2009-12,20091202,21843,15353,United Kingdom,2,10.95,21.9,0,0,0,0,Year 2009-2010
3600,489765,2009-12-02 11:33:00,2009-12-02,2009-12,20091202,22167,15353,United Kingdom,2,9.95,19.9,0,0,0,0,Year 2009-2010
3601,489765,2009-12-02 11:33:00,2009-12-02,2009-12,20091202,22172,15353,United Kingdom,1,8.5,8.5,0,0,0,0,Year 2009-2010
3602,489765,2009-12-02 11:33:00,2009-12-02,2009-12,20091202,22189,15353,United Kingdom,3,3.95,11.850000000000001,0,0,0,0,Year 2009-2010
3603,489765,2009-12-02 11:33:00,2009-12-02,2009-12,20091202,21527,15353,United Kingdom,1,7.95,7.95,0,0,0,0,Year 2009-2010
3604,489765,2009-12-02 11:33:00,2009-12-02,2009-12,20091202,22191,15353,United Kingdom,1,8.5,8.5,0,0,0,0,Year 2009-2010
3605,489765,2009-12-02 11:33:00,2009-12-02,2009-12,20091202,22192,15353,United Kingdom,1,8.5,8.5,0,0,0,0,Year 2009-2010
3606,489765,2009-12-02 11:33:00,2009-12-02,2009-12,20091202,72741,15353,United Kingdom,9,1.45,13.049999999999999,0,0,0,0,Year 2009-2010
3607,489765,2009-12-02 11:33:00,2009-12-02,2009-12,20091202,21833,15353,United Kingdom,6,1.69,10.14,0,0,0,0,Year 2009-2010
3608,489765,2009-12-02 11:33:00,2009-12-02,2009-12,20091202,21259,15353,United Kingdom,1,5.95,5.95,0,0,0,0,Year 2009-2010
3609,489765,2009-12-02 11:33:00,2009-12-02,2009-12,20091202,84854,15353,United Kingdom,1,4.95,4.95,0,0,0,0,Year 2009-2010
3610,489765,2009-12-02 11:33:00,2009-12-02,2009-12,20091202,22271,15353,United Kingdom,1,2.95,2.95,0,0,0,0,Year 2009-2010
3611,489765,2009-12-02 11:33:00,2009-12-02,2009-12,20091202,84925E,15353,United Kingdom,1,2.55,2.55,0,0,0,0,Year 2009-2010
3612,489765,2009-12-02 11:33:00,2009-12-02,2009-12,20091202,84925A,15353,United Kingdom,1,2.55,2.55,0,0,0,0,Year 2009-2010
3613,489765,2009-12-02 11:33:00,2009-12-02,2009-12,20091202,22274,15353,United Kingdom,2,2.95,5.9,0,0,0,0,Year 2009-2010
3614,489765,2009-12-02 11:33:00,2009-12-02,2009-12,20091202,22150,15353,United Kingdom,2,1.95,3.9,0,0,0,0,Year 2009-2010
3615,489765,2009-12-02 11:33:00,2009-12-02,2009-12,20091202,21741,15353,United Kingdom,2,2.95,5.9,0,0,0,0,Year 2009-2010
3616,489765,2009-12-02 11:33:00,2009-12-02,2009-12,20091202,21738,15353,United Kingdom,2,2.95,5.9,0,0,0,0,Year 2009-2010
3617,489765,2009-12-02 11:33:00,2009-12-02,2009-12,20091202,21740,15353,United Kingdom,2,2.95,5.9,0,0,0,0,Year 2009-2010
3618,489765,2009-12-02 11:33:00,2009-12-02,2009-12,20091202,21739,15353,United Kingdom,2,2.95,5.9,0,0,0,0,Year 2009-2010
3619,489765,2009-12-02 11:33:00,2009-12-02,2009-12,20091202,22112,15353,United Kingdom,2,4.95,9.9,0,0,0,0,Year 2009-2010
3620,489765,2009-12-02 11:33:00,2009-12-02,2009-12,20091202,20982,15353,United Kingdom,3,0.85,2.55,0,0,0,0,Year 2009-2010
3621,489765,2009-12-02 11:33:00,2009-12-02,2009-12,20091202,20983,15353,United Kingdom,3,0.85,2.55,0,0,0,0,Year 2009-2010
3622,489765,2009-12-02 11:33:00,2009-12-02,2009-12,20091202,20981,15353,United Kingdom,3,0.85,2.55,0,0,0,0,Year 2009-2010
3623,489765,2009-12-02 11:33:00,2009-12-02,2009-12,20091202,22315,15353,United Kingdom,1,1.25,1.25,0,0,0,0,Year 2009-2010
3624,489765,2009-12-02 11:33:00,2009-12-02,2009-12,20091202,22111,15353,United Kingdom,2,4.95,9.9,0,0,0,0,Year 2009-2010
3625,489765,2009-12-02 11:33:00,2009-12-02,2009-12,20091202,21042,15353,United Kingdom,2,5.95,11.9,0,0,0,0,Year 2009-2010
3626,489765,2009-12-02 11:33:00,2009-12-02,2009-12,20091202,22114,15353,United Kingdom,1,3.95,3.95,0,0,0,0,Year 2009-2010
3627,489765,2009-12-02 11:33:00,2009-12-02,2009-12,20091202,21329,15353,United Kingdom,2,1.65,3.3,0,0,0,0,Year 2009-2010
3628,489765,2009-12-02 11:33:00,2009-12-02,2009-12,20091202,21328,15353,United Kingdom,2,1.65,3.3,0,0,0,0,Year 2009-2010
3629,489765,2009-12-02 11:33:00,2009-12-02,2009-12,20091202,21832,15353,United Kingdom,4,1.65,6.6,0,0,0,0,Year 2009-2010
3630,489765,2009-12-02 11:33:00,2009-12-02,2009-12,20091202,21668,15353,United Kingdom,1,1.25,1.25,0,0,0,0,Year 2009-2010
3631,489765,2009-12-02 11:33:00,2009-12-02,2009-12,20091202,21671,15353,United Kingdom,1,1.25,1.25,0,0,0,0,Year 2009-2010
3632,489765,2009-12-02 11:33:00,2009-12-02,2009-12,20091202,47503F,15353,United Kingdom,12,1.65,19.799999999999997,0,0,0,0,Year 2009-2010
3633,489765,2009-12-02 11:33:00,2009-12-02,2009-12,20091202,20970,15353,United Kingdom,2,3.75,7.5,0,0,0,0,Year 2009-2010
3634,489765,2009-12-02 11:33:00,2009-12-02,2009-12,20091202,21842,15353,United Kingdom,2,2.55,5.1,0,0,0,0,Year 2009-2010
3635,489765,2009-12-02 11:33:00,2009-12-02,2009-12,20091202,21257,15353,United Kingdom,1,7.95,7.95,0,0,0,0,Year 2009-2010
3636,489765,2009-12-02 11:33:00,2009-12-02,2009-12,20091202,22275,15353,United Kingdom,1,8.5,8.5,0,0,0,0,Year 2009-2010
3637,489766,2009-12-02 11:34:00,2009-12-02,2009-12,20091202,90042B,17818,United Kingdom,2,2.55,5.1,0,0,0,1,Year 2009-2010
3638,489766,2009-12-02 11:34:00,2009-12-02,2009-12,20091202,90042A,17818,United Kingdom,1,2.55,2.55,0,0,0,0,Year 2009-2010
3639,489766,2009-12-02 11:34:00,2009-12-02,2009-12,20091202,85042,17818,United Kingdom,1,4.95,4.95,0,0,0,0,Year 2009-2010
3640,489766,2009-12-02 11:34:00,2009-12-02,2009-12,20091202,21975,17818,United Kingdom,1,0.55,0.55,0,0,0,0,Year 2009-2010
3641,489766,2009-12-02 11:34:00,2009-12-02,2009-12,20091202,84989A,17818,United Kingdom,1,0.55,0.55,0,0,0,0,Year 2009-2010
3642,489766,2009-12-02 11:34:00,2009-12-02,2009-12,20091202,84992,17818,United Kingdom,1,0.55,0.55,0,0,0,0,Year 2009-2010
3643,489766,2009-12-02 11:34:00,2009-12-02,2009-12,20091202,21977,17818,United Kingdom,2,0.55,1.1,0,0,0,0,Year 2009-2010
3644,489766,2009-12-02 11:34:00,2009-12-02,2009-12,20091202,20987,17818,United Kingdom,2,1.95,3.9,0,0,0,0,Year 2009-2010
3645,489766,2009-12-02 11:34:00,2009-12-02,2009-12,20091202,22138,17818,United Kingdom,1,4.95,4.95,0,0,0,0,Year 2009-2010
3646,489766,2009-12-02 11:34:00,2009-12-02,2009-12,20091202,22271,17818,United Kingdom,1,2.95,2.95,0,0,0,0,Year 2009-2010
3647,489766,2009-12-02 11:34:00,2009-12-02,2009-12,20091202,84279B,17818,United Kingdom,1,3.75,3.75,0,0,0,1,Year 2009-2010
3648,489766,2009-12-02 11:34:00,2009-12-02,2009-12,20091202,16169D,17818,United Kingdom,25,0.42,10.5,0,0,0,1,Year 2009-2010
3649,489766,2009-12-02 11:34:00,2009-12-02,2009-12,20091202,21033,17818,United Kingdom,1,2.95,2.95,0,0,0,0,Year 2009-2010
3650,489766,2009-12-02 11:34:00,2009-12-02,2009-12,20091202,21931,17818,United Kingdom,1,1.95,1.95,0,0,0,0,Year 2009-2010
3651,489766,2009-12-02 11:34:00,2009-12-02,2009-12,20091202,20865,17818,United Kingdom,2,2.1,4.2,0,0,0,0,Year 2009-2010
3652,489766,2009-12-02 11:34:00,2009-12-02,2009-12,20091202,20751,17818,United Kingdom,1,2.1,2.1,0,0,0,0,Year 2009-2010
3653,489766,2009-12-02 11:34:00,2009-12-02,2009-12,20091202,85113,17818,United Kingdom,1,2.1,2.1,0,0,0,0,Year 2009-2010
3654,489766,2009-12-02 11:34:00,2009-12-02,2009-12,20091202,21122,17818,United Kingdom,1,1.25,1.25,0,0,0,0,Year 2009-2010
3655,489766,2009-12-02 11:34:00,2009-12-02,2009-12,20091202,21328,17818,United Kingdom,2,1.65,3.3,0,0,0,0,Year 2009-2010
3656,489766,2009-12-02 11:34:00,2009-12-02,2009-12,20091202,21947,17818,United Kingdom,1,1.25,1.25,0,0,0,0,Year 2009-2010
3657,489766,2009-12-02 11:34:00,2009-12-02,2009-12,20091202,85107,17818,United Kingdom,4,2.55,10.2,0,0,0,0,Year 2009-2010
3658,489766,2009-12-02 11:34:00,2009-12-02,2009-12,20091202,47504E,17818,United Kingdom,2,1.25,2.5,0,0,0,0,Year 2009-2010
3659,489766,2009-12-02 11:34:00,2009-12-02,2009-12,20091202,20994,17818,United Kingdom,1,0.85,0.85,0,0,0,0,Year 2009-2010
3660,489766,2009-12-02 11:34:00,2009-12-02,2009-12,20091202,20866,17818,United Kingdom,1,1.25,1.25,0,0,0,0,Year 2009-2010
3661,489766,2009-12-02 11:34:00,2009-12-02,2009-12,20091202,47504F,17818,United Kingdom,2,1.65,3.3,0,0,0,0,Year 2009-2010
3662,489766,2009-12-02 11:34:00,2009-12-02,2009-12,20091202,20976,17818,United Kingdom,1,0.65,0.65,0,0,0,0,Year 2009-2010
3663,489766,2009-12-02 11:34:00,2009-12-02,2009-12,20091202,85231G,17818,United Kingdom,2,0.85,1.7,0,0,0,0,Year 2009-2010
3664,489766,2009-12-02 11:34:00,2009-12-02,2009-12,20091202,20977,17818,United Kingdom,2,1.25,2.5,0,0,0,0,Year 2009-2010
3665,489766,2009-12-02 11:34:00,2009-12-02,2009-12,20091202,85049F,17818,United Kingdom,2,1.25,2.5,0,0,0,0,Year 2009-2010
3666,489766,2009-12-02 11:34:00,2009-12-02,2009-12,20091202,85049D,17818,United Kingdom,1,1.25,1.25,0,0,0,1,Year 2009-2010
3667,489766,2009-12-02 11:34:00,2009-12-02,2009-12,20091202,21244,17818,United Kingdom,2,1.69,3.38,0,0,0,0,Year 2009-2010
3668,489766,2009-12-02 11:34:00,2009-12-02,2009-12,20091202,20991,17818,United Kingdom,1,0.65,0.65,0,0,0,0,Year 2009-2010
3669,489766,2009-12-02 11:34:00,2009-12-02,2009-12,20091202,20761,17818,United Kingdom,1,3.75,3.75,0,0,0,0,Year 2009-2010
3670,489766,2009-12-02 11:34:00,2009-12-02,2009-12,20091202,85170D,17818,United Kingdom,1,2.1,2.1,0,0,0,1,Year 2009-2010
3671,489766,2009-12-02 11:34:00,2009-12-02,2009-12,20091202,85170C,17818,United Kingdom,2,2.1,4.2,0,0,0,0,Year 2009-2010
3672,489766,2009-12-02 11:34:00,2009-12-02,2009-12,20091202,85039B,17818,United Kingdom,2,1.65,3.3,0,0,0,1,Year 2009-2010
3673,489766,2009-12-02 11:34:00,2009-12-02,2009-12,20091202,21078,17818,United Kingdom,1,0.85,0.85,0,0,0,0,Year 2009-2010
3674,489766,2009-12-02 11:34:00,2009-12-02,2009-12,20091202,21561,17818,United Kingdom,1,2.55,2.55,0,0,0,0,Year 2009-2010
3675,489766,2009-12-02 11:34:00,2009-12-02,2009-12,20091202,71459,17818,United Kingdom,4,0.85,3.4,0,0,0,0,Year 2009-2010
3676,489766,2009-12-02 11:34:00,2009-12-02,2009-12,20091202,20913,17818,United Kingdom,2,2.95,5.9,0,0,0,0,Year 2009-2010
3677,489766,2009-12-02 11:34:00,2009-12-02,2009-12,20091202,22353,17818,United Kingdom,1,2.55,2.55,0,0,0,0,Year 2009-2010
3678,489766,2009-12-02 11:34:00,2009-12-02,2009-12,20091202,85232B,17818,United Kingdom,1,4.95,4.95,0,0,0,1,Year 2009-2010
3679,C489771,2009-12-02 11:36:00,2009-12-02,2009-12,20091202,20914,13623,United Kingdom,-1,2.95,-2.95,1,1,0,0,Year 2009-2010
3680,489780,2009-12-02 11:43:00,2009-12-02,2009-12,20091202,22083,13654,United Kingdom,12,2.95,35.400000000000006,0,0,0,0,Year 2009-2010
3681,489780,2009-12-02 11:43:00,2009-12-02,2009-12,20091202,22086,13654,United Kingdom,12,2.95,35.400000000000006,0,0,0,0,Year 2009-2010
3682,489780,2009-12-02 11:43:00,2009-12-02,2009-12,20091202,21242,13654,United Kingdom,8,1.69,13.52,0,0,0,0,Year 2009-2010
3683,489780,2009-12-02 11:43:00,2009-12-02,2009-12,20091202,21243,13654,United Kingdom,8,1.69,13.52,0,0,0,0,Year 2009-2010
3684,489780,2009-12-02 11:43:00,2009-12-02,2009-12,20091202,21245,13654,United Kingdom,8,1.69,13.52,0,0,0,0,Year 2009-2010
3685,489780,2009-12-02 11:43:00,2009-12-02,2009-12,20091202,21244,13654,United Kingdom,8,1.69,13.52,0,0,0,0,Year 2009-2010
3686,489780,2009-12-02 11:43:00,2009-12-02,2009-12,20091202,21930,13654,United Kingdom,10,1.95,19.5,0,0,0,0,Year 2009-2010
3687,489780,2009-12-02 11:43:00,2009-12-02,2009-12,20091202,20976,13654,United Kingdom,24,0.65,15.600000000000001,0,0,0,0,Year 2009-2010
3688,489781,2009-12-02 11:45:00,2009-12-02,2009-12,20091202,84292,,United Kingdom,17,0.0,0.0,0,0,1,0,Year 2009-2010
3689,489782,2009-12-02 11:45:00,2009-12-02,2009-12,20091202,22356,17189,United Kingdom,5,0.85,4.25,0,0,0,0,Year 2009-2010
3690,489782,2009-12-02 11:45:00,2009-12-02,2009-12,20091202,20728,17189,United Kingdom,2,1.65,3.3,0,0,0,0,Year 2009-2010
3691,489782,2009-12-02 11:45:00,2009-12-02,2009-12,20091202,20724,17189,United Kingdom,6,0.85,5.1,0,0,0,0,Year 2009-2010
3692,489782,2009-12-02 11:45:00,2009-12-02,2009-12,20091202,21981,17189,United Kingdom,12,0.29,3.4799999999999995,0,0,0,0,Year 2009-2010
3693,489782,2009-12-02 11:45:00,2009-12-02,2009-12,20091202,21986,17189,United Kingdom,12,0.29,3.4799999999999995,0,0,0,0,Year 2009-2010
3694,489782,2009-12-02 11:45:00,2009-12-02,2009-12,20091202,20941,17189,United Kingdom,12,1.25,15.0,0,0,0,0,Year 2009-2010
3695,489782,2009-12-02 11:45:00,2009-12-02,2009-12,20091202,21647,17189,United Kingdom,12,2.1,25.200000000000003,0,0,0,0,Year 2009-2010
3696,489782,2009-12-02 11:45:00,2009-12-02,2009-12,20091202,72267,17189,United Kingdom,8,2.1,16.8,0,0,0,0,Year 2009-2010
3697,489782,2009-12-02 11:45:00,2009-12-02,2009-12,20091202,20940,17189,United Kingdom,6,2.95,17.700000000000003,0,0,0,0,Year 2009-2010
3698,489782,2009-12-02 11:45:00,2009-12-02,2009-12,20091202,84007,17189,United Kingdom,10,2.55,25.5,0,0,0,0,Year 2009-2010
3699,489782,2009-12-02 11:45:00,2009-12-02,2009-12,20091202,17109A,17189,United Kingdom,4,1.69,6.76,0,0,0,0,Year 2009-2010
3700,489782,2009-12-02 11:45:00,2009-12-02,2009-12,20091202,17109C,17189,United Kingdom,4,1.69,6.76,0,0,0,0,Year 2009-2010
3701,489782,2009-12-02 11:45:00,2009-12-02,2009-12,20091202,22315,17189,United Kingdom,2,1.25,2.5,0,0,0,0,Year 2009-2010
3702,489782,2009-12-02 11:45:00,2009-12-02,2009-12,20091202,72756,17189,United Kingdom,27,1.49,40.23,0,0,0,0,Year 2009-2010
3703,489782,2009-12-02 11:45:00,2009-12-02,2009-12,20091202,20998,17189,United Kingdom,4,2.95,11.8,0,0,0,0,Year 2009-2010
3704,489782,2009-12-02 11:45:00,2009-12-02,2009-12,20091202,21645,17189,United Kingdom,11,1.65,18.15,0,0,0,0,Year 2009-2010
3705,489782,2009-12-02 11:45:00,2009-12-02,2009-12,20091202,20751,17189,United Kingdom,1,2.1,2.1,0,0,0,0,Year 2009-2010
3706,489782,2009-12-02 11:45:00,2009-12-02,2009-12,20091202,20752,17189,United Kingdom,3,2.1,6.300000000000001,0,0,0,0,Year 2009-2010
3707,489782,2009-12-02 11:45:00,2009-12-02,2009-12,20091202,20754,17189,United Kingdom,1,2.1,2.1,0,0,0,0,Year 2009-2010
3708,489782,2009-12-02 11:45:00,2009-12-02,2009-12,20091202,20753,17189,United Kingdom,2,2.1,4.2,0,0,0,0,Year 2009-2010
3709,489782,2009-12-02 11:45:00,2009-12-02,2009-12,20091202,21556,17189,United Kingdom,3,2.55,7.6499999999999995,0,0,0,0,Year 2009-2010
3710,489783,2009-12-02 11:47:00,2009-12-02,2009-12,20091202,21025,13269,United Kingdom,10,1.25,12.5,0,0,0,0,Year 2009-2010
3711,489783,2009-12-02 11:47:00,2009-12-02,2009-12,20091202,21026,13269,United Kingdom,20,1.25,25.0,0,0,0,0,Year 2009-2010
3712,489783,2009-12-02 11:47:00,2009-12-02,2009-12,20091202,20960,13269,United Kingdom,10,1.25,12.5,0,0,0,0,Year 2009-2010
3713,489783,2009-12-02 11:47:00,2009-12-02,2009-12,20091202,20966,13269,United Kingdom,10,1.25,12.5,0,0,0,0,Year 2009-2010
3714,489783,2009-12-02 11:47:00,2009-12-02,2009-12,20091202,21490,13269,United Kingdom,6,1.95,11.7,0,0,0,0,Year 2009-2010
3715,489783,2009-12-02 11:47:00,2009-12-02,2009-12,20091202,22198,13269,United Kingdom,48,1.45,69.6,0,0,0,0,Year 2009-2010
3716,489783,2009-12-02 11:47:00,2009-12-02,2009-12,20091202,79328,13269,United Kingdom,48,0.38,18.240000000000002,0,0,0,0,Year 2009-2010
3717,489784,2009-12-02 11:48:00,2009-12-02,2009-12,20091202,22344,13269,United Kingdom,12,0.85,10.2,0,0,0,0,Year 2009-2010
3718,489784,2009-12-02 11:48:00,2009-12-02,2009-12,20091202,22346,13269,United Kingdom,12,0.85,10.2,0,0,0,0,Year 2009-2010
3719,489784,2009-12-02 11:48:00,2009-12-02,2009-12,20091202,22345,13269,United Kingdom,12,0.85,10.2,0,0,0,0,Year 2009-2010
3720,489784,2009-12-02 11:48:00,2009-12-02,2009-12,20091202,22343,13269,United Kingdom,12,0.85,10.2,0,0,0,0,Year 2009-2010
3721,489785,2009-12-02 11:51:00,2009-12-02,2009-12,20091202,17084R,14653,United Kingdom,72,0.21,15.12,0,0,0,0,Year 2009-2010
3722,489785,2009-12-02 11:51:00,2009-12-02,2009-12,20091202,21981,14653,United Kingdom,2,0.29,0.58,0,0,0,0,Year 2009-2010
3723,489785,2009-12-02 11:51:00,2009-12-02,2009-12,20091202,72741,14653,United Kingdom,9,1.45,13.049999999999999,0,0,0,0,Year 2009-2010
3724,489785,2009-12-02 11:51:00,2009-12-02,2009-12,20091202,72756,14653,United Kingdom,9,1.49,13.41,0,0,0,0,Year 2009-2010
3725,489785,2009-12-02 11:51:00,2009-12-02,2009-12,20091202,84670,14653,United Kingdom,24,0.42,10.08,0,0,0,0,Year 2009-2010
3726,489785,2009-12-02 11:51:00,2009-12-02,2009-12,20091202,84347,14653,United Kingdom,60,2.55,153.0,0,0,0,0,Year 2009-2010
3727,489785,2009-12-02 11:51:00,2009-12-02,2009-12,20091202,21839,14653,United Kingdom,1,5.45,5.45,0,0,0,0,Year 2009-2010
3728,489785,2009-12-02 11:51:00,2009-12-02,2009-12,20091202,21838,14653,United Kingdom,1,5.45,5.45,0,0,0,0,Year 2009-2010
3729,489785,2009-12-02 11:51:00,2009-12-02,2009-12,20091202,21411,14653,United Kingdom,2,4.25,8.5,0,0,0,0,Year 2009-2010
3730,489785,2009-12-02 11:51:00,2009-12-02,2009-12,20091202,72529W,14653,United Kingdom,1,2.12,2.12,0,0,0,0,Year 2009-2010
3731,489785,2009-12-02 11:51:00,2009-12-02,2009-12,20091202,21983,14653,United Kingdom,6,0.29,1.7399999999999998,0,0,0,0,Year 2009-2010
3732,489785,2009-12-02 11:51:00,2009-12-02,2009-12,20091202,21986,14653,United Kingdom,6,0.29,1.7399999999999998,0,0,0,0,Year 2009-2010
3733,489785,2009-12-02 11:51:00,2009-12-02,2009-12,20091202,21822,14653,United Kingdom,12,1.95,23.4,0,0,0,0,Year 2009-2010
3734,489785,2009-12-02 11:51:00,2009-12-02,2009-12,20091202,21818,14653,United Kingdom,36,0.85,30.599999999999998,0,0,0,0,Year 2009-2010
3735,489785,2009-12-02 11:51:00,2009-12-02,2009-12,20091202,85066,14653,United Kingdom,2,12.75,25.5,0,0,0,0,Year 2009-2010
3736,489785,2009-12-02 11:51:00,2009-12-02,2009-12,20091202,21770,14653,United Kingdom,1,4.95,4.95,0,0,0,0,Year 2009-2010
3737,489785,2009-12-02 11:51:00,2009-12-02,2009-12,20091202,85135A,14653,United Kingdom,1,7.95,7.95,0,0,0,0,Year 2009-2010
3738,489785,2009-12-02 11:51:00,2009-12-02,2009-12,20091202,85135B,14653,United Kingdom,1,7.95,7.95,0,0,0,1,Year 2009-2010
3739,489785,2009-12-02 11:51:00,2009-12-02,2009-12,20091202,22095,14653,United Kingdom,2,1.25,2.5,0,0,0,0,Year 2009-2010
3740,489786,2009-12-02 11:52:00,2009-12-02,2009-12,20091202,21898,17019,United Kingdom,1,2.95,2.95,0,0,0,0,Year 2009-2010
3741,489786,2009-12-02 11:52:00,2009-12-02,2009-12,20091202,22333,17019,United Kingdom,4,1.65,6.6,0,0,0,0,Year 2009-2010
3742,489786,2009-12-02 11:52:00,2009-12-02,2009-12,20091202,22315,17019,United Kingdom,1,1.25,1.25,0,0,0,0,Year 2009-2010
3743,489786,2009-12-02 11:52:00,2009-12-02,2009-12,20091202,21094,17019,United Kingdom,1,0.85,0.85,0,0,0,0,Year 2009-2010
3744,489786,2009-12-02 11:52:00,2009-12-02,2009-12,20091202,20974,17019,United Kingdom,3,0.65,1.9500000000000002,0,0,0,0,Year 2009-2010
3745,489786,2009-12-02 11:52:00,2009-12-02,2009-12,20091202,21791,17019,United Kingdom,6,1.25,7.5,0,0,0,0,Year 2009-2010
3746,489786,2009-12-02 11:52:00,2009-12-02,2009-12,20091202,21440,17019,United Kingdom,3,1.25,3.75,0,0,0,0,Year 2009-2010
3747,489786,2009-12-02 11:52:00,2009-12-02,2009-12,20091202,21212,17019,United Kingdom,1,0.55,0.55,0,0,0,0,Year 2009-2010
3748,489786,2009-12-02 11:52:00,2009-12-02,2009-12,20091202,21086,17019,United Kingdom,5,0.65,3.25,0,0,0,0,Year 2009-2010
3749,489786,2009-12-02 11:52:00,2009-12-02,2009-12,20091202,20975,17019,United Kingdom,48,0.65,31.200000000000003,0,0,0,0,Year 2009-2010
3750,489786,2009-12-02 11:52:00,2009-12-02,2009-12,20091202,21790,17019,United Kingdom,48,0.85,40.8,0,0,0,0,Year 2009-2010
3751,489786,2009-12-02 11:52:00,2009-12-02,2009-12,20091202,22303,17019,United Kingdom,3,2.55,7.6499999999999995,0,0,0,0,Year 2009-2010
3752,489786,2009-12-02 11:52:00,2009-12-02,2009-12,20091202,22302,17019,United Kingdom,3,2.55,7.6499999999999995,0,0,0,0,Year 2009-2010
3753,489786,2009-12-02 11:52:00,2009-12-02,2009-12,20091202,79191C,17019,United Kingdom,12,0.85,10.2,0,0,0,0,Year 2009-2010
3754,489786,2009-12-02 11:52:00,2009-12-02,2009-12,20091202,22086,17019,United Kingdom,6,2.95,17.700000000000003,0,0,0,0,Year 2009-2010
3755,489786,2009-12-02 11:52:00,2009-12-02,2009-12,20091202,21993,17019,United Kingdom,1,2.95,2.95,0,0,0,0,Year 2009-2010
3756,489786,2009-12-02 11:52:00,2009-12-02,2009-12,20091202,21990,17019,United Kingdom,1,2.95,2.95,0,0,0,0,Year 2009-2010
3757,489786,2009-12-02 11:52:00,2009-12-02,2009-12,20091202,72796A,17019,United Kingdom,3,1.65,4.949999999999999,0,0,0,0,Year 2009-2010
3758,489786,2009-12-02 11:52:00,2009-12-02,2009-12,20091202,72796B,17019,United Kingdom,2,1.65,3.3,0,0,0,1,Year 2009-2010
3759,489786,2009-12-02 11:52:00,2009-12-02,2009-12,20091202,85035C,17019,United Kingdom,2,4.25,8.5,0,0,0,0,Year 2009-2010
3760,489786,2009-12-02 11:52:00,2009-12-02,2009-12,20091202,85035A,17019,United Kingdom,2,4.25,8.5,0,0,0,0,Year 2009-2010
3761,489786,2009-12-02 11:52:00,2009-12-02,2009-12,20091202,84029G,17019,United Kingdom,1,3.75,3.75,0,0,0,0,Year 2009-2010
3762,489786,2009-12-02 11:52:00,2009-12-02,2009-12,20091202,79191C,17019,United Kingdom,3,0.85,2.55,0,0,0,0,Year 2009-2010
3763,489786,2009-12-02 11:52:00,2009-12-02,2009-12,20091202,20867,17019,United Kingdom,1,1.25,1.25,0,0,0,0,Year 2009-2010
3764,489786,2009-12-02 11:52:00,2009-12-02,2009-12,20091202,20869,17019,United Kingdom,1,1.25,1.25,0,0,0,0,Year 2009-2010
3765,489786,2009-12-02 11:52:00,2009-12-02,2009-12,20091202,79190B,17019,United Kingdom,3,0.42,1.26,0,0,0,1,Year 2009-2010
3766,489786,2009-12-02 11:52:00,2009-12-02,2009-12,20091202,90214S,17019,United Kingdom,1,1.25,1.25,0,0,0,0,Year 2009-2010
3767,489786,2009-12-02 11:52:00,2009-12-02,2009-12,20091202,90214J,17019,United Kingdom,1,1.25,1.25,0,0,0,0,Year 2009-2010
3768,489786,2009-12-02 11:52:00,2009-12-02,2009-12,20091202,47504G,17019,United Kingdom,1,1.25,1.25,0,0,0,0,Year 2009-2010
3769,489786,2009-12-02 11:52:00,2009-12-02,2009-12,20091202,20975,17019,United Kingdom,2,0.65,1.3,0,0,0,0,Year 2009-2010
3770,489786,2009-12-02 11:52:00,2009-12-02,2009-12,20091202,16258B,17019,United Kingdom,2,0.42,0.84,0,0,0,1,Year 2009-2010
3771,489786,2009-12-02 11:52:00,2009-12-02,2009-12,20091202,84991,17019,United Kingdom,1,0.55,0.55,0,0,0,0,Year 2009-2010
3772,489786,2009-12-02 11:52:00,2009-12-02,2009-12,20091202,21975,17019,United Kingdom,1,0.55,0.55,0,0,0,0,Year 2009-2010
3773,489786,2009-12-02 11:52:00,2009-12-02,2009-12,20091202,20963,17019,United Kingdom,1,1.25,1.25,0,0,0,0,Year 2009-2010
3774,489786,2009-12-02 11:52:00,2009-12-02,2009-12,20091202,20961,17019,United Kingdom,1,1.25,1.25,0,0,0,0,Year 2009-2010
3775,489786,2009-12-02 11:52:00,2009-12-02,2009-12,20091202,20986,17019,United Kingdom,1,1.25,1.25,0,0,0,0,Year 2009-2010
3776,489786,2009-12-02 11:52:00,2009-12-02,2009-12,20091202,20985,17019,United Kingdom,1,1.25,1.25,0,0,0,0,Year 2009-2010
3777,489786,2009-12-02 11:52:00,2009-12-02,2009-12,20091202,72796A,17019,United Kingdom,2,1.65,3.3,0,0,0,0,Year 2009-2010
3778,489786,2009-12-02 11:52:00,2009-12-02,2009-12,20091202,17003,17019,United Kingdom,2,0.21,0.42,0,0,0,0,Year 2009-2010
3779,489786,2009-12-02 11:52:00,2009-12-02,2009-12,20091202,21424,17019,United Kingdom,1,2.95,2.95,0,0,0,0,Year 2009-2010
3780,489786,2009-12-02 11:52:00,2009-12-02,2009-12,20091202,22029,17019,United Kingdom,12,0.42,5.04,0,0,0,0,Year 2009-2010
3781,489786,2009-12-02 11:52:00,2009-12-02,2009-12,20091202,85099B,17019,United Kingdom,2,1.95,3.9,0,0,0,1,Year 2009-2010
3782,489787,2009-12-02 11:53:00,2009-12-02,2009-12,20091202,37348,15542,United Kingdom,1,2.55,2.55,0,0,0,0,Year 2009-2010
3783,489787,2009-12-02 11:53:00,2009-12-02,2009-12,20091202,21985,15542,United Kingdom,1,0.29,0.29,0,0,0,0,Year 2009-2010
3784,489787,2009-12-02 11:53:00,2009-12-02,2009-12,20091202,21535,15542,United Kingdom,1,2.55,2.55,0,0,0,0,Year 2009-2010
3785,489787,2009-12-02 11:53:00,2009-12-02,2009-12,20091202,21533,15542,United Kingdom,1,4.95,4.95,0,0,0,0,Year 2009-2010
3786,489787,2009-12-02 11:53:00,2009-12-02,2009-12,20091202,72817,15542,United Kingdom,1,1.25,1.25,0,0,0,0,Year 2009-2010
3787,489787,2009-12-02 11:53:00,2009-12-02,2009-12,20091202,22279,15542,United Kingdom,2,2.1,4.2,0,0,0,0,Year 2009-2010
3788,489787,2009-12-02 11:53:00,2009-12-02,2009-12,20091202,21432,15542,United Kingdom,1,5.95,5.95,0,0,0,0,Year 2009-2010
3789,489787,2009-12-02 11:53:00,2009-12-02,2009-12,20091202,22095,15542,United Kingdom,1,1.25,1.25,0,0,0,0,Year 2009-2010
3790,489787,2009-12-02 11:53:00,2009-12-02,2009-12,20091202,21843,15542,United Kingdom,1,10.95,10.95,0,0,0,0,Year 2009-2010
3791,489787,2009-12-02 11:53:00,2009-12-02,2009-12,20091202,21557,15542,United Kingdom,1,2.95,2.95,0,0,0,0,Year 2009-2010
3792,489787,2009-12-02 11:53:00,2009-12-02,2009-12,20091202,21992,15542,United Kingdom,1,2.95,2.95,0,0,0,0,Year 2009-2010
3793,489787,2009-12-02 11:53:00,2009-12-02,2009-12,20091202,21990,15542,United Kingdom,1,2.95,2.95,0,0,0,0,Year 2009-2010
3794,489787,2009-12-02 11:53:00,2009-12-02,2009-12,20091202,21993,15542,United Kingdom,1,2.95,2.95,0,0,0,0,Year 2009-2010
3795,489787,2009-12-02 11:53:00,2009-12-02,2009-12,20091202,18097B,15542,United Kingdom,1,2.55,2.55,0,0,0,1,Year 2009-2010
3796,489787,2009-12-02 11:53:00,2009-12-02,2009-12,20091202,22150,15542,United Kingdom,2,1.95,3.9,0,0,0,0,Year 2009-2010
3797,489787,2009-12-02 11:53:00,2009-12-02,2009-12,20091202,84997A,15542,United Kingdom,1,3.75,3.75,0,0,0,0,Year 2009-2010
3798,489787,2009-12-02 11:53:00,2009-12-02,2009-12,20091202,84997D,15542,United Kingdom,2,3.75,7.5,0,0,0,1,Year 2009-2010
3799,489787,2009-12-02 11:53:00,2009-12-02,2009-12,20091202,21981,15542,United Kingdom,2,0.29,0.58,0,0,0,0,Year 2009-2010
3800,489787,2009-12-02 11:53:00,2009-12-02,2009-12,20091202,85221,15542,United Kingdom,12,1.25,15.0,0,0,0,0,Year 2009-2010
3801,489787,2009-12-02 11:53:00,2009-12-02,2009-12,20091202,21985,15542,United Kingdom,2,0.29,0.58,0,0,0,0,Year 2009-2010
3802,489787,2009-12-02 11:53:00,2009-12-02,2009-12,20091202,21537,15542,United Kingdom,1,4.25,4.25,0,0,0,0,Year 2009-2010
3803,489787,2009-12-02 11:53:00,2009-12-02,2009-12,20091202,21981,15542,United Kingdom,1,0.29,0.29,0,0,0,0,Year 2009-2010
3804,489787,2009-12-02 11:53:00,2009-12-02,2009-12,20091202,21532,15542,United Kingdom,1,2.1,2.1,0,0,0,0,Year 2009-2010
3805,489787,2009-12-02 11:53:00,2009-12-02,2009-12,20091202,22195,15542,United Kingdom,1,1.65,1.65,0,0,0,0,Year 2009-2010
3806,489787,2009-12-02 11:53:00,2009-12-02,2009-12,20091202,84562B,15542,United Kingdom,1,7.95,7.95,0,0,0,1,Year 2009-2010
3807,489787,2009-12-02 11:53:00,2009-12-02,2009-12,20091202,70006,15542,United Kingdom,1,1.65,1.65,0,0,0,0,Year 2009-2010
3808,489787,2009-12-02 11:53:00,2009-12-02,2009-12,20091202,84526,15542,United Kingdom,2,1.95,3.9,0,0,0,0,Year 2009-2010
3809,489787,2009-12-02 11:53:00,2009-12-02,2009-12,20091202,21833,15542,United Kingdom,6,1.69,10.14,0,0,0,0,Year 2009-2010
3810,489787,2009-12-02 11:53:00,2009-12-02,2009-12,20091202,22096,15542,United Kingdom,1,1.25,1.25,0,0,0,0,Year 2009-2010
3811,489787,2009-12-02 11:53:00,2009-12-02,2009-12,20091202,22109,15542,United Kingdom,1,3.75,3.75,0,0,0,0,Year 2009-2010
3812,489787,2009-12-02 11:53:00,2009-12-02,2009-12,20091202,20728,15542,United Kingdom,1,1.65,1.65,0,0,0,0,Year 2009-2010
3813,489787,2009-12-02 11:53:00,2009-12-02,2009-12,20091202,21166,15542,United Kingdom,1,1.95,1.95,0,0,0,0,Year 2009-2010
3814,489787,2009-12-02 11:53:00,2009-12-02,2009-12,20091202,21579,15542,United Kingdom,1,2.25,2.25,0,0,0,0,Year 2009-2010
3815,489787,2009-12-02 11:53:00,2009-12-02,2009-12,20091202,48111,15542,United Kingdom,1,6.75,6.75,0,0,0,0,Year 2009-2010
3816,489787,2009-12-02 11:53:00,2009-12-02,2009-12,20091202,85099C,15542,United Kingdom,2,1.95,3.9,0,0,0,0,Year 2009-2010
3817,489787,2009-12-02 11:53:00,2009-12-02,2009-12,20091202,85088,15542,United Kingdom,2,2.1,4.2,0,0,0,0,Year 2009-2010
3818,489787,2009-12-02 11:53:00,2009-12-02,2009-12,20091202,21580,15542,United Kingdom,1,2.25,2.25,0,0,0,0,Year 2009-2010
3819,489787,2009-12-02 11:53:00,2009-12-02,2009-12,20091202,84578,15542,United Kingdom,1,3.75,3.75,0,0,0,0,Year 2009-2010
3820,489787,2009-12-02 11:53:00,2009-12-02,2009-12,20091202,37474,15542,United Kingdom,1,9.95,9.95,0,0,0,0,Year 2009-2010
3821,489787,2009-12-02 11:53:00,2009-12-02,2009-12,20091202,72756,15542,United Kingdom,9,1.49,13.41,0,0,0,0,Year 2009-2010
3822,489787,2009-12-02 11:53:00,2009-12-02,2009-12,20091202,21470,15542,United Kingdom,1,3.75,3.75,0,0,0,0,Year 2009-2010
3823,489787,2009-12-02 11:53:00,2009-12-02,2009-12,20091202,21100,15542,United Kingdom,2,1.65,3.3,0,0,0,0,Year 2009-2010
3824,489787,2009-12-02 11:53:00,2009-12-02,2009-12,20091202,21933,15542,United Kingdom,1,2.95,2.95,0,0,0,0,Year 2009-2010
3825,489787,2009-12-02 11:53:00,2009-12-02,2009-12,20091202,21932,15542,United Kingdom,1,2.95,2.95,0,0,0,0,Year 2009-2010
3826,489787,2009-12-02 11:53:00,2009-12-02,2009-12,20091202,84684,15542,United Kingdom,1,2.55,2.55,0,0,0,0,Year 2009-2010
3827,489787,2009-12-02 11:53:00,2009-12-02,2009-12,20091202,84007,15542,United Kingdom,2,2.55,5.1,0,0,0,0,Year 2009-2010
3828,489787,2009-12-02 11:53:00,2009-12-02,2009-12,20091202,22197,15542,United Kingdom,3,0.85,2.55,0,0,0,0,Year 2009-2010
3829,489787,2009-12-02 11:53:00,2009-12-02,2009-12,20091202,85014B,15542,United Kingdom,1,5.95,5.95,0,0,0,1,Year 2009-2010
3830,489787,2009-12-02 11:53:00,2009-12-02,2009-12,20091202,84532B,15542,United Kingdom,1,5.95,5.95,0,0,0,1,Year 2009-2010
3831,489787,2009-12-02 11:53:00,2009-12-02,2009-12,20091202,20748,15542,United Kingdom,1,12.75,12.75,0,0,0,0,Year 2009-2010
3832,489787,2009-12-02 11:53:00,2009-12-02,2009-12,20091202,20747,15542,United Kingdom,2,14.95,29.9,0,0,0,0,Year 2009-2010
3833,489787,2009-12-02 11:53:00,2009-12-02,2009-12,20091202,20914,15542,United Kingdom,1,2.95,2.95,0,0,0,0,Year 2009-2010
3834,489787,2009-12-02 11:53:00,2009-12-02,2009-12,20091202,21249,15542,United Kingdom,1,2.95,2.95,0,0,0,0,Year 2009-2010
3835,489787,2009-12-02 11:53:00,2009-12-02,2009-12,20091202,21252,15542,United Kingdom,1,2.95,2.95,0,0,0,0,Year 2009-2010
3836,489787,2009-12-02 11:53:00,2009-12-02,2009-12,20091202,20723,15542,United Kingdom,2,0.85,1.7,0,0,0,0,Year 2009-2010
3837,489787,2009-12-02 11:53:00,2009-12-02,2009-12,20091202,20726,15542,United Kingdom,4,1.65,6.6,0,0,0,0,Year 2009-2010
3838,489787,2009-12-02 11:53:00,2009-12-02,2009-12,20091202,22355,15542,United Kingdom,2,0.85,1.7,0,0,0,0,Year 2009-2010
3839,489787,2009-12-02 11:53:00,2009-12-02,2009-12,20091202,20713,15542,United Kingdom,2,1.95,3.9,0,0,0,0,Year 2009-2010
3840,489787,2009-12-02 11:53:00,2009-12-02,2009-12,20091202,20712,15542,United Kingdom,3,1.95,5.85,0,0,0,0,Year 2009-2010
3841,489787,2009-12-02 11:53:00,2009-12-02,2009-12,20091202,85099F,15542,United Kingdom,2,1.95,3.9,0,0,0,0,Year 2009-2010
3842,489787,2009-12-02 11:53:00,2009-12-02,2009-12,20091202,21929,15542,United Kingdom,2,1.95,3.9,0,0,0,0,Year 2009-2010
3843,489787,2009-12-02 11:53:00,2009-12-02,2009-12,20091202,21935,15542,United Kingdom,1,1.65,1.65,0,0,0,0,Year 2009-2010
3844,489787,2009-12-02 11:53:00,2009-12-02,2009-12,20091202,85183A,15542,United Kingdom,1,3.75,3.75,0,0,0,0,Year 2009-2010
3845,489787,2009-12-02 11:53:00,2009-12-02,2009-12,20091202,70007,15542,United Kingdom,2,1.65,3.3,0,0,0,0,Year 2009-2010
3846,489787,2009-12-02 11:53:00,2009-12-02,2009-12,20091202,21034,15542,United Kingdom,4,0.95,3.8,0,0,0,0,Year 2009-2010
3847,489788,2009-12-02 11:55:00,2009-12-02,2009-12,20091202,48111,13564,United Kingdom,2,6.75,13.5,0,0,0,0,Year 2009-2010
3848,489788,2009-12-02 11:55:00,2009-12-02,2009-12,20091202,20713,13564,United Kingdom,1,1.95,1.95,0,0,0,0,Year 2009-2010
3849,489788,2009-12-02 11:55:00,2009-12-02,2009-12,20091202,21163,13564,United Kingdom,1,1.45,1.45,0,0,0,0,Year 2009-2010
3850,489788,2009-12-02 11:55:00,2009-12-02,2009-12,20091202,22315,13564,United Kingdom,1,1.25,1.25,0,0,0,0,Year 2009-2010
3851,489788,2009-12-02 11:55:00,2009-12-02,2009-12,20091202,21589,13564,United Kingdom,2,2.55,5.1,0,0,0,0,Year 2009-2010
3852,489788,2009-12-02 11:55:00,2009-12-02,2009-12,20091202,21166,13564,United Kingdom,1,1.95,1.95,0,0,0,0,Year 2009-2010
3853,489788,2009-12-02 11:55:00,2009-12-02,2009-12,20091202,21175,13564,United Kingdom,2,2.1,4.2,0,0,0,0,Year 2009-2010
3854,489788,2009-12-02 11:55:00,2009-12-02,2009-12,20091202,21663,13564,United Kingdom,1,5.95,5.95,0,0,0,0,Year 2009-2010
3855,489788,2009-12-02 11:55:00,2009-12-02,2009-12,20091202,84029E,13564,United Kingdom,2,3.75,7.5,0,0,0,0,Year 2009-2010
3856,489788,2009-12-02 11:55:00,2009-12-02,2009-12,20091202,22114,13564,United Kingdom,2,3.95,7.9,0,0,0,0,Year 2009-2010
3857,489788,2009-12-02 11:55:00,2009-12-02,2009-12,20091202,22112,13564,United Kingdom,2,4.95,9.9,0,0,0,0,Year 2009-2010
3858,489788,2009-12-02 11:55:00,2009-12-02,2009-12,20091202,22125,13564,United Kingdom,2,5.95,11.9,0,0,0,0,Year 2009-2010
3859,489788,2009-12-02 11:55:00,2009-12-02,2009-12,20091202,84029G,13564,United Kingdom,3,3.75,11.25,0,0,0,0,Year 2009-2010
3860,489788,2009-12-02 11:55:00,2009-12-02,2009-12,20091202,72811,13564,United Kingdom,4,1.49,5.96,0,0,0,0,Year 2009-2010
3861,489788,2009-12-02 11:55:00,2009-12-02,2009-12,20091202,20886,13564,United Kingdom,6,1.95,11.7,0,0,0,0,Year 2009-2010
3862,489788,2009-12-02 11:55:00,2009-12-02,2009-12,20091202,22175,13564,United Kingdom,3,2.95,8.850000000000001,0,0,0,0,Year 2009-2010
3863,489788,2009-12-02 11:55:00,2009-12-02,2009-12,20091202,22176,13564,United Kingdom,3,2.95,8.850000000000001,0,0,0,0,Year 2009-2010
3864,489790,2009-12-02 11:59:00,2009-12-02,2009-12,20091202,84327A,16467,United Kingdom,48,1.69,81.12,0,0,0,0,Year 2009-2010
3865,489790,2009-12-02 11:59:00,2009-12-02,2009-12,20091202,22147,16467,United Kingdom,40,1.25,50.0,0,0,0,0,Year 2009-2010
3866,489789,2009-12-02 11:59:00,2009-12-02,2009-12,20091202,20682,15833,United Kingdom,6,3.25,19.5,0,0,0,0,Year 2009-2010
3867,489789,2009-12-02 11:59:00,2009-12-02,2009-12,20091202,15056BL,15833,United Kingdom,3,5.95,17.85,0,0,0,0,Year 2009-2010
3868,489789,2009-12-02 11:59:00,2009-12-02,2009-12,20091202,15056N,15833,United Kingdom,3,5.95,17.85,0,0,0,0,Year 2009-2010
3869,489789,2009-12-02 11:59:00,2009-12-02,2009-12,20091202,47568,15833,United Kingdom,6,2.1,12.600000000000001,0,0,0,0,Year 2009-2010
3870,489789,2009-12-02 11:59:00,2009-12-02,2009-12,20091202,21181,15833,United Kingdom,6,2.1,12.600000000000001,0,0,0,0,Year 2009-2010
3871,489791,2009-12-02 12:06:00,2009-12-02,2009-12,20091202,84802B,15542,United Kingdom,3,1.69,5.07,0,0,0,1,Year 2009-2010
3872,489791,2009-12-02 12:06:00,2009-12-02,2009-12,20091202,84597C,15542,United Kingdom,1,1.25,1.25,0,0,0,0,Year 2009-2010
3873,489791,2009-12-02 12:06:00,2009-12-02,2009-12,20091202,22114,15542,United Kingdom,1,3.95,3.95,0,0,0,0,Year 2009-2010
3874,489791,2009-12-02 12:06:00,2009-12-02,2009-12,20091202,84520D,15542,United Kingdom,2,0.85,1.7,0,0,0,1,Year 2009-2010
3875,489791,2009-12-02 12:06:00,2009-12-02,2009-12,20091202,21770,15542,United Kingdom,1,4.95,4.95,0,0,0,0,Year 2009-2010
3876,489791,2009-12-02 12:06:00,2009-12-02,2009-12,20091202,47504E,15542,United Kingdom,1,1.25,1.25,0,0,0,0,Year 2009-2010
3877,489791,2009-12-02 12:06:00,2009-12-02,2009-12,20091202,84925C,15542,United Kingdom,1,2.55,2.55,0,0,0,0,Year 2009-2010
3878,489791,2009-12-02 12:06:00,2009-12-02,2009-12,20091202,82552,15542,United Kingdom,1,1.25,1.25,0,0,0,0,Year 2009-2010
3879,489791,2009-12-02 12:06:00,2009-12-02,2009-12,20091202,21609,15542,United Kingdom,1,2.95,2.95,0,0,0,0,Year 2009-2010
3880,489791,2009-12-02 12:06:00,2009-12-02,2009-12,20091202,21102,15542,United Kingdom,1,2.55,2.55,0,0,0,0,Year 2009-2010
3881,489791,2009-12-02 12:06:00,2009-12-02,2009-12,20091202,20621,15542,United Kingdom,1,2.1,2.1,0,0,0,0,Year 2009-2010
3882,489791,2009-12-02 12:06:00,2009-12-02,2009-12,20091202,21615,15542,United Kingdom,1,3.75,3.75,0,0,0,0,Year 2009-2010
3883,489791,2009-12-02 12:06:00,2009-12-02,2009-12,20091202,21582,15542,United Kingdom,1,1.65,1.65,0,0,0,0,Year 2009-2010
3884,489791,2009-12-02 12:06:00,2009-12-02,2009-12,20091202,21591,15542,United Kingdom,1,1.25,1.25,0,0,0,0,Year 2009-2010
3885,489791,2009-12-02 12:06:00,2009-12-02,2009-12,20091202,84509B,15542,United Kingdom,1,3.75,3.75,0,0,0,1,Year 2009-2010
3886,489791,2009-12-02 12:06:00,2009-12-02,2009-12,20091202,47556B,15542,United Kingdom,1,2.95,2.95,0,0,0,1,Year 2009-2010
3887,489791,2009-12-02 12:06:00,2009-12-02,2009-12,20091202,84520B,15542,United Kingdom,1,0.85,0.85,0,0,0,1,Year 2009-2010
3888,489791,2009-12-02 12:06:00,2009-12-02,2009-12,20091202,21590,15542,United Kingdom,1,1.25,1.25,0,0,0,0,Year 2009-2010
3889,489791,2009-12-02 12:06:00,2009-12-02,2009-12,20091202,21470,15542,United Kingdom,2,3.75,7.5,0,0,0,0,Year 2009-2010
3890,489791,2009-12-02 12:06:00,2009-12-02,2009-12,20091202,22093,15542,United Kingdom,1,1.25,1.25,0,0,0,0,Year 2009-2010
3891,489791,2009-12-02 12:06:00,2009-12-02,2009-12,20091202,84029G,15542,United Kingdom,1,3.75,3.75,0,0,0,0,Year 2009-2010
3892,489791,2009-12-02 12:06:00,2009-12-02,2009-12,20091202,21312,15542,United Kingdom,1,6.75,6.75,0,0,0,0,Year 2009-2010
3893,489791,2009-12-02 12:06:00,2009-12-02,2009-12,20091202,20714,15542,United Kingdom,1,1.25,1.25,0,0,0,0,Year 2009-2010
3894,489791,2009-12-02 12:06:00,2009-12-02,2009-12,20091202,21490,15542,United Kingdom,3,1.95,5.85,0,0,0,0,Year 2009-2010
3895,489791,2009-12-02 12:06:00,2009-12-02,2009-12,20091202,21260,15542,United Kingdom,1,3.25,3.25,0,0,0,0,Year 2009-2010
3896,489791,2009-12-02 12:06:00,2009-12-02,2009-12,20091202,22091,15542,United Kingdom,2,1.25,2.5,0,0,0,0,Year 2009-2010
3897,489791,2009-12-02 12:06:00,2009-12-02,2009-12,20091202,84926B,15542,United Kingdom,4,1.25,5.0,0,0,0,1,Year 2009-2010
3898,489791,2009-12-02 12:06:00,2009-12-02,2009-12,20091202,84926C,15542,United Kingdom,4,1.25,5.0,0,0,0,0,Year 2009-2010
3899,489791,2009-12-02 12:06:00,2009-12-02,2009-12,20091202,21617,15542,United Kingdom,1,3.75,3.75,0,0,0,0,Year 2009-2010
3900,489791,2009-12-02 12:06:00,2009-12-02,2009-12,20091202,20748,15542,United Kingdom,2,12.75,25.5,0,0,0,0,Year 2009-2010
3901,489791,2009-12-02 12:06:00,2009-12-02,2009-12,20091202,22123,15542,United Kingdom,1,5.95,5.95,0,0,0,0,Year 2009-2010
3902,489791,2009-12-02 12:06:00,2009-12-02,2009-12,20091202,85107,15542,United Kingdom,2,2.55,5.1,0,0,0,0,Year 2009-2010
3903,489791,2009-12-02 12:06:00,2009-12-02,2009-12,20091202,21232,15542,United Kingdom,1,1.25,1.25,0,0,0,0,Year 2009-2010
3904,489791,2009-12-02 12:06:00,2009-12-02,2009-12,20091202,21889,15542,United Kingdom,1,1.25,1.25,0,0,0,0,Year 2009-2010
3905,489791,2009-12-02 12:06:00,2009-12-02,2009-12,20091202,22313,15542,United Kingdom,1,4.95,4.95,0,0,0,0,Year 2009-2010
3906,489791,2009-12-02 12:06:00,2009-12-02,2009-12,20091202,84341B,15542,United Kingdom,2,0.85,1.7,0,0,0,1,Year 2009-2010
3907,489791,2009-12-02 12:06:00,2009-12-02,2009-12,20091202,22198,15542,United Kingdom,4,1.65,6.6,0,0,0,0,Year 2009-2010
3908,489791,2009-12-02 12:06:00,2009-12-02,2009-12,20091202,22095,15542,United Kingdom,1,1.25,1.25,0,0,0,0,Year 2009-2010
3909,489791,2009-12-02 12:06:00,2009-12-02,2009-12,20091202,21467,15542,United Kingdom,1,3.75,3.75,0,0,0,0,Year 2009-2010
3910,489791,2009-12-02 12:06:00,2009-12-02,2009-12,20091202,21472,15542,United Kingdom,1,3.75,3.75,0,0,0,0,Year 2009-2010
3911,489791,2009-12-02 12:06:00,2009-12-02,2009-12,20091202,21471,15542,United Kingdom,1,3.75,3.75,0,0,0,0,Year 2009-2010
3912,489791,2009-12-02 12:06:00,2009-12-02,2009-12,20091202,21931,15542,United Kingdom,2,1.95,3.9,0,0,0,0,Year 2009-2010
3913,489791,2009-12-02 12:06:00,2009-12-02,2009-12,20091202,20713,15542,United Kingdom,1,1.95,1.95,0,0,0,0,Year 2009-2010
3914,489791,2009-12-02 12:06:00,2009-12-02,2009-12,20091202,21523,15542,United Kingdom,1,6.75,6.75,0,0,0,0,Year 2009-2010
3915,489791,2009-12-02 12:06:00,2009-12-02,2009-12,20091202,21916,15542,United Kingdom,1,0.42,0.42,0,0,0,0,Year 2009-2010
3916,489791,2009-12-02 12:06:00,2009-12-02,2009-12,20091202,21866,15542,United Kingdom,1,1.25,1.25,0,0,0,0,Year 2009-2010
3917,489791,2009-12-02 12:06:00,2009-12-02,2009-12,20091202,21864,15542,United Kingdom,1,2.1,2.1,0,0,0,0,Year 2009-2010
3918,489791,2009-12-02 12:06:00,2009-12-02,2009-12,20091202,82616C,15542,United Kingdom,1,2.95,2.95,0,0,0,0,Year 2009-2010
3919,489791,2009-12-02 12:06:00,2009-12-02,2009-12,20091202,20686,15542,United Kingdom,1,3.25,3.25,0,0,0,0,Year 2009-2010
3920,489791,2009-12-02 12:06:00,2009-12-02,2009-12,20091202,20886,15542,United Kingdom,1,1.95,1.95,0,0,0,0,Year 2009-2010
3921,489791,2009-12-02 12:06:00,2009-12-02,2009-12,20091202,21175,15542,United Kingdom,1,2.1,2.1,0,0,0,0,Year 2009-2010
3922,489791,2009-12-02 12:06:00,2009-12-02,2009-12,20091202,84466,15542,United Kingdom,1,1.25,1.25,0,0,0,0,Year 2009-2010
3923,489791,2009-12-02 12:06:00,2009-12-02,2009-12,20091202,85104,15542,United Kingdom,1,2.95,2.95,0,0,0,0,Year 2009-2010
3924,489791,2009-12-02 12:06:00,2009-12-02,2009-12,20091202,21253,15542,United Kingdom,1,2.95,2.95,0,0,0,0,Year 2009-2010
3925,489791,2009-12-02 12:06:00,2009-12-02,2009-12,20091202,21326,15542,United Kingdom,4,0.65,2.6,0,0,0,0,Year 2009-2010
3926,489791,2009-12-02 12:06:00,2009-12-02,2009-12,20091202,21162,15542,United Kingdom,1,1.45,1.45,0,0,0,0,Year 2009-2010
3927,489791,2009-12-02 12:06:00,2009-12-02,2009-12,20091202,21159,15542,United Kingdom,1,1.45,1.45,0,0,0,0,Year 2009-2010
3928,489791,2009-12-02 12:06:00,2009-12-02,2009-12,20091202,22109,15542,United Kingdom,1,3.75,3.75,0,0,0,0,Year 2009-2010
3929,489791,2009-12-02 12:06:00,2009-12-02,2009-12,20091202,22107,15542,United Kingdom,2,3.75,7.5,0,0,0,0,Year 2009-2010
3930,489791,2009-12-02 12:06:00,2009-12-02,2009-12,20091202,72802B,15542,United Kingdom,1,4.25,4.25,0,0,0,1,Year 2009-2010
3931,489791,2009-12-02 12:06:00,2009-12-02,2009-12,20091202,72803A,15542,United Kingdom,1,4.25,4.25,0,0,0,0,Year 2009-2010
3932,489791,2009-12-02 12:06:00,2009-12-02,2009-12,20091202,21034,15542,United Kingdom,2,0.95,1.9,0,0,0,0,Year 2009-2010
3933,489792,2009-12-02 12:06:00,2009-12-02,2009-12,20091202,21246,14527,United Kingdom,2,4.95,9.9,0,0,0,0,Year 2009-2010
3934,489792,2009-12-02 12:06:00,2009-12-02,2009-12,20091202,21042,14527,United Kingdom,6,5.95,35.7,0,0,0,0,Year 2009-2010
3935,489792,2009-12-02 12:06:00,2009-12-02,2009-12,20091202,21041,14527,United Kingdom,5,2.95,14.75,0,0,0,0,Year 2009-2010
3936,489792,2009-12-02 12:06:00,2009-12-02,2009-12,20091202,21035,14527,United Kingdom,5,2.95,14.75,0,0,0,0,Year 2009-2010
3937,489792,2009-12-02 12:06:00,2009-12-02,2009-12,20091202,47580,14527,United Kingdom,3,2.55,7.6499999999999995,0,0,0,0,Year 2009-2010
3938,489792,2009-12-02 12:06:00,2009-12-02,2009-12,20091202,84029C,14527,United Kingdom,3,3.75,11.25,0,0,0,0,Year 2009-2010
3939,489792,2009-12-02 12:06:00,2009-12-02,2009-12,20091202,22125,14527,United Kingdom,2,5.95,11.9,0,0,0,0,Year 2009-2010
3940,489792,2009-12-02 12:06:00,2009-12-02,2009-12,20091202,21486,14527,United Kingdom,1,3.75,3.75,0,0,0,0,Year 2009-2010
3941,489792,2009-12-02 12:06:00,2009-12-02,2009-12,20091202,21481,14527,United Kingdom,2,2.95,5.9,0,0,0,0,Year 2009-2010
3942,489792,2009-12-02 12:06:00,2009-12-02,2009-12,20091202,21482,14527,United Kingdom,1,2.95,2.95,0,0,0,0,Year 2009-2010
3943,489792,2009-12-02 12:06:00,2009-12-02,2009-12,20091202,21484,14527,United Kingdom,1,3.45,3.45,0,0,0,0,Year 2009-2010
3944,489792,2009-12-02 12:06:00,2009-12-02,2009-12,20091202,22112,14527,United Kingdom,2,4.95,9.9,0,0,0,0,Year 2009-2010
3945,489792,2009-12-02 12:06:00,2009-12-02,2009-12,20091202,84029E,14527,United Kingdom,6,3.75,22.5,0,0,0,0,Year 2009-2010
3946,489792,2009-12-02 12:06:00,2009-12-02,2009-12,20091202,22121,14527,United Kingdom,2,5.95,11.9,0,0,0,0,Year 2009-2010
3947,489792,2009-12-02 12:06:00,2009-12-02,2009-12,20091202,35599B,14527,United Kingdom,1,8.49,8.49,0,0,0,1,Year 2009-2010
3948,489792,2009-12-02 12:06:00,2009-12-02,2009-12,20091202,22107,14527,United Kingdom,2,3.75,7.5,0,0,0,0,Year 2009-2010
3949,489792,2009-12-02 12:06:00,2009-12-02,2009-12,20091202,85232B,14527,United Kingdom,2,4.95,9.9,0,0,0,1,Year 2009-2010
3950,489792,2009-12-02 12:06:00,2009-12-02,2009-12,20091202,21479,14527,United Kingdom,6,3.75,22.5,0,0,0,0,Year 2009-2010
3951,489792,2009-12-02 12:06:00,2009-12-02,2009-12,20091202,37485,14527,United Kingdom,1,4.65,4.65,0,0,0,0,Year 2009-2010
3952,489792,2009-12-02 12:06:00,2009-12-02,2009-12,20091202,37501,14527,United Kingdom,2,6.95,13.9,0,0,0,0,Year 2009-2010
3953,489792,2009-12-02 12:06:00,2009-12-02,2009-12,20091202,84997C,14527,United Kingdom,2,3.75,7.5,0,0,0,0,Year 2009-2010
3954,489792,2009-12-02 12:06:00,2009-12-02,2009-12,20091202,84968E,14527,United Kingdom,1,12.75,12.75,0,0,0,0,Year 2009-2010
3955,489792,2009-12-02 12:06:00,2009-12-02,2009-12,20091202,84968B,14527,United Kingdom,2,12.75,25.5,0,0,0,1,Year 2009-2010
3956,489792,2009-12-02 12:06:00,2009-12-02,2009-12,20091202,21359,14527,United Kingdom,1,15.95,15.95,0,0,0,0,Year 2009-2010
3957,489792,2009-12-02 12:06:00,2009-12-02,2009-12,20091202,84691,14527,United Kingdom,8,0.85,6.8,0,0,0,0,Year 2009-2010
3958,489792,2009-12-02 12:06:00,2009-12-02,2009-12,20091202,21539,14527,United Kingdom,2,4.95,9.9,0,0,0,0,Year 2009-2010
3959,489792,2009-12-02 12:06:00,2009-12-02,2009-12,20091202,84660C,14527,United Kingdom,1,3.75,3.75,0,0,0,0,Year 2009-2010
3960,489792,2009-12-02 12:06:00,2009-12-02,2009-12,20091202,21364,14527,United Kingdom,1,6.75,6.75,0,0,0,0,Year 2009-2010
3961,489792,2009-12-02 12:06:00,2009-12-02,2009-12,20091202,21528,14527,United Kingdom,1,6.95,6.95,0,0,0,0,Year 2009-2010
3962,489792,2009-12-02 12:06:00,2009-12-02,2009-12,20091202,22073,14527,United Kingdom,2,3.75,7.5,0,0,0,0,Year 2009-2010
3963,489792,2009-12-02 12:06:00,2009-12-02,2009-12,20091202,79065A,14527,United Kingdom,4,9.95,39.8,0,0,0,0,Year 2009-2010
3964,489792,2009-12-02 12:06:00,2009-12-02,2009-12,20091202,37476,14527,United Kingdom,1,9.95,9.95,0,0,0,0,Year 2009-2010
3965,489792,2009-12-02 12:06:00,2009-12-02,2009-12,20091202,85123A,14527,United Kingdom,8,2.95,23.6,0,0,0,0,Year 2009-2010
3966,489792,2009-12-02 12:06:00,2009-12-02,2009-12,20091202,21217,14527,United Kingdom,4,9.95,39.8,0,0,0,0,Year 2009-2010
3967,489792,2009-12-02 12:06:00,2009-12-02,2009-12,20091202,71053,14527,United Kingdom,2,3.75,7.5,0,0,0,0,Year 2009-2010
3968,489792,2009-12-02 12:06:00,2009-12-02,2009-12,20091202,21843,14527,United Kingdom,1,10.95,10.95,0,0,0,0,Year 2009-2010
3969,489792,2009-12-02 12:06:00,2009-12-02,2009-12,20091202,21407,14527,United Kingdom,2,4.25,8.5,0,0,0,0,Year 2009-2010
3970,489792,2009-12-02 12:06:00,2009-12-02,2009-12,20091202,21777,14527,United Kingdom,2,7.95,15.9,0,0,0,0,Year 2009-2010
3971,489792,2009-12-02 12:06:00,2009-12-02,2009-12,20091202,21257,14527,United Kingdom,2,7.95,15.9,0,0,0,0,Year 2009-2010
3972,489792,2009-12-02 12:06:00,2009-12-02,2009-12,20091202,22193,14527,United Kingdom,2,8.5,17.0,0,0,0,0,Year 2009-2010
3973,489792,2009-12-02 12:06:00,2009-12-02,2009-12,20091202,22354,14527,United Kingdom,2,3.75,7.5,0,0,0,0,Year 2009-2010
3974,489792,2009-12-02 12:06:00,2009-12-02,2009-12,20091202,84623,14527,United Kingdom,3,7.95,23.85,0,0,0,0,Year 2009-2010
3975,489792,2009-12-02 12:06:00,2009-12-02,2009-12,20091202,21258,14527,United Kingdom,8,10.95,87.6,0,0,0,0,Year 2009-2010
3976,489792,2009-12-02 12:06:00,2009-12-02,2009-12,20091202,21527,14527,United Kingdom,12,6.95,83.4,0,0,0,0,Year 2009-2010
3977,489792,2009-12-02 12:06:00,2009-12-02,2009-12,20091202,79323P,14527,United Kingdom,2,6.75,13.5,0,0,0,0,Year 2009-2010
3978,489792,2009-12-02 12:06:00,2009-12-02,2009-12,20091202,79323LP,14527,United Kingdom,2,6.75,13.5,0,0,0,0,Year 2009-2010
3979,489792,2009-12-02 12:06:00,2009-12-02,2009-12,20091202,79323W,14527,United Kingdom,2,6.75,13.5,0,0,0,0,Year 2009-2010
3980,489792,2009-12-02 12:06:00,2009-12-02,2009-12,20091202,84619,14527,United Kingdom,1,45.95,45.95,0,0,0,0,Year 2009-2010
3981,489792,2009-12-02 12:06:00,2009-12-02,2009-12,20091202,21628,14527,United Kingdom,1,14.95,14.95,0,0,0,0,Year 2009-2010
3982,489792,2009-12-02 12:06:00,2009-12-02,2009-12,20091202,21625,14527,United Kingdom,4,6.95,27.8,0,0,0,0,Year 2009-2010
3983,489792,2009-12-02 12:06:00,2009-12-02,2009-12,20091202,35004C,14527,United Kingdom,2,5.45,10.9,0,0,0,0,Year 2009-2010
3984,489792,2009-12-02 12:06:00,2009-12-02,2009-12,20091202,79321,14527,United Kingdom,1,4.95,4.95,0,0,0,0,Year 2009-2010
3985,489792,2009-12-02 12:06:00,2009-12-02,2009-12,20091202,21931,14527,United Kingdom,1,1.95,1.95,0,0,0,0,Year 2009-2010
3986,489792,2009-12-02 12:06:00,2009-12-02,2009-12,20091202,21930,14527,United Kingdom,3,1.95,5.85,0,0,0,0,Year 2009-2010
3987,489792,2009-12-02 12:06:00,2009-12-02,2009-12,20091202,21432,14527,United Kingdom,1,5.95,5.95,0,0,0,0,Year 2009-2010
3988,489792,2009-12-02 12:06:00,2009-12-02,2009-12,20091202,21706,14527,United Kingdom,1,4.95,4.95,0,0,0,0,Year 2009-2010
3989,489792,2009-12-02 12:06:00,2009-12-02,2009-12,20091202,79320,14527,United Kingdom,1,4.95,4.95,0,0,0,0,Year 2009-2010
3990,489792,2009-12-02 12:06:00,2009-12-02,2009-12,20091202,21156,14527,United Kingdom,14,1.95,27.3,0,0,0,0,Year 2009-2010
3991,489793,2009-12-02 12:09:00,2009-12-02,2009-12,20091202,85061W,17476,United Kingdom,24,0.85,20.4,0,0,0,0,Year 2009-2010
3992,489793,2009-12-02 12:09:00,2009-12-02,2009-12,20091202,84977,17476,United Kingdom,6,1.25,7.5,0,0,0,0,Year 2009-2010
3993,489793,2009-12-02 12:09:00,2009-12-02,2009-12,20091202,85048,17476,United Kingdom,2,7.95,15.9,0,0,0,0,Year 2009-2010
3994,489793,2009-12-02 12:09:00,2009-12-02,2009-12,20091202,72756,17476,United Kingdom,9,1.49,13.41,0,0,0,0,Year 2009-2010
3995,489793,2009-12-02 12:09:00,2009-12-02,2009-12,20091202,85123A,17476,United Kingdom,6,2.95,17.700000000000003,0,0,0,0,Year 2009-2010
3996,489793,2009-12-02 12:09:00,2009-12-02,2009-12,20091202,21733,17476,United Kingdom,6,2.95,17.700000000000003,0,0,0,0,Year 2009-2010
3997,489793,2009-12-02 12:09:00,2009-12-02,2009-12,20091202,22227,17476,United Kingdom,24,0.65,15.600000000000001,0,0,0,0,Year 2009-2010
3998,489793,2009-12-02 12:09:00,2009-12-02,2009-12,20091202,84405A,17476,United Kingdom,1,12.75,12.75,0,0,0,0,Year 2009-2010
3999,489793,2009-12-02 12:09:00,2009-12-02,2009-12,20091202,35400,17476,United Kingdom,2,8.95,17.9,0,0,0,0,Year 2009-2010
4000,489793,2009-12-02 12:09:00,2009-12-02,2009-12,20091202,22224,17476,United Kingdom,6,2.95,17.700000000000003,0,0,0,0,Year 2009-2010
4001,489793,2009-12-02 12:09:00,2009-12-02,2009-12,20091202,21811,17476,United Kingdom,12,1.25,15.0,0,0,0,0,Year 2009-2010
4002,489793,2009-12-02 12:09:00,2009-12-02,2009-12,20091202,85066,17476,United Kingdom,2,12.75,25.5,0,0,0,0,Year 2009-2010
4003,489793,2009-12-02 12:09:00,2009-12-02,2009-12,20091202,21729,17476,United Kingdom,6,3.25,19.5,0,0,0,0,Year 2009-2010
4004,489793,2009-12-02 12:09:00,2009-12-02,2009-12,20091202,20889,17476,United Kingdom,4,2.95,11.8,0,0,0,0,Year 2009-2010
4005,489793,2009-12-02 12:09:00,2009-12-02,2009-12,20091202,22172,17476,United Kingdom,2,8.5,17.0,0,0,0,0,Year 2009-2010
4006,489793,2009-12-02 12:09:00,2009-12-02,2009-12,20091202,85112,17476,United Kingdom,12,1.25,15.0,0,0,0,0,Year 2009-2010
4007,489794,2009-12-02 12:13:00,2009-12-02,2009-12,20091202,20982,15287,United Kingdom,12,0.85,10.2,0,0,0,0,Year 2009-2010
4008,489794,2009-12-02 12:13:00,2009-12-02,2009-12,20091202,21327,15287,United Kingdom,12,1.65,19.799999999999997,0,0,0,0,Year 2009-2010
4009,489794,2009-12-02 12:13:00,2009-12-02,2009-12,20091202,21425,15287,United Kingdom,6,2.95,17.700000000000003,0,0,0,0,Year 2009-2010
4010,489794,2009-12-02 12:13:00,2009-12-02,2009-12,20091202,21495,15287,United Kingdom,25,0.42,10.5,0,0,0,0,Year 2009-2010
4011,489795,2009-12-02 12:13:00,2009-12-02,2009-12,20091202,72741,14440,United Kingdom,18,1.45,26.099999999999998,0,0,0,0,Year 2009-2010
4012,489795,2009-12-02 12:13:00,2009-12-02,2009-12,20091202,21754,14440,United Kingdom,36,5.45,196.20000000000002,0,0,0,0,Year 2009-2010
4013,489795,2009-12-02 12:13:00,2009-12-02,2009-12,20091202,21614,14440,United Kingdom,8,2.95,23.6,0,0,0,0,Year 2009-2010
4014,489795,2009-12-02 12:13:00,2009-12-02,2009-12,20091202,72756,14440,United Kingdom,18,1.49,26.82,0,0,0,0,Year 2009-2010
4015,489795,2009-12-02 12:13:00,2009-12-02,2009-12,20091202,22189,14440,United Kingdom,12,3.95,47.400000000000006,0,0,0,0,Year 2009-2010
4016,489795,2009-12-02 12:13:00,2009-12-02,2009-12,20091202,82486,14440,United Kingdom,8,7.95,63.6,0,0,0,0,Year 2009-2010
4017,489795,2009-12-02 12:13:00,2009-12-02,2009-12,20091202,21755,14440,United Kingdom,36,5.45,196.20000000000002,0,0,0,0,Year 2009-2010
4018,489795,2009-12-02 12:13:00,2009-12-02,2009-12,20091202,21135,14440,United Kingdom,16,1.69,27.04,0,0,0,0,Year 2009-2010
4019,489795,2009-12-02 12:13:00,2009-12-02,2009-12,20091202,82494L,14440,United Kingdom,24,2.55,61.199999999999996,0,0,0,0,Year 2009-2010
4020,489795,2009-12-02 12:13:00,2009-12-02,2009-12,20091202,82482,14440,United Kingdom,36,2.1,75.60000000000001,0,0,0,0,Year 2009-2010
4021,489795,2009-12-02 12:13:00,2009-12-02,2009-12,20091202,21107,14440,United Kingdom,24,2.55,61.199999999999996,0,0,0,0,Year 2009-2010
4022,489795,2009-12-02 12:13:00,2009-12-02,2009-12,20091202,21106,14440,United Kingdom,24,2.55,61.199999999999996,0,0,0,0,Year 2009-2010
4023,489795,2009-12-02 12:13:00,2009-12-02,2009-12,20091202,21108,14440,United Kingdom,27,2.55,68.85,0,0,0,0,Year 2009-2010
4024,489796,2009-12-02 12:15:00,2009-12-02,2009-12,20091202,20668,15680,United Kingdom,24,0.12,2.88,0,0,0,0,Year 2009-2010
4025,489796,2009-12-02 12:15:00,2009-12-02,2009-12,20091202,20956,15680,United Kingdom,12,1.25,15.0,0,0,0,0,Year 2009-2010
4026,489796,2009-12-02 12:15:00,2009-12-02,2009-12,20091202,21007,15680,United Kingdom,12,1.45,17.4,0,0,0,0,Year 2009-2010
4027,489796,2009-12-02 12:15:00,2009-12-02,2009-12,20091202,85112,15680,United Kingdom,12,1.25,15.0,0,0,0,0,Year 2009-2010
4028,489796,2009-12-02 12:15:00,2009-12-02,2009-12,20091202,22130,15680,United Kingdom,12,0.85,10.2,0,0,0,0,Year 2009-2010
4029,489796,2009-12-02 12:15:00,2009-12-02,2009-12,20091202,21490,15680,United Kingdom,6,1.95,11.7,0,0,0,0,Year 2009-2010
4030,489796,2009-12-02 12:15:00,2009-12-02,2009-12,20091202,21811,15680,United Kingdom,12,1.25,15.0,0,0,0,0,Year 2009-2010
4031,489796,2009-12-02 12:15:00,2009-12-02,2009-12,20091202,22335,15680,United Kingdom,24,0.65,15.600000000000001,0,0,0,0,Year 2009-2010
4032,489796,2009-12-02 12:15:00,2009-12-02,2009-12,20091202,22294,15680,United Kingdom,24,1.25,30.0,0,0,0,0,Year 2009-2010
4033,489796,2009-12-02 12:15:00,2009-12-02,2009-12,20091202,22295,15680,United Kingdom,12,1.65,19.799999999999997,0,0,0,0,Year 2009-2010
4034,489796,2009-12-02 12:15:00,2009-12-02,2009-12,20091202,22219,15680,United Kingdom,12,0.85,10.2,0,0,0,0,Year 2009-2010
4035,489796,2009-12-02 12:15:00,2009-12-02,2009-12,20091202,22224,15680,United Kingdom,6,2.95,17.700000000000003,0,0,0,0,Year 2009-2010
4036,489796,2009-12-02 12:15:00,2009-12-02,2009-12,20091202,85123A,15680,United Kingdom,12,2.95,35.400000000000006,0,0,0,0,Year 2009-2010
4037,489796,2009-12-02 12:15:00,2009-12-02,2009-12,20091202,21733,15680,United Kingdom,6,2.95,17.700000000000003,0,0,0,0,Year 2009-2010
4038,489796,2009-12-02 12:15:00,2009-12-02,2009-12,20091202,84879,15680,United Kingdom,16,1.69,27.04,0,0,0,0,Year 2009-2010
4039,489796,2009-12-02 12:15:00,2009-12-02,2009-12,20091202,20814,15680,United Kingdom,12,1.25,15.0,0,0,0,0,Year 2009-2010
4040,489796,2009-12-02 12:15:00,2009-12-02,2009-12,20091202,22212,15680,United Kingdom,6,2.1,12.600000000000001,0,0,0,0,Year 2009-2010
4041,489796,2009-12-02 12:15:00,2009-12-02,2009-12,20091202,85199S,15680,United Kingdom,24,0.42,10.08,0,0,0,0,Year 2009-2010
4042,489796,2009-12-02 12:15:00,2009-12-02,2009-12,20091202,21212,15680,United Kingdom,24,0.55,13.200000000000001,0,0,0,0,Year 2009-2010
4043,489797,2009-12-02 12:19:00,2009-12-02,2009-12,20091202,22276,15581,United Kingdom,1,2.55,2.55,0,0,0,0,Year 2009-2010
4044,489797,2009-12-02 12:19:00,2009-12-02,2009-12,20091202,72807A,15581,United Kingdom,5,4.25,21.25,0,0,0,0,Year 2009-2010
4045,489797,2009-12-02 12:19:00,2009-12-02,2009-12,20091202,20725,15581,United Kingdom,1,1.65,1.65,0,0,0,0,Year 2009-2010
4046,489797,2009-12-02 12:19:00,2009-12-02,2009-12,20091202,47566B,15581,United Kingdom,2,4.65,9.3,0,0,0,1,Year 2009-2010
4047,489797,2009-12-02 12:19:00,2009-12-02,2009-12,20091202,79329,15581,United Kingdom,4,1.65,6.6,0,0,0,0,Year 2009-2010
4048,489797,2009-12-02 12:19:00,2009-12-02,2009-12,20091202,20765,15581,United Kingdom,1,3.75,3.75,0,0,0,0,Year 2009-2010
4049,489797,2009-12-02 12:19:00,2009-12-02,2009-12,20091202,22130,15581,United Kingdom,12,0.85,10.2,0,0,0,0,Year 2009-2010
4050,489797,2009-12-02 12:19:00,2009-12-02,2009-12,20091202,22114,15581,United Kingdom,1,3.95,3.95,0,0,0,0,Year 2009-2010
4051,489797,2009-12-02 12:19:00,2009-12-02,2009-12,20091202,72349B,15581,United Kingdom,1,2.1,2.1,0,0,0,1,Year 2009-2010
4052,489797,2009-12-02 12:19:00,2009-12-02,2009-12,20091202,21740,15581,United Kingdom,1,2.95,2.95,0,0,0,0,Year 2009-2010
4053,489797,2009-12-02 12:19:00,2009-12-02,2009-12,20091202,72815,15581,United Kingdom,1,3.75,3.75,0,0,0,0,Year 2009-2010
4054,489797,2009-12-02 12:19:00,2009-12-02,2009-12,20091202,21114,15581,United Kingdom,5,1.25,6.25,0,0,0,0,Year 2009-2010
4055,489797,2009-12-02 12:19:00,2009-12-02,2009-12,20091202,22208,15581,United Kingdom,2,1.65,3.3,0,0,0,0,Year 2009-2010
4056,489797,2009-12-02 12:19:00,2009-12-02,2009-12,20091202,35931,15581,United Kingdom,12,1.95,23.4,0,0,0,0,Year 2009-2010
4057,489797,2009-12-02 12:19:00,2009-12-02,2009-12,20091202,20668,15581,United Kingdom,24,0.12,2.88,0,0,0,0,Year 2009-2010
4058,489797,2009-12-02 12:19:00,2009-12-02,2009-12,20091202,20829,15581,United Kingdom,1,2.1,2.1,0,0,0,0,Year 2009-2010
4059,489797,2009-12-02 12:19:00,2009-12-02,2009-12,20091202,22275,15581,United Kingdom,1,8.5,8.5,0,0,0,0,Year 2009-2010
4060,489797,2009-12-02 12:19:00,2009-12-02,2009-12,20091202,21500,15581,United Kingdom,50,0.42,21.0,0,0,0,0,Year 2009-2010
4061,489797,2009-12-02 12:19:00,2009-12-02,2009-12,20091202,85099B,15581,United Kingdom,4,1.95,7.8,0,0,0,1,Year 2009-2010
4062,489797,2009-12-02 12:19:00,2009-12-02,2009-12,20091202,20979,15581,United Kingdom,2,1.25,2.5,0,0,0,0,Year 2009-2010
4063,489797,2009-12-02 12:19:00,2009-12-02,2009-12,20091202,85103,15581,United Kingdom,3,6.75,20.25,0,0,0,0,Year 2009-2010
4064,489797,2009-12-02 12:19:00,2009-12-02,2009-12,20091202,20748,15581,United Kingdom,1,12.75,12.75,0,0,0,0,Year 2009-2010
4065,489797,2009-12-02 12:19:00,2009-12-02,2009-12,20091202,84031A,15581,United Kingdom,2,4.65,9.3,0,0,0,0,Year 2009-2010
4066,489797,2009-12-02 12:19:00,2009-12-02,2009-12,20091202,84032A,15581,United Kingdom,1,2.95,2.95,0,0,0,0,Year 2009-2010
4067,489797,2009-12-02 12:19:00,2009-12-02,2009-12,20091202,47591D,15581,United Kingdom,3,1.95,5.85,0,0,0,1,Year 2009-2010
4068,489798,2009-12-02 12:22:00,2009-12-02,2009-12,20091202,22114,13740,United Kingdom,4,3.95,15.8,0,0,0,0,Year 2009-2010
4069,489798,2009-12-02 12:22:00,2009-12-02,2009-12,20091202,22207,13740,United Kingdom,4,4.25,17.0,0,0,0,0,Year 2009-2010
4070,489798,2009-12-02 12:22:00,2009-12-02,2009-12,20091202,22201,13740,United Kingdom,4,4.25,17.0,0,0,0,0,Year 2009-2010
4071,489798,2009-12-02 12:22:00,2009-12-02,2009-12,20091202,22215,13740,United Kingdom,2,8.5,17.0,0,0,0,0,Year 2009-2010
4072,489798,2009-12-02 12:22:00,2009-12-02,2009-12,20091202,22296,13740,United Kingdom,12,1.65,19.799999999999997,0,0,0,0,Year 2009-2010
4073,489798,2009-12-02 12:22:00,2009-12-02,2009-12,20091202,47591D,13740,United Kingdom,8,1.95,15.6,0,0,0,1,Year 2009-2010
4074,489798,2009-12-02 12:22:00,2009-12-02,2009-12,20091202,22125,13740,United Kingdom,3,5.95,17.85,0,0,0,0,Year 2009-2010
4075,489798,2009-12-02 12:22:00,2009-12-02,2009-12,20091202,21622,13740,United Kingdom,4,4.95,19.8,0,0,0,0,Year 2009-2010
4076,489798,2009-12-02 12:22:00,2009-12-02,2009-12,20091202,21624,13740,United Kingdom,3,5.95,17.85,0,0,0,0,Year 2009-2010
4077,489798,2009-12-02 12:22:00,2009-12-02,2009-12,20091202,21231,13740,United Kingdom,12,1.25,15.0,0,0,0,0,Year 2009-2010
4078,489798,2009-12-02 12:22:00,2009-12-02,2009-12,20091202,22073,13740,United Kingdom,4,3.75,15.0,0,0,0,0,Year 2009-2010
4079,489798,2009-12-02 12:22:00,2009-12-02,2009-12,20091202,21527,13740,United Kingdom,2,7.95,15.9,0,0,0,0,Year 2009-2010
4080,489798,2009-12-02 12:22:00,2009-12-02,2009-12,20091202,21528,13740,United Kingdom,2,6.95,13.9,0,0,0,0,Year 2009-2010
4081,489798,2009-12-02 12:22:00,2009-12-02,2009-12,20091202,22199,13740,United Kingdom,4,4.25,17.0,0,0,0,0,Year 2009-2010
4082,489798,2009-12-02 12:22:00,2009-12-02,2009-12,20091202,20685,13740,United Kingdom,2,6.75,13.5,0,0,0,0,Year 2009-2010
4083,489798,2009-12-02 12:22:00,2009-12-02,2009-12,20091202,22135,13740,United Kingdom,12,0.42,5.04,0,0,0,0,Year 2009-2010
4084,489798,2009-12-02 12:22:00,2009-12-02,2009-12,20091202,21115,13740,United Kingdom,2,6.75,13.5,0,0,0,0,Year 2009-2010
4085,489798,2009-12-02 12:22:00,2009-12-02,2009-12,20091202,21533,13740,United Kingdom,3,4.95,14.850000000000001,0,0,0,0,Year 2009-2010
4086,489798,2009-12-02 12:22:00,2009-12-02,2009-12,20091202,21535,13740,United Kingdom,6,2.55,15.299999999999999,0,0,0,0,Year 2009-2010
4087,C489799,2009-12-02 12:23:00,2009-12-02,2009-12,20091202,21929,13070,United Kingdom,-2,1.95,-3.9,1,1,0,0,Year 2009-2010
4088,C489799,2009-12-02 12:23:00,2009-12-02,2009-12,20091202,20711,13070,United Kingdom,-2,1.95,-3.9,1,1,0,0,Year 2009-2010
4089,489800,2009-12-02 12:26:00,2009-12-02,2009-12,20091202,21499,17768,United Kingdom,25,0.42,10.5,0,0,0,0,Year 2009-2010
4090,489800,2009-12-02 12:26:00,2009-12-02,2009-12,20091202,72756,17768,United Kingdom,9,1.49,13.41,0,0,0,0,Year 2009-2010
4091,489800,2009-12-02 12:26:00,2009-12-02,2009-12,20091202,82615,17768,United Kingdom,4,2.95,11.8,0,0,0,0,Year 2009-2010
4092,489800,2009-12-02 12:26:00,2009-12-02,2009-12,20091202,82616A,17768,United Kingdom,2,2.95,5.9,0,0,0,0,Year 2009-2010
4093,489800,2009-12-02 12:26:00,2009-12-02,2009-12,20091202,21726,17768,United Kingdom,50,0.85,42.5,0,0,0,0,Year 2009-2010
4094,489800,2009-12-02 12:26:00,2009-12-02,2009-12,20091202,16161U,17768,United Kingdom,25,0.42,10.5,0,0,0,0,Year 2009-2010
4095,489800,2009-12-02 12:26:00,2009-12-02,2009-12,20091202,21497,17768,United Kingdom,25,0.42,10.5,0,0,0,0,Year 2009-2010
4096,489800,2009-12-02 12:26:00,2009-12-02,2009-12,20091202,16012,17768,United Kingdom,61,0.21,12.809999999999999,0,0,0,0,Year 2009-2010
4097,489800,2009-12-02 12:26:00,2009-12-02,2009-12,20091202,84559B,17768,United Kingdom,8,0.85,6.8,0,0,0,1,Year 2009-2010
4098,489800,2009-12-02 12:26:00,2009-12-02,2009-12,20091202,84559A,17768,United Kingdom,4,0.85,3.4,0,0,0,0,Year 2009-2010
4099,489800,2009-12-02 12:26:00,2009-12-02,2009-12,20091202,84249D,17768,United Kingdom,12,0.42,5.04,0,0,0,1,Year 2009-2010
4100,489800,2009-12-02 12:26:00,2009-12-02,2009-12,20091202,21098,17768,United Kingdom,2,1.25,2.5,0,0,0,0,Year 2009-2010
4101,489800,2009-12-02 12:26:00,2009-12-02,2009-12,20091202,22276,17768,United Kingdom,10,2.55,25.5,0,0,0,0,Year 2009-2010
4102,489800,2009-12-02 12:26:00,2009-12-02,2009-12,20091202,84270,17768,United Kingdom,90,0.21,18.9,0,0,0,0,Year 2009-2010
4103,489800,2009-12-02 12:26:00,2009-12-02,2009-12,20091202,21700,17768,United Kingdom,30,0.85,25.5,0,0,0,0,Year 2009-2010
4104,489800,2009-12-02 12:26:00,2009-12-02,2009-12,20091202,21100,17768,United Kingdom,20,1.65,33.0,0,0,0,0,Year 2009-2010
4105,489800,2009-12-02 12:26:00,2009-12-02,2009-12,20091202,22200,17768,United Kingdom,1,4.25,4.25,0,0,0,0,Year 2009-2010
4106,489800,2009-12-02 12:26:00,2009-12-02,2009-12,20091202,22202,17768,United Kingdom,1,3.75,3.75,0,0,0,0,Year 2009-2010
4107,489800,2009-12-02 12:26:00,2009-12-02,2009-12,20091202,84050,17768,United Kingdom,6,1.65,9.899999999999999,0,0,0,0,Year 2009-2010
4108,489800,2009-12-02 12:26:00,2009-12-02,2009-12,20091202,22196,17768,United Kingdom,2,0.85,1.7,0,0,0,0,Year 2009-2010
4109,489800,2009-12-02 12:26:00,2009-12-02,2009-12,20091202,22195,17768,United Kingdom,6,1.65,9.899999999999999,0,0,0,0,Year 2009-2010
4110,489800,2009-12-02 12:26:00,2009-12-02,2009-12,20091202,17003,17768,United Kingdom,36,0.21,7.56,0,0,0,0,Year 2009-2010
4111,489800,2009-12-02 12:26:00,2009-12-02,2009-12,20091202,84813,17768,United Kingdom,1,12.75,12.75,0,0,0,0,Year 2009-2010
4112,489800,2009-12-02 12:26:00,2009-12-02,2009-12,20091202,22064,17768,United Kingdom,12,1.65,19.799999999999997,0,0,0,0,Year 2009-2010
4113,489800,2009-12-02 12:26:00,2009-12-02,2009-12,20091202,22347,17768,United Kingdom,12,1.25,15.0,0,0,0,0,Year 2009-2010
4114,489800,2009-12-02 12:26:00,2009-12-02,2009-12,20091202,21232,17768,United Kingdom,12,1.25,15.0,0,0,0,0,Year 2009-2010
4115,489800,2009-12-02 12:26:00,2009-12-02,2009-12,20091202,21231,17768,United Kingdom,12,1.25,15.0,0,0,0,0,Year 2009-2010
4116,489800,2009-12-02 12:26:00,2009-12-02,2009-12,20091202,20718,17768,United Kingdom,6,1.25,7.5,0,0,0,0,Year 2009-2010
4117,489800,2009-12-02 12:26:00,2009-12-02,2009-12,20091202,85099B,17768,United Kingdom,6,1.95,11.7,0,0,0,1,Year 2009-2010
4118,489800,2009-12-02 12:26:00,2009-12-02,2009-12,20091202,20724,17768,United Kingdom,10,0.85,8.5,0,0,0,0,Year 2009-2010
4119,489800,2009-12-02 12:26:00,2009-12-02,2009-12,20091202,22356,17768,United Kingdom,2,0.85,1.7,0,0,0,0,Year 2009-2010
4120,489801,2009-12-02 12:28:00,2009-12-02,2009-12,20091202,85071B,12948,United Kingdom,96,0.38,36.480000000000004,0,0,0,1,Year 2009-2010
4121,489801,2009-12-02 12:28:00,2009-12-02,2009-12,20091202,20730,12948,United Kingdom,10,1.25,12.5,0,0,0,0,Year 2009-2010
4122,489801,2009-12-02 12:28:00,2009-12-02,2009-12,20091202,21935,12948,United Kingdom,10,1.65,16.5,0,0,0,0,Year 2009-2010
4123,489801,2009-12-02 12:28:00,2009-12-02,2009-12,20091202,51008,12948,United Kingdom,10,3.45,34.5,0,0,0,0,Year 2009-2010
4124,489801,2009-12-02 12:28:00,2009-12-02,2009-12,20091202,21871,12948,United Kingdom,12,1.25,15.0,0,0,0,0,Year 2009-2010
4125,489801,2009-12-02 12:28:00,2009-12-02,2009-12,20091202,21577,12948,United Kingdom,6,2.25,13.5,0,0,0,0,Year 2009-2010
4126,489802,2009-12-02 12:32:00,2009-12-02,2009-12,20091202,22081,15581,United Kingdom,5,1.65,8.25,0,0,0,0,Year 2009-2010
4127,489802,2009-12-02 12:32:00,2009-12-02,2009-12,20091202,84388,15581,United Kingdom,1,1.65,1.65,0,0,0,0,Year 2009-2010
4128,489802,2009-12-02 12:32:00,2009-12-02,2009-12,20091202,11001,15581,United Kingdom,2,1.69,3.38,0,0,0,0,Year 2009-2010
4129,489802,2009-12-02 12:32:00,2009-12-02,2009-12,20091202,84006,15581,United Kingdom,1,0.85,0.85,0,0,0,0,Year 2009-2010
4130,489802,2009-12-02 12:32:00,2009-12-02,2009-12,20091202,84077,15581,United Kingdom,3,0.21,0.63,0,0,0,0,Year 2009-2010
4131,489802,2009-12-02 12:32:00,2009-12-02,2009-12,20091202,20751,15581,United Kingdom,1,2.1,2.1,0,0,0,0,Year 2009-2010
4132,489802,2009-12-02 12:32:00,2009-12-02,2009-12,20091202,22196,15581,United Kingdom,1,0.85,0.85,0,0,0,0,Year 2009-2010
4133,489802,2009-12-02 12:32:00,2009-12-02,2009-12,20091202,20981,15581,United Kingdom,1,0.85,0.85,0,0,0,0,Year 2009-2010
4134,489802,2009-12-02 12:32:00,2009-12-02,2009-12,20091202,20982,15581,United Kingdom,1,0.85,0.85,0,0,0,0,Year 2009-2010
4135,489802,2009-12-02 12:32:00,2009-12-02,2009-12,20091202,85104,15581,United Kingdom,4,2.95,11.8,0,0,0,0,Year 2009-2010
4136,489802,2009-12-02 12:32:00,2009-12-02,2009-12,20091202,85112,15581,United Kingdom,3,1.25,3.75,0,0,0,0,Year 2009-2010
4137,489802,2009-12-02 12:32:00,2009-12-02,2009-12,20091202,21353,15581,United Kingdom,1,7.95,7.95,0,0,0,0,Year 2009-2010
4138,489802,2009-12-02 12:32:00,2009-12-02,2009-12,20091202,21034,15581,United Kingdom,1,0.95,0.95,0,0,0,0,Year 2009-2010
4139,489802,2009-12-02 12:32:00,2009-12-02,2009-12,20091202,21508,15581,United Kingdom,12,0.42,5.04,0,0,0,0,Year 2009-2010
4140,489802,2009-12-02 12:32:00,2009-12-02,2009-12,20091202,22028,15581,United Kingdom,12,0.42,5.04,0,0,0,0,Year 2009-2010
4141,489802,2009-12-02 12:32:00,2009-12-02,2009-12,20091202,79192A,15581,United Kingdom,1,1.25,1.25,0,0,0,0,Year 2009-2010
4142,489802,2009-12-02 12:32:00,2009-12-02,2009-12,20091202,85222,15581,United Kingdom,3,2.1,6.300000000000001,0,0,0,0,Year 2009-2010
4143,489802,2009-12-02 12:32:00,2009-12-02,2009-12,20091202,22046,15581,United Kingdom,25,0.42,10.5,0,0,0,0,Year 2009-2010
4144,489802,2009-12-02 12:32:00,2009-12-02,2009-12,20091202,16161U,15581,United Kingdom,25,0.42,10.5,0,0,0,0,Year 2009-2010
4145,489802,2009-12-02 12:32:00,2009-12-02,2009-12,20091202,17033,15581,United Kingdom,4,0.29,1.16,0,0,0,0,Year 2009-2010
4146,489802,2009-12-02 12:32:00,2009-12-02,2009-12,20091202,85222,15581,United Kingdom,4,2.1,8.4,0,0,0,0,Year 2009-2010
4147,489802,2009-12-02 12:32:00,2009-12-02,2009-12,20091202,21692,15581,United Kingdom,2,3.75,7.5,0,0,0,0,Year 2009-2010
4148,489802,2009-12-02 12:32:00,2009-12-02,2009-12,20091202,21931,15581,United Kingdom,1,1.95,1.95,0,0,0,0,Year 2009-2010
4149,489802,2009-12-02 12:32:00,2009-12-02,2009-12,20091202,21883,15581,United Kingdom,1,0.65,0.65,0,0,0,0,Year 2009-2010
4150,489802,2009-12-02 12:32:00,2009-12-02,2009-12,20091202,21882,15581,United Kingdom,1,0.65,0.65,0,0,0,0,Year 2009-2010
4151,489802,2009-12-02 12:32:00,2009-12-02,2009-12,20091202,21884,15581,United Kingdom,1,0.65,0.65,0,0,0,0,Year 2009-2010
4152,489802,2009-12-02 12:32:00,2009-12-02,2009-12,20091202,21881,15581,United Kingdom,1,0.65,0.65,0,0,0,0,Year 2009-2010
4153,489802,2009-12-02 12:32:00,2009-12-02,2009-12,20091202,21880,15581,United Kingdom,1,0.65,0.65,0,0,0,0,Year 2009-2010
4154,489802,2009-12-02 12:32:00,2009-12-02,2009-12,20091202,84692,15581,United Kingdom,1,0.42,0.42,0,0,0,0,Year 2009-2010
4155,489802,2009-12-02 12:32:00,2009-12-02,2009-12,20091202,79336,15581,United Kingdom,1,1.65,1.65,0,0,0,0,Year 2009-2010
4156,489802,2009-12-02 12:32:00,2009-12-02,2009-12,20091202,22331,15581,United Kingdom,4,1.65,6.6,0,0,0,0,Year 2009-2010
4157,489802,2009-12-02 12:32:00,2009-12-02,2009-12,20091202,21012,15581,United Kingdom,1,2.1,2.1,0,0,0,0,Year 2009-2010
4158,489802,2009-12-02 12:32:00,2009-12-02,2009-12,20091202,22315,15581,United Kingdom,1,1.25,1.25,0,0,0,0,Year 2009-2010
4159,489802,2009-12-02 12:32:00,2009-12-02,2009-12,20091202,85097B,15581,United Kingdom,2,3.75,7.5,0,0,0,1,Year 2009-2010
4160,489802,2009-12-02 12:32:00,2009-12-02,2009-12,20091202,21486,15581,United Kingdom,1,3.75,3.75,0,0,0,0,Year 2009-2010
4161,489802,2009-12-02 12:32:00,2009-12-02,2009-12,20091202,21479,15581,United Kingdom,1,3.75,3.75,0,0,0,0,Year 2009-2010
4162,489802,2009-12-02 12:32:00,2009-12-02,2009-12,20091202,21330,15581,United Kingdom,1,1.65,1.65,0,0,0,0,Year 2009-2010
4163,489802,2009-12-02 12:32:00,2009-12-02,2009-12,20091202,21328,15581,United Kingdom,1,1.65,1.65,0,0,0,0,Year 2009-2010
4164,489802,2009-12-02 12:32:00,2009-12-02,2009-12,20091202,21685,15581,United Kingdom,1,14.95,14.95,0,0,0,0,Year 2009-2010
4165,489802,2009-12-02 12:32:00,2009-12-02,2009-12,20091202,22079,15581,United Kingdom,5,1.65,8.25,0,0,0,0,Year 2009-2010
4166,489802,2009-12-02 12:32:00,2009-12-02,2009-12,20091202,16235,15581,United Kingdom,1,0.21,0.21,0,0,0,0,Year 2009-2010
4167,489802,2009-12-02 12:32:00,2009-12-02,2009-12,20091202,84466,15581,United Kingdom,1,1.25,1.25,0,0,0,0,Year 2009-2010
4168,489802,2009-12-02 12:32:00,2009-12-02,2009-12,20091202,85111,15581,United Kingdom,1,1.25,1.25,0,0,0,0,Year 2009-2010
4169,489802,2009-12-02 12:32:00,2009-12-02,2009-12,20091202,85036C,15581,United Kingdom,2,4.25,8.5,0,0,0,0,Year 2009-2010
4170,489802,2009-12-02 12:32:00,2009-12-02,2009-12,20091202,21507,15581,United Kingdom,12,0.42,5.04,0,0,0,0,Year 2009-2010
4171,C489803,2009-12-02 12:34:00,2009-12-02,2009-12,20091202,21843,16797,United Kingdom,-1,10.95,-10.95,1,1,0,0,Year 2009-2010
4172,489804,2009-12-02 12:38:00,2009-12-02,2009-12,20091202,84854,14667,United Kingdom,2,4.95,9.9,0,0,0,0,Year 2009-2010
4173,489804,2009-12-02 12:38:00,2009-12-02,2009-12,20091202,22113,14667,United Kingdom,12,3.45,41.400000000000006,0,0,0,0,Year 2009-2010
4174,489804,2009-12-02 12:38:00,2009-12-02,2009-12,20091202,84855,14667,United Kingdom,2,4.95,9.9,0,0,0,0,Year 2009-2010
4175,489804,2009-12-02 12:38:00,2009-12-02,2009-12,20091202,84854,14667,United Kingdom,3,4.95,14.850000000000001,0,0,0,0,Year 2009-2010
4176,489804,2009-12-02 12:38:00,2009-12-02,2009-12,20091202,21806,14667,United Kingdom,36,0.42,15.12,0,0,0,0,Year 2009-2010
4177,489804,2009-12-02 12:38:00,2009-12-02,2009-12,20091202,84992,14667,United Kingdom,24,0.55,13.200000000000001,0,0,0,0,Year 2009-2010
4178,489804,2009-12-02 12:38:00,2009-12-02,2009-12,20091202,21212,14667,United Kingdom,24,0.55,13.200000000000001,0,0,0,0,Year 2009-2010
4179,489804,2009-12-02 12:38:00,2009-12-02,2009-12,20091202,85231B,14667,United Kingdom,6,0.85,5.1,0,0,0,1,Year 2009-2010
4180,489804,2009-12-02 12:38:00,2009-12-02,2009-12,20091202,85231G,14667,United Kingdom,4,0.85,3.4,0,0,0,0,Year 2009-2010
4181,489804,2009-12-02 12:38:00,2009-12-02,2009-12,20091202,22157,14667,United Kingdom,24,0.85,20.4,0,0,0,0,Year 2009-2010
4182,489804,2009-12-02 12:38:00,2009-12-02,2009-12,20091202,84952C,14667,United Kingdom,6,3.75,22.5,0,0,0,0,Year 2009-2010
4183,489804,2009-12-02 12:38:00,2009-12-02,2009-12,20091202,21816,14667,United Kingdom,12,1.45,17.4,0,0,0,0,Year 2009-2010
4184,489804,2009-12-02 12:38:00,2009-12-02,2009-12,20091202,84754,14667,United Kingdom,10,1.25,12.5,0,0,0,0,Year 2009-2010
4185,489804,2009-12-02 12:38:00,2009-12-02,2009-12,20091202,21466,14667,United Kingdom,3,3.75,11.25,0,0,0,0,Year 2009-2010
4186,489804,2009-12-02 12:38:00,2009-12-02,2009-12,20091202,22187,14667,United Kingdom,5,4.25,21.25,0,0,0,0,Year 2009-2010
4187,489804,2009-12-02 12:38:00,2009-12-02,2009-12,20091202,85039B,14667,United Kingdom,12,1.65,19.799999999999997,0,0,0,1,Year 2009-2010
4188,489805,2009-12-02 12:39:00,2009-12-02,2009-12,20091202,84991,17377,United Kingdom,3,0.55,1.6500000000000001,0,0,0,0,Year 2009-2010
4189,489805,2009-12-02 12:39:00,2009-12-02,2009-12,20091202,21519,17377,United Kingdom,12,0.42,5.04,0,0,0,0,Year 2009-2010
4190,489805,2009-12-02 12:39:00,2009-12-02,2009-12,20091202,21518,17377,United Kingdom,12,0.42,5.04,0,0,0,0,Year 2009-2010
4191,489805,2009-12-02 12:39:00,2009-12-02,2009-12,20091202,22030,17377,United Kingdom,12,0.42,5.04,0,0,0,0,Year 2009-2010
4192,489805,2009-12-02 12:39:00,2009-12-02,2009-12,20091202,22024,17377,United Kingdom,12,0.42,5.04,0,0,0,0,Year 2009-2010
4193,489805,2009-12-02 12:39:00,2009-12-02,2009-12,20091202,22028,17377,United Kingdom,12,0.42,5.04,0,0,0,0,Year 2009-2010
4194,489805,2009-12-02 12:39:00,2009-12-02,2009-12,20091202,22023,17377,United Kingdom,12,0.42,5.04,0,0,0,0,Year 2009-2010
4195,489805,2009-12-02 12:39:00,2009-12-02,2009-12,20091202,21877,17377,United Kingdom,6,1.25,7.5,0,0,0,0,Year 2009-2010
4196,489805,2009-12-02 12:39:00,2009-12-02,2009-12,20091202,20752,17377,United Kingdom,1,2.1,2.1,0,0,0,0,Year 2009-2010
4197,489805,2009-12-02 12:39:00,2009-12-02,2009-12,20091202,20753,17377,United Kingdom,1,2.1,2.1,0,0,0,0,Year 2009-2010
4198,489805,2009-12-02 12:39:00,2009-12-02,2009-12,20091202,21493,17377,United Kingdom,10,0.85,8.5,0,0,0,0,Year 2009-2010
4199,489805,2009-12-02 12:39:00,2009-12-02,2009-12,20091202,21035,17377,United Kingdom,2,2.95,5.9,0,0,0,0,Year 2009-2010
4200,489805,2009-12-02 12:39:00,2009-12-02,2009-12,20091202,21041,17377,United Kingdom,3,2.95,8.850000000000001,0,0,0,0,Year 2009-2010
4201,489805,2009-12-02 12:39:00,2009-12-02,2009-12,20091202,22122,17377,United Kingdom,2,2.95,5.9,0,0,0,0,Year 2009-2010
4202,489805,2009-12-02 12:39:00,2009-12-02,2009-12,20091202,47556B,17377,United Kingdom,2,2.95,5.9,0,0,0,1,Year 2009-2010
4203,489805,2009-12-02 12:39:00,2009-12-02,2009-12,20091202,84600,17377,United Kingdom,1,7.95,7.95,0,0,0,0,Year 2009-2010
4204,489805,2009-12-02 12:39:00,2009-12-02,2009-12,20091202,21430,17377,United Kingdom,1,3.75,3.75,0,0,0,0,Year 2009-2010
4205,489805,2009-12-02 12:39:00,2009-12-02,2009-12,20091202,21477,17377,United Kingdom,2,12.75,25.5,0,0,0,0,Year 2009-2010
4206,489805,2009-12-02 12:39:00,2009-12-02,2009-12,20091202,21429,17377,United Kingdom,1,1.65,1.65,0,0,0,0,Year 2009-2010
4207,489805,2009-12-02 12:39:00,2009-12-02,2009-12,20091202,21431,17377,United Kingdom,1,1.65,1.65,0,0,0,0,Year 2009-2010
4208,489805,2009-12-02 12:39:00,2009-12-02,2009-12,20091202,84813,17377,United Kingdom,1,12.75,12.75,0,0,0,0,Year 2009-2010
4209,489805,2009-12-02 12:39:00,2009-12-02,2009-12,20091202,21621,17377,United Kingdom,2,8.5,17.0,0,0,0,0,Year 2009-2010
4210,489805,2009-12-02 12:39:00,2009-12-02,2009-12,20091202,72756,17377,United Kingdom,9,1.49,13.41,0,0,0,0,Year 2009-2010
4211,489805,2009-12-02 12:39:00,2009-12-02,2009-12,20091202,82494L,17377,United Kingdom,4,2.95,11.8,0,0,0,0,Year 2009-2010
4212,489805,2009-12-02 12:39:00,2009-12-02,2009-12,20091202,85232B,17377,United Kingdom,1,4.95,4.95,0,0,0,1,Year 2009-2010
4213,489805,2009-12-02 12:39:00,2009-12-02,2009-12,20091202,21590,17377,United Kingdom,3,1.25,3.75,0,0,0,0,Year 2009-2010
4214,489805,2009-12-02 12:39:00,2009-12-02,2009-12,20091202,21593,17377,United Kingdom,3,1.25,3.75,0,0,0,0,Year 2009-2010
4215,489805,2009-12-02 12:39:00,2009-12-02,2009-12,20091202,84510A,17377,United Kingdom,2,1.25,2.5,0,0,0,0,Year 2009-2010
4216,489805,2009-12-02 12:39:00,2009-12-02,2009-12,20091202,84510C,17377,United Kingdom,2,1.25,2.5,0,0,0,0,Year 2009-2010
4217,489805,2009-12-02 12:39:00,2009-12-02,2009-12,20091202,20981,17377,United Kingdom,3,0.85,2.55,0,0,0,0,Year 2009-2010
4218,489805,2009-12-02 12:39:00,2009-12-02,2009-12,20091202,17109B,17377,United Kingdom,2,1.69,3.38,0,0,0,1,Year 2009-2010
4219,489805,2009-12-02 12:39:00,2009-12-02,2009-12,20091202,17109C,17377,United Kingdom,3,1.69,5.07,0,0,0,0,Year 2009-2010
4220,489805,2009-12-02 12:39:00,2009-12-02,2009-12,20091202,21485,17377,United Kingdom,9,4.95,44.550000000000004,0,0,0,0,Year 2009-2010
4221,489805,2009-12-02 12:39:00,2009-12-02,2009-12,20091202,21034,17377,United Kingdom,1,0.95,0.95,0,0,0,0,Year 2009-2010
4222,489805,2009-12-02 12:39:00,2009-12-02,2009-12,20091202,21622,17377,United Kingdom,25,4.95,123.75,0,0,0,0,Year 2009-2010
4223,489805,2009-12-02 12:39:00,2009-12-02,2009-12,20091202,22111,17377,United Kingdom,7,4.95,34.65,0,0,0,0,Year 2009-2010
4224,489805,2009-12-02 12:39:00,2009-12-02,2009-12,20091202,21490,17377,United Kingdom,2,1.95,3.9,0,0,0,0,Year 2009-2010
4225,489805,2009-12-02 12:39:00,2009-12-02,2009-12,20091202,21491,17377,United Kingdom,4,1.95,7.8,0,0,0,0,Year 2009-2010
4226,489805,2009-12-02 12:39:00,2009-12-02,2009-12,20091202,20658,17377,United Kingdom,4,1.25,5.0,0,0,0,0,Year 2009-2010
4227,489805,2009-12-02 12:39:00,2009-12-02,2009-12,20091202,20669,17377,United Kingdom,10,1.25,12.5,0,0,0,0,Year 2009-2010
4228,489805,2009-12-02 12:39:00,2009-12-02,2009-12,20091202,22079,17377,United Kingdom,3,1.65,4.949999999999999,0,0,0,0,Year 2009-2010
4229,489805,2009-12-02 12:39:00,2009-12-02,2009-12,20091202,22080,17377,United Kingdom,3,1.65,4.949999999999999,0,0,0,0,Year 2009-2010
4230,489805,2009-12-02 12:39:00,2009-12-02,2009-12,20091202,21212,17377,United Kingdom,4,0.55,2.2,0,0,0,0,Year 2009-2010
4231,489805,2009-12-02 12:39:00,2009-12-02,2009-12,20091202,21976,17377,United Kingdom,1,0.55,0.55,0,0,0,0,Year 2009-2010
4232,489805,2009-12-02 12:39:00,2009-12-02,2009-12,20091202,84992,17377,United Kingdom,7,0.55,3.8500000000000005,0,0,0,0,Year 2009-2010
4233,489805,2009-12-02 12:39:00,2009-12-02,2009-12,20091202,21977,17377,United Kingdom,4,0.55,2.2,0,0,0,0,Year 2009-2010
4234,489806,2009-12-02 12:42:00,2009-12-02,2009-12,20091202,18010,,United Kingdom,-770,0.0,-0.0,0,1,1,0,Year 2009-2010
4235,489807,2009-12-02 12:43:00,2009-12-02,2009-12,20091202,85044,15581,United Kingdom,2,4.95,9.9,0,0,0,0,Year 2009-2010
4236,489807,2009-12-02 12:43:00,2009-12-02,2009-12,20091202,21703,15581,United Kingdom,96,0.36,34.56,0,0,0,0,Year 2009-2010
4237,489807,2009-12-02 12:43:00,2009-12-02,2009-12,20091202,21681,15581,United Kingdom,1,9.95,9.95,0,0,0,0,Year 2009-2010
4238,489807,2009-12-02 12:43:00,2009-12-02,2009-12,20091202,84828,15581,United Kingdom,1,1.25,1.25,0,0,0,0,Year 2009-2010
4239,489807,2009-12-02 12:43:00,2009-12-02,2009-12,20091202,35160,15581,United Kingdom,1,0.85,0.85,0,0,0,0,Year 2009-2010
4240,489807,2009-12-02 12:43:00,2009-12-02,2009-12,20091202,21975,15581,United Kingdom,1,0.55,0.55,0,0,0,0,Year 2009-2010
4241,489807,2009-12-02 12:43:00,2009-12-02,2009-12,20091202,84992,15581,United Kingdom,1,0.55,0.55,0,0,0,0,Year 2009-2010
4242,489807,2009-12-02 12:43:00,2009-12-02,2009-12,20091202,20728,15581,United Kingdom,1,1.65,1.65,0,0,0,0,Year 2009-2010
4243,489807,2009-12-02 12:43:00,2009-12-02,2009-12,20091202,21481,15581,United Kingdom,1,2.95,2.95,0,0,0,0,Year 2009-2010
4244,489807,2009-12-02 12:43:00,2009-12-02,2009-12,20091202,21931,15581,United Kingdom,1,1.95,1.95,0,0,0,0,Year 2009-2010
4245,489807,2009-12-02 12:43:00,2009-12-02,2009-12,20091202,10138,15581,United Kingdom,96,0.42,40.32,0,0,0,0,Year 2009-2010
4246,489807,2009-12-02 12:43:00,2009-12-02,2009-12,20091202,85047,15581,United Kingdom,1,6.35,6.35,0,0,0,0,Year 2009-2010
4247,489807,2009-12-02 12:43:00,2009-12-02,2009-12,20091202,85183A,15581,United Kingdom,1,3.75,3.75,0,0,0,0,Year 2009-2010
4248,489807,2009-12-02 12:43:00,2009-12-02,2009-12,20091202,84031A,15581,United Kingdom,1,4.65,4.65,0,0,0,0,Year 2009-2010
4249,489807,2009-12-02 12:43:00,2009-12-02,2009-12,20091202,21016,15581,United Kingdom,2,0.85,1.7,0,0,0,0,Year 2009-2010
4250,489807,2009-12-02 12:43:00,2009-12-02,2009-12,20091202,22130,15581,United Kingdom,12,0.85,10.2,0,0,0,0,Year 2009-2010
4251,489807,2009-12-02 12:43:00,2009-12-02,2009-12,20091202,35981C,15581,United Kingdom,2,1.25,2.5,0,0,0,0,Year 2009-2010
4252,489807,2009-12-02 12:43:00,2009-12-02,2009-12,20091202,21016,15581,United Kingdom,1,0.85,0.85,0,0,0,0,Year 2009-2010
4253,489807,2009-12-02 12:43:00,2009-12-02,2009-12,20091202,21825,15581,United Kingdom,8,1.45,11.6,0,0,0,0,Year 2009-2010
4254,489807,2009-12-02 12:43:00,2009-12-02,2009-12,20091202,20974,15581,United Kingdom,1,0.65,0.65,0,0,0,0,Year 2009-2010
4255,489807,2009-12-02 12:43:00,2009-12-02,2009-12,20091202,20975,15581,United Kingdom,1,0.65,0.65,0,0,0,0,Year 2009-2010
4256,489807,2009-12-02 12:43:00,2009-12-02,2009-12,20091202,35979,15581,United Kingdom,1,2.95,2.95,0,0,0,0,Year 2009-2010
4257,489807,2009-12-02 12:43:00,2009-12-02,2009-12,20091202,21493,15581,United Kingdom,2,0.85,1.7,0,0,0,0,Year 2009-2010
4258,489807,2009-12-02 12:43:00,2009-12-02,2009-12,20091202,22273,15581,United Kingdom,1,2.95,2.95,0,0,0,0,Year 2009-2010
4259,489807,2009-12-02 12:43:00,2009-12-02,2009-12,20091202,35400,15581,United Kingdom,2,8.95,17.9,0,0,0,0,Year 2009-2010
4260,489807,2009-12-02 12:43:00,2009-12-02,2009-12,20091202,21467,15581,United Kingdom,1,3.75,3.75,0,0,0,0,Year 2009-2010
4261,489807,2009-12-02 12:43:00,2009-12-02,2009-12,20091202,84347,15581,United Kingdom,1,2.55,2.55,0,0,0,0,Year 2009-2010
4262,489807,2009-12-02 12:43:00,2009-12-02,2009-12,20091202,21034,15581,United Kingdom,1,0.95,0.95,0,0,0,0,Year 2009-2010
4263,489808,2009-12-02 12:44:00,2009-12-02,2009-12,20091202,84510A,14467,United Kingdom,2,1.25,2.5,0,0,0,0,Year 2009-2010
4264,489808,2009-12-02 12:44:00,2009-12-02,2009-12,20091202,84510F,14467,United Kingdom,2,1.25,2.5,0,0,0,0,Year 2009-2010
4265,489808,2009-12-02 12:44:00,2009-12-02,2009-12,20091202,85123A,14467,United Kingdom,8,2.95,23.6,0,0,0,0,Year 2009-2010
4266,489808,2009-12-02 12:44:00,2009-12-02,2009-12,20091202,20972,14467,United Kingdom,4,1.25,5.0,0,0,0,0,Year 2009-2010
4267,489808,2009-12-02 12:44:00,2009-12-02,2009-12,20091202,20736,14467,United Kingdom,6,0.85,5.1,0,0,0,0,Year 2009-2010
4268,489808,2009-12-02 12:44:00,2009-12-02,2009-12,20091202,21212,14467,United Kingdom,4,0.55,2.2,0,0,0,0,Year 2009-2010
4269,489808,2009-12-02 12:44:00,2009-12-02,2009-12,20091202,22080,14467,United Kingdom,1,1.65,1.65,0,0,0,0,Year 2009-2010
4270,489808,2009-12-02 12:44:00,2009-12-02,2009-12,20091202,22082,14467,United Kingdom,1,1.65,1.65,0,0,0,0,Year 2009-2010
4271,489808,2009-12-02 12:44:00,2009-12-02,2009-12,20091202,21986,14467,United Kingdom,6,0.29,1.7399999999999998,0,0,0,0,Year 2009-2010
4272,489808,2009-12-02 12:44:00,2009-12-02,2009-12,20091202,22147,14467,United Kingdom,10,1.45,14.5,0,0,0,0,Year 2009-2010
4273,489808,2009-12-02 12:44:00,2009-12-02,2009-12,20091202,21431,14467,United Kingdom,2,1.65,3.3,0,0,0,0,Year 2009-2010
4274,489808,2009-12-02 12:44:00,2009-12-02,2009-12,20091202,21429,14467,United Kingdom,2,1.65,3.3,0,0,0,0,Year 2009-2010
4275,489808,2009-12-02 12:44:00,2009-12-02,2009-12,20091202,22186,14467,United Kingdom,5,2.95,14.75,0,0,0,0,Year 2009-2010
4276,489808,2009-12-02 12:44:00,2009-12-02,2009-12,20091202,35961,14467,United Kingdom,12,0.85,10.2,0,0,0,0,Year 2009-2010
4277,489808,2009-12-02 12:44:00,2009-12-02,2009-12,20091202,20983,14467,United Kingdom,10,0.85,8.5,0,0,0,0,Year 2009-2010
4278,489808,2009-12-02 12:44:00,2009-12-02,2009-12,20091202,20982,14467,United Kingdom,5,0.85,4.25,0,0,0,0,Year 2009-2010
4279,489808,2009-12-02 12:44:00,2009-12-02,2009-12,20091202,47580,14467,United Kingdom,2,2.55,5.1,0,0,0,0,Year 2009-2010
4280,489809,2009-12-02 12:46:00,2009-12-02,2009-12,20091202,20726,13457,United Kingdom,10,1.65,16.5,0,0,0,0,Year 2009-2010
4281,489809,2009-12-02 12:46:00,2009-12-02,2009-12,20091202,85162C,13457,United Kingdom,24,1.95,46.8,0,0,0,0,Year 2009-2010
4282,489809,2009-12-02 12:46:00,2009-12-02,2009-12,20091202,17129D,13457,United Kingdom,12,0.85,10.2,0,0,0,1,Year 2009-2010
4283,489809,2009-12-02 12:46:00,2009-12-02,2009-12,20091202,21935,13457,United Kingdom,10,1.65,16.5,0,0,0,0,Year 2009-2010
4284,489809,2009-12-02 12:46:00,2009-12-02,2009-12,20091202,84050,13457,United Kingdom,6,1.65,9.899999999999999,0,0,0,0,Year 2009-2010
4285,489809,2009-12-02 12:46:00,2009-12-02,2009-12,20091202,47579,13457,United Kingdom,6,2.1,12.600000000000001,0,0,0,0,Year 2009-2010
4286,489810,2009-12-02 12:47:00,2009-12-02,2009-12,20091202,22415,18108,United Kingdom,4,7.95,31.8,0,0,0,0,Year 2009-2010
4287,489810,2009-12-02 12:47:00,2009-12-02,2009-12,20091202,21754,18108,United Kingdom,3,5.95,17.85,0,0,0,0,Year 2009-2010
4288,489810,2009-12-02 12:47:00,2009-12-02,2009-12,20091202,21755,18108,United Kingdom,3,5.95,17.85,0,0,0,0,Year 2009-2010
4289,489810,2009-12-02 12:47:00,2009-12-02,2009-12,20091202,82494L,18108,United Kingdom,6,2.95,17.700000000000003,0,0,0,0,Year 2009-2010
4290,489810,2009-12-02 12:47:00,2009-12-02,2009-12,20091202,22296,18108,United Kingdom,12,1.65,19.799999999999997,0,0,0,0,Year 2009-2010
4291,489810,2009-12-02 12:47:00,2009-12-02,2009-12,20091202,85103,18108,United Kingdom,2,6.75,13.5,0,0,0,0,Year 2009-2010
4292,489810,2009-12-02 12:47:00,2009-12-02,2009-12,20091202,20749,18108,United Kingdom,2,7.95,15.9,0,0,0,0,Year 2009-2010
4293,489810,2009-12-02 12:47:00,2009-12-02,2009-12,20091202,21337,18108,United Kingdom,6,2.95,17.700000000000003,0,0,0,0,Year 2009-2010
4294,489810,2009-12-02 12:47:00,2009-12-02,2009-12,20091202,72807A,18108,United Kingdom,4,4.25,17.0,0,0,0,0,Year 2009-2010
4295,489810,2009-12-02 12:47:00,2009-12-02,2009-12,20091202,21143,18108,United Kingdom,12,1.95,23.4,0,0,0,0,Year 2009-2010
4296,489810,2009-12-02 12:47:00,2009-12-02,2009-12,20091202,21811,18108,United Kingdom,12,1.25,15.0,0,0,0,0,Year 2009-2010
4297,489810,2009-12-02 12:47:00,2009-12-02,2009-12,20091202,21523,18108,United Kingdom,2,6.75,13.5,0,0,0,0,Year 2009-2010
4298,489810,2009-12-02 12:47:00,2009-12-02,2009-12,20091202,21955,18108,United Kingdom,2,6.75,13.5,0,0,0,0,Year 2009-2010
4299,489810,2009-12-02 12:47:00,2009-12-02,2009-12,20091202,79323S,18108,United Kingdom,4,6.75,27.0,0,0,0,0,Year 2009-2010
4300,489810,2009-12-02 12:47:00,2009-12-02,2009-12,20091202,79323B,18108,United Kingdom,4,6.75,27.0,0,0,0,1,Year 2009-2010
4301,489810,2009-12-02 12:47:00,2009-12-02,2009-12,20091202,22120,18108,United Kingdom,3,9.95,29.849999999999998,0,0,0,0,Year 2009-2010
4302,489810,2009-12-02 12:47:00,2009-12-02,2009-12,20091202,21864,18108,United Kingdom,6,2.1,12.600000000000001,0,0,0,0,Year 2009-2010
4303,489810,2009-12-02 12:47:00,2009-12-02,2009-12,20091202,20622,18108,United Kingdom,6,2.1,12.600000000000001,0,0,0,0,Year 2009-2010
4304,489810,2009-12-02 12:47:00,2009-12-02,2009-12,20091202,46000M,18108,United Kingdom,4,1.55,6.2,0,0,0,1,Year 2009-2010
4305,489810,2009-12-02 12:47:00,2009-12-02,2009-12,20091202,21622,18108,United Kingdom,4,4.95,19.8,0,0,0,0,Year 2009-2010
4306,489810,2009-12-02 12:47:00,2009-12-02,2009-12,20091202,72267,18108,United Kingdom,8,2.1,16.8,0,0,0,0,Year 2009-2010
4307,489810,2009-12-02 12:47:00,2009-12-02,2009-12,20091202,72484,18108,United Kingdom,12,1.25,15.0,0,0,0,0,Year 2009-2010
4308,489810,2009-12-02 12:47:00,2009-12-02,2009-12,20091202,84836,18108,United Kingdom,24,1.25,30.0,0,0,0,0,Year 2009-2010
4309,489810,2009-12-02 12:47:00,2009-12-02,2009-12,20091202,84791,18108,United Kingdom,6,2.95,17.700000000000003,0,0,0,0,Year 2009-2010
4310,489810,2009-12-02 12:47:00,2009-12-02,2009-12,20091202,22189,18108,United Kingdom,8,3.95,31.6,0,0,0,0,Year 2009-2010
4311,489810,2009-12-02 12:47:00,2009-12-02,2009-12,20091202,22145,18108,United Kingdom,6,2.1,12.600000000000001,0,0,0,0,Year 2009-2010
4312,489811,2009-12-02 12:54:00,2009-12-02,2009-12,20091202,22109,16210,United Kingdom,8,3.75,30.0,0,0,0,0,Year 2009-2010
4313,489811,2009-12-02 12:54:00,2009-12-02,2009-12,20091202,22107,16210,United Kingdom,8,3.75,30.0,0,0,0,0,Year 2009-2010
4314,489811,2009-12-02 12:54:00,2009-12-02,2009-12,20091202,21625,16210,United Kingdom,3,6.95,20.85,0,0,0,0,Year 2009-2010
4315,489811,2009-12-02 12:54:00,2009-12-02,2009-12,20091202,21622,16210,United Kingdom,4,4.95,19.8,0,0,0,0,Year 2009-2010
4316,489811,2009-12-02 12:54:00,2009-12-02,2009-12,20091202,21232,16210,United Kingdom,72,1.06,76.32000000000001,0,0,0,0,Year 2009-2010
4317,489811,2009-12-02 12:54:00,2009-12-02,2009-12,20091202,21231,16210,United Kingdom,72,1.06,76.32000000000001,0,0,0,0,Year 2009-2010
4318,489811,2009-12-02 12:54:00,2009-12-02,2009-12,20091202,37494A,16210,United Kingdom,36,2.55,91.8,0,0,0,0,Year 2009-2010
4319,489811,2009-12-02 12:54:00,2009-12-02,2009-12,20091202,22335,16210,United Kingdom,288,0.55,158.4,0,0,0,0,Year 2009-2010
4320,489811,2009-12-02 12:54:00,2009-12-02,2009-12,20091202,79323W,16210,United Kingdom,24,5.45,130.8,0,0,0,0,Year 2009-2010
4321,489812,2009-12-02 13:00:00,2009-12-02,2009-12,20091202,20906,17377,United Kingdom,1,2.95,2.95,0,0,0,0,Year 2009-2010
4322,489812,2009-12-02 13:00:00,2009-12-02,2009-12,20091202,84709B,17377,United Kingdom,2,5.95,11.9,0,0,0,1,Year 2009-2010
4323,489812,2009-12-02 13:00:00,2009-12-02,2009-12,20091202,21212,17377,United Kingdom,1,0.55,0.55,0,0,0,0,Year 2009-2010
4324,489812,2009-12-02 13:00:00,2009-12-02,2009-12,20091202,85032A,17377,United Kingdom,1,2.1,2.1,0,0,0,0,Year 2009-2010
4325,489812,2009-12-02 13:00:00,2009-12-02,2009-12,20091202,85018D,17377,United Kingdom,1,2.55,2.55,0,0,0,1,Year 2009-2010
4326,489812,2009-12-02 13:00:00,2009-12-02,2009-12,20091202,85066,17377,United Kingdom,1,12.75,12.75,0,0,0,0,Year 2009-2010
4327,489812,2009-12-02 13:00:00,2009-12-02,2009-12,20091202,84708B,17377,United Kingdom,1,4.95,4.95,0,0,0,1,Year 2009-2010
4328,489812,2009-12-02 13:00:00,2009-12-02,2009-12,20091202,85178,17377,United Kingdom,2,1.25,2.5,0,0,0,0,Year 2009-2010
4329,489812,2009-12-02 13:00:00,2009-12-02,2009-12,20091202,21391,17377,United Kingdom,3,2.1,6.300000000000001,0,0,0,0,Year 2009-2010
4330,489812,2009-12-02 13:00:00,2009-12-02,2009-12,20091202,90035C,17377,United Kingdom,19,10.75,204.25,0,0,0,0,Year 2009-2010
4331,489812,2009-12-02 13:00:00,2009-12-02,2009-12,20091202,90082A,17377,United Kingdom,1,6.35,6.35,0,0,0,0,Year 2009-2010
4332,489812,2009-12-02 13:00:00,2009-12-02,2009-12,20091202,21880,17377,United Kingdom,1,0.65,0.65,0,0,0,0,Year 2009-2010
4333,489812,2009-12-02 13:00:00,2009-12-02,2009-12,20091202,21883,17377,United Kingdom,1,0.65,0.65,0,0,0,0,Year 2009-2010
4334,489812,2009-12-02 13:00:00,2009-12-02,2009-12,20091202,22080,17377,United Kingdom,1,1.65,1.65,0,0,0,0,Year 2009-2010
4335,489812,2009-12-02 13:00:00,2009-12-02,2009-12,20091202,47556B,17377,United Kingdom,1,2.95,2.95,0,0,0,1,Year 2009-2010
4336,489812,2009-12-02 13:00:00,2009-12-02,2009-12,20091202,22122,17377,United Kingdom,1,2.95,2.95,0,0,0,0,Year 2009-2010
4337,489812,2009-12-02 13:00:00,2009-12-02,2009-12,20091202,21990,17377,United Kingdom,1,2.95,2.95,0,0,0,0,Year 2009-2010
4338,489812,2009-12-02 13:00:00,2009-12-02,2009-12,20091202,21080,17377,United Kingdom,2,0.85,1.7,0,0,0,0,Year 2009-2010
4339,489812,2009-12-02 13:00:00,2009-12-02,2009-12,20091202,21077,17377,United Kingdom,1,0.85,0.85,0,0,0,0,Year 2009-2010
4340,489812,2009-12-02 13:00:00,2009-12-02,2009-12,20091202,20658,17377,United Kingdom,2,1.25,2.5,0,0,0,0,Year 2009-2010
4341,489812,2009-12-02 13:00:00,2009-12-02,2009-12,20091202,20752,17377,United Kingdom,1,2.1,2.1,0,0,0,0,Year 2009-2010
4342,489812,2009-12-02 13:00:00,2009-12-02,2009-12,20091202,20754,17377,United Kingdom,1,2.1,2.1,0,0,0,0,Year 2009-2010
4343,489812,2009-12-02 13:00:00,2009-12-02,2009-12,20091202,90035B,17377,United Kingdom,36,8.49,305.64,0,0,0,1,Year 2009-2010
4344,489812,2009-12-02 13:00:00,2009-12-02,2009-12,20091202,21694,17377,United Kingdom,2,2.95,5.9,0,0,0,0,Year 2009-2010
4345,489812,2009-12-02 13:00:00,2009-12-02,2009-12,20091202,84600,17377,United Kingdom,1,7.95,7.95,0,0,0,0,Year 2009-2010
4346,C489813,2009-12-02 13:02:00,2009-12-02,2009-12,20091202,84472,17867,United Kingdom,-1,45.95,-45.95,1,1,0,0,Year 2009-2010
4347,C489813,2009-12-02 13:02:00,2009-12-02,2009-12,20091202,84622,17867,United Kingdom,-1,5.95,-5.95,1,1,0,0,Year 2009-2010
4348,489814,2009-12-02 13:06:00,2009-12-02,2009-12,20091202,21035,14669,United Kingdom,1,2.95,2.95,0,0,0,0,Year 2009-2010
4349,489814,2009-12-02 13:06:00,2009-12-02,2009-12,20091202,21042,14669,United Kingdom,1,5.95,5.95,0,0,0,0,Year 2009-2010
4350,489814,2009-12-02 13:06:00,2009-12-02,2009-12,20091202,21041,14669,United Kingdom,2,2.95,5.9,0,0,0,0,Year 2009-2010
4351,489814,2009-12-02 13:06:00,2009-12-02,2009-12,20091202,79163,14669,United Kingdom,12,1.65,19.799999999999997,0,0,0,0,Year 2009-2010
4352,489814,2009-12-02 13:06:00,2009-12-02,2009-12,20091202,21975,14669,United Kingdom,24,0.55,13.200000000000001,0,0,0,0,Year 2009-2010
4353,489814,2009-12-02 13:06:00,2009-12-02,2009-12,20091202,84991,14669,United Kingdom,24,0.55,13.200000000000001,0,0,0,0,Year 2009-2010
4354,489814,2009-12-02 13:06:00,2009-12-02,2009-12,20091202,84990,14669,United Kingdom,24,0.55,13.200000000000001,0,0,0,0,Year 2009-2010
4355,489814,2009-12-02 13:06:00,2009-12-02,2009-12,20091202,20914,14669,United Kingdom,1,2.95,2.95,0,0,0,0,Year 2009-2010
4356,489814,2009-12-02 13:06:00,2009-12-02,2009-12,20091202,21210,14669,United Kingdom,2,1.45,2.9,0,0,0,0,Year 2009-2010
4357,489814,2009-12-02 13:06:00,2009-12-02,2009-12,20091202,21214,14669,United Kingdom,2,1.45,2.9,0,0,0,0,Year 2009-2010
4358,489814,2009-12-02 13:06:00,2009-12-02,2009-12,20091202,22271,14669,United Kingdom,2,2.95,5.9,0,0,0,0,Year 2009-2010
4359,489814,2009-12-02 13:06:00,2009-12-02,2009-12,20091202,22272,14669,United Kingdom,2,2.95,5.9,0,0,0,0,Year 2009-2010
4360,489814,2009-12-02 13:06:00,2009-12-02,2009-12,20091202,22274,14669,United Kingdom,2,2.95,5.9,0,0,0,0,Year 2009-2010
4361,489814,2009-12-02 13:06:00,2009-12-02,2009-12,20091202,82616C,14669,United Kingdom,3,2.95,8.850000000000001,0,0,0,0,Year 2009-2010
4362,489814,2009-12-02 13:06:00,2009-12-02,2009-12,20091202,84288B,14669,United Kingdom,3,1.95,5.85,0,0,0,1,Year 2009-2010
4363,489814,2009-12-02 13:06:00,2009-12-02,2009-12,20091202,47566,14669,United Kingdom,3,4.65,13.950000000000001,0,0,0,0,Year 2009-2010
4364,489814,2009-12-02 13:06:00,2009-12-02,2009-12,20091202,85231G,14669,United Kingdom,6,0.85,5.1,0,0,0,0,Year 2009-2010
4365,489814,2009-12-02 13:06:00,2009-12-02,2009-12,20091202,85231B,14669,United Kingdom,6,0.85,5.1,0,0,0,1,Year 2009-2010
4366,489814,2009-12-02 13:06:00,2009-12-02,2009-12,20091202,72779,14669,United Kingdom,6,1.69,10.14,0,0,0,0,Year 2009-2010
4367,489814,2009-12-02 13:06:00,2009-12-02,2009-12,20091202,21916,14669,United Kingdom,6,0.42,2.52,0,0,0,0,Year 2009-2010
4368,489814,2009-12-02 13:06:00,2009-12-02,2009-12,20091202,22086,14669,United Kingdom,6,2.95,17.700000000000003,0,0,0,0,Year 2009-2010
4369,489814,2009-12-02 13:06:00,2009-12-02,2009-12,20091202,85230G,14669,United Kingdom,24,0.29,6.959999999999999,0,0,0,0,Year 2009-2010
4370,489814,2009-12-02 13:06:00,2009-12-02,2009-12,20091202,82616A,14669,United Kingdom,3,2.95,8.850000000000001,0,0,0,0,Year 2009-2010
4371,489814,2009-12-02 13:06:00,2009-12-02,2009-12,20091202,72024U,14669,United Kingdom,24,0.21,5.04,0,0,0,0,Year 2009-2010
4372,489814,2009-12-02 13:06:00,2009-12-02,2009-12,20091202,84006,14669,United Kingdom,12,0.85,10.2,0,0,0,0,Year 2009-2010
4373,489814,2009-12-02 13:06:00,2009-12-02,2009-12,20091202,47504F,14669,United Kingdom,12,1.65,19.799999999999997,0,0,0,0,Year 2009-2010
4374,489814,2009-12-02 13:06:00,2009-12-02,2009-12,20091202,79321,14669,United Kingdom,3,4.95,14.850000000000001,0,0,0,0,Year 2009-2010
4375,489814,2009-12-02 13:06:00,2009-12-02,2009-12,20091202,84270,14669,United Kingdom,30,0.21,6.3,0,0,0,0,Year 2009-2010
4376,489814,2009-12-02 13:06:00,2009-12-02,2009-12,20091202,20889,14669,United Kingdom,6,2.95,17.700000000000003,0,0,0,0,Year 2009-2010
4377,489814,2009-12-02 13:06:00,2009-12-02,2009-12,20091202,84854,14669,United Kingdom,4,4.95,19.8,0,0,0,0,Year 2009-2010
4378,489814,2009-12-02 13:06:00,2009-12-02,2009-12,20091202,35160,14669,United Kingdom,8,0.85,6.8,0,0,0,0,Year 2009-2010
4379,489814,2009-12-02 13:06:00,2009-12-02,2009-12,20091202,72267,14669,United Kingdom,4,2.1,8.4,0,0,0,0,Year 2009-2010
4380,489814,2009-12-02 13:06:00,2009-12-02,2009-12,20091202,21732,14669,United Kingdom,4,3.75,15.0,0,0,0,0,Year 2009-2010
4381,489814,2009-12-02 13:06:00,2009-12-02,2009-12,20091202,72801E,14669,United Kingdom,12,1.25,15.0,0,0,0,0,Year 2009-2010
4382,489814,2009-12-02 13:06:00,2009-12-02,2009-12,20091202,21645,14669,United Kingdom,12,1.65,19.799999999999997,0,0,0,0,Year 2009-2010
4383,489814,2009-12-02 13:06:00,2009-12-02,2009-12,20091202,82001S,14669,United Kingdom,3,3.75,11.25,0,0,0,0,Year 2009-2010
4384,489814,2009-12-02 13:06:00,2009-12-02,2009-12,20091202,84969,14669,United Kingdom,3,4.25,12.75,0,0,0,0,Year 2009-2010
4385,489814,2009-12-02 13:06:00,2009-12-02,2009-12,20091202,48187,14669,United Kingdom,1,6.75,6.75,0,0,0,0,Year 2009-2010
4386,489814,2009-12-02 13:06:00,2009-12-02,2009-12,20091202,22309,14669,United Kingdom,2,2.55,5.1,0,0,0,0,Year 2009-2010
4387,489814,2009-12-02 13:06:00,2009-12-02,2009-12,20091202,22207,14669,United Kingdom,2,4.25,8.5,0,0,0,0,Year 2009-2010
4388,489814,2009-12-02 13:06:00,2009-12-02,2009-12,20091202,21559,14669,United Kingdom,2,2.55,5.1,0,0,0,0,Year 2009-2010
4389,489814,2009-12-02 13:06:00,2009-12-02,2009-12,20091202,21561,14669,United Kingdom,2,2.55,5.1,0,0,0,0,Year 2009-2010
4390,489814,2009-12-02 13:06:00,2009-12-02,2009-12,20091202,22138,14669,United Kingdom,2,4.95,9.9,0,0,0,0,Year 2009-2010
4391,489814,2009-12-02 13:06:00,2009-12-02,2009-12,20091202,21218,14669,United Kingdom,1,3.75,3.75,0,0,0,0,Year 2009-2010
4392,489814,2009-12-02 13:06:00,2009-12-02,2009-12,20091202,22315,14669,United Kingdom,2,1.25,2.5,0,0,0,0,Year 2009-2010
4393,489814,2009-12-02 13:06:00,2009-12-02,2009-12,20091202,22071,14669,United Kingdom,2,3.75,7.5,0,0,0,0,Year 2009-2010
4394,489814,2009-12-02 13:06:00,2009-12-02,2009-12,20091202,22070,14669,United Kingdom,2,3.75,7.5,0,0,0,0,Year 2009-2010
4395,489814,2009-12-02 13:06:00,2009-12-02,2009-12,20091202,20963,14669,United Kingdom,9,1.25,11.25,0,0,0,0,Year 2009-2010
4396,489814,2009-12-02 13:06:00,2009-12-02,2009-12,20091202,21843,14669,United Kingdom,1,10.95,10.95,0,0,0,0,Year 2009-2010
4397,489814,2009-12-02 13:06:00,2009-12-02,2009-12,20091202,21080,14669,United Kingdom,6,0.85,5.1,0,0,0,0,Year 2009-2010
4398,489814,2009-12-02 13:06:00,2009-12-02,2009-12,20091202,84988,14669,United Kingdom,2,1.45,2.9,0,0,0,0,Year 2009-2010
4399,489814,2009-12-02 13:06:00,2009-12-02,2009-12,20091202,21973,14669,United Kingdom,2,1.45,2.9,0,0,0,0,Year 2009-2010
4400,489814,2009-12-02 13:06:00,2009-12-02,2009-12,20091202,84987,14669,United Kingdom,2,1.45,2.9,0,0,0,0,Year 2009-2010
4401,489814,2009-12-02 13:06:00,2009-12-02,2009-12,20091202,21238,14669,United Kingdom,8,0.85,6.8,0,0,0,0,Year 2009-2010
4402,489814,2009-12-02 13:06:00,2009-12-02,2009-12,20091202,20676,14669,United Kingdom,8,1.25,10.0,0,0,0,0,Year 2009-2010
4403,489814,2009-12-02 13:06:00,2009-12-02,2009-12,20091202,35918B,14669,United Kingdom,3,1.25,3.75,0,0,0,1,Year 2009-2010
4404,489814,2009-12-02 13:06:00,2009-12-02,2009-12,20091202,21844,14669,United Kingdom,6,2.95,17.700000000000003,0,0,0,0,Year 2009-2010
4405,489814,2009-12-02 13:06:00,2009-12-02,2009-12,20091202,22072,14669,United Kingdom,1,3.75,3.75,0,0,0,0,Year 2009-2010
4406,489814,2009-12-02 13:06:00,2009-12-02,2009-12,20091202,85032D,14669,United Kingdom,12,2.1,25.200000000000003,0,0,0,1,Year 2009-2010
4407,489814,2009-12-02 13:06:00,2009-12-02,2009-12,20091202,21527,14669,United Kingdom,1,7.95,7.95,0,0,0,0,Year 2009-2010
4408,489814,2009-12-02 13:06:00,2009-12-02,2009-12,20091202,21533,14669,United Kingdom,1,4.95,4.95,0,0,0,0,Year 2009-2010
4409,489814,2009-12-02 13:06:00,2009-12-02,2009-12,20091202,20990,14669,United Kingdom,3,1.95,5.85,0,0,0,0,Year 2009-2010
4410,489814,2009-12-02 13:06:00,2009-12-02,2009-12,20091202,21949,14669,United Kingdom,6,1.25,7.5,0,0,0,0,Year 2009-2010
4411,489814,2009-12-02 13:06:00,2009-12-02,2009-12,20091202,21539,14669,United Kingdom,1,4.95,4.95,0,0,0,0,Year 2009-2010
4412,489814,2009-12-02 13:06:00,2009-12-02,2009-12,20091202,21531,14669,United Kingdom,2,2.55,5.1,0,0,0,0,Year 2009-2010
4413,489814,2009-12-02 13:06:00,2009-12-02,2009-12,20091202,84596B,14669,United Kingdom,8,1.25,10.0,0,0,0,1,Year 2009-2010
4414,489814,2009-12-02 13:06:00,2009-12-02,2009-12,20091202,84596G,14669,United Kingdom,8,1.25,10.0,0,0,0,0,Year 2009-2010
4415,489814,2009-12-02 13:06:00,2009-12-02,2009-12,20091202,84596K,14669,United Kingdom,8,1.25,10.0,0,0,0,0,Year 2009-2010
4416,489814,2009-12-02 13:06:00,2009-12-02,2009-12,20091202,21217,14669,United Kingdom,2,9.95,19.9,0,0,0,0,Year 2009-2010
4417,489814,2009-12-02 13:06:00,2009-12-02,2009-12,20091202,79163,14669,United Kingdom,8,1.65,13.2,0,0,0,0,Year 2009-2010
4418,489814,2009-12-02 13:06:00,2009-12-02,2009-12,20091202,84380,14669,United Kingdom,12,1.25,15.0,0,0,0,0,Year 2009-2010
4419,489814,2009-12-02 13:06:00,2009-12-02,2009-12,20091202,22218,14669,United Kingdom,2,4.25,8.5,0,0,0,0,Year 2009-2010
4420,489814,2009-12-02 13:06:00,2009-12-02,2009-12,20091202,21242,14669,United Kingdom,8,1.69,13.52,0,0,0,0,Year 2009-2010
4421,489814,2009-12-02 13:06:00,2009-12-02,2009-12,20091202,35914,14669,United Kingdom,12,2.1,25.200000000000003,0,0,0,0,Year 2009-2010
4422,489814,2009-12-02 13:06:00,2009-12-02,2009-12,20091202,22319,14669,United Kingdom,12,0.65,7.800000000000001,0,0,0,0,Year 2009-2010
4423,489814,2009-12-02 13:06:00,2009-12-02,2009-12,20091202,21679,14669,United Kingdom,6,0.85,5.1,0,0,0,0,Year 2009-2010
4424,489814,2009-12-02 13:06:00,2009-12-02,2009-12,20091202,22139,14669,United Kingdom,6,4.95,29.700000000000003,0,0,0,0,Year 2009-2010
4425,489814,2009-12-02 13:06:00,2009-12-02,2009-12,20091202,20970,14669,United Kingdom,3,3.75,11.25,0,0,0,0,Year 2009-2010
4426,489814,2009-12-02 13:06:00,2009-12-02,2009-12,20091202,20969,14669,United Kingdom,3,3.75,11.25,0,0,0,0,Year 2009-2010
4427,489814,2009-12-02 13:06:00,2009-12-02,2009-12,20091202,22125,14669,United Kingdom,2,5.95,11.9,0,0,0,0,Year 2009-2010
4428,489814,2009-12-02 13:06:00,2009-12-02,2009-12,20091202,47590A,14669,United Kingdom,1,5.45,5.45,0,0,0,0,Year 2009-2010
4429,489814,2009-12-02 13:06:00,2009-12-02,2009-12,20091202,22112,14669,United Kingdom,1,4.95,4.95,0,0,0,0,Year 2009-2010
4430,489814,2009-12-02 13:06:00,2009-12-02,2009-12,20091202,22111,14669,United Kingdom,1,4.95,4.95,0,0,0,0,Year 2009-2010
4431,489814,2009-12-02 13:06:00,2009-12-02,2009-12,20091202,21486,14669,United Kingdom,2,3.75,7.5,0,0,0,0,Year 2009-2010
4432,489814,2009-12-02 13:06:00,2009-12-02,2009-12,20091202,47590A,14669,United Kingdom,2,5.45,10.9,0,0,0,0,Year 2009-2010
4433,489814,2009-12-02 13:06:00,2009-12-02,2009-12,20091202,22273,14669,United Kingdom,2,2.95,5.9,0,0,0,0,Year 2009-2010
4434,489815,2009-12-02 13:10:00,2009-12-02,2009-12,20091202,35610B,17909,United Kingdom,8,1.25,10.0,0,0,0,1,Year 2009-2010
4435,489815,2009-12-02 13:10:00,2009-12-02,2009-12,20091202,21821,17909,United Kingdom,6,3.75,22.5,0,0,0,0,Year 2009-2010
4436,489815,2009-12-02 13:10:00,2009-12-02,2009-12,20091202,21820,17909,United Kingdom,6,3.75,22.5,0,0,0,0,Year 2009-2010
4437,489815,2009-12-02 13:10:00,2009-12-02,2009-12,20091202,21034,17909,United Kingdom,1,0.95,0.95,0,0,0,0,Year 2009-2010
4438,489815,2009-12-02 13:10:00,2009-12-02,2009-12,20091202,85164B,17909,United Kingdom,1,12.75,12.75,0,0,0,1,Year 2009-2010
4439,489815,2009-12-02 13:10:00,2009-12-02,2009-12,20091202,85168B,17909,United Kingdom,1,9.95,9.95,0,0,0,1,Year 2009-2010
4440,489815,2009-12-02 13:10:00,2009-12-02,2009-12,20091202,85168A,17909,United Kingdom,1,9.95,9.95,0,0,0,0,Year 2009-2010
4441,489815,2009-12-02 13:10:00,2009-12-02,2009-12,20091202,21143,17909,United Kingdom,11,1.95,21.45,0,0,0,0,Year 2009-2010
4442,489816,2009-12-02 13:20:00,2009-12-02,2009-12,20091202,21431,16086,United Kingdom,4,1.65,6.6,0,0,0,0,Year 2009-2010
4443,489816,2009-12-02 13:20:00,2009-12-02,2009-12,20091202,21642,16086,United Kingdom,24,0.85,20.4,0,0,0,0,Year 2009-2010
4444,489816,2009-12-02 13:20:00,2009-12-02,2009-12,20091202,21638,16086,United Kingdom,6,2.1,12.600000000000001,0,0,0,0,Year 2009-2010
4445,489816,2009-12-02 13:20:00,2009-12-02,2009-12,20091202,20974,16086,United Kingdom,3,0.65,1.9500000000000002,0,0,0,0,Year 2009-2010
4446,489816,2009-12-02 13:20:00,2009-12-02,2009-12,20091202,20727,16086,United Kingdom,10,1.65,16.5,0,0,0,0,Year 2009-2010
4447,489816,2009-12-02 13:20:00,2009-12-02,2009-12,20091202,21924,16086,United Kingdom,1,7.95,7.95,0,0,0,0,Year 2009-2010
4448,489816,2009-12-02 13:20:00,2009-12-02,2009-12,20091202,84795E,16086,United Kingdom,2,7.95,15.9,0,0,0,0,Year 2009-2010
4449,489816,2009-12-02 13:20:00,2009-12-02,2009-12,20091202,20782,16086,United Kingdom,1,5.49,5.49,0,0,0,0,Year 2009-2010
4450,489816,2009-12-02 13:20:00,2009-12-02,2009-12,20091202,21621,16086,United Kingdom,1,8.5,8.5,0,0,0,0,Year 2009-2010
4451,489816,2009-12-02 13:20:00,2009-12-02,2009-12,20091202,21622,16086,United Kingdom,2,4.95,9.9,0,0,0,0,Year 2009-2010
4452,489816,2009-12-02 13:20:00,2009-12-02,2009-12,20091202,20968,16086,United Kingdom,5,3.75,18.75,0,0,0,0,Year 2009-2010
4453,489816,2009-12-02 13:20:00,2009-12-02,2009-12,20091202,21937,16086,United Kingdom,1,2.95,2.95,0,0,0,0,Year 2009-2010
4454,489816,2009-12-02 13:20:00,2009-12-02,2009-12,20091202,85099F,16086,United Kingdom,5,1.95,9.75,0,0,0,0,Year 2009-2010
4455,489816,2009-12-02 13:20:00,2009-12-02,2009-12,20091202,20723,16086,United Kingdom,10,0.85,8.5,0,0,0,0,Year 2009-2010
4456,489816,2009-12-02 13:20:00,2009-12-02,2009-12,20091202,21930,16086,United Kingdom,10,1.95,19.5,0,0,0,0,Year 2009-2010
4457,489816,2009-12-02 13:20:00,2009-12-02,2009-12,20091202,21498,16086,United Kingdom,25,0.42,10.5,0,0,0,0,Year 2009-2010
4458,489816,2009-12-02 13:20:00,2009-12-02,2009-12,20091202,22047,16086,United Kingdom,25,0.42,10.5,0,0,0,0,Year 2009-2010
4459,489816,2009-12-02 13:20:00,2009-12-02,2009-12,20091202,16156S,16086,United Kingdom,25,0.42,10.5,0,0,0,0,Year 2009-2010
4460,489816,2009-12-02 13:20:00,2009-12-02,2009-12,20091202,21251,16086,United Kingdom,1,2.95,2.95,0,0,0,0,Year 2009-2010
4461,489816,2009-12-02 13:20:00,2009-12-02,2009-12,20091202,21833,16086,United Kingdom,12,1.69,20.28,0,0,0,0,Year 2009-2010
4462,489816,2009-12-02 13:20:00,2009-12-02,2009-12,20091202,21864,16086,United Kingdom,5,2.1,10.5,0,0,0,0,Year 2009-2010
4463,489816,2009-12-02 13:20:00,2009-12-02,2009-12,20091202,21677,16086,United Kingdom,12,0.85,10.2,0,0,0,0,Year 2009-2010
4464,489816,2009-12-02 13:20:00,2009-12-02,2009-12,20091202,21676,16086,United Kingdom,12,0.85,10.2,0,0,0,0,Year 2009-2010
4465,489816,2009-12-02 13:20:00,2009-12-02,2009-12,20091202,84077,16086,United Kingdom,48,0.21,10.08,0,0,0,0,Year 2009-2010
4466,489816,2009-12-02 13:20:00,2009-12-02,2009-12,20091202,85226A,16086,United Kingdom,5,0.55,2.75,0,0,0,0,Year 2009-2010
4467,489816,2009-12-02 13:20:00,2009-12-02,2009-12,20091202,21034,16086,United Kingdom,1,0.95,0.95,0,0,0,0,Year 2009-2010
4468,489816,2009-12-02 13:20:00,2009-12-02,2009-12,20091202,78056,16086,United Kingdom,2,9.95,19.9,0,0,0,0,Year 2009-2010
4469,489817,2009-12-02 13:22:00,2009-12-02,2009-12,20091202,22215,16711,United Kingdom,12,7.65,91.80000000000001,0,0,0,0,Year 2009-2010
4470,489817,2009-12-02 13:22:00,2009-12-02,2009-12,20091202,22218,16711,United Kingdom,24,3.75,90.0,0,0,0,0,Year 2009-2010
4471,489817,2009-12-02 13:22:00,2009-12-02,2009-12,20091202,21146,16711,United Kingdom,96,1.65,158.39999999999998,0,0,0,0,Year 2009-2010
4472,489820,2009-12-02 13:23:00,2009-12-02,2009-12,20091202,21133,,United Kingdom,-720,0.0,-0.0,0,1,1,0,Year 2009-2010
4473,489819,2009-12-02 13:23:00,2009-12-02,2009-12,20091202,85049G,14739,United Kingdom,8,1.25,10.0,0,0,0,0,Year 2009-2010
4474,489819,2009-12-02 13:23:00,2009-12-02,2009-12,20091202,85014B,14739,United Kingdom,6,5.95,35.7,0,0,0,1,Year 2009-2010
4475,489819,2009-12-02 13:23:00,2009-12-02,2009-12,20091202,85014C,14739,United Kingdom,3,5.95,17.85,0,0,0,0,Year 2009-2010
4476,489819,2009-12-02 13:23:00,2009-12-02,2009-12,20091202,21591,14739,United Kingdom,48,1.25,60.0,0,0,0,0,Year 2009-2010
4477,489819,2009-12-02 13:23:00,2009-12-02,2009-12,20091202,84077,14739,United Kingdom,96,0.21,20.16,0,0,0,0,Year 2009-2010
4478,489819,2009-12-02 13:23:00,2009-12-02,2009-12,20091202,84946,14739,United Kingdom,72,1.06,76.32000000000001,0,0,0,0,Year 2009-2010
4479,489819,2009-12-02 13:23:00,2009-12-02,2009-12,20091202,22088,14739,United Kingdom,40,2.55,102.0,0,0,0,0,Year 2009-2010
4480,489819,2009-12-02 13:23:00,2009-12-02,2009-12,20091202,21186,14739,United Kingdom,48,1.45,69.6,0,0,0,0,Year 2009-2010
4481,489819,2009-12-02 13:23:00,2009-12-02,2009-12,20091202,84832,14739,United Kingdom,24,0.85,20.4,0,0,0,0,Year 2009-2010
4482,489819,2009-12-02 13:23:00,2009-12-02,2009-12,20091202,20940,14739,United Kingdom,36,2.55,91.8,0,0,0,0,Year 2009-2010
4483,489819,2009-12-02 13:23:00,2009-12-02,2009-12,20091202,22075,14739,United Kingdom,24,1.65,39.599999999999994,0,0,0,0,Year 2009-2010
4484,489819,2009-12-02 13:23:00,2009-12-02,2009-12,20091202,85049A,14739,United Kingdom,36,1.25,45.0,0,0,0,0,Year 2009-2010
4485,489819,2009-12-02 13:23:00,2009-12-02,2009-12,20091202,85049E,14739,United Kingdom,24,1.25,30.0,0,0,0,0,Year 2009-2010
4486,489818,2009-12-02 13:23:00,2009-12-02,2009-12,20091202,22083,16233,United Kingdom,12,2.95,35.400000000000006,0,0,0,0,Year 2009-2010
4487,489818,2009-12-02 13:23:00,2009-12-02,2009-12,20091202,22084,16233,United Kingdom,6,2.95,17.700000000000003,0,0,0,0,Year 2009-2010
4488,489818,2009-12-02 13:23:00,2009-12-02,2009-12,20091202,22085,16233,United Kingdom,6,2.95,17.700000000000003,0,0,0,0,Year 2009-2010
4489,489818,2009-12-02 13:23:00,2009-12-02,2009-12,20091202,22086,16233,United Kingdom,6,2.95,17.700000000000003,0,0,0,0,Year 2009-2010
4490,489818,2009-12-02 13:23:00,2009-12-02,2009-12,20091202,22143,16233,United Kingdom,6,2.1,12.600000000000001,0,0,0,0,Year 2009-2010
4491,489818,2009-12-02 13:23:00,2009-12-02,2009-12,20091202,22130,16233,United Kingdom,12,0.85,10.2,0,0,0,0,Year 2009-2010
4492,489818,2009-12-02 13:23:00,2009-12-02,2009-12,20091202,85176,16233,United Kingdom,12,0.85,10.2,0,0,0,0,Year 2009-2010
4493,489818,2009-12-02 13:23:00,2009-12-02,2009-12,20091202,85177,16233,United Kingdom,12,0.85,10.2,0,0,0,0,Year 2009-2010
4494,489818,2009-12-02 13:23:00,2009-12-02,2009-12,20091202,21257,16233,United Kingdom,2,7.95,15.9,0,0,0,0,Year 2009-2010
4495,489818,2009-12-02 13:23:00,2009-12-02,2009-12,20091202,21258,16233,United Kingdom,8,10.95,87.6,0,0,0,0,Year 2009-2010
4496,489818,2009-12-02 13:23:00,2009-12-02,2009-12,20091202,22145,16233,United Kingdom,6,2.1,12.600000000000001,0,0,0,0,Year 2009-2010
4497,489818,2009-12-02 13:23:00,2009-12-02,2009-12,20091202,21035,16233,United Kingdom,6,2.95,17.700000000000003,0,0,0,0,Year 2009-2010
4498,489818,2009-12-02 13:23:00,2009-12-02,2009-12,20091202,22113,16233,United Kingdom,4,3.45,13.8,0,0,0,0,Year 2009-2010
4499,489818,2009-12-02 13:23:00,2009-12-02,2009-12,20091202,84029E,16233,United Kingdom,4,3.75,15.0,0,0,0,0,Year 2009-2010
4500,489821,2009-12-02 13:25:00,2009-12-02,2009-12,20091202,85049G,,United Kingdom,-240,0.0,-0.0,0,1,1,0,Year 2009-2010
4501,489822,2009-12-02 13:26:00,2009-12-02,2009-12,20091202,21484,14204,United Kingdom,1,3.45,3.45,0,0,0,0,Year 2009-2010
4502,489822,2009-12-02 13:26:00,2009-12-02,2009-12,20091202,22097,14204,United Kingdom,4,1.25,5.0,0,0,0,0,Year 2009-2010
4503,489822,2009-12-02 13:26:00,2009-12-02,2009-12,20091202,21428,14204,United Kingdom,1,4.25,4.25,0,0,0,0,Year 2009-2010
4504,489822,2009-12-02 13:26:00,2009-12-02,2009-12,20091202,22114,14204,United Kingdom,1,3.95,3.95,0,0,0,0,Year 2009-2010
4505,489822,2009-12-02 13:26:00,2009-12-02,2009-12,20091202,21482,14204,United Kingdom,1,2.95,2.95,0,0,0,0,Year 2009-2010
4506,489822,2009-12-02 13:26:00,2009-12-02,2009-12,20091202,22125,14204,United Kingdom,1,5.95,5.95,0,0,0,0,Year 2009-2010
4507,489822,2009-12-02 13:26:00,2009-12-02,2009-12,20091202,21480,14204,United Kingdom,1,2.95,2.95,0,0,0,0,Year 2009-2010
4508,489822,2009-12-02 13:26:00,2009-12-02,2009-12,20091202,21485,14204,United Kingdom,1,4.95,4.95,0,0,0,0,Year 2009-2010
4509,489822,2009-12-02 13:26:00,2009-12-02,2009-12,20091202,22111,14204,United Kingdom,2,4.95,9.9,0,0,0,0,Year 2009-2010
4510,489822,2009-12-02 13:26:00,2009-12-02,2009-12,20091202,21733,14204,United Kingdom,1,2.95,2.95,0,0,0,0,Year 2009-2010
4511,489822,2009-12-02 13:26:00,2009-12-02,2009-12,20091202,90062,14204,United Kingdom,8,12.75,102.0,0,0,0,0,Year 2009-2010
4512,489822,2009-12-02 13:26:00,2009-12-02,2009-12,20091202,84656,14204,United Kingdom,1,5.95,5.95,0,0,0,0,Year 2009-2010
4513,489822,2009-12-02 13:26:00,2009-12-02,2009-12,20091202,84879,14204,United Kingdom,2,1.69,3.38,0,0,0,0,Year 2009-2010
4514,489822,2009-12-02 13:26:00,2009-12-02,2009-12,20091202,22138,14204,United Kingdom,1,4.95,4.95,0,0,0,0,Year 2009-2010
4515,489822,2009-12-02 13:26:00,2009-12-02,2009-12,20091202,22139,14204,United Kingdom,4,4.95,19.8,0,0,0,0,Year 2009-2010
4516,489822,2009-12-02 13:26:00,2009-12-02,2009-12,20091202,21034,14204,United Kingdom,4,0.95,3.8,0,0,0,0,Year 2009-2010
4517,489822,2009-12-02 13:26:00,2009-12-02,2009-12,20091202,90125E,14204,United Kingdom,1,2.1,2.1,0,0,0,0,Year 2009-2010
4518,489822,2009-12-02 13:26:00,2009-12-02,2009-12,20091202,90125A,14204,United Kingdom,3,2.1,6.300000000000001,0,0,0,0,Year 2009-2010
4519,489822,2009-12-02 13:26:00,2009-12-02,2009-12,20091202,90129B,14204,United Kingdom,3,2.95,8.850000000000001,0,0,0,1,Year 2009-2010
4520,489822,2009-12-02 13:26:00,2009-12-02,2009-12,20091202,90125D,14204,United Kingdom,4,2.1,8.4,0,0,0,1,Year 2009-2010
4521,489822,2009-12-02 13:26:00,2009-12-02,2009-12,20091202,47505,14204,United Kingdom,2,4.95,9.9,0,0,0,0,Year 2009-2010
4522,489822,2009-12-02 13:26:00,2009-12-02,2009-12,20091202,21552,14204,United Kingdom,1,5.95,5.95,0,0,0,0,Year 2009-2010
4523,489822,2009-12-02 13:26:00,2009-12-02,2009-12,20091202,21912,14204,United Kingdom,1,3.75,3.75,0,0,0,0,Year 2009-2010
4524,489822,2009-12-02 13:26:00,2009-12-02,2009-12,20091202,84855,14204,United Kingdom,2,4.95,9.9,0,0,0,0,Year 2009-2010
4525,489822,2009-12-02 13:26:00,2009-12-02,2009-12,20091202,85136A,14204,United Kingdom,1,7.95,7.95,0,0,0,0,Year 2009-2010
4526,489822,2009-12-02 13:26:00,2009-12-02,2009-12,20091202,35918B,14204,United Kingdom,2,1.25,2.5,0,0,0,1,Year 2009-2010
4527,489822,2009-12-02 13:26:00,2009-12-02,2009-12,20091202,84874B,14204,United Kingdom,1,1.65,1.65,0,0,0,1,Year 2009-2010
4528,489822,2009-12-02 13:26:00,2009-12-02,2009-12,20091202,72754D,14204,United Kingdom,1,1.69,1.69,0,0,0,1,Year 2009-2010
4529,489822,2009-12-02 13:26:00,2009-12-02,2009-12,20091202,20818,14204,United Kingdom,1,3.75,3.75,0,0,0,0,Year 2009-2010
4530,489822,2009-12-02 13:26:00,2009-12-02,2009-12,20091202,20975,14204,United Kingdom,2,0.65,1.3,0,0,0,0,Year 2009-2010
4531,489822,2009-12-02 13:26:00,2009-12-02,2009-12,20091202,18007,14204,United Kingdom,5,0.18,0.8999999999999999,0,0,0,0,Year 2009-2010
4532,489822,2009-12-02 13:26:00,2009-12-02,2009-12,20091202,85211,14204,United Kingdom,2,1.65,3.3,0,0,0,0,Year 2009-2010
4533,489822,2009-12-02 13:26:00,2009-12-02,2009-12,20091202,85097B,14204,United Kingdom,1,3.75,3.75,0,0,0,1,Year 2009-2010
4534,489822,2009-12-02 13:26:00,2009-12-02,2009-12,20091202,21725,14204,United Kingdom,2,0.85,1.7,0,0,0,0,Year 2009-2010
4535,489822,2009-12-02 13:26:00,2009-12-02,2009-12,20091202,84901,14204,United Kingdom,1,3.75,3.75,0,0,0,0,Year 2009-2010
4536,489822,2009-12-02 13:26:00,2009-12-02,2009-12,20091202,84671B,14204,United Kingdom,1,2.55,2.55,0,0,0,1,Year 2009-2010
4537,489822,2009-12-02 13:26:00,2009-12-02,2009-12,20091202,48173C,14204,United Kingdom,2,6.75,13.5,0,0,0,0,Year 2009-2010
4538,489822,2009-12-02 13:26:00,2009-12-02,2009-12,20091202,85185C,14204,United Kingdom,1,2.95,2.95,0,0,0,0,Year 2009-2010
4539,489822,2009-12-02 13:26:00,2009-12-02,2009-12,20091202,85112,14204,United Kingdom,1,1.25,1.25,0,0,0,0,Year 2009-2010
4540,489822,2009-12-02 13:26:00,2009-12-02,2009-12,20091202,85049A,14204,United Kingdom,2,1.25,2.5,0,0,0,0,Year 2009-2010
4541,489822,2009-12-02 13:26:00,2009-12-02,2009-12,20091202,85049B,14204,United Kingdom,4,1.25,5.0,0,0,0,1,Year 2009-2010
4542,489822,2009-12-02 13:26:00,2009-12-02,2009-12,20091202,85049F,14204,United Kingdom,2,1.25,2.5,0,0,0,0,Year 2009-2010
4543,489822,2009-12-02 13:26:00,2009-12-02,2009-12,20091202,20724,14204,United Kingdom,1,0.85,0.85,0,0,0,0,Year 2009-2010
4544,489822,2009-12-02 13:26:00,2009-12-02,2009-12,20091202,21551,14204,United Kingdom,1,5.95,5.95,0,0,0,0,Year 2009-2010
4545,489822,2009-12-02 13:26:00,2009-12-02,2009-12,20091202,85040B,14204,United Kingdom,1,1.65,1.65,0,0,0,1,Year 2009-2010
4546,489822,2009-12-02 13:26:00,2009-12-02,2009-12,20091202,84012,14204,United Kingdom,2,2.55,5.1,0,0,0,0,Year 2009-2010
4547,489822,2009-12-02 13:26:00,2009-12-02,2009-12,20091202,84007,14204,United Kingdom,1,2.55,2.55,0,0,0,0,Year 2009-2010
4548,489822,2009-12-02 13:26:00,2009-12-02,2009-12,20091202,20750,14204,United Kingdom,1,7.95,7.95,0,0,0,0,Year 2009-2010
4549,489822,2009-12-02 13:26:00,2009-12-02,2009-12,20091202,84497,14204,United Kingdom,2,3.75,7.5,0,0,0,0,Year 2009-2010
4550,489822,2009-12-02 13:26:00,2009-12-02,2009-12,20091202,84625C,14204,United Kingdom,4,2.95,11.8,0,0,0,0,Year 2009-2010
4551,489822,2009-12-02 13:26:00,2009-12-02,2009-12,20091202,84854,14204,United Kingdom,3,4.95,14.850000000000001,0,0,0,0,Year 2009-2010
4552,489822,2009-12-02 13:26:00,2009-12-02,2009-12,20091202,20829,14204,United Kingdom,2,2.1,4.2,0,0,0,0,Year 2009-2010
4553,489822,2009-12-02 13:26:00,2009-12-02,2009-12,20091202,21041,14204,United Kingdom,1,2.95,2.95,0,0,0,0,Year 2009-2010
4554,489822,2009-12-02 13:26:00,2009-12-02,2009-12,20091202,85113,14204,United Kingdom,1,2.1,2.1,0,0,0,0,Year 2009-2010
4555,489823,2009-12-02 13:32:00,2009-12-02,2009-12,20091202,22271,17606,United Kingdom,6,2.95,17.700000000000003,0,0,0,0,Year 2009-2010
4556,489823,2009-12-02 13:32:00,2009-12-02,2009-12,20091202,22272,17606,United Kingdom,6,2.95,17.700000000000003,0,0,0,0,Year 2009-2010
4557,489823,2009-12-02 13:32:00,2009-12-02,2009-12,20091202,47592A,17606,United Kingdom,6,2.1,12.600000000000001,0,0,0,0,Year 2009-2010
4558,489823,2009-12-02 13:32:00,2009-12-02,2009-12,20091202,47593B,17606,United Kingdom,12,1.25,15.0,0,0,0,1,Year 2009-2010
4559,489823,2009-12-02 13:32:00,2009-12-02,2009-12,20091202,22150,17606,United Kingdom,6,1.95,11.7,0,0,0,0,Year 2009-2010
4560,489823,2009-12-02 13:32:00,2009-12-02,2009-12,20091202,85053,17606,United Kingdom,6,2.1,12.600000000000001,0,0,0,0,Year 2009-2010
4561,489824,2009-12-02 13:33:00,2009-12-02,2009-12,20091202,20914,16797,United Kingdom,1,2.95,2.95,0,0,0,0,Year 2009-2010
4562,489824,2009-12-02 13:33:00,2009-12-02,2009-12,20091202,20913,16797,United Kingdom,1,2.95,2.95,0,0,0,0,Year 2009-2010
4563,489824,2009-12-02 13:33:00,2009-12-02,2009-12,20091202,21159,16797,United Kingdom,3,1.45,4.35,0,0,0,0,Year 2009-2010
4564,489824,2009-12-02 13:33:00,2009-12-02,2009-12,20091202,47556B,16797,United Kingdom,1,2.95,2.95,0,0,0,1,Year 2009-2010
4565,489824,2009-12-02 13:33:00,2009-12-02,2009-12,20091202,85150,16797,United Kingdom,1,2.55,2.55,0,0,0,0,Year 2009-2010
4566,489824,2009-12-02 13:33:00,2009-12-02,2009-12,20091202,82582,16797,United Kingdom,1,2.1,2.1,0,0,0,0,Year 2009-2010
4567,489824,2009-12-02 13:33:00,2009-12-02,2009-12,20091202,82600,16797,United Kingdom,1,2.1,2.1,0,0,0,0,Year 2009-2010
4568,489824,2009-12-02 13:33:00,2009-12-02,2009-12,20091202,21163,16797,United Kingdom,1,1.45,1.45,0,0,0,0,Year 2009-2010
4569,489824,2009-12-02 13:33:00,2009-12-02,2009-12,20091202,21158,16797,United Kingdom,2,1.45,2.9,0,0,0,0,Year 2009-2010
4570,489824,2009-12-02 13:33:00,2009-12-02,2009-12,20091202,21173,16797,United Kingdom,1,1.65,1.65,0,0,0,0,Year 2009-2010
4571,489824,2009-12-02 13:33:00,2009-12-02,2009-12,20091202,20725,16797,United Kingdom,4,1.65,6.6,0,0,0,0,Year 2009-2010
4572,489824,2009-12-02 13:33:00,2009-12-02,2009-12,20091202,47420,16797,United Kingdom,1,0.19,0.19,0,0,0,0,Year 2009-2010
4573,489824,2009-12-02 13:33:00,2009-12-02,2009-12,20091202,22198,16797,United Kingdom,6,1.65,9.899999999999999,0,0,0,0,Year 2009-2010
4574,489824,2009-12-02 13:33:00,2009-12-02,2009-12,20091202,22197,16797,United Kingdom,10,0.85,8.5,0,0,0,0,Year 2009-2010
4575,489824,2009-12-02 13:33:00,2009-12-02,2009-12,20091202,22348,16797,United Kingdom,2,0.85,1.7,0,0,0,0,Year 2009-2010
4576,489824,2009-12-02 13:33:00,2009-12-02,2009-12,20091202,21243,16797,United Kingdom,1,1.69,1.69,0,0,0,0,Year 2009-2010
4577,489824,2009-12-02 13:33:00,2009-12-02,2009-12,20091202,21244,16797,United Kingdom,1,1.69,1.69,0,0,0,0,Year 2009-2010
4578,489824,2009-12-02 13:33:00,2009-12-02,2009-12,20091202,22170,16797,United Kingdom,1,6.75,6.75,0,0,0,0,Year 2009-2010
4579,489824,2009-12-02 13:33:00,2009-12-02,2009-12,20091202,20977,16797,United Kingdom,2,1.25,2.5,0,0,0,0,Year 2009-2010
4580,489824,2009-12-02 13:33:00,2009-12-02,2009-12,20091202,20981,16797,United Kingdom,2,0.85,1.7,0,0,0,0,Year 2009-2010
4581,489824,2009-12-02 13:33:00,2009-12-02,2009-12,20091202,22196,16797,United Kingdom,3,0.85,2.55,0,0,0,0,Year 2009-2010
4582,489824,2009-12-02 13:33:00,2009-12-02,2009-12,20091202,21114,16797,United Kingdom,5,1.25,6.25,0,0,0,0,Year 2009-2010
4583,489824,2009-12-02 13:33:00,2009-12-02,2009-12,20091202,21557,16797,United Kingdom,1,2.95,2.95,0,0,0,0,Year 2009-2010
4584,489824,2009-12-02 13:33:00,2009-12-02,2009-12,20091202,22212,16797,United Kingdom,1,2.1,2.1,0,0,0,0,Year 2009-2010
4585,489824,2009-12-02 13:33:00,2009-12-02,2009-12,20091202,37506,16797,United Kingdom,1,5.95,5.95,0,0,0,0,Year 2009-2010
4586,489824,2009-12-02 13:33:00,2009-12-02,2009-12,20091202,37508,16797,United Kingdom,1,2.55,2.55,0,0,0,0,Year 2009-2010
4587,489824,2009-12-02 13:33:00,2009-12-02,2009-12,20091202,22349,16797,United Kingdom,1,3.75,3.75,0,0,0,0,Year 2009-2010
4588,489824,2009-12-02 13:33:00,2009-12-02,2009-12,20091202,22055,16797,United Kingdom,1,1.65,1.65,0,0,0,0,Year 2009-2010
4589,489824,2009-12-02 13:33:00,2009-12-02,2009-12,20091202,22128,16797,United Kingdom,6,1.25,7.5,0,0,0,0,Year 2009-2010
4590,489824,2009-12-02 13:33:00,2009-12-02,2009-12,20091202,22127,16797,United Kingdom,6,1.25,7.5,0,0,0,0,Year 2009-2010
4591,489824,2009-12-02 13:33:00,2009-12-02,2009-12,20091202,22215,16797,United Kingdom,1,8.5,8.5,0,0,0,0,Year 2009-2010
4592,489824,2009-12-02 13:33:00,2009-12-02,2009-12,20091202,21232,16797,United Kingdom,2,1.25,2.5,0,0,0,0,Year 2009-2010
4593,489824,2009-12-02 13:33:00,2009-12-02,2009-12,20091202,21231,16797,United Kingdom,2,1.25,2.5,0,0,0,0,Year 2009-2010
4594,489824,2009-12-02 13:33:00,2009-12-02,2009-12,20091202,20712,16797,United Kingdom,1,1.95,1.95,0,0,0,0,Year 2009-2010
4595,489824,2009-12-02 13:33:00,2009-12-02,2009-12,20091202,72529W,16797,United Kingdom,1,2.12,2.12,0,0,0,0,Year 2009-2010
4596,489824,2009-12-02 13:33:00,2009-12-02,2009-12,20091202,72815,16797,United Kingdom,4,3.75,15.0,0,0,0,0,Year 2009-2010
4597,489824,2009-12-02 13:33:00,2009-12-02,2009-12,20091202,21240,16797,United Kingdom,1,0.85,0.85,0,0,0,0,Year 2009-2010
4598,489824,2009-12-02 13:33:00,2009-12-02,2009-12,20091202,22347,16797,United Kingdom,2,1.25,2.5,0,0,0,0,Year 2009-2010
4599,489824,2009-12-02 13:33:00,2009-12-02,2009-12,20091202,22129,16797,United Kingdom,12,0.85,10.2,0,0,0,0,Year 2009-2010
4600,489824,2009-12-02 13:33:00,2009-12-02,2009-12,20091202,22030,16797,United Kingdom,12,0.42,5.04,0,0,0,0,Year 2009-2010
4601,489824,2009-12-02 13:33:00,2009-12-02,2009-12,20091202,22130,16797,United Kingdom,12,0.85,10.2,0,0,0,0,Year 2009-2010
4602,489824,2009-12-02 13:33:00,2009-12-02,2009-12,20091202,20975,16797,United Kingdom,2,0.65,1.3,0,0,0,0,Year 2009-2010
4603,489824,2009-12-02 13:33:00,2009-12-02,2009-12,20091202,20982,16797,United Kingdom,2,0.85,1.7,0,0,0,0,Year 2009-2010
4604,489824,2009-12-02 13:33:00,2009-12-02,2009-12,20091202,20974,16797,United Kingdom,4,0.65,2.6,0,0,0,0,Year 2009-2010
4605,489825,2009-12-02 13:34:00,2009-12-02,2009-12,20091202,20972,16126,United Kingdom,24,1.25,30.0,0,0,0,0,Year 2009-2010
4606,489825,2009-12-02 13:34:00,2009-12-02,2009-12,20091202,20971,16126,United Kingdom,24,1.25,30.0,0,0,0,0,Year 2009-2010
4607,489825,2009-12-02 13:34:00,2009-12-02,2009-12,20091202,22147,16126,United Kingdom,12,1.45,17.4,0,0,0,0,Year 2009-2010
4608,489825,2009-12-02 13:34:00,2009-12-02,2009-12,20091202,22076,16126,United Kingdom,12,0.0,0.0,0,0,0,0,Year 2009-2010
4609,489825,2009-12-02 13:34:00,2009-12-02,2009-12,20091202,22322,16126,United Kingdom,12,0.85,10.2,0,0,0,0,Year 2009-2010
4610,489825,2009-12-02 13:34:00,2009-12-02,2009-12,20091202,22321,16126,United Kingdom,12,0.85,10.2,0,0,0,0,Year 2009-2010
4611,489825,2009-12-02 13:34:00,2009-12-02,2009-12,20091202,21843,16126,United Kingdom,1,10.95,10.95,0,0,0,0,Year 2009-2010
4612,489825,2009-12-02 13:34:00,2009-12-02,2009-12,20091202,21632,16126,United Kingdom,1,12.75,12.75,0,0,0,0,Year 2009-2010
4613,489825,2009-12-02 13:34:00,2009-12-02,2009-12,20091202,72760B,16126,United Kingdom,2,9.95,19.9,0,0,0,1,Year 2009-2010
4614,489825,2009-12-02 13:34:00,2009-12-02,2009-12,20091202,21837,16126,United Kingdom,3,5.95,17.85,0,0,0,0,Year 2009-2010
4615,489825,2009-12-02 13:34:00,2009-12-02,2009-12,20091202,22138,16126,United Kingdom,3,4.95,14.850000000000001,0,0,0,0,Year 2009-2010
4616,489826,2009-12-02 13:39:00,2009-12-02,2009-12,20091202,15056BL,17867,United Kingdom,1,5.95,5.95,0,0,0,0,Year 2009-2010
4617,489826,2009-12-02 13:39:00,2009-12-02,2009-12,20091202,21163,17867,United Kingdom,1,1.45,1.45,0,0,0,0,Year 2009-2010
4618,489826,2009-12-02 13:39:00,2009-12-02,2009-12,20091202,21162,17867,United Kingdom,1,1.45,1.45,0,0,0,0,Year 2009-2010
4619,489826,2009-12-02 13:39:00,2009-12-02,2009-12,20091202,21993,17867,United Kingdom,2,2.95,5.9,0,0,0,0,Year 2009-2010
4620,489826,2009-12-02 13:39:00,2009-12-02,2009-12,20091202,47503F,17867,United Kingdom,2,1.65,3.3,0,0,0,0,Year 2009-2010
4621,489826,2009-12-02 13:39:00,2009-12-02,2009-12,20091202,47503G,17867,United Kingdom,2,1.25,2.5,0,0,0,0,Year 2009-2010
4622,489826,2009-12-02 13:39:00,2009-12-02,2009-12,20091202,22097,17867,United Kingdom,4,1.25,5.0,0,0,0,0,Year 2009-2010
4623,489826,2009-12-02 13:39:00,2009-12-02,2009-12,20091202,84620,17867,United Kingdom,1,5.95,5.95,0,0,0,0,Year 2009-2010
4624,489826,2009-12-02 13:39:00,2009-12-02,2009-12,20091202,84619,17867,United Kingdom,1,45.95,45.95,0,0,0,0,Year 2009-2010
4625,489826,2009-12-02 13:39:00,2009-12-02,2009-12,20091202,72802B,17867,United Kingdom,2,4.25,8.5,0,0,0,1,Year 2009-2010
4626,489827,2009-12-02 13:51:00,2009-12-02,2009-12,20091202,22341,17412,United Kingdom,12,1.65,19.799999999999997,0,0,0,0,Year 2009-2010
4627,489827,2009-12-02 13:51:00,2009-12-02,2009-12,20091202,22342,17412,United Kingdom,12,1.65,19.799999999999997,0,0,0,0,Year 2009-2010
4628,489827,2009-12-02 13:51:00,2009-12-02,2009-12,20091202,22340,17412,United Kingdom,12,1.65,19.799999999999997,0,0,0,0,Year 2009-2010
4629,489827,2009-12-02 13:51:00,2009-12-02,2009-12,20091202,22130,17412,United Kingdom,24,0.85,20.4,0,0,0,0,Year 2009-2010
4630,489827,2009-12-02 13:51:00,2009-12-02,2009-12,20091202,72817,17412,United Kingdom,12,1.25,15.0,0,0,0,0,Year 2009-2010
4631,489827,2009-12-02 13:51:00,2009-12-02,2009-12,20091202,72818,17412,United Kingdom,12,0.85,10.2,0,0,0,0,Year 2009-2010
4632,489827,2009-12-02 13:51:00,2009-12-02,2009-12,20091202,21490,17412,United Kingdom,12,1.95,23.4,0,0,0,0,Year 2009-2010
4633,489827,2009-12-02 13:51:00,2009-12-02,2009-12,20091202,21491,17412,United Kingdom,12,1.95,23.4,0,0,0,0,Year 2009-2010
4634,489827,2009-12-02 13:51:00,2009-12-02,2009-12,20091202,21493,17412,United Kingdom,12,0.85,10.2,0,0,0,0,Year 2009-2010
4635,489827,2009-12-02 13:51:00,2009-12-02,2009-12,20091202,85018D,17412,United Kingdom,12,2.55,30.599999999999998,0,0,0,1,Year 2009-2010
4636,489827,2009-12-02 13:51:00,2009-12-02,2009-12,20091202,22356,17412,United Kingdom,20,0.85,17.0,0,0,0,0,Year 2009-2010
4637,489827,2009-12-02 13:51:00,2009-12-02,2009-12,20091202,20724,17412,United Kingdom,20,0.85,17.0,0,0,0,0,Year 2009-2010
4638,489827,2009-12-02 13:51:00,2009-12-02,2009-12,20091202,84970L,17412,United Kingdom,24,0.95,22.799999999999997,0,0,0,0,Year 2009-2010
4639,489827,2009-12-02 13:51:00,2009-12-02,2009-12,20091202,22186,17412,United Kingdom,6,2.95,17.700000000000003,0,0,0,0,Year 2009-2010
4640,489827,2009-12-02 13:51:00,2009-12-02,2009-12,20091202,22337,17412,United Kingdom,24,0.65,15.600000000000001,0,0,0,0,Year 2009-2010
4641,489827,2009-12-02 13:51:00,2009-12-02,2009-12,20091202,22335,17412,United Kingdom,24,0.65,15.600000000000001,0,0,0,0,Year 2009-2010
4642,489827,2009-12-02 13:51:00,2009-12-02,2009-12,20091202,22336,17412,United Kingdom,24,0.65,15.600000000000001,0,0,0,0,Year 2009-2010
4643,489827,2009-12-02 13:51:00,2009-12-02,2009-12,20091202,22338,17412,United Kingdom,24,0.65,15.600000000000001,0,0,0,0,Year 2009-2010
4644,489827,2009-12-02 13:51:00,2009-12-02,2009-12,20091202,22339,17412,United Kingdom,24,0.65,15.600000000000001,0,0,0,0,Year 2009-2010
4645,489827,2009-12-02 13:51:00,2009-12-02,2009-12,20091202,22187,17412,United Kingdom,4,4.25,17.0,0,0,0,0,Year 2009-2010
4646,489827,2009-12-02 13:51:00,2009-12-02,2009-12,20091202,21098,17412,United Kingdom,24,1.25,30.0,0,0,0,0,Year 2009-2010
4647,489827,2009-12-02 13:51:00,2009-12-02,2009-12,20091202,35793,17412,United Kingdom,8,2.95,23.6,0,0,0,0,Year 2009-2010
4648,489827,2009-12-02 13:51:00,2009-12-02,2009-12,20091202,22294,17412,United Kingdom,24,1.25,30.0,0,0,0,0,Year 2009-2010
4649,489829,2009-12-02 13:53:00,2009-12-02,2009-12,20091202,85231L,16525,United Kingdom,72,0.85,61.199999999999996,0,0,0,0,Year 2009-2010
4650,489829,2009-12-02 13:53:00,2009-12-02,2009-12,20091202,21256,16525,United Kingdom,48,1.45,69.6,0,0,0,0,Year 2009-2010
4651,489829,2009-12-02 13:53:00,2009-12-02,2009-12,20091202,22189,16525,United Kingdom,36,3.39,122.04,0,0,0,0,Year 2009-2010
4652,489829,2009-12-02 13:53:00,2009-12-02,2009-12,20091202,21768,16525,United Kingdom,1,14.95,14.95,0,0,0,0,Year 2009-2010
4653,489829,2009-12-02 13:53:00,2009-12-02,2009-12,20091202,82482,16525,United Kingdom,36,2.1,75.60000000000001,0,0,0,0,Year 2009-2010
4654,489829,2009-12-02 13:53:00,2009-12-02,2009-12,20091202,72008,16525,United Kingdom,24,0.42,10.08,0,0,0,0,Year 2009-2010
4655,489829,2009-12-02 13:53:00,2009-12-02,2009-12,20091202,48129,16525,United Kingdom,10,5.95,59.5,0,0,0,0,Year 2009-2010
4656,489829,2009-12-02 13:53:00,2009-12-02,2009-12,20091202,48187,16525,United Kingdom,10,5.95,59.5,0,0,0,0,Year 2009-2010
4657,C489828,2009-12-02 13:53:00,2009-12-02,2009-12,20091202,72807C,13313,United Kingdom,-2,4.25,-8.5,1,1,0,0,Year 2009-2010
4658,489830,2009-12-02 13:57:00,2009-12-02,2009-12,20091202,90200C,13623,United Kingdom,5,4.25,21.25,0,0,0,0,Year 2009-2010
4659,489830,2009-12-02 13:57:00,2009-12-02,2009-12,20091202,90148,13623,United Kingdom,2,12.75,25.5,0,0,0,0,Year 2009-2010
4660,489830,2009-12-02 13:57:00,2009-12-02,2009-12,20091202,90200D,13623,United Kingdom,5,4.25,21.25,0,0,0,1,Year 2009-2010
4661,489830,2009-12-02 13:57:00,2009-12-02,2009-12,20091202,90200A,13623,United Kingdom,5,4.25,21.25,0,0,0,0,Year 2009-2010
4662,489830,2009-12-02 13:57:00,2009-12-02,2009-12,20091202,90139,13623,United Kingdom,2,4.95,9.9,0,0,0,0,Year 2009-2010
4663,489830,2009-12-02 13:57:00,2009-12-02,2009-12,20091202,90203,13623,United Kingdom,3,7.5,22.5,0,0,0,0,Year 2009-2010
4664,489830,2009-12-02 13:57:00,2009-12-02,2009-12,20091202,90180A,13623,United Kingdom,3,9.95,29.849999999999998,0,0,0,0,Year 2009-2010
4665,489830,2009-12-02 13:57:00,2009-12-02,2009-12,20091202,90147,13623,United Kingdom,2,9.95,19.9,0,0,0,0,Year 2009-2010
4666,489830,2009-12-02 13:57:00,2009-12-02,2009-12,20091202,90155,13623,United Kingdom,1,7.5,7.5,0,0,0,0,Year 2009-2010
4667,489830,2009-12-02 13:57:00,2009-12-02,2009-12,20091202,84688,13623,United Kingdom,1,4.25,4.25,0,0,0,0,Year 2009-2010
4668,489830,2009-12-02 13:57:00,2009-12-02,2009-12,20091202,84406B,13623,United Kingdom,1,3.25,3.25,0,0,0,1,Year 2009-2010
4669,489830,2009-12-02 13:57:00,2009-12-02,2009-12,20091202,21917,13623,United Kingdom,1,0.42,0.42,0,0,0,0,Year 2009-2010
4670,489830,2009-12-02 13:57:00,2009-12-02,2009-12,20091202,22294,13623,United Kingdom,1,1.25,1.25,0,0,0,0,Year 2009-2010
4671,489830,2009-12-02 13:57:00,2009-12-02,2009-12,20091202,22295,13623,United Kingdom,1,1.65,1.65,0,0,0,0,Year 2009-2010
4672,489830,2009-12-02 13:57:00,2009-12-02,2009-12,20091202,21390,13623,United Kingdom,1,1.25,1.25,0,0,0,0,Year 2009-2010
4673,489830,2009-12-02 13:57:00,2009-12-02,2009-12,20091202,21212,13623,United Kingdom,2,0.55,1.1,0,0,0,0,Year 2009-2010
4674,489830,2009-12-02 13:57:00,2009-12-02,2009-12,20091202,20914,13623,United Kingdom,1,2.95,2.95,0,0,0,0,Year 2009-2010
4675,489830,2009-12-02 13:57:00,2009-12-02,2009-12,20091202,22086,13623,United Kingdom,1,2.95,2.95,0,0,0,0,Year 2009-2010
4676,489830,2009-12-02 13:57:00,2009-12-02,2009-12,20091202,85123A,13623,United Kingdom,1,2.95,2.95,0,0,0,0,Year 2009-2010
4677,489830,2009-12-02 13:57:00,2009-12-02,2009-12,20091202,21356,13623,United Kingdom,1,1.25,1.25,0,0,0,0,Year 2009-2010
4678,489830,2009-12-02 13:57:00,2009-12-02,2009-12,20091202,11001,13623,United Kingdom,2,1.69,3.38,0,0,0,0,Year 2009-2010
4679,489830,2009-12-02 13:57:00,2009-12-02,2009-12,20091202,72800E,13623,United Kingdom,1,2.55,2.55,0,0,0,0,Year 2009-2010
4680,489830,2009-12-02 13:57:00,2009-12-02,2009-12,20091202,21357,13623,United Kingdom,1,1.25,1.25,0,0,0,0,Year 2009-2010
4681,489830,2009-12-02 13:57:00,2009-12-02,2009-12,20091202,35809B,13623,United Kingdom,1,2.1,2.1,0,0,0,1,Year 2009-2010
4682,489830,2009-12-02 13:57:00,2009-12-02,2009-12,20091202,35810B,13623,United Kingdom,1,2.1,2.1,0,0,0,1,Year 2009-2010
4683,489830,2009-12-02 13:57:00,2009-12-02,2009-12,20091202,90214S,13623,United Kingdom,1,1.25,1.25,0,0,0,0,Year 2009-2010
4684,489830,2009-12-02 13:57:00,2009-12-02,2009-12,20091202,90214A,13623,United Kingdom,1,1.25,1.25,0,0,0,0,Year 2009-2010
4685,489830,2009-12-02 13:57:00,2009-12-02,2009-12,20091202,21618,13623,United Kingdom,2,3.75,7.5,0,0,0,0,Year 2009-2010
4686,489830,2009-12-02 13:57:00,2009-12-02,2009-12,20091202,21588,13623,United Kingdom,3,2.55,7.6499999999999995,0,0,0,0,Year 2009-2010
4687,489830,2009-12-02 13:57:00,2009-12-02,2009-12,20091202,72756,13623,United Kingdom,36,1.49,53.64,0,0,0,0,Year 2009-2010
4688,489830,2009-12-02 13:57:00,2009-12-02,2009-12,20091202,20914,13623,United Kingdom,6,2.95,17.700000000000003,0,0,0,0,Year 2009-2010
4689,489830,2009-12-02 13:57:00,2009-12-02,2009-12,20091202,22348,13623,United Kingdom,1,0.85,0.85,0,0,0,0,Year 2009-2010
4690,489830,2009-12-02 13:57:00,2009-12-02,2009-12,20091202,21916,13623,United Kingdom,2,0.42,0.84,0,0,0,0,Year 2009-2010
4691,489830,2009-12-02 13:57:00,2009-12-02,2009-12,20091202,21396,13623,United Kingdom,1,1.25,1.25,0,0,0,0,Year 2009-2010
4692,489830,2009-12-02 13:57:00,2009-12-02,2009-12,20091202,84991,13623,United Kingdom,5,0.55,2.75,0,0,0,0,Year 2009-2010
4693,489830,2009-12-02 13:57:00,2009-12-02,2009-12,20091202,18007,13623,United Kingdom,5,0.18,0.8999999999999999,0,0,0,0,Year 2009-2010
4694,489830,2009-12-02 13:57:00,2009-12-02,2009-12,20091202,22350,13623,United Kingdom,2,2.55,5.1,0,0,0,0,Year 2009-2010
4695,489830,2009-12-02 13:57:00,2009-12-02,2009-12,20091202,21357,13623,United Kingdom,2,1.25,2.5,0,0,0,0,Year 2009-2010
4696,489830,2009-12-02 13:57:00,2009-12-02,2009-12,20091202,21592,13623,United Kingdom,1,1.25,1.25,0,0,0,0,Year 2009-2010
4697,489830,2009-12-02 13:57:00,2009-12-02,2009-12,20091202,21356,13623,United Kingdom,2,1.25,2.5,0,0,0,0,Year 2009-2010
4698,489830,2009-12-02 13:57:00,2009-12-02,2009-12,20091202,22068,13623,United Kingdom,1,1.65,1.65,0,0,0,0,Year 2009-2010
4699,489830,2009-12-02 13:57:00,2009-12-02,2009-12,20091202,11001,13623,United Kingdom,64,1.69,108.16,0,0,0,0,Year 2009-2010
4700,489830,2009-12-02 13:57:00,2009-12-02,2009-12,20091202,21212,13623,United Kingdom,10,0.55,5.5,0,0,0,0,Year 2009-2010
4701,489830,2009-12-02 13:57:00,2009-12-02,2009-12,20091202,22061,13623,United Kingdom,1,9.95,9.95,0,0,0,0,Year 2009-2010
4702,489830,2009-12-02 13:57:00,2009-12-02,2009-12,20091202,21784,13623,United Kingdom,1,9.95,9.95,0,0,0,0,Year 2009-2010
4703,489830,2009-12-02 13:57:00,2009-12-02,2009-12,20091202,21755,13623,United Kingdom,1,5.95,5.95,0,0,0,0,Year 2009-2010
4704,489830,2009-12-02 13:57:00,2009-12-02,2009-12,20091202,21154,13623,United Kingdom,2,1.25,2.5,0,0,0,0,Year 2009-2010
4705,489830,2009-12-02 13:57:00,2009-12-02,2009-12,20091202,22112,13623,United Kingdom,2,4.95,9.9,0,0,0,0,Year 2009-2010
4706,489830,2009-12-02 13:57:00,2009-12-02,2009-12,20091202,22113,13623,United Kingdom,3,3.45,10.350000000000001,0,0,0,0,Year 2009-2010
4707,489830,2009-12-02 13:57:00,2009-12-02,2009-12,20091202,22064,13623,United Kingdom,1,1.65,1.65,0,0,0,0,Year 2009-2010
4708,489830,2009-12-02 13:57:00,2009-12-02,2009-12,20091202,21210,13623,United Kingdom,2,1.45,2.9,0,0,0,0,Year 2009-2010
4709,489830,2009-12-02 13:57:00,2009-12-02,2009-12,20091202,21034,13623,United Kingdom,2,0.95,1.9,0,0,0,0,Year 2009-2010
4710,489830,2009-12-02 13:57:00,2009-12-02,2009-12,20091202,21972,13623,United Kingdom,2,1.45,2.9,0,0,0,0,Year 2009-2010
4711,489830,2009-12-02 13:57:00,2009-12-02,2009-12,20091202,21211,13623,United Kingdom,2,1.45,2.9,0,0,0,0,Year 2009-2010
4712,489830,2009-12-02 13:57:00,2009-12-02,2009-12,20091202,84987,13623,United Kingdom,1,1.45,1.45,0,0,0,0,Year 2009-2010
4713,489830,2009-12-02 13:57:00,2009-12-02,2009-12,20091202,84988,13623,United Kingdom,1,1.45,1.45,0,0,0,0,Year 2009-2010
4714,489830,2009-12-02 13:57:00,2009-12-02,2009-12,20091202,90002E,13623,United Kingdom,2,3.75,7.5,0,0,0,0,Year 2009-2010
4715,489830,2009-12-02 13:57:00,2009-12-02,2009-12,20091202,90002B,13623,United Kingdom,2,3.75,7.5,0,0,0,1,Year 2009-2010
4716,489830,2009-12-02 13:57:00,2009-12-02,2009-12,20091202,90002D,13623,United Kingdom,2,3.75,7.5,0,0,0,1,Year 2009-2010
4717,489830,2009-12-02 13:57:00,2009-12-02,2009-12,20091202,90002C,13623,United Kingdom,2,3.75,7.5,0,0,0,0,Year 2009-2010
4718,489830,2009-12-02 13:57:00,2009-12-02,2009-12,20091202,90175D,13623,United Kingdom,2,8.95,17.9,0,0,0,1,Year 2009-2010
4719,489830,2009-12-02 13:57:00,2009-12-02,2009-12,20091202,90145,13623,United Kingdom,3,5.95,17.85,0,0,0,0,Year 2009-2010
4720,489830,2009-12-02 13:57:00,2009-12-02,2009-12,20091202,90200B,13623,United Kingdom,5,4.25,21.25,0,0,0,1,Year 2009-2010
4721,489830,2009-12-02 13:57:00,2009-12-02,2009-12,20091202,90190A,13623,United Kingdom,1,2.95,2.95,0,0,0,0,Year 2009-2010
4722,489830,2009-12-02 13:57:00,2009-12-02,2009-12,20091202,90072,13623,United Kingdom,2,3.75,7.5,0,0,0,0,Year 2009-2010
4723,489830,2009-12-02 13:57:00,2009-12-02,2009-12,20091202,90073,13623,United Kingdom,2,4.95,9.9,0,0,0,0,Year 2009-2010
4724,489830,2009-12-02 13:57:00,2009-12-02,2009-12,20091202,90200E,13623,United Kingdom,5,4.25,21.25,0,0,0,0,Year 2009-2010
4725,489831,2009-12-02 13:58:00,2009-12-02,2009-12,20091202,84347,12435,Denmark,480,2.1,1008.0,0,0,0,0,Year 2009-2010
4726,489832,2009-12-02 14:06:00,2009-12-02,2009-12,20091202,21430,14549,United Kingdom,2,3.75,7.5,0,0,0,0,Year 2009-2010
4727,489832,2009-12-02 14:06:00,2009-12-02,2009-12,20091202,84535A,14549,United Kingdom,4,0.65,2.6,0,0,0,0,Year 2009-2010
4728,489832,2009-12-02 14:06:00,2009-12-02,2009-12,20091202,84535B,14549,United Kingdom,2,0.65,1.3,0,0,0,1,Year 2009-2010
4729,489832,2009-12-02 14:06:00,2009-12-02,2009-12,20091202,84536B,14549,United Kingdom,2,0.42,0.84,0,0,0,1,Year 2009-2010
4730,489832,2009-12-02 14:06:00,2009-12-02,2009-12,20091202,85099F,14549,United Kingdom,2,1.95,3.9,0,0,0,0,Year 2009-2010
4731,489832,2009-12-02 14:06:00,2009-12-02,2009-12,20091202,84536A,14549,United Kingdom,4,0.42,1.68,0,0,0,0,Year 2009-2010
4732,489832,2009-12-02 14:06:00,2009-12-02,2009-12,20091202,20713,14549,United Kingdom,2,1.95,3.9,0,0,0,0,Year 2009-2010
4733,489832,2009-12-02 14:06:00,2009-12-02,2009-12,20091202,20712,14549,United Kingdom,2,1.95,3.9,0,0,0,0,Year 2009-2010
4734,489832,2009-12-02 14:06:00,2009-12-02,2009-12,20091202,21928,14549,United Kingdom,2,1.95,3.9,0,0,0,0,Year 2009-2010
4735,489832,2009-12-02 14:06:00,2009-12-02,2009-12,20091202,21929,14549,United Kingdom,2,1.95,3.9,0,0,0,0,Year 2009-2010
4736,489832,2009-12-02 14:06:00,2009-12-02,2009-12,20091202,85099C,14549,United Kingdom,4,1.95,7.8,0,0,0,0,Year 2009-2010
4737,489832,2009-12-02 14:06:00,2009-12-02,2009-12,20091202,85099B,14549,United Kingdom,4,1.95,7.8,0,0,0,1,Year 2009-2010
4738,489832,2009-12-02 14:06:00,2009-12-02,2009-12,20091202,47570,14549,United Kingdom,1,10.65,10.65,0,0,0,0,Year 2009-2010
4739,489832,2009-12-02 14:06:00,2009-12-02,2009-12,20091202,22086,14549,United Kingdom,3,2.95,8.850000000000001,0,0,0,0,Year 2009-2010
4740,489832,2009-12-02 14:06:00,2009-12-02,2009-12,20091202,21931,14549,United Kingdom,4,1.95,7.8,0,0,0,0,Year 2009-2010
4741,489832,2009-12-02 14:06:00,2009-12-02,2009-12,20091202,22355,14549,United Kingdom,2,0.85,1.7,0,0,0,0,Year 2009-2010
4742,489832,2009-12-02 14:06:00,2009-12-02,2009-12,20091202,48195,14549,United Kingdom,1,6.75,6.75,0,0,0,0,Year 2009-2010
4743,489832,2009-12-02 14:06:00,2009-12-02,2009-12,20091202,84247K,14549,United Kingdom,2,2.95,5.9,0,0,0,0,Year 2009-2010
4744,489832,2009-12-02 14:06:00,2009-12-02,2009-12,20091202,84247C,14549,United Kingdom,1,2.95,2.95,0,0,0,0,Year 2009-2010
4745,489832,2009-12-02 14:06:00,2009-12-02,2009-12,20091202,22075,14549,United Kingdom,2,1.65,3.3,0,0,0,0,Year 2009-2010
4746,489832,2009-12-02 14:06:00,2009-12-02,2009-12,20091202,85049A,14549,United Kingdom,1,1.25,1.25,0,0,0,0,Year 2009-2010
4747,489832,2009-12-02 14:06:00,2009-12-02,2009-12,20091202,21493,14549,United Kingdom,2,0.85,1.7,0,0,0,0,Year 2009-2010
4748,489832,2009-12-02 14:06:00,2009-12-02,2009-12,20091202,21704,14549,United Kingdom,2,0.85,1.7,0,0,0,0,Year 2009-2010
4749,489832,2009-12-02 14:06:00,2009-12-02,2009-12,20091202,21705,14549,United Kingdom,2,1.65,3.3,0,0,0,0,Year 2009-2010
4750,489832,2009-12-02 14:06:00,2009-12-02,2009-12,20091202,21164,14549,United Kingdom,1,2.95,2.95,0,0,0,0,Year 2009-2010
4751,489832,2009-12-02 14:06:00,2009-12-02,2009-12,20091202,22111,14549,United Kingdom,3,4.95,14.850000000000001,0,0,0,0,Year 2009-2010
4752,489832,2009-12-02 14:06:00,2009-12-02,2009-12,20091202,84987,14549,United Kingdom,1,1.45,1.45,0,0,0,0,Year 2009-2010
4753,489832,2009-12-02 14:06:00,2009-12-02,2009-12,20091202,22173,14549,United Kingdom,2,2.95,5.9,0,0,0,0,Year 2009-2010
4754,489832,2009-12-02 14:06:00,2009-12-02,2009-12,20091202,47591C,14549,United Kingdom,1,1.95,1.95,0,0,0,0,Year 2009-2010
4755,489832,2009-12-02 14:06:00,2009-12-02,2009-12,20091202,47591D,14549,United Kingdom,2,1.95,3.9,0,0,0,1,Year 2009-2010
4756,489832,2009-12-02 14:06:00,2009-12-02,2009-12,20091202,21156,14549,United Kingdom,1,1.95,1.95,0,0,0,0,Year 2009-2010
4757,489832,2009-12-02 14:06:00,2009-12-02,2009-12,20091202,84991,14549,United Kingdom,2,0.55,1.1,0,0,0,0,Year 2009-2010
4758,489832,2009-12-02 14:06:00,2009-12-02,2009-12,20091202,21080,14549,United Kingdom,3,0.85,2.55,0,0,0,0,Year 2009-2010
4759,489832,2009-12-02 14:06:00,2009-12-02,2009-12,20091202,84520D,14549,United Kingdom,3,0.85,2.55,0,0,0,1,Year 2009-2010
4760,489832,2009-12-02 14:06:00,2009-12-02,2009-12,20091202,84520B,14549,United Kingdom,3,0.85,2.55,0,0,0,1,Year 2009-2010
4761,489832,2009-12-02 14:06:00,2009-12-02,2009-12,20091202,82482,14549,United Kingdom,2,2.55,5.1,0,0,0,0,Year 2009-2010
4762,489832,2009-12-02 14:06:00,2009-12-02,2009-12,20091202,22280,14549,United Kingdom,2,2.1,4.2,0,0,0,0,Year 2009-2010
4763,489832,2009-12-02 14:06:00,2009-12-02,2009-12,20091202,22279,14549,United Kingdom,2,2.1,4.2,0,0,0,0,Year 2009-2010
4764,489832,2009-12-02 14:06:00,2009-12-02,2009-12,20091202,22276,14549,United Kingdom,2,2.55,5.1,0,0,0,0,Year 2009-2010
4765,489832,2009-12-02 14:06:00,2009-12-02,2009-12,20091202,22115,14549,United Kingdom,2,2.95,5.9,0,0,0,0,Year 2009-2010
4766,489832,2009-12-02 14:06:00,2009-12-02,2009-12,20091202,47568,14549,United Kingdom,2,2.1,4.2,0,0,0,0,Year 2009-2010
4767,489832,2009-12-02 14:06:00,2009-12-02,2009-12,20091202,20829,14549,United Kingdom,4,2.1,8.4,0,0,0,0,Year 2009-2010
4768,489832,2009-12-02 14:06:00,2009-12-02,2009-12,20091202,21491,14549,United Kingdom,2,1.95,3.9,0,0,0,0,Year 2009-2010
4769,489832,2009-12-02 14:06:00,2009-12-02,2009-12,20091202,21490,14549,United Kingdom,2,1.95,3.9,0,0,0,0,Year 2009-2010
4770,489832,2009-12-02 14:06:00,2009-12-02,2009-12,20091202,47566B,14549,United Kingdom,4,4.65,18.6,0,0,0,1,Year 2009-2010
4771,489832,2009-12-02 14:06:00,2009-12-02,2009-12,20091202,47566,14549,United Kingdom,5,4.65,23.25,0,0,0,0,Year 2009-2010
4772,489832,2009-12-02 14:06:00,2009-12-02,2009-12,20091202,21621,14549,United Kingdom,4,8.5,34.0,0,0,0,0,Year 2009-2010
4773,489832,2009-12-02 14:06:00,2009-12-02,2009-12,20091202,79067,14549,United Kingdom,1,3.75,3.75,0,0,0,0,Year 2009-2010
4774,489832,2009-12-02 14:06:00,2009-12-02,2009-12,20091202,22107,14549,United Kingdom,1,3.75,3.75,0,0,0,0,Year 2009-2010
4775,489832,2009-12-02 14:06:00,2009-12-02,2009-12,20091202,22095,14549,United Kingdom,1,1.25,1.25,0,0,0,0,Year 2009-2010
4776,489832,2009-12-02 14:06:00,2009-12-02,2009-12,20091202,21465,14549,United Kingdom,1,3.75,3.75,0,0,0,0,Year 2009-2010
4777,489832,2009-12-02 14:06:00,2009-12-02,2009-12,20091202,21468,14549,United Kingdom,1,3.75,3.75,0,0,0,0,Year 2009-2010
4778,489832,2009-12-02 14:06:00,2009-12-02,2009-12,20091202,22138,14549,United Kingdom,2,4.95,9.9,0,0,0,0,Year 2009-2010
4779,489832,2009-12-02 14:06:00,2009-12-02,2009-12,20091202,22139,14549,United Kingdom,4,4.95,19.8,0,0,0,0,Year 2009-2010
4780,489834,2009-12-02 14:09:00,2009-12-02,2009-12,20091202,21217,14106,United Kingdom,24,8.95,214.79999999999998,0,0,0,0,Year 2009-2010
4781,489833,2009-12-02 14:09:00,2009-12-02,2009-12,20091202,85185C,14980,United Kingdom,1,2.95,2.95,0,0,0,0,Year 2009-2010
4782,489833,2009-12-02 14:09:00,2009-12-02,2009-12,20091202,85185F,14980,United Kingdom,1,2.95,2.95,0,0,0,0,Year 2009-2010
4783,489833,2009-12-02 14:09:00,2009-12-02,2009-12,20091202,84270,14980,United Kingdom,30,0.21,6.3,0,0,0,0,Year 2009-2010
4784,489833,2009-12-02 14:09:00,2009-12-02,2009-12,20091202,21482,14980,United Kingdom,1,2.95,2.95,0,0,0,0,Year 2009-2010
4785,489833,2009-12-02 14:09:00,2009-12-02,2009-12,20091202,85123A,14980,United Kingdom,8,2.95,23.6,0,0,0,0,Year 2009-2010
4786,489833,2009-12-02 14:09:00,2009-12-02,2009-12,20091202,21154,14980,United Kingdom,2,1.25,2.5,0,0,0,0,Year 2009-2010
4787,489833,2009-12-02 14:09:00,2009-12-02,2009-12,20091202,21035,14980,United Kingdom,1,2.95,2.95,0,0,0,0,Year 2009-2010
4788,489833,2009-12-02 14:09:00,2009-12-02,2009-12,20091202,85014D,14980,United Kingdom,1,5.95,5.95,0,0,0,1,Year 2009-2010
4789,489833,2009-12-02 14:09:00,2009-12-02,2009-12,20091202,21754,14980,United Kingdom,1,5.95,5.95,0,0,0,0,Year 2009-2010
4790,489833,2009-12-02 14:09:00,2009-12-02,2009-12,20091202,21108,14980,United Kingdom,2,2.55,5.1,0,0,0,0,Year 2009-2010
4791,489833,2009-12-02 14:09:00,2009-12-02,2009-12,20091202,21655,14980,United Kingdom,2,1.69,3.38,0,0,0,0,Year 2009-2010
4792,489833,2009-12-02 14:09:00,2009-12-02,2009-12,20091202,47556,14980,United Kingdom,1,2.55,2.55,0,0,0,0,Year 2009-2010
4793,489833,2009-12-02 14:09:00,2009-12-02,2009-12,20091202,20718,14980,United Kingdom,1,1.25,1.25,0,0,0,0,Year 2009-2010
4794,489833,2009-12-02 14:09:00,2009-12-02,2009-12,20091202,21231,14980,United Kingdom,2,1.25,2.5,0,0,0,0,Year 2009-2010
4795,489833,2009-12-02 14:09:00,2009-12-02,2009-12,20091202,22142,14980,United Kingdom,6,1.45,8.7,0,0,0,0,Year 2009-2010
4796,489833,2009-12-02 14:09:00,2009-12-02,2009-12,20091202,22143,14980,United Kingdom,4,2.1,8.4,0,0,0,0,Year 2009-2010
4797,489833,2009-12-02 14:09:00,2009-12-02,2009-12,20091202,79323P,14980,United Kingdom,1,6.75,6.75,0,0,0,0,Year 2009-2010
4798,489833,2009-12-02 14:09:00,2009-12-02,2009-12,20091202,79323W,14980,United Kingdom,3,6.75,20.25,0,0,0,0,Year 2009-2010
4799,489833,2009-12-02 14:09:00,2009-12-02,2009-12,20091202,22275,14980,United Kingdom,1,8.5,8.5,0,0,0,0,Year 2009-2010
4800,489833,2009-12-02 14:09:00,2009-12-02,2009-12,20091202,85099B,14980,United Kingdom,3,1.95,5.85,0,0,0,1,Year 2009-2010
4801,489833,2009-12-02 14:09:00,2009-12-02,2009-12,20091202,21034,14980,United Kingdom,1,0.95,0.95,0,0,0,0,Year 2009-2010
4802,489833,2009-12-02 14:09:00,2009-12-02,2009-12,20091202,84837,14980,United Kingdom,1,12.75,12.75,0,0,0,0,Year 2009-2010
4803,489833,2009-12-02 14:09:00,2009-12-02,2009-12,20091202,85231B,14980,United Kingdom,4,0.85,3.4,0,0,0,1,Year 2009-2010
4804,489833,2009-12-02 14:09:00,2009-12-02,2009-12,20091202,72802A,14980,United Kingdom,1,4.25,4.25,0,0,0,0,Year 2009-2010
4805,489835,2009-12-02 14:15:00,2009-12-02,2009-12,20091202,22083,15061,United Kingdom,80,2.55,204.0,0,0,0,0,Year 2009-2010
4806,489835,2009-12-02 14:15:00,2009-12-02,2009-12,20091202,22086,15061,United Kingdom,200,2.55,509.99999999999994,0,0,0,0,Year 2009-2010
4807,489837,2009-12-02 14:21:00,2009-12-02,2009-12,20091202,22210,14396,United Kingdom,4,1.65,6.6,0,0,0,0,Year 2009-2010
4808,489837,2009-12-02 14:21:00,2009-12-02,2009-12,20091202,22208,14396,United Kingdom,4,1.65,6.6,0,0,0,0,Year 2009-2010
4809,489837,2009-12-02 14:21:00,2009-12-02,2009-12,20091202,22211,14396,United Kingdom,4,1.65,6.6,0,0,0,0,Year 2009-2010
4810,489837,2009-12-02 14:21:00,2009-12-02,2009-12,20091202,84558A,14396,United Kingdom,4,2.95,11.8,0,0,0,0,Year 2009-2010
4811,489837,2009-12-02 14:21:00,2009-12-02,2009-12,20091202,20980,14396,United Kingdom,4,1.25,5.0,0,0,0,0,Year 2009-2010
4812,489837,2009-12-02 14:21:00,2009-12-02,2009-12,20091202,20979,14396,United Kingdom,4,1.25,5.0,0,0,0,0,Year 2009-2010
4813,489837,2009-12-02 14:21:00,2009-12-02,2009-12,20091202,20977,14396,United Kingdom,4,1.25,5.0,0,0,0,0,Year 2009-2010
4814,489837,2009-12-02 14:21:00,2009-12-02,2009-12,20091202,84818,14396,United Kingdom,3,2.55,7.6499999999999995,0,0,0,0,Year 2009-2010
4815,489837,2009-12-02 14:21:00,2009-12-02,2009-12,20091202,82482,14396,United Kingdom,4,2.55,10.2,0,0,0,0,Year 2009-2010
4816,489837,2009-12-02 14:21:00,2009-12-02,2009-12,20091202,22150,14396,United Kingdom,3,1.95,5.85,0,0,0,0,Year 2009-2010
4817,489837,2009-12-02 14:21:00,2009-12-02,2009-12,20091202,22147,14396,United Kingdom,3,1.45,4.35,0,0,0,0,Year 2009-2010
4818,489837,2009-12-02 14:21:00,2009-12-02,2009-12,20091202,22145,14396,United Kingdom,3,2.1,6.300000000000001,0,0,0,0,Year 2009-2010
4819,489837,2009-12-02 14:21:00,2009-12-02,2009-12,20091202,16237,14396,United Kingdom,10,0.21,2.1,0,0,0,0,Year 2009-2010
4820,489837,2009-12-02 14:21:00,2009-12-02,2009-12,20091202,85042,14396,United Kingdom,2,4.95,9.9,0,0,0,0,Year 2009-2010
4821,489837,2009-12-02 14:21:00,2009-12-02,2009-12,20091202,85047,14396,United Kingdom,3,6.35,19.049999999999997,0,0,0,0,Year 2009-2010
4822,489837,2009-12-02 14:21:00,2009-12-02,2009-12,20091202,21671,14396,United Kingdom,6,1.25,7.5,0,0,0,0,Year 2009-2010
4823,489837,2009-12-02 14:21:00,2009-12-02,2009-12,20091202,21670,14396,United Kingdom,6,1.25,7.5,0,0,0,0,Year 2009-2010
4824,489837,2009-12-02 14:21:00,2009-12-02,2009-12,20091202,21668,14396,United Kingdom,6,1.25,7.5,0,0,0,0,Year 2009-2010
4825,489837,2009-12-02 14:21:00,2009-12-02,2009-12,20091202,21350,14396,United Kingdom,4,2.95,11.8,0,0,0,0,Year 2009-2010
4826,489837,2009-12-02 14:21:00,2009-12-02,2009-12,20091202,79323W,14396,United Kingdom,3,6.75,20.25,0,0,0,0,Year 2009-2010
4827,489837,2009-12-02 14:21:00,2009-12-02,2009-12,20091202,79323LP,14396,United Kingdom,2,6.75,13.5,0,0,0,0,Year 2009-2010
4828,489837,2009-12-02 14:21:00,2009-12-02,2009-12,20091202,21353,14396,United Kingdom,3,7.95,23.85,0,0,0,0,Year 2009-2010
4829,489837,2009-12-02 14:21:00,2009-12-02,2009-12,20091202,21010,14396,United Kingdom,6,1.25,7.5,0,0,0,0,Year 2009-2010
4830,489837,2009-12-02 14:21:00,2009-12-02,2009-12,20091202,21009,14396,United Kingdom,6,1.25,7.5,0,0,0,0,Year 2009-2010
4831,489837,2009-12-02 14:21:00,2009-12-02,2009-12,20091202,21929,14396,United Kingdom,4,1.95,7.8,0,0,0,0,Year 2009-2010
4832,489837,2009-12-02 14:21:00,2009-12-02,2009-12,20091202,82494L,14396,United Kingdom,3,2.95,8.850000000000001,0,0,0,0,Year 2009-2010
4833,489837,2009-12-02 14:21:00,2009-12-02,2009-12,20091202,20829,14396,United Kingdom,7,2.1,14.700000000000001,0,0,0,0,Year 2009-2010
4834,489837,2009-12-02 14:21:00,2009-12-02,2009-12,20091202,20828,14396,United Kingdom,7,2.55,17.849999999999998,0,0,0,0,Year 2009-2010
4835,489837,2009-12-02 14:21:00,2009-12-02,2009-12,20091202,21821,14396,United Kingdom,6,3.75,22.5,0,0,0,0,Year 2009-2010
4836,489837,2009-12-02 14:21:00,2009-12-02,2009-12,20091202,71053,14396,United Kingdom,4,3.75,15.0,0,0,0,0,Year 2009-2010
4837,489837,2009-12-02 14:21:00,2009-12-02,2009-12,20091202,71038,14396,United Kingdom,2,5.45,10.9,0,0,0,0,Year 2009-2010
4838,489837,2009-12-02 14:21:00,2009-12-02,2009-12,20091202,82483,14396,United Kingdom,2,5.95,11.9,0,0,0,0,Year 2009-2010
4839,489837,2009-12-02 14:21:00,2009-12-02,2009-12,20091202,21291,14396,United Kingdom,32,0.85,27.2,0,0,0,0,Year 2009-2010
4840,489837,2009-12-02 14:21:00,2009-12-02,2009-12,20091202,10120,14396,United Kingdom,10,0.21,2.1,0,0,0,0,Year 2009-2010
4841,489837,2009-12-02 14:21:00,2009-12-02,2009-12,20091202,22147,14396,United Kingdom,1,1.45,1.45,0,0,0,0,Year 2009-2010
4842,489837,2009-12-02 14:21:00,2009-12-02,2009-12,20091202,22145,14396,United Kingdom,1,2.1,2.1,0,0,0,0,Year 2009-2010
4843,489837,2009-12-02 14:21:00,2009-12-02,2009-12,20091202,22150,14396,United Kingdom,1,1.95,1.95,0,0,0,0,Year 2009-2010
4844,489837,2009-12-02 14:21:00,2009-12-02,2009-12,20091202,22173,14396,United Kingdom,4,2.95,11.8,0,0,0,0,Year 2009-2010
4845,489837,2009-12-02 14:21:00,2009-12-02,2009-12,20091202,84406B,14396,United Kingdom,3,3.25,9.75,0,0,0,1,Year 2009-2010
4846,489837,2009-12-02 14:21:00,2009-12-02,2009-12,20091202,85123A,14396,United Kingdom,10,2.95,29.5,0,0,0,0,Year 2009-2010
4847,489837,2009-12-02 14:21:00,2009-12-02,2009-12,20091202,21809,14396,United Kingdom,20,1.25,25.0,0,0,0,0,Year 2009-2010
4848,489837,2009-12-02 14:21:00,2009-12-02,2009-12,20091202,21817,14396,United Kingdom,10,0.85,8.5,0,0,0,0,Year 2009-2010
4849,489837,2009-12-02 14:21:00,2009-12-02,2009-12,20091202,21818,14396,United Kingdom,10,0.85,8.5,0,0,0,0,Year 2009-2010
4850,489837,2009-12-02 14:21:00,2009-12-02,2009-12,20091202,21819,14396,United Kingdom,10,0.85,8.5,0,0,0,0,Year 2009-2010
4851,489837,2009-12-02 14:21:00,2009-12-02,2009-12,20091202,82486,14396,United Kingdom,2,7.95,15.9,0,0,0,0,Year 2009-2010
4852,489837,2009-12-02 14:21:00,2009-12-02,2009-12,20091202,72756,14396,United Kingdom,18,1.49,26.82,0,0,0,0,Year 2009-2010
4853,489840,2009-12-02 14:22:00,2009-12-02,2009-12,20091202,20747,14122,United Kingdom,6,14.95,89.69999999999999,0,0,0,0,Year 2009-2010
4854,489855,2009-12-02 14:34:00,2009-12-02,2009-12,20091202,21493,16987,United Kingdom,6,0.85,5.1,0,0,0,0,Year 2009-2010
4855,489855,2009-12-02 14:34:00,2009-12-02,2009-12,20091202,72529W,16987,United Kingdom,1,2.12,2.12,0,0,0,0,Year 2009-2010
4856,489855,2009-12-02 14:34:00,2009-12-02,2009-12,20091202,84029E,16987,United Kingdom,2,3.75,7.5,0,0,0,0,Year 2009-2010
4857,489855,2009-12-02 14:34:00,2009-12-02,2009-12,20091202,84029G,16987,United Kingdom,3,3.75,11.25,0,0,0,0,Year 2009-2010
4858,489855,2009-12-02 14:34:00,2009-12-02,2009-12,20091202,21488,16987,United Kingdom,3,3.95,11.850000000000001,0,0,0,0,Year 2009-2010
4859,489855,2009-12-02 14:34:00,2009-12-02,2009-12,20091202,21489,16987,United Kingdom,3,3.95,11.850000000000001,0,0,0,0,Year 2009-2010
4860,489855,2009-12-02 14:34:00,2009-12-02,2009-12,20091202,22114,16987,United Kingdom,2,3.95,7.9,0,0,0,0,Year 2009-2010
4861,489855,2009-12-02 14:34:00,2009-12-02,2009-12,20091202,21480,16987,United Kingdom,2,2.95,5.9,0,0,0,0,Year 2009-2010
4862,489855,2009-12-02 14:34:00,2009-12-02,2009-12,20091202,20725,16987,United Kingdom,3,1.65,4.949999999999999,0,0,0,0,Year 2009-2010
4863,489855,2009-12-02 14:34:00,2009-12-02,2009-12,20091202,84032B,16987,United Kingdom,2,2.95,5.9,0,0,0,1,Year 2009-2010
4864,489855,2009-12-02 14:34:00,2009-12-02,2009-12,20091202,84032A,16987,United Kingdom,2,2.95,5.9,0,0,0,0,Year 2009-2010
4865,489855,2009-12-02 14:34:00,2009-12-02,2009-12,20091202,22112,16987,United Kingdom,2,4.95,9.9,0,0,0,0,Year 2009-2010
4866,489855,2009-12-02 14:34:00,2009-12-02,2009-12,20091202,84352,16987,United Kingdom,1,16.95,16.95,0,0,0,0,Year 2009-2010
4867,489855,2009-12-02 14:34:00,2009-12-02,2009-12,20091202,82494L,16987,United Kingdom,2,2.95,5.9,0,0,0,0,Year 2009-2010
4868,489855,2009-12-02 14:34:00,2009-12-02,2009-12,20091202,82482,16987,United Kingdom,2,2.55,5.1,0,0,0,0,Year 2009-2010
4869,489855,2009-12-02 14:34:00,2009-12-02,2009-12,20091202,21869,16987,United Kingdom,1,1.25,1.25,0,0,0,0,Year 2009-2010
4870,489855,2009-12-02 14:34:00,2009-12-02,2009-12,20091202,21873,16987,United Kingdom,1,1.25,1.25,0,0,0,0,Year 2009-2010
4871,489855,2009-12-02 14:34:00,2009-12-02,2009-12,20091202,21872,16987,United Kingdom,2,1.25,2.5,0,0,0,0,Year 2009-2010
4872,489855,2009-12-02 14:34:00,2009-12-02,2009-12,20091202,21877,16987,United Kingdom,1,1.25,1.25,0,0,0,0,Year 2009-2010
4873,489855,2009-12-02 14:34:00,2009-12-02,2009-12,20091202,21874,16987,United Kingdom,1,1.25,1.25,0,0,0,0,Year 2009-2010
4874,489855,2009-12-02 14:34:00,2009-12-02,2009-12,20091202,21868,16987,United Kingdom,1,1.25,1.25,0,0,0,0,Year 2009-2010
4875,489855,2009-12-02 14:34:00,2009-12-02,2009-12,20091202,21163,16987,United Kingdom,1,1.45,1.45,0,0,0,0,Year 2009-2010
4876,489855,2009-12-02 14:34:00,2009-12-02,2009-12,20091202,21165,16987,United Kingdom,1,1.69,1.69,0,0,0,0,Year 2009-2010
4877,489855,2009-12-02 14:34:00,2009-12-02,2009-12,20091202,21161,16987,United Kingdom,1,1.45,1.45,0,0,0,0,Year 2009-2010
4878,489855,2009-12-02 14:34:00,2009-12-02,2009-12,20091202,21163,16987,United Kingdom,2,1.45,2.9,0,0,0,0,Year 2009-2010
4879,489855,2009-12-02 14:34:00,2009-12-02,2009-12,20091202,21624,16987,United Kingdom,1,5.95,5.95,0,0,0,0,Year 2009-2010
4880,489855,2009-12-02 14:34:00,2009-12-02,2009-12,20091202,85014B,16987,United Kingdom,1,5.95,5.95,0,0,0,1,Year 2009-2010
4881,489855,2009-12-02 14:34:00,2009-12-02,2009-12,20091202,21491,16987,United Kingdom,3,1.95,5.85,0,0,0,0,Year 2009-2010
4882,489855,2009-12-02 14:34:00,2009-12-02,2009-12,20091202,21490,16987,United Kingdom,3,1.95,5.85,0,0,0,0,Year 2009-2010
4883,489856,2009-12-02 14:36:00,2009-12-02,2009-12,20091202,85136A,,United Kingdom,1,8.65,8.65,0,0,1,0,Year 2009-2010
4884,489856,2009-12-02 14:36:00,2009-12-02,2009-12,20091202,85150,,United Kingdom,2,5.17,10.34,0,0,1,0,Year 2009-2010
4885,489856,2009-12-02 14:36:00,2009-12-02,2009-12,20091202,85159B,,United Kingdom,1,13.0,13.0,0,0,1,1,Year 2009-2010
4886,489856,2009-12-02 14:36:00,2009-12-02,2009-12,20091202,85169B,,United Kingdom,1,2.57,2.57,0,0,1,1,Year 2009-2010
4887,489856,2009-12-02 14:36:00,2009-12-02,2009-12,20091202,85170B,,United Kingdom,1,4.3,4.3,0,0,1,1,Year 2009-2010
4888,489856,2009-12-02 14:36:00,2009-12-02,2009-12,20091202,85174,,United Kingdom,1,11.26,11.26,0,0,1,0,Year 2009-2010
4889,489856,2009-12-02 14:36:00,2009-12-02,2009-12,20091202,85176,,United Kingdom,1,1.7,1.7,0,0,1,0,Year 2009-2010
4890,489856,2009-12-02 14:36:00,2009-12-02,2009-12,20091202,85199L,,United Kingdom,1,1.3,1.3,0,0,1,0,Year 2009-2010
4891,489856,2009-12-02 14:36:00,2009-12-02,2009-12,20091202,85212,,United Kingdom,1,1.7,1.7,0,0,1,0,Year 2009-2010
4892,489856,2009-12-02 14:36:00,2009-12-02,2009-12,20091202,85217,,United Kingdom,1,7.78,7.78,0,0,1,0,Year 2009-2010
4893,489856,2009-12-02 14:36:00,2009-12-02,2009-12,20091202,85226A,,United Kingdom,1,1.7,1.7,0,0,1,0,Year 2009-2010
4894,489856,2009-12-02 14:36:00,2009-12-02,2009-12,20091202,85227,,United Kingdom,1,1.7,1.7,0,0,1,0,Year 2009-2010
4895,489856,2009-12-02 14:36:00,2009-12-02,2009-12,20091202,85231B,,United Kingdom,1,1.7,1.7,0,0,1,1,Year 2009-2010
4896,489856,2009-12-02 14:36:00,2009-12-02,2009-12,20091202,85231G,,United Kingdom,1,1.7,1.7,0,0,1,0,Year 2009-2010
4897,489856,2009-12-02 14:36:00,2009-12-02,2009-12,20091202,47598,,United Kingdom,1,1.3,1.3,0,0,1,0,Year 2009-2010
4898,489856,2009-12-02 14:36:00,2009-12-02,2009-12,20091202,48116,,United Kingdom,1,13.87,13.87,0,0,1,0,Year 2009-2010
4899,489856,2009-12-02 14:36:00,2009-12-02,2009-12,20091202,48179,,United Kingdom,1,13.87,13.87,0,0,1,0,Year 2009-2010
4900,489856,2009-12-02 14:36:00,2009-12-02,2009-12,20091202,48188,,United Kingdom,1,13.87,13.87,0,0,1,0,Year 2009-2010
4901,489856,2009-12-02 14:36:00,2009-12-02,2009-12,20091202,48189,,United Kingdom,1,13.87,13.87,0,0,1,0,Year 2009-2010
4902,489856,2009-12-02 14:36:00,2009-12-02,2009-12,20091202,51014A,,United Kingdom,1,1.7,1.7,0,0,1,0,Year 2009-2010
4903,489856,2009-12-02 14:36:00,2009-12-02,2009-12,20091202,70006,,United Kingdom,2,3.43,6.86,0,0,1,0,Year 2009-2010
4904,489856,2009-12-02 14:36:00,2009-12-02,2009-12,20091202,71053,,United Kingdom,1,8.65,8.65,0,0,1,0,Year 2009-2010
4905,489856,2009-12-02 14:36:00,2009-12-02,2009-12,20091202,71143,,United Kingdom,3,2.57,7.709999999999999,0,0,1,0,Year 2009-2010
4906,489856,2009-12-02 14:36:00,2009-12-02,2009-12,20091202,72739B,,United Kingdom,3,2.57,7.709999999999999,0,0,1,1,Year 2009-2010
4907,489856,2009-12-02 14:36:00,2009-12-02,2009-12,20091202,72739C,,United Kingdom,2,2.57,5.14,0,0,1,0,Year 2009-2010
4908,489856,2009-12-02 14:36:00,2009-12-02,2009-12,20091202,72740A,,United Kingdom,1,5.17,5.17,0,0,1,0,Year 2009-2010
4909,489856,2009-12-02 14:36:00,2009-12-02,2009-12,20091202,72741,,United Kingdom,1,8.65,8.65,0,0,1,0,Year 2009-2010
4910,489856,2009-12-02 14:36:00,2009-12-02,2009-12,20091202,72799C,,United Kingdom,1,6.04,6.04,0,0,1,0,Year 2009-2010
4911,489856,2009-12-02 14:36:00,2009-12-02,2009-12,20091202,72799F,,United Kingdom,1,6.04,6.04,0,0,1,0,Year 2009-2010
4912,489856,2009-12-02 14:36:00,2009-12-02,2009-12,20091202,72807C,,United Kingdom,2,8.65,17.3,0,0,1,0,Year 2009-2010
4913,489856,2009-12-02 14:36:00,2009-12-02,2009-12,20091202,75013B,,United Kingdom,1,3.43,3.43,0,0,1,1,Year 2009-2010
4914,489856,2009-12-02 14:36:00,2009-12-02,2009-12,20091202,79000,,United Kingdom,2,5.17,10.34,0,0,1,0,Year 2009-2010
4915,489856,2009-12-02 14:36:00,2009-12-02,2009-12,20091202,79029,,United Kingdom,2,4.3,8.6,0,0,1,0,Year 2009-2010
4916,489856,2009-12-02 14:36:00,2009-12-02,2009-12,20091202,79160,,United Kingdom,3,3.43,10.290000000000001,0,0,1,0,Year 2009-2010
4917,489856,2009-12-02 14:36:00,2009-12-02,2009-12,20091202,79191C,,United Kingdom,3,1.7,5.1,0,0,1,0,Year 2009-2010
4918,489856,2009-12-02 14:36:00,2009-12-02,2009-12,20091202,79323P,,United Kingdom,1,13.87,13.87,0,0,1,0,Year 2009-2010
4919,489856,2009-12-02 14:36:00,2009-12-02,2009-12,20091202,79323S,,United Kingdom,1,13.87,13.87,0,0,1,0,Year 2009-2010
4920,489856,2009-12-02 14:36:00,2009-12-02,2009-12,20091202,79323W,,United Kingdom,2,13.87,27.74,0,0,1,0,Year 2009-2010
4921,489856,2009-12-02 14:36:00,2009-12-02,2009-12,20091202,79341,,United Kingdom,1,13.87,13.87,0,0,1,0,Year 2009-2010
4922,489856,2009-12-02 14:36:00,2009-12-02,2009-12,20091202,81952V,,United Kingdom,1,1.7,1.7,0,0,1,0,Year 2009-2010
4923,489856,2009-12-02 14:36:00,2009-12-02,2009-12,20091202,82093,,United Kingdom,1,3.43,3.43,0,0,1,0,Year 2009-2010
4924,489856,2009-12-02 14:36:00,2009-12-02,2009-12,20091202,82599,,United Kingdom,1,4.3,4.3,0,0,1,0,Year 2009-2010
4925,489856,2009-12-02 14:36:00,2009-12-02,2009-12,20091202,82600,,United Kingdom,1,4.3,4.3,0,0,1,0,Year 2009-2010
4926,489856,2009-12-02 14:36:00,2009-12-02,2009-12,20091202,82613B,,United Kingdom,1,2.57,2.57,0,0,1,1,Year 2009-2010
4927,489856,2009-12-02 14:36:00,2009-12-02,2009-12,20091202,82613C,,United Kingdom,1,2.57,2.57,0,0,1,0,Year 2009-2010
4928,489856,2009-12-02 14:36:00,2009-12-02,2009-12,20091202,82613D,,United Kingdom,2,2.57,5.14,0,0,1,1,Year 2009-2010
4929,489856,2009-12-02 14:36:00,2009-12-02,2009-12,20091202,82615,,United Kingdom,1,6.04,6.04,0,0,1,0,Year 2009-2010
4930,489856,2009-12-02 14:36:00,2009-12-02,2009-12,20091202,82616B,,United Kingdom,1,2.57,2.57,0,0,1,1,Year 2009-2010
4931,489856,2009-12-02 14:36:00,2009-12-02,2009-12,20091202,84347,,United Kingdom,1,5.17,5.17,0,0,1,0,Year 2009-2010
4932,489856,2009-12-02 14:36:00,2009-12-02,2009-12,20091202,84378,,United Kingdom,3,2.57,7.709999999999999,0,0,1,0,Year 2009-2010
4933,489856,2009-12-02 14:36:00,2009-12-02,2009-12,20091202,84459A,,United Kingdom,1,3.43,3.43,0,0,1,0,Year 2009-2010
4934,489856,2009-12-02 14:36:00,2009-12-02,2009-12,20091202,84466,,United Kingdom,1,2.57,2.57,0,0,1,0,Year 2009-2010
4935,489856,2009-12-02 14:36:00,2009-12-02,2009-12,20091202,84510B,,United Kingdom,1,2.57,2.57,0,0,1,1,Year 2009-2010
4936,489856,2009-12-02 14:36:00,2009-12-02,2009-12,20091202,84520D,,United Kingdom,1,1.7,1.7,0,0,1,1,Year 2009-2010
4937,489856,2009-12-02 14:36:00,2009-12-02,2009-12,20091202,84534B,,United Kingdom,1,1.7,1.7,0,0,1,1,Year 2009-2010
4938,489856,2009-12-02 14:36:00,2009-12-02,2009-12,20091202,84535A,,United Kingdom,3,1.52,4.5600000000000005,0,0,1,0,Year 2009-2010
4939,489856,2009-12-02 14:36:00,2009-12-02,2009-12,20091202,84536B,,United Kingdom,2,0.83,1.66,0,0,1,1,Year 2009-2010
4940,489856,2009-12-02 14:36:00,2009-12-02,2009-12,20091202,84559A,,United Kingdom,2,1.73,3.46,0,0,1,0,Year 2009-2010
4941,489856,2009-12-02 14:36:00,2009-12-02,2009-12,20091202,84596B,,United Kingdom,2,2.57,5.14,0,0,1,1,Year 2009-2010
4942,489856,2009-12-02 14:36:00,2009-12-02,2009-12,20091202,84660B,,United Kingdom,1,7.78,7.78,0,0,1,1,Year 2009-2010
4943,489856,2009-12-02 14:36:00,2009-12-02,2009-12,20091202,84686,,United Kingdom,1,8.65,8.65,0,0,1,0,Year 2009-2010
4944,489856,2009-12-02 14:36:00,2009-12-02,2009-12,20091202,84711B,,United Kingdom,1,8.65,8.65,0,0,1,1,Year 2009-2010
4945,489856,2009-12-02 14:36:00,2009-12-02,2009-12,20091202,84767,,United Kingdom,1,11.26,11.26,0,0,1,0,Year 2009-2010
4946,489856,2009-12-02 14:36:00,2009-12-02,2009-12,20091202,84832,,United Kingdom,4,1.7,6.8,0,0,1,0,Year 2009-2010
4947,489856,2009-12-02 14:36:00,2009-12-02,2009-12,20091202,84836,,United Kingdom,1,2.57,2.57,0,0,1,0,Year 2009-2010
4948,489856,2009-12-02 14:36:00,2009-12-02,2009-12,20091202,84839,,United Kingdom,1,13.0,13.0,0,0,1,0,Year 2009-2010
4949,489856,2009-12-02 14:36:00,2009-12-02,2009-12,20091202,84854,,United Kingdom,2,8.65,17.3,0,0,1,0,Year 2009-2010
4950,489856,2009-12-02 14:36:00,2009-12-02,2009-12,20091202,84899F,,United Kingdom,2,2.57,5.14,0,0,1,0,Year 2009-2010
4951,489856,2009-12-02 14:36:00,2009-12-02,2009-12,20091202,84946,,United Kingdom,7,2.57,17.99,0,0,1,0,Year 2009-2010
4952,489856,2009-12-02 14:36:00,2009-12-02,2009-12,20091202,84970L,,United Kingdom,4,2.17,8.68,0,0,1,0,Year 2009-2010
4953,489856,2009-12-02 14:36:00,2009-12-02,2009-12,20091202,84970S,,United Kingdom,4,2.17,8.68,0,0,1,0,Year 2009-2010
4954,489856,2009-12-02 14:36:00,2009-12-02,2009-12,20091202,84971S,,United Kingdom,2,1.7,3.4,0,0,1,0,Year 2009-2010
4955,489856,2009-12-02 14:36:00,2009-12-02,2009-12,20091202,84991,,United Kingdom,2,1.3,2.6,0,0,1,0,Year 2009-2010
4956,489856,2009-12-02 14:36:00,2009-12-02,2009-12,20091202,84992,,United Kingdom,2,1.3,2.6,0,0,1,0,Year 2009-2010
4957,489856,2009-12-02 14:36:00,2009-12-02,2009-12,20091202,84997D,,United Kingdom,1,7.78,7.78,0,0,1,1,Year 2009-2010
4958,489856,2009-12-02 14:36:00,2009-12-02,2009-12,20091202,85031B,,United Kingdom,1,3.43,3.43,0,0,1,1,Year 2009-2010
4959,489856,2009-12-02 14:36:00,2009-12-02,2009-12,20091202,85031C,,United Kingdom,3,3.43,10.290000000000001,0,0,1,0,Year 2009-2010
4960,489856,2009-12-02 14:36:00,2009-12-02,2009-12,20091202,85038,,United Kingdom,1,4.3,4.3,0,0,1,0,Year 2009-2010
4961,489856,2009-12-02 14:36:00,2009-12-02,2009-12,20091202,85042,,United Kingdom,2,11.26,22.52,0,0,1,0,Year 2009-2010
4962,489856,2009-12-02 14:36:00,2009-12-02,2009-12,20091202,85049E,,United Kingdom,1,2.57,2.57,0,0,1,0,Year 2009-2010
4963,489856,2009-12-02 14:36:00,2009-12-02,2009-12,20091202,85053,,United Kingdom,2,4.3,8.6,0,0,1,0,Year 2009-2010
4964,489856,2009-12-02 14:36:00,2009-12-02,2009-12,20091202,85098B,,United Kingdom,1,7.78,7.78,0,0,1,1,Year 2009-2010
4965,489856,2009-12-02 14:36:00,2009-12-02,2009-12,20091202,85099C,,United Kingdom,3,4.3,12.899999999999999,0,0,1,0,Year 2009-2010
4966,489856,2009-12-02 14:36:00,2009-12-02,2009-12,20091202,85116,,United Kingdom,2,1.7,3.4,0,0,1,0,Year 2009-2010
4967,489856,2009-12-02 14:36:00,2009-12-02,2009-12,20091202,85129A,,United Kingdom,1,2.57,2.57,0,0,1,0,Year 2009-2010
4968,489856,2009-12-02 14:36:00,2009-12-02,2009-12,20091202,85130D,,United Kingdom,1,3.43,3.43,0,0,1,1,Year 2009-2010
4969,489856,2009-12-02 14:36:00,2009-12-02,2009-12,20091202,85135B,,United Kingdom,1,8.65,8.65,0,0,1,1,Year 2009-2010
4970,489856,2009-12-02 14:36:00,2009-12-02,2009-12,20091202,85135C,,United Kingdom,1,8.65,8.65,0,0,1,0,Year 2009-2010
4971,489856,2009-12-02 14:36:00,2009-12-02,2009-12,20091202,90000D,,United Kingdom,1,6.5,6.5,0,0,1,1,Year 2009-2010
4972,489856,2009-12-02 14:36:00,2009-12-02,2009-12,20091202,90005A,,United Kingdom,1,2.16,2.16,0,0,1,0,Year 2009-2010
4973,489856,2009-12-02 14:36:00,2009-12-02,2009-12,20091202,90018B,,United Kingdom,1,4.33,4.33,0,0,1,1,Year 2009-2010
4974,489856,2009-12-02 14:36:00,2009-12-02,2009-12,20091202,90040D,,United Kingdom,1,3.9,3.9,0,0,1,1,Year 2009-2010
4975,489856,2009-12-02 14:36:00,2009-12-02,2009-12,20091202,90062,,United Kingdom,1,13.03,13.03,0,0,1,0,Year 2009-2010
4976,489856,2009-12-02 14:36:00,2009-12-02,2009-12,20091202,90065A,,United Kingdom,1,7.37,7.37,0,0,1,0,Year 2009-2010
4977,489856,2009-12-02 14:36:00,2009-12-02,2009-12,20091202,90071,,United Kingdom,1,1.29,1.29,0,0,1,0,Year 2009-2010
4978,489856,2009-12-02 14:36:00,2009-12-02,2009-12,20091202,90133,,United Kingdom,1,5.2,5.2,0,0,1,0,Year 2009-2010
4979,489856,2009-12-02 14:36:00,2009-12-02,2009-12,20091202,90139,,United Kingdom,1,5.2,5.2,0,0,1,0,Year 2009-2010
4980,489856,2009-12-02 14:36:00,2009-12-02,2009-12,20091202,90167,,United Kingdom,1,1.7,1.7,0,0,1,0,Year 2009-2010
4981,489856,2009-12-02 14:36:00,2009-12-02,2009-12,20091202,90175D,,United Kingdom,1,9.55,9.55,0,0,1,1,Year 2009-2010
4982,489856,2009-12-02 14:36:00,2009-12-02,2009-12,20091202,90179B,,United Kingdom,1,6.07,6.07,0,0,1,1,Year 2009-2010
4983,489856,2009-12-02 14:36:00,2009-12-02,2009-12,20091202,90181B,,United Kingdom,1,9.55,9.55,0,0,1,1,Year 2009-2010
4984,489856,2009-12-02 14:36:00,2009-12-02,2009-12,20091202,90190A,,United Kingdom,1,3.03,3.03,0,0,1,0,Year 2009-2010
4985,489856,2009-12-02 14:36:00,2009-12-02,2009-12,20091202,90195A,,United Kingdom,1,9.55,9.55,0,0,1,0,Year 2009-2010
4986,489856,2009-12-02 14:36:00,2009-12-02,2009-12,20091202,90197B,,United Kingdom,2,5.2,10.4,0,0,1,1,Year 2009-2010
4987,489856,2009-12-02 14:36:00,2009-12-02,2009-12,20091202,90200A,,United Kingdom,1,4.33,4.33,0,0,1,0,Year 2009-2010
4988,489856,2009-12-02 14:36:00,2009-12-02,2009-12,20091202,90200C,,United Kingdom,1,4.33,4.33,0,0,1,0,Year 2009-2010
4989,489856,2009-12-02 14:36:00,2009-12-02,2009-12,20091202,90200D,,United Kingdom,3,4.33,12.99,0,0,1,1,Year 2009-2010
4990,489856,2009-12-02 14:36:00,2009-12-02,2009-12,20091202,90201B,,United Kingdom,1,3.03,3.03,0,0,1,1,Year 2009-2010
4991,489856,2009-12-02 14:36:00,2009-12-02,2009-12,20091202,90202B,,United Kingdom,1,3.03,3.03,0,0,1,1,Year 2009-2010
4992,489856,2009-12-02 14:36:00,2009-12-02,2009-12,20091202,90211B,,United Kingdom,1,6.07,6.07,0,0,1,1,Year 2009-2010
4993,489856,2009-12-02 14:36:00,2009-12-02,2009-12,20091202,DOT,,United Kingdom,1,470.24,470.24,0,0,1,1,Year 2009-2010
4994,489856,2009-12-02 14:36:00,2009-12-02,2009-12,20091202,22111,,United Kingdom,5,8.65,43.25,0,0,1,0,Year 2009-2010
4995,489856,2009-12-02 14:36:00,2009-12-02,2009-12,20091202,21864,,United Kingdom,1,4.3,4.3,0,0,1,0,Year 2009-2010
4996,489856,2009-12-02 14:36:00,2009-12-02,2009-12,20091202,21866,,United Kingdom,1,2.57,2.57,0,0,1,0,Year 2009-2010
4997,489856,2009-12-02 14:36:00,2009-12-02,2009-12,20091202,21868,,United Kingdom,3,3.43,10.290000000000001,0,0,1,0,Year 2009-2010
4998,489856,2009-12-02 14:36:00,2009-12-02,2009-12,20091202,21870,,United Kingdom,1,3.43,3.43,0,0,1,0,Year 2009-2010
4999,489856,2009-12-02 14:36:00,2009-12-02,2009-12,20091202,21871,,United Kingdom,1,3.43,3.43,0,0,1,0,Year 2009-2010
5000,489856,2009-12-02 14:36:00,2009-12-02,2009-12,20091202,21876,,United Kingdom,4,3.43,13.72,0,0,1,0,Year 2009-2010
