customer_id,last_purchase,recency_days,frequency,monetary,returns_abs,r_score,f_score,m_score,rfm_sum,rfm_segment
17485,2009-12-01,739,1,0.0,29.55,1,1,1,3,At risk / hibernating
17641,2009-12-01,739,1,0.0,6.95,1,1,1,3,At risk / hibernating
17056,2009-12-01,739,1,128.6,0.0,1,1,1,3,At risk / hibernating
12636,2009-12-01,739,1,141.0,0.0,1,1,1,3,At risk / hibernating
14654,2009-12-01,739,1,246.86,0.0,1,1,1,3,At risk / hibernating
17592,2009-12-01,739,2,148.3,148.3,1,2,1,4,At risk / hibernating
13526,2009-12-01,739,4,1182.0,239.4,1,3,3,7,Core
15833,2009-12-02,738,1,80.4,0.0,1,1,1,3,At risk / hibernating
17606,2009-12-02,738,1,87.3,0.0,1,1,1,3,At risk / hibernating
17909,2009-12-02,738,1,110.05,0.0,1,1,1,3,At risk / hibernating
17818,2009-12-02,738,1,124.78,0.0,1,1,1,3,At risk / hibernating
14980,2009-12-02,738,1,150.68,0.0,1,1,1,3,At risk / hibernating
14106,2009-12-02,738,1,214.8,0.0,1,1,1,3,At risk / hibernating
17087,2009-12-02,738,1,221.53,0.0,1,1,1,3,At risk / hibernating
14347,2009-12-03,737,1,82.6,0.0,1,1,1,3,At risk / hibernating
16301,2009-12-03,737,1,107.33,0.0,1,1,1,3,At risk / hibernating
14750,2009-12-03,737,1,112.03,0.0,1,1,1,3,At risk / hibernating
12934,2009-12-03,737,1,181.65,0.0,1,1,1,3,At risk / hibernating
17271,2009-12-03,737,1,204.3,0.0,1,1,1,3,At risk / hibernating
15794,2009-12-03,737,2,777.0,0.0,1,2,3,6,At risk / hibernating
15999,2009-12-04,736,1,20.4,0.0,1,1,1,3,At risk / hibernating
16645,2009-12-04,736,1,160.39,0.0,1,1,1,3,At risk / hibernating
17151,2009-12-04,736,1,231.9,0.0,1,1,1,3,At risk / hibernating
16192,2009-12-04,736,1,351.3,0.0,1,1,2,4,At risk / hibernating
14979,2009-12-04,736,1,429.66,0.0,1,2,2,5,At risk / hibernating
16541,2009-12-04,736,2,424.03,4.25,1,2,2,5,At risk / hibernating
16410,2009-12-05,735,1,130.32,0.0,1,1,1,3,At risk / hibernating
15479,2009-12-06,734,1,147.4,0.0,1,1,1,3,At risk / hibernating
16277,2009-12-06,734,1,188.69,0.0,1,1,1,3,At risk / hibernating
14468,2009-12-06,734,1,204.24,0.0,1,1,1,3,At risk / hibernating
14123,2009-12-06,734,1,436.18,0.0,1,2,2,5,At risk / hibernating
14717,2009-12-06,734,2,81.3,8.5,1,2,1,4,At risk / hibernating
16964,2009-12-06,734,2,207.85,0.0,1,2,1,4,At risk / hibernating
14763,2009-12-07,733,1,0.0,9.95,1,1,1,3,At risk / hibernating
14574,2009-12-07,733,1,143.7,0.0,1,1,1,3,At risk / hibernating
14955,2009-12-07,733,1,163.77,0.0,1,1,1,3,At risk / hibernating
14003,2009-12-07,733,1,209.41,0.0,1,1,1,3,At risk / hibernating
17441,2009-12-07,733,1,293.35,0.0,1,1,2,4,At risk / hibernating
18162,2009-12-07,733,1,371.51,0.0,1,1,2,4,At risk / hibernating
12443,2009-12-07,733,1,485.31,0.0,1,2,2,5,At risk / hibernating
14337,2009-12-08,732,1,0.0,658.63,1,1,1,3,At risk / hibernating
14864,2009-12-08,732,1,0.0,48.75,1,1,1,3,At risk / hibernating
14925,2009-12-08,732,1,0.0,7.95,1,1,1,3,At risk / hibernating
16703,2009-12-08,732,1,0.0,15.0,1,1,1,3,At risk / hibernating
16853,2009-12-08,732,1,0.0,67.5,1,1,1,3,At risk / hibernating
15924,2009-12-08,732,1,102.82,0.0,1,1,1,3,At risk / hibernating
13025,2009-12-08,732,1,323.39,0.0,1,1,2,4,At risk / hibernating
17178,2009-12-08,732,1,432.96,0.0,1,2,2,5,At risk / hibernating
13204,2009-12-08,732,1,966.66,0.0,1,2,3,6,At risk / hibernating
12896,2009-12-09,731,1,0.0,29.75,1,1,1,3,At risk / hibernating
15209,2009-12-09,731,1,178.98,0.0,1,1,1,3,At risk / hibernating
13114,2009-12-09,731,1,234.38,0.0,1,1,1,3,At risk / hibernating
13498,2009-12-09,731,1,327.38,0.0,1,1,2,4,At risk / hibernating
17296,2009-12-09,731,1,338.13,0.0,1,1,2,4,At risk / hibernating
12487,2009-12-09,731,2,285.3,25.5,1,2,2,5,At risk / hibernating
16459,2009-12-10,730,1,71.79,0.0,1,1,1,3,At risk / hibernating
15642,2009-12-10,730,1,105.78,0.0,1,1,1,3,At risk / hibernating
16663,2009-12-10,730,1,165.0,0.0,1,1,1,3,At risk / hibernating
16901,2009-12-10,730,1,204.26,0.0,1,1,1,3,At risk / hibernating
15085,2009-12-10,730,1,347.54,0.0,1,1,2,4,At risk / hibernating
12979,2009-12-10,730,2,517.7,38.16,1,2,2,5,At risk / hibernating
16220,2009-12-11,729,1,0.0,10.17,1,1,1,3,At risk / hibernating
16512,2009-12-11,729,1,0.0,33.9,1,1,1,3,At risk / hibernating
16580,2009-12-11,729,1,0.0,5.0,1,1,1,3,At risk / hibernating
17645,2009-12-11,729,1,0.0,9.9,1,1,1,3,At risk / hibernating
17487,2009-12-11,729,1,160.55,0.0,1,1,1,3,At risk / hibernating
15162,2009-12-11,729,2,312.9,71.4,1,2,2,5,At risk / hibernating
17066,2009-12-13,727,1,228.34,0.0,1,1,1,3,At risk / hibernating
17910,2009-12-13,727,1,261.7,0.0,1,1,1,3,At risk / hibernating
13087,2009-12-13,727,1,313.64,0.0,1,1,2,4,At risk / hibernating
14977,2009-12-14,726,1,31.93,0.0,1,1,1,3,At risk / hibernating
15672,2009-12-14,726,1,45.3,0.0,1,1,1,3,At risk / hibernating
12992,2009-12-14,726,1,93.35,0.0,1,1,1,3,At risk / hibernating
16064,2009-12-14,726,1,109.31,0.0,1,1,1,3,At risk / hibernating
17318,2009-12-14,726,1,157.33,0.0,1,1,1,3,At risk / hibernating
15534,2009-12-14,726,1,162.25,0.0,1,1,1,3,At risk / hibernating
16280,2009-12-14,726,1,238.05,0.0,1,1,1,3,At risk / hibernating
15188,2009-12-14,726,1,310.43,0.0,1,1,2,4,At risk / hibernating
17012,2009-12-14,726,1,360.61,0.0,1,1,2,4,At risk / hibernating
14042,2009-12-14,726,1,431.98,0.0,1,2,2,5,At risk / hibernating
16605,2009-12-15,725,1,60.48,0.0,1,1,1,3,At risk / hibernating
12941,2009-12-15,725,1,377.49,0.0,1,1,2,4,At risk / hibernating
17067,2009-12-15,725,3,454.54,0.0,1,3,2,6,Core
16694,2009-12-16,724,1,98.3,0.0,1,1,1,3,At risk / hibernating
18012,2009-12-16,724,1,115.3,0.0,1,1,1,3,At risk / hibernating
15499,2009-12-16,724,1,158.65,0.0,1,1,1,3,At risk / hibernating
13289,2009-12-16,724,1,307.95,0.0,1,1,2,4,At risk / hibernating
16195,2009-12-16,724,1,323.25,0.0,1,1,2,4,At risk / hibernating
17833,2009-12-16,724,1,338.46,0.0,1,1,2,4,At risk / hibernating
14095,2009-12-17,723,1,2.95,0.0,1,1,1,3,At risk / hibernating
16439,2009-12-17,723,1,310.7,0.0,1,1,2,4,At risk / hibernating
18186,2009-12-17,723,1,329.58,0.0,1,1,2,4,At risk / hibernating
17103,2009-12-17,723,1,424.3,0.0,1,2,2,5,At risk / hibernating
18201,2009-12-17,723,1,447.53,0.0,1,2,2,5,At risk / hibernating
16908,2009-12-17,723,2,252.59,99.0,1,2,1,4,At risk / hibernating
15302,2009-12-17,723,2,308.0,16.95,1,2,2,5,At risk / hibernating
17927,2009-12-18,722,1,294.0,0.0,1,1,2,4,At risk / hibernating
13847,2009-12-20,720,1,310.72,0.0,1,1,2,4,At risk / hibernating
13111,2009-12-21,719,1,321.88,0.0,1,1,2,4,At risk / hibernating
17632,2009-12-22,718,2,0.0,12.7,1,2,1,4,At risk / hibernating
14969,2010-01-05,704,1,906.23,0.0,1,2,3,6,At risk / hibernating
13749,2010-01-07,702,1,0.0,10.25,1,1,1,3,At risk / hibernating
15324,2010-01-07,702,1,140.22,0.0,1,1,1,3,At risk / hibernating
15409,2010-01-07,702,2,131.25,14.05,1,2,1,4,At risk / hibernating
18115,2010-01-11,698,1,9.7,0.0,1,1,1,3,At risk / hibernating
17352,2010-01-12,697,1,36.25,0.0,1,1,1,3,At risk / hibernating
17945,2010-01-12,697,3,360.35,0.0,1,3,2,6,Core
16304,2010-01-14,695,1,381.66,0.0,1,1,2,4,At risk / hibernating
12860,2010-01-15,694,1,54.22,0.0,1,1,1,3,At risk / hibernating
13907,2010-01-17,692,1,136.8,0.0,1,1,1,3,At risk / hibernating
15375,2010-01-18,691,1,60.96,0.0,1,1,1,3,At risk / hibernating
14892,2010-01-18,691,1,202.35,0.0,1,1,1,3,At risk / hibernating
16867,2010-01-19,690,1,76.74,0.0,1,1,1,3,At risk / hibernating
14983,2010-01-19,690,1,183.2,0.0,1,1,1,3,At risk / hibernating
12470,2010-01-19,690,1,211.95,0.0,1,1,1,3,At risk / hibernating
15697,2010-01-19,690,1,246.75,0.0,1,1,1,3,At risk / hibernating
13315,2010-01-19,690,1,310.26,0.0,1,1,2,4,At risk / hibernating
17875,2010-01-20,689,1,167.1,0.0,1,1,1,3,At risk / hibernating
13622,2010-01-20,689,2,658.95,7.5,1,2,3,6,At risk / hibernating
13457,2010-01-20,689,4,148.22,4.95,1,3,1,5,Core
14207,2010-01-21,688,1,157.8,0.0,1,1,1,3,At risk / hibernating
14274,2010-01-22,687,1,256.6,0.0,1,1,1,3,At risk / hibernating
17794,2010-01-22,687,2,147.3,0.0,1,2,1,4,At risk / hibernating
14879,2010-01-24,685,1,185.06,0.0,1,1,1,3,At risk / hibernating
13036,2010-01-24,685,1,307.1,0.0,1,1,2,4,At risk / hibernating
14070,2010-01-24,685,1,321.6,0.0,1,1,2,4,At risk / hibernating
14751,2010-01-24,685,2,126.45,0.0,1,2,1,4,At risk / hibernating
14376,2010-01-25,684,1,215.46,0.0,1,1,1,3,At risk / hibernating
14519,2010-01-25,684,2,203.14,0.0,1,2,1,4,At risk / hibernating
12382,2010-01-26,683,1,0.0,18.38,1,1,1,3,At risk / hibernating
12706,2010-01-26,683,1,0.0,91.89,1,1,1,3,At risk / hibernating
13054,2010-01-26,683,1,0.0,14.0,1,1,1,3,At risk / hibernating
13528,2010-01-26,683,1,0.0,40.0,1,1,1,3,At risk / hibernating
13664,2010-01-26,683,1,0.0,13.14,1,1,1,3,At risk / hibernating
15357,2010-01-26,683,1,0.0,36.75,1,1,1,3,At risk / hibernating
15383,2010-01-26,683,1,0.0,10.5,1,1,1,3,At risk / hibernating
16154,2010-01-26,683,1,0.0,10.5,1,1,1,3,At risk / hibernating
16575,2010-01-26,683,1,0.0,10.49,1,1,1,3,At risk / hibernating
17130,2010-01-26,683,1,0.0,18.38,1,1,1,3,At risk / hibernating
12846,2010-01-26,683,1,15.58,0.0,1,1,1,3,At risk / hibernating
12606,2010-01-26,683,1,21.0,0.0,1,1,1,3,At risk / hibernating
12466,2010-01-26,683,1,56.73,0.0,1,1,1,3,At risk / hibernating
12404,2010-01-26,683,1,63.24,0.0,1,1,1,3,At risk / hibernating
12570,2010-01-26,683,1,77.52,0.0,1,1,1,3,At risk / hibernating
16047,2010-01-26,683,1,107.14,0.0,1,1,1,3,At risk / hibernating
16291,2010-01-26,683,1,117.72,0.0,1,1,1,3,At risk / hibernating
12555,2010-01-26,683,1,129.23,0.0,1,1,1,3,At risk / hibernating
15959,2010-01-26,683,3,542.89,0.0,1,3,2,6,Core
12439,2010-01-26,683,3,1142.88,53.7,1,3,3,7,Core
16051,2010-01-27,682,1,188.44,0.0,1,1,1,3,At risk / hibernating
12869,2010-01-27,682,1,337.67,0.0,1,1,2,4,At risk / hibernating
14137,2010-01-27,682,2,332.7,38.6,1,2,2,5,At risk / hibernating
14613,2010-01-28,681,1,76.32,0.0,1,1,1,3,At risk / hibernating
17982,2010-01-28,681,1,138.18,0.0,1,1,1,3,At risk / hibernating
16137,2010-01-28,681,1,422.7,0.0,1,2,2,5,At risk / hibernating
17943,2010-01-29,680,1,0.0,165.03,1,1,1,3,At risk / hibernating
16673,2010-01-29,680,1,171.13,0.0,1,1,1,3,At risk / hibernating
15487,2010-01-29,680,1,231.32,0.0,1,1,1,3,At risk / hibernating
16802,2010-01-29,680,2,582.61,0.0,1,2,2,5,At risk / hibernating
13392,2010-01-31,678,1,91.14,0.0,1,1,1,3,At risk / hibernating
14637,2010-01-31,678,1,106.68,0.0,1,1,1,3,At risk / hibernating
15338,2010-01-31,678,1,277.93,0.0,1,1,2,4,At risk / hibernating
15588,2010-01-31,678,1,579.6,0.0,1,2,2,5,At risk / hibernating
15317,2010-01-31,678,2,129.75,17.7,1,2,1,4,At risk / hibernating
13628,2010-02-01,677,1,310.14,0.0,1,1,2,4,At risk / hibernating
18175,2010-02-02,676,1,176.1,0.0,1,1,1,3,At risk / hibernating
12848,2010-02-02,676,1,208.0,0.0,1,1,1,3,At risk / hibernating
18199,2010-02-02,676,2,344.75,2.55,1,2,2,5,At risk / hibernating
13757,2010-02-03,675,1,195.55,0.0,1,1,1,3,At risk / hibernating
14545,2010-02-03,675,1,349.25,0.0,1,1,2,4,At risk / hibernating
13553,2010-02-03,675,1,499.6,0.0,1,2,2,5,At risk / hibernating
12396,2010-02-03,675,1,931.43,0.0,1,2,3,6,At risk / hibernating
17328,2010-02-04,674,1,104.7,0.0,1,1,1,3,At risk / hibernating
14151,2010-02-04,674,3,679.45,12.75,1,3,3,7,Core
13009,2010-02-05,673,1,234.0,0.0,1,1,1,3,At risk / hibernating
13234,2010-02-05,673,2,346.5,0.0,1,2,2,5,At risk / hibernating
16082,2010-02-07,671,1,106.75,0.0,1,1,1,3,At risk / hibernating
17319,2010-02-08,670,1,29.1,0.0,1,1,1,3,At risk / hibernating
14884,2010-02-08,670,1,120.6,0.0,1,1,1,3,At risk / hibernating
15892,2010-02-08,670,1,128.2,0.0,1,1,1,3,At risk / hibernating
18070,2010-02-08,670,2,314.1,6.35,1,2,2,5,At risk / hibernating
17294,2010-02-08,670,2,467.79,0.0,1,2,2,5,At risk / hibernating
16530,2010-02-09,669,1,48.35,0.0,1,1,1,3,At risk / hibernating
15082,2010-02-09,669,1,93.35,0.0,1,1,1,3,At risk / hibernating
13119,2010-02-09,669,1,134.9,0.0,1,1,1,3,At risk / hibernating
17810,2010-02-09,669,3,373.16,29.95,1,3,2,6,Core
16436,2010-02-09,669,4,319.14,87.3,1,3,2,6,Core
12776,2010-02-10,668,1,55.5,0.0,1,1,1,3,At risk / hibernating
17575,2010-02-10,668,1,171.7,0.0,1,1,1,3,At risk / hibernating
17780,2010-02-10,668,3,346.56,0.0,1,3,2,6,Core
13442,2010-02-10,668,3,419.87,0.0,1,3,2,6,Core
14190,2010-02-11,667,1,79.9,0.0,1,1,1,3,At risk / hibernating
15765,2010-02-11,667,1,370.63,0.0,1,1,2,4,At risk / hibernating
16577,2010-02-11,667,1,380.0,0.0,1,1,2,4,At risk / hibernating
14072,2010-02-11,667,1,390.85,0.0,1,1,2,4,At risk / hibernating
14103,2010-02-12,666,1,0.0,0.0,1,1,1,3,At risk / hibernating
14827,2010-02-12,666,1,0.0,0.0,1,1,1,3,At risk / hibernating
15293,2010-02-12,666,1,247.5,0.0,1,1,1,3,At risk / hibernating
14943,2010-02-14,664,1,107.62,0.0,1,1,1,3,At risk / hibernating
17108,2010-02-14,664,1,174.95,0.0,1,1,1,3,At risk / hibernating
15964,2010-02-14,664,1,269.21,0.0,1,1,1,3,At risk / hibernating
16822,2010-02-14,664,3,181.39,36.55,1,2,1,4,At risk / hibernating
15371,2010-02-15,663,1,59.4,0.0,1,1,1,3,At risk / hibernating
17136,2010-02-15,663,1,231.68,0.0,1,1,1,3,At risk / hibernating
17778,2010-02-16,662,1,197.7,0.0,1,1,1,3,At risk / hibernating
14989,2010-02-16,662,1,342.4,0.0,1,1,2,4,At risk / hibernating
15662,2010-02-16,662,2,283.73,0.0,1,2,2,5,At risk / hibernating
17662,2010-02-16,662,2,412.92,0.0,1,2,2,5,At risk / hibernating
18285,2010-02-17,661,1,427.0,0.0,1,2,2,5,At risk / hibernating
15693,2010-02-18,660,1,37.5,0.0,1,1,1,3,At risk / hibernating
18153,2010-02-18,660,1,246.22,0.0,1,1,1,3,At risk / hibernating
17721,2010-02-18,660,1,307.21,0.0,1,1,2,4,At risk / hibernating
18267,2010-02-18,660,2,269.37,16.5,1,2,1,4,At risk / hibernating
14244,2010-02-18,660,2,366.42,11.6,1,2,2,5,At risk / hibernating
16481,2010-02-18,660,3,453.38,25.15,1,3,2,6,Core
13191,2010-02-19,659,1,164.69,0.0,1,1,1,3,At risk / hibernating
12416,2010-02-21,657,1,202.56,0.0,1,1,1,3,At risk / hibernating
14602,2010-02-21,657,1,205.36,0.0,1,1,1,3,At risk / hibernating
15928,2010-02-21,657,1,293.53,0.0,1,1,2,4,At risk / hibernating
17439,2010-02-22,656,1,325.74,0.0,1,1,2,4,At risk / hibernating
17195,2010-02-22,656,1,562.98,0.0,1,2,2,5,At risk / hibernating
14783,2010-02-22,656,2,307.3,1.95,1,2,2,5,At risk / hibernating
14726,2010-02-23,655,1,116.5,0.0,1,1,1,3,At risk / hibernating
13490,2010-02-23,655,1,154.25,0.0,1,1,1,3,At risk / hibernating
15295,2010-02-23,655,1,207.04,0.0,1,1,1,3,At risk / hibernating
14091,2010-02-23,655,2,9530.08,0.0,1,2,5,8,At risk / hibernating
13469,2010-02-24,654,1,82.4,0.0,1,1,1,3,At risk / hibernating
16388,2010-02-24,654,1,186.05,0.0,1,1,1,3,At risk / hibernating
13944,2010-02-24,654,1,200.43,0.0,1,1,1,3,At risk / hibernating
13765,2010-02-24,654,1,352.82,0.0,1,1,2,4,At risk / hibernating
14558,2010-02-24,654,5,655.5,41.4,1,3,3,7,Core
14402,2010-02-25,653,1,285.6,0.0,1,1,2,4,At risk / hibernating
17207,2010-02-25,653,1,292.62,0.0,1,1,2,4,At risk / hibernating
13604,2010-02-25,653,2,717.62,4.23,1,2,3,6,At risk / hibernating
18046,2010-02-28,650,1,189.63,0.0,1,1,1,3,At risk / hibernating
15477,2010-02-28,650,1,368.4,0.0,1,1,2,4,At risk / hibernating
15943,2010-02-28,650,2,271.29,0.0,1,2,1,4,At risk / hibernating
17209,2010-02-28,650,3,595.7,0.0,1,3,2,6,Core
14131,2010-03-01,649,1,168.22,0.0,1,1,1,3,At risk / hibernating
16731,2010-03-01,649,1,170.3,0.0,1,1,1,3,At risk / hibernating
17116,2010-03-01,649,1,389.78,0.0,1,1,2,4,At risk / hibernating
17305,2010-03-01,649,1,2135.46,0.0,1,2,4,7,At risk / hibernating
16273,2010-03-01,649,2,318.34,0.0,1,2,2,5,At risk / hibernating
15927,2010-03-02,648,1,106.54,0.0,1,1,1,3,At risk / hibernating
17638,2010-03-02,648,2,842.4,0.0,1,2,3,6,At risk / hibernating
13793,2010-03-03,647,1,96.0,0.0,1,1,1,3,At risk / hibernating
15875,2010-03-03,647,1,108.52,0.0,1,1,1,3,At risk / hibernating
18148,2010-03-03,647,1,112.85,0.0,1,1,1,3,At risk / hibernating
16285,2010-03-03,647,1,176.9,0.0,1,1,1,3,At risk / hibernating
18152,2010-03-03,647,1,426.69,0.0,1,2,2,5,At risk / hibernating
14018,2010-03-04,646,1,367.15,0.0,1,1,2,4,At risk / hibernating
13879,2010-03-04,646,1,395.5,0.0,1,1,2,4,At risk / hibernating
17577,2010-03-04,646,2,348.75,0.0,1,2,2,5,At risk / hibernating
12568,2010-03-05,645,1,70.0,0.0,1,1,1,3,At risk / hibernating
15929,2010-03-05,645,1,594.0,0.0,1,2,2,5,At risk / hibernating
18253,2010-03-07,643,1,317.88,0.0,1,1,2,4,At risk / hibernating
18029,2010-03-07,643,1,433.77,0.0,1,2,2,5,At risk / hibernating
15631,2010-03-07,643,1,596.67,0.0,1,2,2,5,At risk / hibernating
16534,2010-03-07,643,1,635.9,0.0,1,2,3,6,At risk / hibernating
14369,2010-03-07,643,2,469.13,0.0,1,2,2,5,At risk / hibernating
17661,2010-03-08,642,1,0.0,54.0,1,1,1,3,At risk / hibernating
16537,2010-03-08,642,1,23.35,0.0,1,1,1,3,At risk / hibernating
13454,2010-03-08,642,1,219.87,0.0,1,1,1,3,At risk / hibernating
17488,2010-03-08,642,1,336.5,0.0,1,1,2,4,At risk / hibernating
15767,2010-03-08,642,2,0.0,242.7,1,2,1,4,At risk / hibernating
15250,2010-03-09,641,1,60.0,0.0,1,1,1,3,At risk / hibernating
17907,2010-03-09,641,1,291.76,0.0,1,1,2,4,At risk / hibernating
13641,2010-03-09,641,7,1016.47,94.65,1,4,3,8,Core
15558,2010-03-10,640,2,202.68,70.8,1,2,1,4,At risk / hibernating
13413,2010-03-10,640,8,429.44,83.64,1,4,2,7,Core
12954,2010-03-11,639,1,162.45,0.0,1,1,1,3,At risk / hibernating
12692,2010-03-12,638,1,110.95,0.0,1,1,1,3,At risk / hibernating
13724,2010-03-12,638,1,213.01,0.0,1,1,1,3,At risk / hibernating
13688,2010-03-14,636,1,375.5,0.0,1,1,2,4,At risk / hibernating
13530,2010-03-15,635,1,402.98,0.0,1,1,2,4,At risk / hibernating
12495,2010-03-15,635,2,357.4,34.0,1,2,2,5,At risk / hibernating
13543,2010-03-15,635,2,1439.61,0.0,1,2,4,7,At risk / hibernating
18051,2010-03-15,635,8,2282.28,6.3,1,4,4,9,Need attention
14604,2010-03-16,634,1,143.86,0.0,1,1,1,3,At risk / hibernating
17568,2010-03-16,634,1,374.45,0.0,1,1,2,4,At risk / hibernating
12366,2010-03-16,634,1,500.24,0.0,1,2,2,5,At risk / hibernating
17933,2010-03-17,633,1,114.69,0.0,1,1,1,3,At risk / hibernating
17479,2010-03-17,633,1,389.26,0.0,1,1,2,4,At risk / hibernating
13902,2010-03-17,633,8,34095.26,3684.0,1,4,5,10,Need attention
15496,2010-03-18,632,1,146.14,0.0,1,1,1,3,At risk / hibernating
18131,2010-03-18,632,1,222.96,0.0,1,1,1,3,At risk / hibernating
13128,2010-03-18,632,1,263.5,0.0,1,1,1,3,At risk / hibernating
14939,2010-03-19,631,1,0.0,934.66,1,1,1,3,At risk / hibernating
16514,2010-03-19,631,1,0.0,134.86,1,1,1,3,At risk / hibernating
17445,2010-03-19,631,1,0.0,506.51,1,1,1,3,At risk / hibernating
16508,2010-03-19,631,1,240.95,0.0,1,1,1,3,At risk / hibernating
16452,2010-03-19,631,2,332.17,0.0,1,2,2,5,At risk / hibernating
14832,2010-03-19,631,3,322.69,597.32,1,3,2,6,Core
15760,2010-03-19,631,5,13916.34,19712.21,1,4,5,10,Need attention
16397,2010-03-21,629,1,123.13,0.0,1,1,1,3,At risk / hibernating
17587,2010-03-21,629,1,176.71,0.0,1,1,1,3,At risk / hibernating
12796,2010-03-21,629,1,381.0,0.0,1,1,2,4,At risk / hibernating
12368,2010-03-21,629,1,917.7,0.0,1,2,3,6,At risk / hibernating
17916,2010-03-21,629,2,43.87,0.0,1,2,1,4,At risk / hibernating
17285,2010-03-21,629,2,407.94,0.0,1,2,2,5,At risk / hibernating
16911,2010-03-22,628,3,255.25,3.9,1,3,1,5,Core
16994,2010-03-23,627,1,0.0,779.32,1,1,1,3,At risk / hibernating
16970,2010-03-23,627,1,71.4,0.0,1,1,1,3,At risk / hibernating
16578,2010-03-23,627,1,156.6,0.0,1,1,1,3,At risk / hibernating
14596,2010-03-23,627,1,222.22,0.0,1,1,1,3,At risk / hibernating
13445,2010-03-23,627,1,241.9,0.0,1,1,1,3,At risk / hibernating
12918,2010-03-23,627,3,10953.5,21907.0,1,3,5,9,Need attention
16296,2010-03-23,627,6,1313.67,67.7,1,4,4,9,Need attention
16002,2010-03-24,626,1,169.21,0.0,1,1,1,3,At risk / hibernating
16741,2010-03-24,626,1,173.06,0.0,1,1,1,3,At risk / hibernating
17072,2010-03-24,626,1,273.35,0.0,1,1,2,4,At risk / hibernating
13896,2010-03-24,626,1,388.55,0.0,1,1,2,4,At risk / hibernating
13100,2010-03-25,625,1,0.0,1598.67,1,1,1,3,At risk / hibernating
13401,2010-03-25,625,1,0.0,1834.14,1,1,1,3,At risk / hibernating
13409,2010-03-25,625,1,0.0,525.65,1,1,1,3,At risk / hibernating
14313,2010-03-25,625,1,0.0,302.31,1,1,1,3,At risk / hibernating
15896,2010-03-25,625,1,0.0,1899.67,1,1,1,3,At risk / hibernating
15698,2010-03-25,625,1,46.2,0.0,1,1,1,3,At risk / hibernating
16090,2010-03-25,625,1,180.56,0.0,1,1,1,3,At risk / hibernating
13459,2010-03-25,625,2,1160.41,0.0,1,2,3,6,At risk / hibernating
12663,2010-03-25,625,3,239.4,35.4,1,2,1,4,At risk / hibernating
18166,2010-03-26,624,1,175.5,0.0,1,1,1,3,At risk / hibernating
14330,2010-03-26,624,1,200.63,0.0,1,1,1,3,At risk / hibernating
14074,2010-03-26,624,1,219.4,0.0,1,1,1,3,At risk / hibernating
18187,2010-03-26,624,3,724.89,42.7,1,3,3,7,Core
13053,2010-03-28,622,1,127.65,0.0,1,1,1,3,At risk / hibernating
14378,2010-03-28,622,1,131.25,0.0,1,1,1,3,At risk / hibernating
15848,2010-03-28,622,1,137.99,0.0,1,1,1,3,At risk / hibernating
13825,2010-03-28,622,2,255.59,0.0,1,2,1,4,At risk / hibernating
14809,2010-03-28,622,2,686.76,0.0,1,2,3,6,At risk / hibernating
13412,2010-03-29,621,1,487.35,0.0,1,2,2,5,At risk / hibernating
12496,2010-03-29,621,2,45.34,0.0,1,2,1,4,At risk / hibernating
16502,2010-03-29,621,2,258.55,0.0,1,2,1,4,At risk / hibernating
15575,2010-03-30,620,1,30.1,0.0,1,1,1,3,At risk / hibernating
12861,2010-03-30,620,1,68.25,0.0,1,1,1,3,At risk / hibernating
15742,2010-03-30,620,1,156.87,0.0,1,1,1,3,At risk / hibernating
17586,2010-03-30,620,1,167.4,0.0,1,1,1,3,At risk / hibernating
14928,2010-03-30,620,2,223.91,19.45,1,2,1,4,At risk / hibernating
13219,2010-03-31,619,1,76.23,0.0,1,1,1,3,At risk / hibernating
16845,2010-03-31,619,1,253.88,0.0,1,1,1,3,At risk / hibernating
14706,2010-03-31,619,1,367.54,0.0,1,1,2,4,At risk / hibernating
13179,2010-03-31,619,1,572.31,0.0,1,2,2,5,At risk / hibernating
15029,2010-03-31,619,2,365.1,2.95,1,2,2,5,At risk / hibernating
16704,2010-03-31,619,2,664.16,0.0,1,2,3,6,At risk / hibernating
12533,2010-03-31,619,6,1367.89,217.9,1,4,4,9,Need attention
15997,2010-04-01,618,1,0.0,23.4,1,1,1,3,At risk / hibernating
17993,2010-04-01,618,1,225.99,0.0,1,1,1,3,At risk / hibernating
14694,2010-04-01,618,1,244.31,0.0,1,1,1,3,At risk / hibernating
14200,2010-04-01,618,1,379.2,0.0,1,1,2,4,At risk / hibernating
17539,2010-04-01,618,7,1176.84,179.5,1,4,3,8,Core
13071,2010-04-06,613,1,129.22,0.0,1,1,1,3,At risk / hibernating
15770,2010-04-06,613,1,321.45,0.0,1,1,2,4,At risk / hibernating
14990,2010-04-06,613,2,304.17,0.0,1,2,2,5,At risk / hibernating
17477,2010-04-06,613,5,1144.3,65.3,1,4,3,8,Core
16941,2010-04-07,612,1,33.0,0.0,1,1,1,3,At risk / hibernating
15112,2010-04-07,612,1,209.4,0.0,1,1,1,3,At risk / hibernating
13640,2010-04-07,612,1,405.0,0.0,1,2,2,5,At risk / hibernating
12711,2010-04-07,612,2,1339.05,0.0,1,2,4,7,At risk / hibernating
15613,2010-04-08,611,1,433.72,0.0,1,2,2,5,At risk / hibernating
13163,2010-04-08,611,2,17.65,17.65,1,2,1,4,At risk / hibernating
17529,2010-04-08,611,2,1240.25,0.0,1,2,4,7,At risk / hibernating
14160,2010-04-08,611,7,8421.47,0.0,1,4,5,10,Need attention
15309,2010-04-08,611,10,797.96,82.43,1,4,3,8,Core
16944,2010-04-09,610,1,101.36,0.0,1,1,1,3,At risk / hibernating
13197,2010-04-09,610,1,373.01,0.0,1,1,2,4,At risk / hibernating
12786,2010-04-09,610,1,728.5,0.0,1,2,3,6,At risk / hibernating
18271,2010-04-09,610,2,680.85,0.0,1,2,3,6,At risk / hibernating
13180,2010-04-11,608,1,86.1,0.0,1,1,1,3,At risk / hibernating
14791,2010-04-12,607,1,303.63,0.0,1,1,2,4,At risk / hibernating
12671,2010-04-12,607,1,2622.48,0.0,1,2,4,7,At risk / hibernating
13852,2010-04-12,607,2,187.35,16.9,1,2,1,4,At risk / hibernating
15546,2010-04-12,607,3,1079.1,539.55,1,3,3,7,Core
14914,2010-04-13,606,1,0.0,5.85,1,1,1,3,At risk / hibernating
15982,2010-04-13,606,1,324.51,0.0,1,1,2,4,At risk / hibernating
12459,2010-04-13,606,1,454.36,0.0,1,2,2,5,At risk / hibernating
14771,2010-04-13,606,3,594.62,14.7,1,3,2,6,Core
14172,2010-04-13,606,4,369.02,12.75,1,3,2,6,Core
17039,2010-04-14,605,1,1954.99,0.0,1,2,4,7,At risk / hibernating
15771,2010-04-14,605,3,1006.54,0.0,1,3,3,7,Core
13633,2010-04-15,604,1,0.0,306.66,1,1,1,3,At risk / hibernating
17452,2010-04-15,604,1,0.0,227.28,1,1,1,3,At risk / hibernating
13661,2010-04-15,604,1,325.24,0.0,1,1,2,4,At risk / hibernating
17013,2010-04-15,604,2,0.0,3224.76,1,2,1,4,At risk / hibernating
14380,2010-04-15,604,2,48.96,148.69,1,2,1,4,At risk / hibernating
16840,2010-04-15,604,3,139.85,13.14,1,2,1,4,At risk / hibernating
12969,2010-04-16,603,1,122.45,0.0,1,1,1,3,At risk / hibernating
17626,2010-04-16,603,1,254.0,0.0,1,1,1,3,At risk / hibernating
15979,2010-04-16,603,1,329.22,0.0,1,1,2,4,At risk / hibernating
17842,2010-04-16,603,1,430.69,0.0,1,2,2,5,At risk / hibernating
13286,2010-04-18,601,1,734.91,0.0,1,2,3,6,At risk / hibernating
16548,2010-04-19,600,1,30.15,0.0,1,1,1,3,At risk / hibernating
14845,2010-04-19,600,1,150.0,0.0,1,1,1,3,At risk / hibernating
15273,2010-04-19,600,1,228.96,0.0,1,1,1,3,At risk / hibernating
17474,2010-04-19,600,1,1047.0,0.0,1,2,3,6,At risk / hibernating
12742,2010-04-19,600,2,1201.52,16.5,1,2,3,6,At risk / hibernating
15682,2010-04-19,600,3,318.24,1.25,1,3,2,6,Core
16151,2010-04-20,599,1,0.0,4217.59,1,1,1,3,At risk / hibernating
14812,2010-04-20,599,1,178.85,0.0,1,1,1,3,At risk / hibernating
12780,2010-04-20,599,1,337.4,0.0,1,1,2,4,At risk / hibernating
12983,2010-04-20,599,1,490.08,0.0,1,2,2,5,At risk / hibernating
18134,2010-04-20,599,2,445.0,0.0,1,2,2,5,At risk / hibernating
17825,2010-04-20,599,4,701.96,0.0,1,3,3,7,Core
15354,2010-04-20,599,7,284.4,379.2,1,4,2,7,Core
15455,2010-04-21,598,1,38.25,0.0,1,1,1,3,At risk / hibernating
17681,2010-04-21,598,6,731.2,201.6,1,4,3,8,Core
15849,2010-04-22,597,1,0.0,5876.34,1,1,1,3,At risk / hibernating
17240,2010-04-22,597,1,130.6,0.0,1,1,1,3,At risk / hibernating
17057,2010-04-22,597,1,294.74,0.0,1,1,2,4,At risk / hibernating
13625,2010-04-22,597,1,301.26,0.0,1,1,2,4,At risk / hibernating
17729,2010-04-22,597,1,438.65,0.0,1,2,2,5,At risk / hibernating
15231,2010-04-22,597,2,250.26,21.9,1,2,1,4,At risk / hibernating
13698,2010-04-22,597,2,451.73,0.0,1,2,2,5,At risk / hibernating
15176,2010-04-22,597,2,988.04,2.95,1,2,3,6,At risk / hibernating
14917,2010-04-22,597,2,1123.75,0.0,1,2,3,6,At risk / hibernating
14556,2010-04-22,597,3,815.69,0.0,1,3,3,7,Core
17622,2010-04-22,597,3,1130.21,5.04,1,3,3,7,Core
13935,2010-04-22,597,3,6116.92,0.0,1,3,5,9,Need attention
16028,2010-04-23,596,1,82.2,0.0,1,1,1,3,At risk / hibernating
15474,2010-04-23,596,1,150.35,0.0,1,1,1,3,At risk / hibernating
15548,2010-04-23,596,1,158.09,0.0,1,1,1,3,At risk / hibernating
16068,2010-04-25,594,1,115.73,0.0,1,1,1,3,At risk / hibernating
13609,2010-04-25,594,1,167.35,0.0,1,1,1,3,At risk / hibernating
18091,2010-04-25,594,1,360.85,0.0,1,1,2,4,At risk / hibernating
16585,2010-04-25,594,2,341.59,0.0,1,2,2,5,At risk / hibernating
14743,2010-04-26,593,1,50.48,0.0,1,1,1,3,At risk / hibernating
14999,2010-04-26,593,1,129.48,0.0,1,1,1,3,At risk / hibernating
17959,2010-04-26,593,1,140.75,0.0,1,1,1,3,At risk / hibernating
14677,2010-04-26,593,1,184.91,0.0,1,1,1,3,At risk / hibernating
17093,2010-04-26,593,1,235.88,0.0,1,1,1,3,At risk / hibernating
16267,2010-04-27,592,1,186.66,0.0,1,1,1,3,At risk / hibernating
16408,2010-04-27,592,1,231.93,0.0,1,1,1,3,At risk / hibernating
12392,2010-04-27,592,1,234.75,0.0,1,1,1,3,At risk / hibernating
14471,2010-04-27,592,2,400.95,0.0,1,2,2,5,At risk / hibernating
16749,2010-04-27,592,2,4157.88,0.0,1,2,5,8,At risk / hibernating
17185,2010-04-27,592,3,229.46,0.0,1,2,1,4,At risk / hibernating
15586,2010-04-27,592,4,1139.1,10.44,1,3,3,7,Core
17605,2010-04-28,591,1,160.75,0.0,1,1,1,3,At risk / hibernating
12698,2010-04-28,591,1,339.75,0.0,1,1,2,4,At risk / hibernating
14724,2010-04-28,591,1,341.9,0.0,1,1,2,4,At risk / hibernating
13775,2010-04-28,591,1,1049.66,0.0,1,2,3,6,At risk / hibernating
14650,2010-04-29,590,1,62.5,0.0,1,1,1,3,At risk / hibernating
15954,2010-04-29,590,1,190.75,0.0,1,1,1,3,At risk / hibernating
14683,2010-04-30,589,1,146.56,0.0,1,1,1,3,At risk / hibernating
15818,2010-04-30,589,1,340.5,0.0,1,1,2,4,At risk / hibernating
14773,2010-04-30,589,2,140.55,14.85,1,2,1,4,At risk / hibernating
17565,2010-05-02,587,1,131.83,0.0,1,1,1,3,At risk / hibernating
16651,2010-05-02,587,1,136.2,0.0,1,1,1,3,At risk / hibernating
15229,2010-05-02,587,1,160.5,0.0,1,1,1,3,At risk / hibernating
13039,2010-05-04,585,4,1010.73,0.0,1,3,3,7,Core
13042,2010-05-04,585,4,1488.59,33.75,1,3,4,8,Need attention
15868,2010-05-05,584,1,94.53,0.0,1,1,1,3,At risk / hibernating
18028,2010-05-05,584,1,192.05,0.0,1,1,1,3,At risk / hibernating
16543,2010-05-05,584,2,292.21,14.4,1,2,2,5,At risk / hibernating
18111,2010-05-05,584,2,405.85,6.95,1,2,2,5,At risk / hibernating
13393,2010-05-05,584,6,1131.45,25.6,1,4,3,8,Core
13287,2010-05-05,584,7,781.59,261.92,1,4,3,8,Core
13342,2010-05-06,583,1,0.0,14.1,1,1,1,3,At risk / hibernating
17199,2010-05-06,583,1,135.04,0.0,1,1,1,3,At risk / hibernating
13143,2010-05-06,583,2,405.1,5.9,1,2,2,5,At risk / hibernating
15591,2010-05-06,583,3,217.9,0.0,1,2,1,4,At risk / hibernating
17225,2010-05-07,582,1,131.15,0.0,1,1,1,3,At risk / hibernating
14814,2010-05-07,582,1,154.21,0.0,1,1,1,3,At risk / hibernating
17798,2010-05-07,582,1,178.07,0.0,1,1,1,3,At risk / hibernating
18254,2010-05-07,582,1,267.9,0.0,1,1,1,3,At risk / hibernating
14826,2010-05-07,582,2,385.2,0.0,1,2,2,5,At risk / hibernating
17028,2010-05-07,582,3,1593.83,0.0,1,3,4,8,Need attention
13007,2010-05-09,580,1,175.25,0.0,1,1,1,3,At risk / hibernating
14588,2010-05-10,579,1,135.39,0.0,1,1,1,3,At risk / hibernating
14941,2010-05-10,579,1,182.1,0.0,1,1,1,3,At risk / hibernating
14361,2010-05-10,579,1,214.71,0.0,1,1,1,3,At risk / hibernating
17077,2010-05-10,579,1,306.0,0.0,1,1,2,4,At risk / hibernating
13051,2010-05-10,579,2,155.8,0.0,1,2,1,4,At risk / hibernating
18275,2010-05-10,579,2,741.85,0.0,1,2,3,6,At risk / hibernating
17563,2010-05-10,579,5,392.38,83.1,1,3,2,6,Core
13407,2010-05-10,579,6,2244.7,132.81,1,4,4,9,Need attention
13222,2010-05-11,578,1,88.5,0.0,1,1,1,3,At risk / hibernating
13943,2010-05-11,578,1,246.54,0.0,1,1,1,3,At risk / hibernating
16487,2010-05-11,578,2,209.4,0.0,1,2,1,4,At risk / hibernating
14391,2010-05-12,577,1,135.6,0.0,1,1,1,3,At risk / hibernating
17016,2010-05-12,577,1,552.4,0.0,1,2,2,5,At risk / hibernating
17484,2010-05-12,577,2,209.57,0.0,1,2,1,4,At risk / hibernating
13834,2010-05-12,577,3,324.19,76.3,1,3,2,6,Core
12905,2010-05-12,577,3,1018.42,6.6,1,3,3,7,Core
14685,2010-05-12,577,13,4536.64,295.48,1,5,5,11,Need attention
15470,2010-05-13,576,1,63.42,0.0,1,1,1,3,At risk / hibernating
12894,2010-05-13,576,1,157.35,0.0,1,1,1,3,At risk / hibernating
16088,2010-05-13,576,2,1437.43,0.0,1,2,4,7,At risk / hibernating
12549,2010-05-13,576,6,1575.68,0.0,1,4,4,9,Need attention
13830,2010-05-14,575,2,156.85,20.9,1,2,1,4,At risk / hibernating
13400,2010-05-14,575,2,310.83,9.9,1,2,2,5,At risk / hibernating
16077,2010-05-14,575,2,2300.4,1700.4,1,2,4,7,At risk / hibernating
14831,2010-05-14,575,7,1676.57,52.6,1,4,4,9,Need attention
16507,2010-05-16,573,1,142.71,0.0,1,1,1,3,At risk / hibernating
14982,2010-05-16,573,1,237.78,0.0,1,1,1,3,At risk / hibernating
16922,2010-05-16,573,1,611.08,0.0,1,2,3,6,At risk / hibernating
18157,2010-05-17,572,1,213.9,0.0,1,1,1,3,At risk / hibernating
14017,2010-05-17,572,1,229.75,0.0,1,1,1,3,At risk / hibernating
14678,2010-05-17,572,2,403.39,16.95,1,2,2,5,At risk / hibernating
13432,2010-05-17,572,2,439.1,0.0,1,2,2,5,At risk / hibernating
13905,2010-05-17,572,3,312.65,68.2,1,3,2,6,Core
15282,2010-05-18,571,1,348.59,0.0,1,1,2,4,At risk / hibernating
15391,2010-05-18,571,2,289.87,6.95,1,2,2,5,At risk / hibernating
16564,2010-05-19,570,1,87.8,0.0,1,1,1,3,At risk / hibernating
16664,2010-05-19,570,1,109.2,0.0,1,1,1,3,At risk / hibernating
14325,2010-05-19,570,1,245.48,0.0,1,1,1,3,At risk / hibernating
17184,2010-05-19,570,2,198.41,0.0,1,2,1,4,At risk / hibernating
13164,2010-05-19,570,3,372.2,74.74,1,3,2,6,Core
15559,2010-05-20,569,1,1109.4,0.0,1,2,3,6,At risk / hibernating
14464,2010-05-20,569,2,111.0,0.0,1,2,1,4,At risk / hibernating
13616,2010-05-20,569,2,283.85,0.0,1,2,2,5,At risk / hibernating
16615,2010-05-20,569,2,291.5,27.0,1,2,2,5,At risk / hibernating
18208,2010-05-23,566,1,360.08,0.0,1,1,2,4,At risk / hibernating
14010,2010-05-23,566,3,445.15,157.05,1,3,2,6,Core
16831,2010-05-24,565,1,91.8,0.0,1,1,1,3,At risk / hibernating
14394,2010-05-24,565,1,93.8,0.0,1,1,1,3,At risk / hibernating
18000,2010-05-24,565,1,124.25,0.0,1,1,1,3,At risk / hibernating
18052,2010-05-24,565,1,10877.18,0.0,1,2,5,8,At risk / hibernating
12773,2010-05-24,565,2,124.25,124.25,1,2,1,4,At risk / hibernating
15086,2010-05-24,565,2,218.53,0.0,1,2,1,4,At risk / hibernating
14993,2010-05-25,564,1,36.13,0.0,1,1,1,3,At risk / hibernating
16328,2010-05-25,564,1,310.83,0.0,1,1,2,4,At risk / hibernating
15217,2010-05-25,564,1,426.24,0.0,1,2,2,5,At risk / hibernating
13768,2010-05-25,564,8,875.97,117.9,1,4,3,8,Core
17074,2010-05-26,563,1,203.05,0.0,1,1,1,3,At risk / hibernating
16046,2010-05-26,563,1,235.78,0.0,1,1,1,3,At risk / hibernating
16844,2010-05-26,563,2,614.34,0.0,1,2,3,6,At risk / hibernating
16067,2010-05-26,563,6,3269.11,369.1,1,4,5,10,Need attention
15340,2010-05-27,562,1,105.5,0.0,1,1,1,3,At risk / hibernating
16695,2010-05-27,562,2,191.9,0.0,1,2,1,4,At risk / hibernating
15878,2010-05-27,562,2,330.77,0.0,1,2,2,5,At risk / hibernating
15278,2010-05-27,562,4,496.16,0.0,1,3,2,6,Core
17583,2010-05-28,561,1,135.95,0.0,1,1,1,3,At risk / hibernating
16035,2010-05-28,561,1,217.73,0.0,1,1,1,3,At risk / hibernating
12499,2010-05-28,561,1,393.72,0.0,1,1,2,4,At risk / hibernating
18163,2010-05-28,561,2,728.84,89.5,1,2,3,6,At risk / hibernating
17617,2010-05-30,559,2,385.19,158.05,1,2,2,5,At risk / hibernating
18038,2010-06-01,557,1,141.48,0.0,1,1,1,3,At risk / hibernating
15711,2010-06-01,557,2,420.25,0.0,1,2,2,5,At risk / hibernating
15305,2010-06-02,556,1,93.6,0.0,1,1,1,3,At risk / hibernating
16896,2010-06-02,556,1,103.95,0.0,1,1,1,3,At risk / hibernating
14033,2010-06-02,556,1,109.44,0.0,1,1,1,3,At risk / hibernating
12677,2010-06-02,556,3,395.1,5.8,1,3,2,6,Core
17845,2010-06-02,556,4,596.09,0.0,1,3,2,6,Core
15715,2010-06-02,556,5,658.02,0.0,1,3,3,7,Core
17216,2010-06-03,555,1,63.6,0.0,1,1,1,3,At risk / hibernating
13175,2010-06-03,555,4,831.45,38.35,1,3,3,7,Core
16798,2010-06-03,555,4,841.16,11.15,1,3,3,7,Core
15359,2010-06-03,555,9,181.35,18.75,1,4,1,6,Core
15731,2010-06-04,554,1,125.3,0.0,1,1,1,3,At risk / hibernating
18206,2010-06-04,554,1,314.66,0.0,1,1,2,4,At risk / hibernating
12675,2010-06-04,554,4,957.25,23.7,1,3,3,7,Core
18234,2010-06-06,552,1,179.6,0.0,1,1,1,3,At risk / hibernating
13056,2010-06-06,552,1,209.48,0.0,1,1,1,3,At risk / hibernating
17915,2010-06-06,552,1,225.78,0.0,1,1,1,3,At risk / hibernating
17009,2010-06-06,552,1,242.06,0.0,1,1,1,3,At risk / hibernating
12911,2010-06-06,552,1,1651.72,0.0,1,2,4,7,At risk / hibernating
18137,2010-06-06,552,2,145.99,0.0,1,2,1,4,At risk / hibernating
15956,2010-06-06,552,2,617.6,0.0,1,2,3,6,At risk / hibernating
16335,2010-06-06,552,8,2753.52,27.0,1,4,4,9,Need attention
14786,2010-06-07,551,1,90.96,0.0,1,1,1,3,At risk / hibernating
17784,2010-06-07,551,1,112.86,0.0,1,1,1,3,At risk / hibernating
18100,2010-06-07,551,1,451.56,0.0,1,2,2,5,At risk / hibernating
18103,2010-06-08,550,1,105.8,0.0,1,1,1,3,At risk / hibernating
17543,2010-06-08,550,1,120.05,0.0,1,1,1,3,At risk / hibernating
14671,2010-06-08,550,2,1127.45,0.0,1,2,3,6,At risk / hibernating
14308,2010-06-08,550,5,1147.02,1996.47,1,4,3,8,Core
15352,2010-06-09,549,1,111.15,0.0,1,1,1,3,At risk / hibernating
17971,2010-06-09,549,1,161.94,0.0,1,1,1,3,At risk / hibernating
17417,2010-06-09,549,1,164.18,0.0,1,1,1,3,At risk / hibernating
16604,2010-06-09,549,3,432.45,106.2,1,3,2,6,Core
17808,2010-06-09,549,4,262.64,0.0,1,3,1,5,Core
13020,2010-06-09,549,5,618.96,12.0,1,3,3,7,Core
13438,2010-06-10,548,1,46.5,0.0,1,1,1,3,At risk / hibernating
15183,2010-06-10,548,4,639.93,2.9,1,3,3,7,Core
16862,2010-06-10,548,4,662.33,0.0,1,3,3,7,Core
15684,2010-06-10,548,6,173.95,26.15,1,4,1,6,Core
13231,2010-06-11,547,1,0.0,355.2,1,1,1,3,At risk / hibernating
17546,2010-06-11,547,1,0.0,648.05,1,1,1,3,At risk / hibernating
16547,2010-06-11,547,1,104.26,0.0,1,1,1,3,At risk / hibernating
13794,2010-06-11,547,1,126.03,0.0,1,1,1,3,At risk / hibernating
17902,2010-06-11,547,1,216.4,0.0,1,1,1,3,At risk / hibernating
17246,2010-06-11,547,2,38.92,0.0,1,2,1,4,At risk / hibernating
14255,2010-06-11,547,4,1000.63,2442.23,1,3,3,7,Core
13619,2010-06-13,545,2,224.94,0.0,1,2,1,4,At risk / hibernating
16132,2010-06-13,545,2,664.2,0.0,1,2,3,6,At risk / hibernating
13190,2010-06-13,545,4,570.66,51.9,1,3,2,6,Core
15905,2010-06-14,544,1,114.69,0.0,1,1,1,3,At risk / hibernating
17922,2010-06-14,544,1,170.4,0.0,1,1,1,3,At risk / hibernating
13383,2010-06-14,544,1,305.28,0.0,1,1,2,4,At risk / hibernating
18020,2010-06-14,544,2,190.48,61.2,1,2,1,4,At risk / hibernating
15926,2010-06-15,543,1,134.44,0.0,1,1,1,3,At risk / hibernating
16622,2010-06-15,543,2,225.4,19.8,1,2,1,4,At risk / hibernating
17020,2010-06-15,543,2,935.62,0.0,1,2,3,6,At risk / hibernating
15816,2010-06-15,543,3,144.15,50.85,1,2,1,4,At risk / hibernating
15040,2010-06-16,542,1,7.49,0.0,1,1,1,3,At risk / hibernating
14374,2010-06-16,542,1,108.0,0.0,1,1,1,3,At risk / hibernating
17401,2010-06-16,542,1,114.85,0.0,1,1,1,3,At risk / hibernating
13586,2010-06-16,542,1,127.28,0.0,1,1,1,3,At risk / hibernating
13112,2010-06-16,542,3,20.6,26.04,1,2,1,4,At risk / hibernating
16538,2010-06-16,542,3,395.07,0.0,1,3,2,6,Core
13335,2010-06-17,541,1,0.0,955.06,1,1,1,3,At risk / hibernating
16981,2010-06-17,541,1,0.0,4620.86,1,1,1,3,At risk / hibernating
17399,2010-06-17,541,1,0.0,25111.09,1,1,1,3,At risk / hibernating
18023,2010-06-17,541,1,0.0,3248.86,1,1,1,3,At risk / hibernating
16925,2010-06-17,541,1,125.65,0.0,1,1,1,3,At risk / hibernating
17953,2010-06-17,541,1,159.17,0.0,1,1,1,3,At risk / hibernating
13608,2010-06-17,541,1,232.05,0.0,1,1,1,3,At risk / hibernating
15718,2010-06-17,541,1,293.79,0.0,1,1,2,4,At risk / hibernating
16492,2010-06-17,541,1,385.56,0.0,1,1,2,4,At risk / hibernating
16661,2010-06-17,541,5,932.76,144.45,1,3,3,7,Core
17610,2010-06-17,541,8,1511.94,101.65,1,4,4,9,Need attention
14919,2010-06-18,540,1,359.35,0.0,1,1,2,4,At risk / hibernating
13676,2010-06-18,540,3,243.9,90.75,1,2,1,4,At risk / hibernating
12932,2010-06-18,540,8,1698.56,0.0,1,4,4,9,Need attention
16486,2010-06-20,538,1,134.36,0.0,1,1,1,3,At risk / hibernating
18128,2010-06-20,538,1,399.29,0.0,1,1,2,4,At risk / hibernating
15538,2010-06-20,538,11,3358.4,322.3,1,5,5,11,Need attention
17192,2010-06-21,537,1,75.28,0.0,1,1,1,3,At risk / hibernating
15126,2010-06-21,537,2,449.49,0.0,1,2,2,5,At risk / hibernating
16390,2010-06-21,537,3,467.5,0.0,1,3,2,6,Core
12774,2010-06-22,536,1,98.7,0.0,1,1,1,3,At risk / hibernating
14874,2010-06-22,536,1,116.18,0.0,1,1,1,3,At risk / hibernating
12634,2010-06-22,536,2,490.0,0.0,1,2,2,5,At risk / hibernating
15913,2010-06-23,535,1,6.3,0.0,1,1,1,3,At risk / hibernating
14509,2010-06-23,535,1,110.95,0.0,1,1,1,3,At risk / hibernating
17304,2010-06-23,535,1,111.5,0.0,1,1,1,3,At risk / hibernating
15991,2010-06-23,535,1,150.55,0.0,1,1,1,3,At risk / hibernating
13942,2010-06-23,535,1,320.0,0.0,1,1,2,4,At risk / hibernating
12810,2010-06-23,535,2,534.99,0.0,1,2,2,5,At risk / hibernating
17099,2010-06-24,534,1,582.17,0.0,1,2,2,5,At risk / hibernating
15323,2010-06-24,534,4,434.6,113.7,1,3,2,6,Core
16453,2010-06-27,531,2,251.71,0.0,1,2,1,4,At risk / hibernating
15102,2010-06-27,531,2,554.67,0.0,1,2,2,5,At risk / hibernating
13585,2010-06-27,531,4,684.54,10.08,1,3,3,7,Core
13057,2010-06-27,531,4,709.59,181.35,1,3,3,7,Core
18214,2010-06-27,531,5,1780.34,299.35,1,4,4,9,Need attention
12799,2010-06-28,530,1,219.35,0.0,1,1,1,3,At risk / hibernating
16733,2010-06-28,530,1,259.68,0.0,1,1,1,3,At risk / hibernating
17437,2010-06-28,530,1,369.68,0.0,1,1,2,4,At risk / hibernating
12485,2010-06-28,530,1,708.1,0.0,1,2,3,6,At risk / hibernating
16683,2010-06-28,530,2,320.25,10.9,1,2,2,5,At risk / hibernating
12741,2010-06-28,530,2,406.07,0.0,1,2,2,5,At risk / hibernating
13620,2010-06-29,529,1,112.34,0.0,1,1,1,3,At risk / hibernating
14774,2010-06-29,529,1,241.45,0.0,1,1,1,3,At risk / hibernating
17332,2010-06-29,529,5,838.27,0.0,1,3,3,7,Core
15486,2010-06-30,528,1,102.0,0.0,1,1,1,3,At risk / hibernating
17748,2010-06-30,528,1,358.15,0.0,1,1,2,4,At risk / hibernating
12746,2010-06-30,528,3,254.55,23.7,1,3,1,5,Core
14835,2010-06-30,528,3,297.0,3.9,1,3,2,6,Core
15851,2010-07-01,527,1,109.73,0.0,1,1,1,3,At risk / hibernating
14366,2010-07-02,526,1,136.0,0.0,1,1,1,3,At risk / hibernating
13125,2010-07-04,524,1,148.62,0.0,1,1,1,3,At risk / hibernating
14900,2010-07-05,523,1,13.92,0.0,1,1,1,3,At risk / hibernating
12529,2010-07-05,523,2,316.48,4.7,1,2,2,5,At risk / hibernating
16974,2010-07-05,523,2,365.5,0.0,1,2,2,5,At risk / hibernating
12469,2010-07-05,523,2,3070.54,0.0,1,2,5,8,At risk / hibernating
16158,2010-07-05,523,10,628.32,17.0,1,4,3,8,Core
12730,2010-07-06,522,1,829.25,0.0,1,2,3,6,At risk / hibernating
14876,2010-07-06,522,2,256.7,0.0,1,2,1,4,At risk / hibernating
12825,2010-07-06,522,2,518.63,0.0,1,2,2,5,At risk / hibernating
17129,2010-07-07,521,1,31.85,0.0,1,1,1,3,At risk / hibernating
15056,2010-07-07,521,1,113.65,0.0,1,1,1,3,At risk / hibernating
16443,2010-07-07,521,1,162.24,0.0,1,1,1,3,At risk / hibernating
16649,2010-07-07,521,1,306.58,0.0,1,1,2,4,At risk / hibernating
14279,2010-07-07,521,2,191.86,0.0,1,2,1,4,At risk / hibernating
12632,2010-07-07,521,4,804.88,66.0,1,3,3,7,Core
15137,2010-07-07,521,5,823.4,75.85,1,3,3,7,Core
18279,2010-07-08,520,1,231.34,0.0,1,1,1,3,At risk / hibernating
13997,2010-07-08,520,3,376.46,0.0,1,3,2,6,Core
14695,2010-07-08,520,4,1534.22,67.5,1,3,4,8,Need attention
16544,2010-07-08,520,6,376.7,266.4,1,4,2,7,Core
14580,2010-07-09,519,1,14.85,0.0,1,1,1,3,At risk / hibernating
13612,2010-07-09,519,2,818.29,40.5,1,2,3,6,At risk / hibernating
13337,2010-07-09,519,2,1575.26,26.71,1,2,4,7,At risk / hibernating
14516,2010-07-11,517,1,151.17,0.0,1,1,1,3,At risk / hibernating
13595,2010-07-11,517,3,784.48,0.0,1,3,3,7,Core
13779,2010-07-12,516,1,161.13,0.0,1,1,1,3,At risk / hibernating
18238,2010-07-12,516,1,270.92,0.0,1,1,1,3,At risk / hibernating
17847,2010-07-12,516,2,129.69,0.0,1,2,1,4,At risk / hibernating
15650,2010-07-12,516,3,553.88,14.85,1,3,2,6,Core
14069,2010-07-13,515,2,225.81,0.0,1,2,1,4,At risk / hibernating
17773,2010-07-13,515,2,575.37,0.0,1,2,2,5,At risk / hibernating
18197,2010-07-14,514,2,230.1,8.7,1,2,1,4,At risk / hibernating
15941,2010-07-14,514,2,405.0,174.4,1,2,2,5,At risk / hibernating
13872,2010-07-14,514,6,919.57,28.25,1,4,3,8,Core
14007,2010-07-15,513,1,79.48,0.0,1,1,1,3,At risk / hibernating
16251,2010-07-15,513,1,128.31,0.0,1,1,1,3,At risk / hibernating
14084,2010-07-15,513,1,150.5,0.0,1,1,1,3,At risk / hibernating
17559,2010-07-15,513,1,167.62,0.0,1,1,1,3,At risk / hibernating
13559,2010-07-15,513,2,990.0,0.0,1,2,3,6,At risk / hibernating
16435,2010-07-15,513,3,1003.07,0.0,1,3,3,7,Core
15542,2010-07-15,513,4,855.71,22.55,1,3,3,7,Core
15259,2010-07-15,513,4,1182.38,0.0,1,3,3,7,Core
14486,2010-07-16,512,2,175.5,0.0,1,2,1,4,At risk / hibernating
14430,2010-07-16,512,5,1220.9,264.5,1,4,4,9,Need attention
13074,2010-07-16,512,5,1378.74,15.9,1,4,4,9,Need attention
17541,2010-07-18,510,1,119.86,0.0,1,1,1,3,At risk / hibernating
14674,2010-07-18,510,1,173.66,0.0,1,1,1,3,At risk / hibernating
17261,2010-07-18,510,1,221.59,0.0,1,1,1,3,At risk / hibernating
18021,2010-07-18,510,2,216.41,0.0,1,2,1,4,At risk / hibernating
14563,2010-07-18,510,2,640.54,0.0,1,2,3,6,At risk / hibernating
15633,2010-07-18,510,18,4335.96,179.05,1,5,5,11,Need attention
17395,2010-07-19,509,1,97.5,0.0,1,1,1,3,At risk / hibernating
13734,2010-07-19,509,6,6695.69,3250.35,1,4,5,10,Need attention
16467,2010-07-19,509,8,2869.16,6.76,1,4,4,9,Need attention
14797,2010-07-20,508,1,300.31,0.0,1,1,2,4,At risk / hibernating
14061,2010-07-20,508,3,917.43,0.0,1,3,3,7,Core
13913,2010-07-21,507,1,42.22,0.0,1,1,1,3,At risk / hibernating
13788,2010-07-22,506,1,3.75,0.0,1,1,1,3,At risk / hibernating
16165,2010-07-22,506,1,79.9,0.0,1,1,1,3,At risk / hibernating
17177,2010-07-22,506,1,119.5,0.0,1,1,1,3,At risk / hibernating
14858,2010-07-22,506,1,180.75,0.0,1,1,1,3,At risk / hibernating
14166,2010-07-22,506,2,251.15,0.0,1,2,1,4,At risk / hibernating
17113,2010-07-22,506,8,2305.59,213.43,1,4,4,9,Need attention
16736,2010-07-22,506,8,2956.56,52.05,1,4,5,10,Need attention
18132,2010-07-23,505,1,220.13,0.0,1,1,1,3,At risk / hibernating
12595,2010-07-23,505,1,299.02,0.0,1,1,2,4,At risk / hibernating
15431,2010-07-25,503,1,153.24,0.0,1,1,1,3,At risk / hibernating
17112,2010-07-25,503,1,197.57,0.0,1,1,1,3,At risk / hibernating
16075,2010-07-25,503,3,736.93,9.95,1,3,3,7,Core
15946,2010-07-25,503,3,2304.18,0.0,1,3,4,8,Need attention
13201,2010-07-25,503,4,1233.06,0.0,1,3,4,8,Need attention
14938,2010-07-25,503,4,2322.43,33.0,1,3,4,8,Need attention
16894,2010-07-25,503,5,1306.96,41.7,1,4,4,9,Need attention
17494,2010-07-26,502,1,54.7,0.0,1,1,1,3,At risk / hibernating
14435,2010-07-26,502,1,90.42,0.0,1,1,1,3,At risk / hibernating
17224,2010-07-26,502,1,100.86,0.0,1,1,1,3,At risk / hibernating
14115,2010-07-26,502,2,622.67,0.0,1,2,3,6,At risk / hibernating
12813,2010-07-26,502,3,1687.8,0.0,1,3,4,8,Need attention
15015,2010-07-26,502,20,2354.97,89.2,1,5,4,10,Need attention
15284,2010-07-27,501,1,24.75,0.0,1,1,1,3,At risk / hibernating
16219,2010-07-27,501,1,40.8,0.0,1,1,1,3,At risk / hibernating
14384,2010-07-27,501,1,58.5,0.0,1,1,1,3,At risk / hibernating
15788,2010-07-27,501,2,221.83,6.3,1,2,1,4,At risk / hibernating
18026,2010-07-27,501,2,2074.07,0.0,1,2,4,7,At risk / hibernating
17918,2010-07-27,501,3,396.39,0.0,1,3,2,6,Core
13855,2010-07-27,501,5,1310.34,56.4,1,4,4,9,Need attention
16937,2010-07-28,500,1,196.25,0.0,1,1,1,3,At risk / hibernating
13796,2010-07-28,500,1,289.7,0.0,1,1,2,4,At risk / hibernating
15331,2010-07-28,500,4,767.91,12.5,1,3,3,7,Core
14833,2010-07-29,499,1,94.8,0.0,1,1,1,3,At risk / hibernating
17168,2010-07-29,499,1,400.2,0.0,1,1,2,4,At risk / hibernating
18264,2010-07-29,499,1,603.25,0.0,1,2,2,5,At risk / hibernating
12737,2010-07-29,499,2,3710.5,0.0,1,2,5,8,At risk / hibernating
13371,2010-07-29,499,4,2297.66,26.2,1,3,4,8,Need attention
14028,2010-07-29,499,5,10396.5,7221.0,1,4,5,10,Need attention
13766,2010-08-01,496,1,190.35,0.0,1,1,1,3,At risk / hibernating
15200,2010-08-02,495,1,549.05,0.0,1,2,2,5,At risk / hibernating
17665,2010-08-03,494,1,563.1,0.0,1,2,2,5,At risk / hibernating
14253,2010-08-03,494,2,363.4,0.0,1,2,2,5,At risk / hibernating
13679,2010-08-03,494,3,281.26,0.0,1,3,2,6,Core
18207,2010-08-03,494,3,544.47,39.35,1,3,2,6,Core
16417,2010-08-04,493,1,35.7,0.0,1,1,1,3,At risk / hibernating
16334,2010-08-04,493,1,263.73,0.0,1,1,1,3,At risk / hibernating
15387,2010-08-04,493,1,468.65,0.0,1,2,2,5,At risk / hibernating
15798,2010-08-04,493,3,1535.37,0.0,1,3,4,8,Need attention
12998,2010-08-04,493,4,920.08,22.7,1,3,3,7,Core
15873,2010-08-04,493,5,313.92,175.68,1,3,2,6,Core
15403,2010-08-05,492,2,170.88,0.0,1,2,1,4,At risk / hibernating
14043,2010-08-05,492,3,302.6,2.95,1,3,2,6,Core
12525,2010-08-05,492,8,973.73,138.55,1,4,3,8,Core
15908,2010-08-06,491,2,758.62,0.0,1,2,3,6,At risk / hibernating
16196,2010-08-08,489,1,93.3,0.0,1,1,1,3,At risk / hibernating
14575,2010-08-08,489,1,420.22,0.0,1,2,2,5,At risk / hibernating
16939,2010-08-08,489,3,433.85,0.0,1,3,2,6,Core
13653,2010-08-09,488,1,152.2,0.0,1,1,1,3,At risk / hibernating
15595,2010-08-09,488,1,357.6,0.0,1,1,2,4,At risk / hibernating
13084,2010-08-09,488,2,122.4,5.95,1,2,1,4,At risk / hibernating
17482,2010-08-09,488,2,775.64,0.0,1,2,3,6,At risk / hibernating
13783,2010-08-09,488,4,1542.09,0.0,1,3,4,8,Need attention
15013,2010-08-09,488,10,1610.82,0.0,1,4,4,9,Need attention
14144,2010-08-10,487,1,30.6,0.0,1,1,1,3,At risk / hibernating
13839,2010-08-10,487,1,139.95,0.0,1,1,1,3,At risk / hibernating
12745,2010-08-10,487,3,925.41,0.0,1,3,3,7,Core
14822,2010-08-11,486,1,157.7,0.0,1,1,1,3,At risk / hibernating
14736,2010-08-11,486,2,374.05,0.0,1,2,2,5,At risk / hibernating
16632,2010-08-11,486,2,406.4,0.0,1,2,2,5,At risk / hibernating
14630,2010-08-12,485,1,338.65,0.0,1,1,2,4,At risk / hibernating
12959,2010-08-12,485,2,150.95,17.6,1,2,1,4,At risk / hibernating
17156,2010-08-12,485,2,591.87,19.8,1,2,2,5,At risk / hibernating
12542,2010-08-12,485,4,481.88,58.5,1,3,2,6,Core
14153,2010-08-13,484,1,233.4,0.0,1,1,1,3,At risk / hibernating
13511,2010-08-13,484,2,282.76,38.15,1,2,2,5,At risk / hibernating
15893,2010-08-15,482,1,305.28,0.0,1,1,2,4,At risk / hibernating
14097,2010-08-15,482,2,422.86,0.0,1,2,2,5,At risk / hibernating
14996,2010-08-15,482,2,442.29,0.0,1,2,2,5,At risk / hibernating
16631,2010-08-15,482,8,1892.52,25.5,1,4,4,9,Need attention
13063,2010-08-16,481,1,188.4,0.0,1,1,1,3,At risk / hibernating
15008,2010-08-16,481,2,360.0,0.0,1,2,2,5,At risk / hibernating
12687,2010-08-16,481,2,2138.91,0.0,1,2,4,7,At risk / hibernating
14011,2010-08-16,481,3,457.82,5.9,1,3,2,6,Core
14872,2010-08-16,481,4,816.6,13.92,1,3,3,7,Core
15072,2010-08-17,480,1,187.52,0.0,1,1,1,3,At risk / hibernating
14749,2010-08-17,480,1,310.15,0.0,1,1,2,4,At risk / hibernating
14531,2010-08-17,480,1,376.34,0.0,1,1,2,4,At risk / hibernating
15310,2010-08-18,479,1,1634.64,0.0,1,2,4,7,At risk / hibernating
17627,2010-08-18,479,2,296.36,11.25,1,2,2,5,At risk / hibernating
15268,2010-08-18,479,4,961.9,20.65,1,3,3,7,Core
14521,2010-08-19,478,2,199.45,31.8,1,2,1,4,At risk / hibernating
17745,2010-08-19,478,2,600.34,0.0,1,2,2,5,At risk / hibernating
12801,2010-08-19,478,2,1071.82,39.95,1,2,3,6,At risk / hibernating
16286,2010-08-19,478,4,328.95,65.3,1,3,2,6,Core
16294,2010-08-20,477,1,126.05,0.0,1,1,1,3,At risk / hibernating
16562,2010-08-20,477,1,223.86,0.0,1,1,1,3,At risk / hibernating
15702,2010-08-20,477,2,140.39,0.0,1,2,1,4,At risk / hibernating
17699,2010-08-20,477,2,442.0,0.0,1,2,2,5,At risk / hibernating
16890,2010-08-20,477,3,285.41,0.0,1,3,2,6,Core
18286,2010-08-20,477,3,1296.43,108.0,1,3,4,8,Need attention
17471,2010-08-22,475,1,321.65,0.0,1,1,2,4,At risk / hibernating
14767,2010-08-22,475,1,382.81,0.0,1,1,2,4,At risk / hibernating
15055,2010-08-22,475,3,549.12,0.0,1,3,2,6,Core
16004,2010-08-22,475,5,2146.39,0.0,1,4,4,9,Need attention
14187,2010-08-23,474,1,123.5,0.0,1,1,1,3,At risk / hibernating
18140,2010-08-23,474,1,536.41,0.0,1,2,2,5,At risk / hibernating
16396,2010-08-23,474,3,137.8,35.1,1,2,1,4,At risk / hibernating
16234,2010-08-23,474,4,333.18,20.4,1,3,2,6,Core
15003,2010-08-23,474,7,1027.03,5.0,1,4,3,8,Core
17336,2010-08-24,473,1,81.12,0.0,1,1,1,3,At risk / hibernating
18124,2010-08-24,473,1,102.65,0.0,1,1,1,3,At risk / hibernating
16299,2010-08-24,473,2,193.65,15.0,1,2,1,4,At risk / hibernating
17292,2010-08-24,473,2,271.75,0.0,1,2,1,4,At risk / hibernating
13123,2010-08-24,473,2,506.75,0.0,1,2,2,5,At risk / hibernating
15666,2010-08-24,473,2,632.94,0.0,1,2,3,6,At risk / hibernating
13361,2010-08-24,473,2,1450.5,0.0,1,2,4,7,At risk / hibernating
13415,2010-08-24,473,5,784.17,118.75,1,3,3,7,Core
12765,2010-08-24,473,6,1404.58,0.0,1,4,4,9,Need attention
14787,2010-08-25,472,1,110.65,0.0,1,1,1,3,At risk / hibernating
14260,2010-08-25,472,3,824.28,0.0,1,3,3,7,Core
17963,2010-08-25,472,4,643.16,0.0,1,3,3,7,Core
16288,2010-08-26,471,1,129.85,0.0,1,1,1,3,At risk / hibernating
14268,2010-08-26,471,1,354.85,0.0,1,1,2,4,At risk / hibernating
16375,2010-08-26,471,2,104.0,0.0,1,2,1,4,At risk / hibernating
14026,2010-08-26,471,2,713.11,0.0,1,2,3,6,At risk / hibernating
12800,2010-08-26,471,3,584.25,0.0,1,3,2,6,Core
17005,2010-08-26,471,3,622.36,9.95,1,3,3,7,Core
13150,2010-08-26,471,4,449.97,14.95,1,3,2,6,Core
16870,2010-08-27,470,1,450.16,0.0,1,2,2,5,At risk / hibernating
17270,2010-08-27,470,2,601.45,0.0,1,2,2,5,At risk / hibernating
13478,2010-08-27,470,7,2215.78,147.75,1,4,4,9,Need attention
16197,2010-08-27,470,9,2016.71,0.0,1,4,4,9,Need attention
15166,2010-08-29,468,1,167.16,0.0,1,1,1,3,At risk / hibernating
17792,2010-08-29,468,2,368.35,0.0,1,2,2,5,At risk / hibernating
15784,2010-08-29,468,2,848.33,0.0,1,2,3,6,At risk / hibernating
13540,2010-08-29,468,3,632.39,0.0,1,3,3,7,Core
15430,2010-08-29,468,3,954.75,51.0,1,3,3,7,Core
13714,2010-08-31,466,1,161.35,0.0,1,1,1,3,At risk / hibernating
14433,2010-08-31,466,1,280.7,0.0,1,1,2,4,At risk / hibernating
16819,2010-08-31,466,2,182.59,0.0,1,2,1,4,At risk / hibernating
12804,2010-08-31,466,2,325.37,0.0,1,2,2,5,At risk / hibernating
17145,2010-08-31,466,7,3120.91,106.27,1,4,5,10,Need attention
17215,2010-09-01,465,1,186.15,0.0,1,1,1,3,At risk / hibernating
12771,2010-09-01,465,2,282.3,19.8,1,2,2,5,At risk / hibernating
17599,2010-09-01,465,3,52.05,7.5,1,2,1,4,At risk / hibernating
13399,2010-09-01,465,3,275.4,0.0,1,3,2,6,Core
13024,2010-09-01,465,3,555.87,20.45,1,3,2,6,Core
16290,2010-09-01,465,4,1957.7,0.0,1,3,4,8,Need attention
17753,2010-09-01,465,5,382.06,2.5,1,3,2,6,Core
18258,2010-09-01,465,8,2059.67,18.7,1,4,4,9,Need attention
14025,2010-09-01,465,10,4057.9,88.8,1,5,5,11,Need attention
18182,2010-09-02,464,1,291.13,0.0,1,1,2,4,At risk / hibernating
15564,2010-09-02,464,2,70.74,0.0,1,2,1,4,At risk / hibernating
15094,2010-09-02,464,2,83.0,0.0,1,2,1,4,At risk / hibernating
15779,2010-09-02,464,2,124.08,0.0,1,2,1,4,At risk / hibernating
12898,2010-09-02,464,2,296.21,0.0,1,2,2,5,At risk / hibernating
13472,2010-09-02,464,2,592.24,0.0,1,2,2,5,At risk / hibernating
15191,2010-09-02,464,3,588.05,0.0,1,3,2,6,Core
16993,2010-09-02,464,3,1950.95,262.8,1,3,4,8,Need attention
12788,2010-09-02,464,4,444.9,0.0,1,3,2,6,Core
14283,2010-09-02,464,4,628.44,0.0,1,3,3,7,Core
13916,2010-09-02,464,5,1275.81,15.3,1,4,4,9,Need attention
14086,2010-09-03,463,1,39.95,0.0,1,1,1,3,At risk / hibernating
16100,2010-09-03,463,1,582.64,0.0,1,2,2,5,At risk / hibernating
16289,2010-09-03,463,2,136.31,37.5,1,2,1,4,At risk / hibernating
15378,2010-09-03,463,2,246.5,0.0,1,2,1,4,At risk / hibernating
14058,2010-09-03,463,2,469.19,0.0,1,2,2,5,At risk / hibernating
13346,2010-09-03,463,6,299.4,0.0,1,4,2,7,Core
14318,2010-09-05,461,1,158.02,0.0,1,1,1,3,At risk / hibernating
15461,2010-09-05,461,3,429.7,38.4,1,3,2,6,Core
15751,2010-09-05,461,14,1380.44,61.6,1,5,4,10,Need attention
16246,2010-09-06,460,2,821.35,0.0,1,2,3,6,At risk / hibernating
14949,2010-09-06,460,6,515.0,16.45,1,4,2,7,Core
12819,2010-09-07,459,1,540.52,0.0,1,2,2,5,At risk / hibernating
12859,2010-09-07,459,1,575.1,0.0,1,2,2,5,At risk / hibernating
15741,2010-09-07,459,2,208.62,0.0,1,2,1,4,At risk / hibernating
13076,2010-09-08,458,1,135.4,0.0,1,1,1,3,At risk / hibernating
13683,2010-09-08,458,1,258.6,0.0,1,1,1,3,At risk / hibernating
12777,2010-09-08,458,1,519.45,0.0,1,2,2,5,At risk / hibernating
15627,2010-09-08,458,2,566.9,0.0,1,2,2,5,At risk / hibernating
12575,2010-09-08,458,2,622.82,0.0,1,2,3,6,At risk / hibernating
12761,2010-09-08,458,2,782.95,0.0,1,2,3,6,At risk / hibernating
12440,2010-09-08,458,3,859.2,91.05,1,3,3,7,Core
15141,2010-09-08,458,9,1388.47,10.16,1,4,4,9,Need attention
14444,2010-09-09,457,1,120.44,0.0,1,1,1,3,At risk / hibernating
17762,2010-09-09,457,1,129.75,0.0,1,1,1,3,At risk / hibernating
12460,2010-09-09,457,1,326.65,0.0,1,1,2,4,At risk / hibernating
16095,2010-09-09,457,1,447.05,0.0,1,2,2,5,At risk / hibernating
15077,2010-09-09,457,4,2428.08,4.2,1,3,4,8,Need attention
15972,2010-09-09,457,5,1769.33,0.0,1,4,4,9,Need attention
16032,2010-09-09,457,6,1965.72,0.0,1,4,4,9,Need attention
14445,2010-09-10,456,1,221.65,0.0,1,1,1,3,At risk / hibernating
12760,2010-09-10,456,1,347.8,0.0,1,1,2,4,At risk / hibernating
17369,2010-09-10,456,1,979.2,0.0,1,2,3,6,At risk / hibernating
13965,2010-09-10,456,5,996.61,218.95,1,4,3,8,Core
14635,2010-09-12,454,1,215.22,0.0,1,1,1,3,At risk / hibernating
16815,2010-09-12,454,2,406.02,0.0,1,2,2,5,At risk / hibernating
15824,2010-09-12,454,2,890.94,0.0,1,2,3,6,At risk / hibernating
16608,2010-09-12,454,2,1286.62,0.0,1,2,4,7,At risk / hibernating
15401,2010-09-13,453,2,216.95,0.0,1,2,1,4,At risk / hibernating
13129,2010-09-13,453,2,233.25,0.0,1,2,1,4,At risk / hibernating
17132,2010-09-13,453,2,1220.91,0.0,1,2,4,7,At risk / hibernating
13250,2010-09-13,453,3,253.09,7.5,1,3,1,5,Core
16860,2010-09-13,453,4,1610.62,16.95,1,3,4,8,Need attention
13613,2010-09-13,453,5,1039.85,0.0,1,4,3,8,Core
13312,2010-09-14,452,1,124.75,0.0,1,1,1,3,At risk / hibernating
17149,2010-09-14,452,1,143.1,0.0,1,1,1,3,At risk / hibernating
17801,2010-09-14,452,4,770.03,2.55,1,3,3,7,Core
15685,2010-09-15,451,1,55.98,0.0,1,1,1,3,At risk / hibernating
13041,2010-09-15,451,4,799.13,0.0,1,3,3,7,Core
15629,2010-09-15,451,4,2240.9,0.0,1,3,4,8,Need attention
14370,2010-09-15,451,9,1175.78,83.65,1,4,3,8,Core
15962,2010-09-16,450,1,289.48,0.0,1,1,2,4,At risk / hibernating
12482,2010-09-16,450,32,23691.4,1797.87,1,5,5,11,Need attention
16371,2010-09-17,449,1,157.2,0.0,1,1,1,3,At risk / hibernating
12554,2010-09-17,449,1,468.5,0.0,1,2,2,5,At risk / hibernating
12543,2010-09-17,449,1,980.25,0.0,1,2,3,6,At risk / hibernating
15362,2010-09-17,449,2,613.08,0.0,1,2,3,6,At risk / hibernating
13443,2010-09-17,449,7,1273.16,32.45,1,4,4,9,Need attention
15911,2010-09-17,449,10,1700.24,300.79,1,4,4,9,Need attention
18089,2010-09-19,447,1,428.45,0.0,1,2,2,5,At risk / hibernating
16524,2010-09-19,447,2,306.19,0.0,1,2,2,5,At risk / hibernating
13465,2010-09-19,447,2,931.12,0.0,1,2,3,6,At risk / hibernating
13998,2010-09-19,447,3,566.7,0.0,1,3,2,6,Core
14668,2010-09-20,446,1,111.63,0.0,1,1,1,3,At risk / hibernating
13702,2010-09-20,446,1,135.18,0.0,1,1,1,3,At risk / hibernating
17055,2010-09-20,446,1,232.85,0.0,1,1,1,3,At risk / hibernating
12850,2010-09-20,446,1,330.0,0.0,1,1,2,4,At risk / hibernating
14906,2010-09-20,446,3,68.44,135.42,1,2,1,4,At risk / hibernating
12751,2010-09-21,445,1,268.27,0.0,1,1,1,3,At risk / hibernating
17161,2010-09-21,445,1,856.01,0.0,1,2,3,6,At risk / hibernating
16886,2010-09-21,445,2,134.0,134.0,1,2,1,4,At risk / hibernating
15966,2010-09-21,445,2,426.53,26.95,1,2,2,5,At risk / hibernating
13424,2010-09-21,445,2,572.77,14.85,1,2,2,5,At risk / hibernating
16646,2010-09-21,445,2,678.8,3.75,1,2,3,6,At risk / hibernating
13910,2010-09-22,444,1,0.0,127.66,1,1,1,3,At risk / hibernating
17840,2010-09-22,444,1,175.9,0.0,1,1,1,3,At risk / hibernating
13205,2010-09-22,444,1,2803.2,0.0,1,2,4,7,At risk / hibernating
14372,2010-09-22,444,3,860.08,29.9,1,3,3,7,Core
14182,2010-09-22,444,5,678.77,18.7,1,3,3,7,Core
14933,2010-09-22,444,5,1770.0,885.0,1,4,4,9,Need attention
13288,2010-09-22,444,6,927.61,35.45,1,4,3,8,Core
15761,2010-09-23,443,1,143.05,0.0,1,1,1,3,At risk / hibernating
18107,2010-09-23,443,1,165.88,0.0,1,1,1,3,At risk / hibernating
14992,2010-09-23,443,1,210.5,0.0,1,1,1,3,At risk / hibernating
16857,2010-09-23,443,1,352.8,0.0,1,1,2,4,At risk / hibernating
13264,2010-09-23,443,1,722.56,0.0,1,2,3,6,At risk / hibernating
17743,2010-09-23,443,2,229.2,20.35,1,2,1,4,At risk / hibernating
17021,2010-09-23,443,6,1182.22,0.0,1,4,3,8,Core
16675,2010-09-24,442,2,608.86,0.0,1,2,3,6,At risk / hibernating
17032,2010-09-24,442,13,2984.32,854.54,1,5,5,11,Need attention
14094,2010-09-26,440,2,311.77,0.95,1,2,2,5,At risk / hibernating
14611,2010-09-26,440,3,604.33,4.95,1,3,3,7,Core
17280,2010-09-27,439,1,118.86,0.0,1,1,1,3,At risk / hibernating
15616,2010-09-27,439,1,317.11,0.0,1,1,2,4,At risk / hibernating
13687,2010-09-27,439,1,11880.84,0.0,1,2,5,8,At risk / hibernating
16264,2010-09-27,439,2,823.53,0.0,1,2,3,6,At risk / hibernating
16636,2010-09-27,439,4,3802.04,0.0,1,3,5,9,Need attention
15871,2010-09-28,438,1,33.1,0.0,1,1,1,3,At risk / hibernating
12964,2010-09-28,438,1,132.24,0.0,1,1,1,3,At risk / hibernating
16237,2010-09-28,438,1,136.65,0.0,1,1,1,3,At risk / hibernating
13701,2010-09-28,438,2,161.0,1.45,1,2,1,4,At risk / hibernating
18049,2010-09-28,438,2,500.92,0.0,1,2,2,5,At risk / hibernating
13281,2010-09-28,438,3,350.85,44.4,1,3,2,6,Core
14228,2010-09-28,438,3,745.5,0.0,1,3,3,7,Core
13433,2010-09-28,438,5,658.32,1.45,1,3,3,7,Core
14634,2010-09-28,438,7,2124.46,152.64,1,4,4,9,Need attention
13105,2010-09-29,437,1,72.0,0.0,1,1,1,3,At risk / hibernating
12661,2010-09-29,437,1,162.0,0.0,1,1,1,3,At risk / hibernating
14843,2010-09-29,437,1,211.8,0.0,1,1,1,3,At risk / hibernating
12946,2010-09-29,437,1,324.45,0.0,1,1,2,4,At risk / hibernating
16783,2010-09-29,437,1,391.95,0.0,1,1,2,4,At risk / hibernating
17257,2010-09-29,437,2,189.78,0.0,1,2,1,4,At risk / hibernating
13797,2010-09-29,437,4,1179.45,11.0,1,3,3,7,Core
16044,2010-09-30,436,1,340.84,0.0,1,1,2,4,At risk / hibernating
13966,2010-09-30,436,1,384.26,0.0,1,1,2,4,At risk / hibernating
14742,2010-09-30,436,1,579.85,0.0,1,2,2,5,At risk / hibernating
16958,2010-09-30,436,1,778.49,0.0,1,2,3,6,At risk / hibernating
14707,2010-09-30,436,2,139.2,0.0,1,2,1,4,At risk / hibernating
14269,2010-09-30,436,2,295.73,34.05,1,2,2,5,At risk / hibernating
16522,2010-09-30,436,2,433.36,0.0,1,2,2,5,At risk / hibernating
14230,2010-09-30,436,3,979.8,0.0,1,3,3,7,Core
12806,2010-09-30,436,4,2878.96,0.0,1,3,4,8,Need attention
13729,2010-09-30,436,5,724.73,48.3,1,3,3,7,Core
17533,2010-10-01,435,1,34.8,0.0,1,1,1,3,At risk / hibernating
18266,2010-10-01,435,1,251.1,0.0,1,1,1,3,At risk / hibernating
15190,2010-10-01,435,1,834.44,0.0,1,2,3,6,At risk / hibernating
15451,2010-10-01,435,2,226.86,0.0,1,2,1,4,At risk / hibernating
16864,2010-10-01,435,2,409.25,0.0,1,2,2,5,At risk / hibernating
16472,2010-10-01,435,2,789.6,0.0,1,2,3,6,At risk / hibernating
12696,2010-10-01,435,3,851.91,50.76,1,3,3,7,Core
17380,2010-10-01,435,4,645.0,1.25,1,3,3,7,Core
14225,2010-10-01,435,5,2031.07,21.9,1,4,4,9,Need attention
15420,2010-10-01,435,6,743.0,0.0,1,4,3,8,Core
13380,2010-10-03,433,1,62.4,0.0,1,1,1,3,At risk / hibernating
14579,2010-10-03,433,1,105.56,0.0,1,1,1,3,At risk / hibernating
16312,2010-10-03,433,1,171.15,0.0,1,1,1,3,At risk / hibernating
14392,2010-10-03,433,1,266.4,0.0,1,1,1,3,At risk / hibernating
13326,2010-10-03,433,1,281.76,0.0,1,1,2,4,At risk / hibernating
15859,2010-10-03,433,1,438.46,0.0,1,2,2,5,At risk / hibernating
14310,2010-10-03,433,1,492.1,0.0,1,2,2,5,At risk / hibernating
14254,2010-10-03,433,1,601.03,0.0,1,2,2,5,At risk / hibernating
15196,2010-10-03,433,2,313.7,0.0,1,2,2,5,At risk / hibernating
15884,2010-10-03,433,3,244.6,5.95,1,3,1,5,Core
16799,2010-10-03,433,3,452.78,4.95,1,3,2,6,Core
14455,2010-10-03,433,5,617.72,33.35,1,3,3,7,Core
16331,2010-10-03,433,6,2037.7,0.0,1,4,4,9,Need attention
15778,2010-10-04,432,1,307.95,0.0,1,1,2,4,At risk / hibernating
13367,2010-10-04,432,1,510.2,0.0,1,2,2,5,At risk / hibernating
12486,2010-10-04,432,1,1037.28,0.0,1,2,3,6,At risk / hibernating
12768,2010-10-04,432,2,168.69,168.69,1,2,1,4,At risk / hibernating
13920,2010-10-04,432,5,1774.68,39.8,1,4,4,9,Need attention
14120,2010-10-05,431,1,0.0,23.8,1,1,1,3,At risk / hibernating
13306,2010-10-05,431,1,53.65,0.0,1,1,1,3,At risk / hibernating
17657,2010-10-05,431,1,126.0,0.0,1,1,1,3,At risk / hibernating
16760,2010-10-05,431,1,228.0,0.0,1,1,1,3,At risk / hibernating
14991,2010-10-05,431,1,314.67,0.0,1,1,2,4,At risk / hibernating
16490,2010-10-05,431,2,205.41,26.25,1,2,1,4,At risk / hibernating
15490,2010-10-05,431,2,210.85,29.5,1,2,1,4,At risk / hibernating
14663,2010-10-05,431,2,490.6,0.0,1,2,2,5,At risk / hibernating
18244,2010-10-05,431,2,568.64,0.0,1,2,2,5,At risk / hibernating
14169,2010-10-05,431,2,621.51,0.0,1,2,3,6,At risk / hibernating
13290,2010-10-05,431,3,208.63,417.26,1,2,1,4,At risk / hibernating
14328,2010-10-05,431,3,445.05,890.11,1,3,2,6,Core
14302,2010-10-05,431,3,742.9,0.0,1,3,3,7,Core
16300,2010-10-05,431,3,1367.32,0.0,1,3,4,8,Need attention
15736,2010-10-05,431,3,1767.12,98.45,1,3,4,8,Need attention
14802,2010-10-05,431,6,1502.98,3005.96,1,4,4,9,Need attention
15413,2010-10-05,431,7,6798.72,9330.1,1,4,5,10,Need attention
12975,2010-10-05,431,8,2100.09,106.1,1,4,4,9,Need attention
14492,2010-10-05,431,10,1921.91,347.55,1,4,4,9,Need attention
14063,2010-10-05,431,13,22710.2,26477.4,1,5,5,11,Need attention
13818,2010-10-06,430,1,61.28,0.0,1,1,1,3,At risk / hibernating
13022,2010-10-06,430,1,65.3,0.0,1,1,1,3,At risk / hibernating
17008,2010-10-06,430,1,81.36,0.0,1,1,1,3,At risk / hibernating
13556,2010-10-06,430,2,200.82,0.0,1,2,1,4,At risk / hibernating
13674,2010-10-06,430,2,240.68,24.8,1,2,1,4,At risk / hibernating
18284,2010-10-06,430,2,461.68,25.0,1,2,2,5,At risk / hibernating
13861,2010-10-06,430,3,273.26,21.95,1,3,1,5,Core
16307,2010-10-06,430,3,1194.92,0.0,1,3,3,7,Core
17424,2010-10-07,429,1,0.0,176.96,1,1,1,3,At risk / hibernating
14266,2010-10-07,429,1,40.56,0.0,1,1,1,3,At risk / hibernating
17249,2010-10-07,429,1,68.03,0.0,1,1,1,3,At risk / hibernating
13423,2010-10-07,429,1,217.03,0.0,1,1,1,3,At risk / hibernating
15931,2010-10-07,429,1,239.9,0.0,1,1,1,3,At risk / hibernating
14118,2010-10-07,429,1,458.45,0.0,1,2,2,5,At risk / hibernating
16111,2010-10-07,429,1,549.33,0.0,1,2,2,5,At risk / hibernating
12903,2010-10-07,429,1,833.53,0.0,1,2,3,6,At risk / hibernating
16269,2010-10-07,429,2,717.57,2.98,1,2,3,6,At risk / hibernating
16166,2010-10-07,429,4,435.83,108.35,1,3,2,6,Core
13785,2010-10-07,429,4,542.49,0.0,1,3,2,6,Core
13567,2010-10-07,429,5,1079.29,5.1,1,4,3,8,Core
17127,2010-10-07,429,5,1155.03,0.0,1,4,3,8,Core
15600,2010-10-07,429,5,1199.31,20.6,1,4,3,8,Core
14909,2010-10-07,429,5,1404.68,23.7,1,4,4,9,Need attention
13360,2010-10-07,429,7,1553.65,89.55,1,4,4,9,Need attention
15614,2010-10-07,429,7,3147.36,138.5,1,4,5,10,Need attention
13776,2010-10-07,429,8,623.98,964.15,1,4,3,8,Core
17196,2010-10-08,428,1,327.75,0.0,1,1,2,4,At risk / hibernating
15080,2010-10-08,428,2,546.25,0.0,1,2,2,5,At risk / hibernating
16568,2010-10-08,428,2,1020.9,0.0,1,2,3,6,At risk / hibernating
13257,2010-10-08,428,3,149.75,31.8,1,2,1,4,At risk / hibernating
13406,2010-10-08,428,3,568.92,11.7,1,3,2,6,Core
16329,2010-10-08,428,4,1664.92,0.0,1,3,4,8,Need attention
14425,2010-10-08,428,5,661.39,25.5,1,3,3,7,Core
14186,2010-10-08,428,5,1550.63,0.0,1,4,4,9,Need attention
14564,2010-10-08,428,5,2605.62,86.3,1,4,4,9,Need attention
14322,2010-10-08,428,6,474.1,89.8,1,4,2,7,Core
14571,2010-10-10,426,1,160.0,0.0,1,1,1,3,At risk / hibernating
15177,2010-10-10,426,1,948.93,0.0,1,2,3,6,At risk / hibernating
17518,2010-10-10,426,2,329.42,0.0,1,2,2,5,At risk / hibernating
15418,2010-10-10,426,2,449.42,0.0,1,2,2,5,At risk / hibernating
13537,2010-10-10,426,2,717.85,0.0,1,2,3,6,At risk / hibernating
12862,2010-10-10,426,2,984.62,0.0,1,2,3,6,At risk / hibernating
17465,2010-10-10,426,9,2542.79,9.15,1,4,4,9,Need attention
17755,2010-10-11,425,1,0.0,72.23,1,1,1,3,At risk / hibernating
17273,2010-10-11,425,1,141.12,0.0,1,1,1,3,At risk / hibernating
17264,2010-10-11,425,1,268.28,0.0,1,1,1,3,At risk / hibernating
14319,2010-10-11,425,2,494.85,17.9,1,2,2,5,At risk / hibernating
14568,2010-10-11,425,2,919.7,10.2,1,2,3,6,At risk / hibernating
17635,2010-10-11,425,4,1265.58,8.75,1,3,4,8,Need attention
14590,2010-10-11,425,28,2993.37,122.33,1,5,5,11,Need attention
17944,2010-10-12,424,1,74.99,0.0,1,1,1,3,At risk / hibernating
13968,2010-10-12,424,1,123.66,0.0,1,1,1,3,At risk / hibernating
13912,2010-10-12,424,1,124.95,0.0,1,1,1,3,At risk / hibernating
12655,2010-10-12,424,1,261.35,0.0,1,1,1,3,At risk / hibernating
17710,2010-10-12,424,1,293.5,0.0,1,1,2,4,At risk / hibernating
14263,2010-10-12,424,1,322.93,0.0,1,1,2,4,At risk / hibernating
16263,2010-10-12,424,1,348.16,0.0,1,1,2,4,At risk / hibernating
17104,2010-10-12,424,1,474.03,0.0,1,2,2,5,At risk / hibernating
13909,2010-10-12,424,2,282.85,0.0,1,2,2,5,At risk / hibernating
14846,2010-10-12,424,2,437.4,30.6,1,2,2,5,At risk / hibernating
14838,2010-10-12,424,2,769.92,0.0,1,2,3,6,At risk / hibernating
15151,2010-10-12,424,2,2085.61,0.0,1,2,4,7,At risk / hibernating
16039,2010-10-12,424,3,456.4,6.75,1,3,2,6,Core
13541,2010-10-12,424,3,785.25,67.35,1,3,3,7,Core
13440,2010-10-12,424,10,1295.25,81.3,1,4,4,9,Need attention
13378,2010-10-13,423,1,0.0,756.4,1,1,1,3,At risk / hibernating
16238,2010-10-13,423,1,63.66,0.0,1,1,1,3,At risk / hibernating
15242,2010-10-13,423,1,302.04,0.0,1,1,2,4,At risk / hibernating
12900,2010-10-13,423,1,340.33,0.0,1,1,2,4,At risk / hibernating
17182,2010-10-13,423,2,321.3,0.0,1,2,2,5,At risk / hibernating
13770,2010-10-13,423,4,785.37,0.0,1,3,3,7,Core
16130,2010-10-13,423,4,987.48,0.0,1,3,3,7,Core
14316,2010-10-13,423,6,1370.34,15.0,1,4,4,9,Need attention
17851,2010-10-13,423,6,1552.35,0.0,1,4,4,9,Need attention
17751,2010-10-14,422,1,157.86,0.0,1,1,1,3,At risk / hibernating
18090,2010-10-14,422,1,321.9,0.0,1,1,2,4,At risk / hibernating
15735,2010-10-14,422,1,327.68,0.0,1,1,2,4,At risk / hibernating
17717,2010-10-14,422,1,376.92,0.0,1,1,2,4,At risk / hibernating
16991,2010-10-14,422,1,1041.21,0.0,1,2,3,6,At risk / hibernating
14956,2010-10-14,422,1,1325.0,0.0,1,2,4,7,At risk / hibernating
17823,2010-10-14,422,2,449.25,0.0,1,2,2,5,At risk / hibernating
14343,2010-10-14,422,4,1079.66,0.0,1,3,3,7,Core
13696,2010-10-14,422,4,2020.4,11.7,1,3,4,8,Need attention
16176,2010-10-14,422,7,2052.69,88.65,1,4,4,9,Need attention
13463,2010-10-15,421,1,0.0,158.65,1,1,1,3,At risk / hibernating
14781,2010-10-15,421,1,0.0,530.31,1,1,1,3,At risk / hibernating
15686,2010-10-15,421,1,90.0,0.0,1,1,1,3,At risk / hibernating
17316,2010-10-15,421,1,124.45,0.0,1,1,1,3,At risk / hibernating
17938,2010-10-15,421,1,144.29,0.0,1,1,1,3,At risk / hibernating
17390,2010-10-15,421,1,149.3,0.0,1,1,1,3,At risk / hibernating
17202,2010-10-15,421,1,160.65,0.0,1,1,1,3,At risk / hibernating
17687,2010-10-15,421,1,432.68,0.0,1,2,2,5,At risk / hibernating
16879,2010-10-15,421,2,0.0,140.96,1,2,1,4,At risk / hibernating
14168,2010-10-15,421,3,370.45,64.55,1,3,2,6,Core
15817,2010-10-15,421,3,2766.4,0.0,1,3,4,8,Need attention
16336,2010-10-15,421,4,3517.69,0.0,1,3,5,9,Need attention
17822,2010-10-15,421,5,2162.93,0.0,1,4,4,9,Need attention
15202,2010-10-15,421,8,6001.49,8571.67,1,4,5,10,Need attention
13446,2010-10-15,421,18,3881.89,273.03,1,5,5,11,Need attention
15688,2010-10-17,419,1,190.57,0.0,1,1,1,3,At risk / hibernating
15772,2010-10-17,419,1,280.88,0.0,1,1,2,4,At risk / hibernating
16691,2010-10-17,419,2,178.83,0.0,1,2,1,4,At risk / hibernating
14877,2010-10-17,419,2,425.85,0.0,1,2,2,5,At risk / hibernating
14839,2010-10-17,419,3,915.28,0.0,1,3,3,7,Core
17141,2010-10-17,419,4,727.58,0.0,1,3,3,7,Core
13820,2010-10-17,419,5,652.75,20.25,1,3,3,7,Core
12835,2010-10-17,419,49,5996.83,24.64,1,5,5,11,Need attention
13387,2010-10-18,418,1,186.94,0.0,1,1,1,3,At risk / hibernating
13088,2010-10-18,418,1,236.11,0.0,1,1,1,3,At risk / hibernating
16069,2010-10-18,418,1,457.7,0.0,1,2,2,5,At risk / hibernating
12699,2010-10-18,418,1,638.11,0.0,1,2,3,6,At risk / hibernating
15710,2010-10-18,418,1,898.87,0.0,1,2,3,6,At risk / hibernating
15459,2010-10-18,418,2,202.83,0.0,1,2,1,4,At risk / hibernating
14940,2010-10-18,418,2,531.49,0.0,1,2,2,5,At risk / hibernating
17143,2010-10-18,418,2,880.97,0.0,1,2,3,6,At risk / hibernating
16854,2010-10-18,418,2,1408.96,0.0,1,2,4,7,At risk / hibernating
15934,2010-10-18,418,2,2190.66,0.0,1,2,4,7,At risk / hibernating
16476,2010-10-18,418,3,350.35,13.35,1,3,2,6,Core
13957,2010-10-18,418,3,458.25,0.0,1,3,2,6,Core
17023,2010-10-18,418,3,800.18,0.0,1,3,3,7,Core
16772,2010-10-18,418,5,3698.05,937.95,1,4,5,10,Need attention
13214,2010-10-18,418,7,3264.23,0.0,1,4,5,10,Need attention
13152,2010-10-18,418,9,2146.38,31.4,1,4,4,9,Need attention
13840,2010-10-19,417,1,651.4,0.0,1,2,3,6,At risk / hibernating
13480,2010-10-19,417,2,627.82,0.0,1,2,3,6,At risk / hibernating
14469,2010-10-19,417,4,2093.46,0.0,1,3,4,8,Need attention
14734,2010-10-19,417,5,1056.42,10.95,1,4,3,8,Core
17137,2010-10-19,417,6,1099.81,0.0,1,4,3,8,Core
12387,2010-10-20,416,1,143.94,0.0,1,1,1,3,At risk / hibernating
15647,2010-10-20,416,1,169.0,0.0,1,1,1,3,At risk / hibernating
14612,2010-10-20,416,1,877.7,0.0,1,2,3,6,At risk / hibernating
16521,2010-10-20,416,3,1140.11,0.0,1,3,3,7,Core
16702,2010-10-20,416,5,1110.83,9.95,1,4,3,8,Core
13195,2010-10-21,415,1,136.73,0.0,1,1,1,3,At risk / hibernating
12400,2010-10-21,415,1,205.25,0.0,1,1,1,3,At risk / hibernating
16540,2010-10-21,415,1,205.75,0.0,1,1,1,3,At risk / hibernating
18243,2010-10-21,415,1,515.78,0.0,1,2,2,5,At risk / hibernating
15995,2010-10-21,415,1,694.54,0.0,1,2,3,6,At risk / hibernating
13374,2010-10-21,415,2,422.8,0.0,1,2,2,5,At risk / hibernating
16310,2010-10-21,415,2,460.08,0.0,1,2,2,5,At risk / hibernating
17834,2010-10-21,415,2,689.67,0.0,1,2,3,6,At risk / hibernating
13386,2010-10-21,415,2,835.46,0.0,1,2,3,6,At risk / hibernating
12511,2010-10-21,415,2,3084.02,18.25,1,2,5,8,At risk / hibernating
14686,2010-10-21,415,6,852.53,7.95,1,4,3,8,Core
16167,2010-10-21,415,6,1386.12,236.25,1,4,4,9,Need attention
13746,2010-10-22,414,1,176.69,0.0,1,1,1,3,At risk / hibernating
14945,2010-10-22,414,1,179.4,0.0,1,1,1,3,At risk / hibernating
14728,2010-10-22,414,1,190.58,0.0,1,1,1,3,At risk / hibernating
12899,2010-10-22,414,1,366.4,0.0,1,1,2,4,At risk / hibernating
12973,2010-10-22,414,1,385.55,0.0,2,1,2,5,At risk / hibernating
14296,2010-10-22,414,3,456.4,7.95,2,3,2,7,Core
16465,2010-10-22,414,3,746.24,19.9,2,3,3,8,Core
12369,2010-10-22,414,3,1791.15,0.0,2,3,4,9,Need attention
12960,2010-10-22,414,4,1322.07,0.0,2,3,4,9,Need attention
16975,2010-10-22,414,5,926.12,23.7,2,3,3,8,Core
12972,2010-10-22,414,6,1161.2,45.25,2,4,3,9,Core
13241,2010-10-24,412,1,112.53,0.0,2,1,1,4,At risk / hibernating
17260,2010-10-24,412,1,120.95,0.0,2,1,1,4,At risk / hibernating
17435,2010-10-24,412,1,331.35,0.0,2,1,2,5,At risk / hibernating
16920,2010-10-24,412,1,355.45,0.0,2,1,2,5,At risk / hibernating
13574,2010-10-24,412,1,404.45,0.0,2,1,2,5,At risk / hibernating
13977,2010-10-24,412,1,519.81,0.0,2,2,2,6,At risk / hibernating
17407,2010-10-24,412,1,552.9,0.0,2,2,2,6,At risk / hibernating
14183,2010-10-24,412,2,278.34,0.0,2,2,2,6,At risk / hibernating
13073,2010-10-24,412,2,418.08,0.0,2,2,2,6,At risk / hibernating
13333,2010-10-24,412,3,1015.74,0.0,2,3,3,8,Core
12926,2010-10-24,412,4,1523.97,0.0,2,3,4,9,Need attention
15248,2010-10-24,412,4,1893.93,28.9,2,3,4,9,Need attention
14718,2010-10-25,411,1,226.42,0.0,2,1,1,4,At risk / hibernating
17981,2010-10-25,411,1,239.12,0.0,2,1,1,4,At risk / hibernating
14197,2010-10-25,411,1,390.05,0.0,2,1,2,5,At risk / hibernating
14181,2010-10-25,411,2,308.35,0.0,2,2,2,6,At risk / hibernating
17393,2010-10-25,411,2,381.15,0.0,2,2,2,6,At risk / hibernating
16259,2010-10-25,411,3,340.94,0.0,2,3,2,7,Core
13733,2010-10-25,411,3,487.03,2.5,2,3,2,7,Core
15064,2010-10-25,411,4,1254.41,0.0,2,3,4,9,Need attention
14249,2010-10-25,411,12,5400.46,0.0,2,5,5,12,Need attention
13906,2010-10-26,410,1,42.0,0.0,2,1,1,4,At risk / hibernating
13578,2010-10-26,410,1,147.66,0.0,2,1,1,4,At risk / hibernating
14278,2010-10-26,410,1,205.83,0.0,2,1,1,4,At risk / hibernating
16962,2010-10-26,410,1,251.04,0.0,2,1,1,4,At risk / hibernating
15536,2010-10-26,410,1,259.09,0.0,2,1,1,4,At risk / hibernating
12411,2010-10-26,410,1,346.9,0.0,2,1,2,5,At risk / hibernating
13274,2010-10-26,410,1,360.85,0.0,2,1,2,5,At risk / hibernating
16785,2010-10-26,410,1,533.78,0.0,2,2,2,6,At risk / hibernating
17327,2010-10-26,410,2,152.35,0.0,2,2,1,5,At risk / hibernating
14324,2010-10-26,410,2,701.61,0.0,2,2,3,7,At risk / hibernating
15876,2010-10-26,410,2,1449.14,0.0,2,2,4,8,At risk / hibernating
16576,2010-10-26,410,5,540.87,27.7,2,3,2,7,Core
15207,2010-10-26,410,5,683.92,30.15,2,3,3,8,Core
18247,2010-10-26,410,6,839.73,118.3,2,4,3,9,Core
13547,2010-10-27,409,1,167.08,0.0,2,1,1,4,At risk / hibernating
14281,2010-10-27,409,1,245.15,0.0,2,1,1,4,At risk / hibernating
12563,2010-10-27,409,1,249.24,0.0,2,1,1,4,At risk / hibernating
12537,2010-10-27,409,1,732.94,0.0,2,2,3,7,At risk / hibernating
17326,2010-10-27,409,2,312.35,0.0,2,2,2,6,At risk / hibernating
16382,2010-10-27,409,2,353.1,0.0,2,2,2,6,At risk / hibernating
18060,2010-10-27,409,2,1185.46,0.0,2,2,3,7,At risk / hibernating
17478,2010-10-27,409,2,1272.8,0.0,2,2,4,8,At risk / hibernating
13713,2010-10-27,409,3,740.76,0.0,2,3,3,8,Core
15285,2010-10-28,408,1,94.92,0.0,2,1,1,4,At risk / hibernating
15328,2010-10-28,408,1,107.24,0.0,2,1,1,4,At risk / hibernating
14294,2010-10-28,408,1,375.34,0.0,2,1,2,5,At risk / hibernating
16630,2010-10-28,408,2,106.8,2.5,2,2,1,5,At risk / hibernating
14303,2010-10-28,408,2,277.94,0.0,2,2,2,6,At risk / hibernating
16129,2010-10-28,408,3,1396.05,0.0,2,3,4,9,Need attention
17853,2010-10-28,408,3,1596.29,0.0,2,3,4,9,Need attention
13031,2010-10-28,408,5,3292.84,0.0,2,4,5,11,Need attention
16058,2010-10-29,407,1,62.7,0.0,2,1,1,4,At risk / hibernating
15170,2010-10-29,407,1,81.15,0.0,2,1,1,4,At risk / hibernating
13580,2010-10-29,407,1,107.75,0.0,2,1,1,4,At risk / hibernating
17821,2010-10-29,407,1,334.62,0.0,2,1,2,5,At risk / hibernating
16635,2010-10-29,407,1,473.0,0.0,2,2,2,6,At risk / hibernating
17741,2010-10-29,407,2,101.1,0.0,2,2,1,5,At risk / hibernating
14490,2010-10-29,407,2,1273.47,0.0,2,2,4,8,At risk / hibernating
15887,2010-10-29,407,3,1027.15,0.0,2,3,3,8,Core
14746,2010-10-29,407,4,593.5,0.0,2,3,2,7,Core
16724,2010-10-31,405,1,147.35,0.0,2,1,1,4,At risk / hibernating
14848,2010-10-31,405,1,310.56,0.0,2,1,2,5,At risk / hibernating
12608,2010-10-31,405,1,415.79,0.0,2,2,2,6,At risk / hibernating
16606,2010-10-31,405,2,357.66,0.0,2,2,2,6,At risk / hibernating
15501,2010-10-31,405,2,399.95,0.0,2,2,2,6,At risk / hibernating
13677,2010-10-31,405,2,551.24,0.0,2,2,2,6,At risk / hibernating
17413,2010-10-31,405,2,560.14,0.0,2,2,2,6,At risk / hibernating
15879,2010-10-31,405,4,1137.8,0.0,2,3,3,8,Core
15439,2010-10-31,405,4,1269.05,0.0,2,3,4,9,Need attention
16876,2010-11-01,404,1,136.01,0.0,2,1,1,4,At risk / hibernating
14429,2010-11-01,404,1,516.28,0.0,2,2,2,6,At risk / hibernating
14648,2010-11-01,404,19,4466.65,88.65,2,5,5,12,Need attention
13215,2010-11-02,403,1,81.6,0.0,2,1,1,4,At risk / hibernating
13535,2010-11-02,403,1,89.5,0.0,2,1,1,4,At risk / hibernating
13251,2010-11-02,403,1,252.68,0.0,2,1,1,4,At risk / hibernating
17121,2010-11-02,403,1,314.74,0.0,2,1,2,5,At risk / hibernating
14617,2010-11-02,403,2,190.47,0.0,2,2,1,5,At risk / hibernating
14363,2010-11-02,403,2,227.47,0.0,2,2,1,5,At risk / hibernating
15337,2010-11-02,403,2,373.02,28.3,2,2,2,6,At risk / hibernating
12389,2010-11-02,403,3,1433.33,0.0,2,3,4,9,Need attention
17003,2010-11-02,403,4,828.21,0.0,2,3,3,8,Core
12986,2010-11-02,403,12,2729.84,731.5,2,5,4,11,Need attention
15233,2010-11-03,402,1,59.4,0.0,2,1,1,4,At risk / hibernating
16865,2010-11-03,402,1,130.95,0.0,2,1,1,4,At risk / hibernating
15336,2010-11-03,402,1,240.5,0.0,2,1,1,4,At risk / hibernating
13331,2010-11-03,402,1,262.4,0.0,2,1,1,4,At risk / hibernating
15915,2010-11-03,402,1,364.45,0.0,2,1,2,5,At risk / hibernating
15481,2010-11-03,402,1,1993.34,0.0,2,2,4,8,At risk / hibernating
14398,2010-11-03,402,2,707.79,0.0,2,2,3,7,At risk / hibernating
17473,2010-11-03,402,3,607.0,14.85,2,3,3,8,Core
14942,2010-11-03,402,5,746.56,40.0,2,3,3,8,Core
13303,2010-11-04,401,1,61.72,0.0,2,1,1,4,At risk / hibernating
13172,2010-11-04,401,1,69.6,0.0,2,1,1,4,At risk / hibernating
13903,2010-11-04,401,1,165.45,0.0,2,1,1,4,At risk / hibernating
12914,2010-11-04,401,1,223.98,0.0,2,1,1,4,At risk / hibernating
15294,2010-11-04,401,2,233.35,11.05,2,2,1,5,At risk / hibernating
13981,2010-11-04,401,2,331.14,3.75,2,2,2,6,At risk / hibernating
12958,2010-11-04,401,2,467.34,0.0,2,2,2,6,At risk / hibernating
16888,2010-11-04,401,3,434.2,0.0,2,3,2,7,Core
16060,2010-11-04,401,3,541.95,0.0,2,3,2,7,Core
16707,2010-11-04,401,4,533.41,0.0,2,3,2,7,Core
16391,2010-11-04,401,4,1052.26,0.0,2,3,3,8,Core
15425,2010-11-04,401,4,1941.12,0.0,2,3,4,9,Need attention
14136,2010-11-04,401,7,1570.81,16.85,2,4,4,10,Need attention
13648,2010-11-04,401,11,1764.02,85.01,2,5,4,11,Need attention
13206,2010-11-04,401,15,8308.19,97.19,2,5,5,12,Need attention
17276,2010-11-05,400,2,502.49,57.05,2,2,2,6,At risk / hibernating
15792,2010-11-05,400,2,933.84,0.0,2,2,3,7,At risk / hibernating
13646,2010-11-05,400,3,326.25,2.95,2,3,2,7,Core
13836,2010-11-05,400,3,620.37,17.85,2,3,3,8,Core
17876,2010-11-05,400,3,3424.02,0.0,2,3,5,10,Need attention
13921,2010-11-05,400,5,730.7,9.95,2,3,3,8,Core
16559,2010-11-07,398,1,175.0,0.0,2,1,1,4,At risk / hibernating
16640,2010-11-07,398,1,179.4,0.0,2,1,1,4,At risk / hibernating
14203,2010-11-07,398,1,339.34,0.0,2,1,2,5,At risk / hibernating
18083,2010-11-07,398,1,463.53,0.0,2,2,2,6,At risk / hibernating
15560,2010-11-07,398,2,153.52,0.0,2,2,1,5,At risk / hibernating
16787,2010-11-07,398,4,1017.53,0.0,2,3,3,8,Core
16420,2010-11-08,397,1,75.0,0.0,2,1,1,4,At risk / hibernating
13691,2010-11-08,397,1,212.78,0.0,2,1,1,4,At risk / hibernating
12892,2010-11-08,397,1,263.38,0.0,2,1,1,4,At risk / hibernating
14927,2010-11-08,397,1,308.2,0.0,2,1,2,5,At risk / hibernating
13738,2010-11-08,397,1,434.78,0.0,2,2,2,6,At risk / hibernating
18098,2010-11-08,397,1,527.94,0.0,2,2,2,6,At risk / hibernating
13773,2010-11-08,397,2,301.54,0.0,2,2,2,6,At risk / hibernating
17000,2010-11-08,397,2,406.3,0.0,2,2,2,6,At risk / hibernating
17258,2010-11-08,397,2,417.3,0.0,2,2,2,6,At risk / hibernating
15390,2010-11-08,397,2,1216.66,0.0,2,2,3,7,At risk / hibernating
15617,2010-11-08,397,3,828.55,0.0,2,3,3,8,Core
15441,2010-11-08,397,3,1254.21,0.0,2,3,4,9,Need attention
13377,2010-11-08,397,4,1552.88,57.45,2,3,4,9,Need attention
15635,2010-11-09,396,1,100.35,0.0,2,1,1,4,At risk / hibernating
17467,2010-11-09,396,1,102.6,0.0,2,1,1,4,At risk / hibernating
17208,2010-11-09,396,1,111.15,0.0,2,1,1,4,At risk / hibernating
17983,2010-11-09,396,1,171.71,0.0,2,1,1,4,At risk / hibernating
16740,2010-11-09,396,1,226.91,0.0,2,1,1,4,At risk / hibernating
14899,2010-11-09,396,1,1331.38,0.0,2,2,4,8,At risk / hibernating
14610,2010-11-09,396,2,24.35,0.0,2,2,1,5,At risk / hibernating
16381,2010-11-09,396,2,247.85,0.0,2,2,1,5,At risk / hibernating
13660,2010-11-09,396,2,306.64,10.9,2,2,2,6,At risk / hibernating
15011,2010-11-09,396,2,416.6,0.0,2,2,2,6,At risk / hibernating
16021,2010-11-09,396,2,487.03,0.0,2,2,2,6,At risk / hibernating
17807,2010-11-09,396,3,437.87,0.0,2,3,2,7,Core
12907,2010-11-09,396,3,508.91,68.55,2,3,2,7,Core
17363,2010-11-09,396,3,920.46,0.0,2,3,3,8,Core
16977,2010-11-09,396,4,496.0,0.0,2,3,2,7,Core
14275,2010-11-09,396,6,1189.38,0.0,2,4,3,9,Core
17726,2010-11-09,396,8,1092.06,2.5,2,4,3,9,Core
15131,2010-11-10,395,1,80.28,0.0,2,1,1,4,At risk / hibernating
16662,2010-11-10,395,1,151.05,0.0,2,1,1,4,At risk / hibernating
13671,2010-11-10,395,1,172.6,0.0,2,1,1,4,At risk / hibernating
12927,2010-11-10,395,1,197.31,0.0,2,1,1,4,At risk / hibernating
17903,2010-11-10,395,1,381.09,0.0,2,1,2,5,At risk / hibernating
13096,2010-11-10,395,1,419.7,0.0,2,2,2,6,At risk / hibernating
13915,2010-11-10,395,2,70.8,39.6,2,2,1,5,At risk / hibernating
15001,2010-11-10,395,2,199.11,0.0,2,2,1,5,At risk / hibernating
14365,2010-11-10,395,2,634.68,0.0,2,2,3,7,At risk / hibernating
13945,2010-11-10,395,2,854.15,0.0,2,2,3,7,At risk / hibernating
16868,2010-11-10,395,3,384.56,0.0,2,3,2,7,Core
13252,2010-11-10,395,3,399.3,58.0,2,3,2,7,Core
14122,2010-11-10,395,5,362.42,52.65,2,3,2,7,Core
15890,2010-11-10,395,5,535.65,0.0,2,3,2,7,Core
14615,2010-11-10,395,6,951.76,17.5,2,4,3,9,Core
14399,2010-11-10,395,9,2108.21,15.0,2,4,4,10,Need attention
16786,2010-11-11,394,1,51.84,0.0,2,1,1,4,At risk / hibernating
17558,2010-11-11,394,1,259.17,0.0,2,1,1,4,At risk / hibernating
17815,2010-11-11,394,1,591.96,0.0,2,2,2,6,At risk / hibernating
12803,2010-11-11,394,1,1092.81,0.0,2,2,3,7,At risk / hibernating
14922,2010-11-11,394,2,843.74,0.0,2,2,3,7,At risk / hibernating
17308,2010-11-11,394,2,4511.76,0.0,2,2,5,9,At risk / hibernating
16677,2010-11-11,394,3,880.62,30.85,2,3,3,8,Core
18057,2010-11-11,394,3,1188.46,0.0,2,3,3,8,Core
17476,2010-11-11,394,4,489.86,43.35,2,3,2,7,Core
16827,2010-11-11,394,5,392.13,0.0,2,3,2,7,Core
16118,2010-11-11,394,5,4376.25,120.82,2,4,5,11,Need attention
13857,2010-11-11,394,7,1001.01,3.9,2,4,3,9,Core
16797,2010-11-11,394,9,1802.02,41.0,2,4,4,10,Need attention
18054,2010-11-12,393,1,176.5,0.0,2,1,1,4,At risk / hibernating
17803,2010-11-12,393,1,184.66,0.0,2,1,1,4,At risk / hibernating
18007,2010-11-12,393,1,215.22,0.0,2,1,1,4,At risk / hibernating
17210,2010-11-12,393,1,251.72,0.0,2,1,1,4,At risk / hibernating
15566,2010-11-12,393,2,227.87,0.0,2,2,1,5,At risk / hibernating
17366,2010-11-12,393,3,1077.24,1.65,2,3,3,8,Core
16199,2010-11-12,393,7,942.75,0.0,2,4,3,9,Core
13293,2010-11-12,393,7,1192.94,12.6,2,4,3,9,Core
14559,2010-11-14,391,1,75.6,0.0,2,1,1,4,At risk / hibernating
16687,2010-11-14,391,1,157.63,0.0,2,1,1,4,At risk / hibernating
16074,2010-11-14,391,1,252.5,0.0,2,1,1,4,At risk / hibernating
15726,2010-11-14,391,1,321.91,0.0,2,1,2,5,At risk / hibernating
18063,2010-11-14,391,2,186.6,0.0,2,2,1,5,At risk / hibernating
17497,2010-11-14,391,2,287.25,0.0,2,2,2,6,At risk / hibernating
17300,2010-11-14,391,2,393.64,0.0,2,2,2,6,At risk / hibernating
14599,2010-11-14,391,2,457.89,0.0,2,2,2,6,At risk / hibernating
14807,2010-11-14,391,2,504.14,0.0,2,2,2,6,At risk / hibernating
13545,2010-11-14,391,3,364.93,27.29,2,3,2,7,Core
17544,2010-11-14,391,3,944.82,0.0,2,3,3,8,Core
15283,2010-11-14,391,4,148.33,12.9,2,3,1,6,Core
17992,2010-11-15,390,1,252.88,0.0,2,1,1,4,At risk / hibernating
14526,2010-11-15,390,1,258.65,0.0,2,1,1,4,At risk / hibernating
17106,2010-11-15,390,1,481.58,0.0,2,2,2,6,At risk / hibernating
13582,2010-11-15,390,2,241.68,0.0,2,2,1,5,At risk / hibernating
12376,2010-11-15,390,2,503.15,0.0,2,2,2,6,At risk / hibernating
14358,2010-11-15,390,3,400.06,15.76,2,3,2,7,Core
16314,2010-11-15,390,3,1491.4,0.0,2,3,4,9,Need attention
14065,2010-11-15,390,4,891.02,1.65,2,3,3,8,Core
16087,2010-11-15,390,5,1739.92,0.0,2,4,4,10,Need attention
17740,2010-11-15,390,6,426.9,0.0,2,4,2,8,Core
13353,2010-11-16,389,1,0.0,28.85,2,1,1,4,At risk / hibernating
15161,2010-11-16,389,1,119.92,0.0,2,1,1,4,At risk / hibernating
13789,2010-11-16,389,1,239.46,0.0,2,1,1,4,At risk / hibernating
14192,2010-11-16,389,1,293.74,0.0,2,1,2,5,At risk / hibernating
15968,2010-11-16,389,1,404.55,0.0,2,2,2,6,At risk / hibernating
17689,2010-11-16,389,2,317.08,0.0,2,2,2,6,At risk / hibernating
13597,2010-11-16,389,3,396.71,24.5,2,3,2,7,Core
15842,2010-11-16,389,3,548.8,20.05,2,3,2,7,Core
13795,2010-11-16,389,4,836.3,0.0,2,3,3,8,Core
18195,2010-11-17,388,1,101.16,0.0,2,1,1,4,At risk / hibernating
14811,2010-11-17,388,1,170.5,0.0,2,1,1,4,At risk / hibernating
15515,2010-11-17,388,1,171.81,0.0,2,1,1,4,At risk / hibernating
14417,2010-11-17,388,1,524.65,0.0,2,2,2,6,At risk / hibernating
13237,2010-11-17,388,1,643.0,0.0,2,2,3,7,At risk / hibernating
13605,2010-11-17,388,2,522.67,0.0,2,2,2,6,At risk / hibernating
17310,2010-11-17,388,2,1025.1,0.0,2,2,3,7,At risk / hibernating
13964,2010-11-17,388,3,438.9,17.0,2,3,2,7,Core
17200,2010-11-17,388,4,356.71,0.0,2,3,2,7,Core
16973,2010-11-18,387,1,127.0,0.0,2,1,1,4,At risk / hibernating
17089,2010-11-18,387,1,128.45,0.0,2,1,1,4,At risk / hibernating
14405,2010-11-18,387,1,195.0,0.0,2,1,1,4,At risk / hibernating
17868,2010-11-18,387,1,227.15,0.0,2,1,1,4,At risk / hibernating
17355,2010-11-18,387,1,273.31,0.0,2,1,2,5,At risk / hibernating
14614,2010-11-18,387,1,295.13,0.0,2,1,2,5,At risk / hibernating
13864,2010-11-18,387,1,662.4,0.0,2,2,3,7,At risk / hibernating
12467,2010-11-18,387,2,132.8,132.8,2,2,1,5,At risk / hibernating
16089,2010-11-18,387,2,263.49,0.0,2,2,1,5,At risk / hibernating
13970,2010-11-18,387,2,846.55,0.0,2,2,3,7,At risk / hibernating
13996,2010-11-18,387,2,895.76,0.0,2,2,3,7,At risk / hibernating
17776,2010-11-18,387,3,330.56,6.75,2,3,2,7,Core
17421,2010-11-18,387,3,1059.41,0.0,2,3,3,8,Core
13665,2010-11-18,387,3,1711.66,0.0,2,3,4,9,Need attention
16588,2010-11-18,387,4,1361.28,0.0,2,3,4,9,Need attention
17532,2010-11-19,386,1,65.34,0.0,2,1,1,4,At risk / hibernating
17493,2010-11-19,386,1,100.91,0.0,2,1,1,4,At risk / hibernating
15846,2010-11-19,386,1,107.01,0.0,2,1,1,4,At risk / hibernating
16599,2010-11-19,386,1,172.8,0.0,2,1,1,4,At risk / hibernating
16346,2010-11-19,386,1,224.51,0.0,2,1,1,4,At risk / hibernating
17269,2010-11-19,386,1,491.81,0.0,2,2,2,6,At risk / hibernating
15138,2010-11-19,386,2,502.52,15.93,2,2,2,6,At risk / hibernating
12419,2010-11-19,386,2,503.01,0.0,2,2,2,6,At risk / hibernating
13961,2010-11-19,386,2,538.4,39.7,2,2,2,6,At risk / hibernating
12629,2010-11-19,386,2,1558.22,0.0,2,2,4,8,At risk / hibernating
17683,2010-11-19,386,3,819.01,0.0,2,3,3,8,Core
12874,2010-11-19,386,3,948.42,15.0,2,3,3,8,Core
13156,2010-11-19,386,3,1586.54,0.0,2,3,4,9,Need attention
12978,2010-11-19,386,6,2502.82,6.75,2,4,4,10,Need attention
17241,2010-11-19,386,12,2736.64,0.0,2,5,4,11,Need attention
17275,2010-11-21,384,1,114.1,0.0,2,1,1,4,At risk / hibernating
17036,2010-11-21,384,1,176.9,0.0,2,1,1,4,At risk / hibernating
12887,2010-11-21,384,1,222.4,0.0,2,1,1,4,At risk / hibernating
13550,2010-11-21,384,1,342.55,0.0,2,1,2,5,At risk / hibernating
15155,2010-11-21,384,1,383.97,0.0,2,1,2,5,At risk / hibernating
16501,2010-11-21,384,1,1191.23,0.0,2,2,3,7,At risk / hibernating
12858,2010-11-21,384,2,147.27,26.19,2,2,1,5,At risk / hibernating
13275,2010-11-21,384,2,238.86,0.0,2,2,1,5,At risk / hibernating
15519,2010-11-21,384,2,344.61,0.0,2,2,2,6,At risk / hibernating
17335,2010-11-21,384,2,497.04,0.0,2,2,2,6,At risk / hibernating
16946,2010-11-21,384,6,1222.04,22.5,2,4,4,10,Need attention
13086,2010-11-22,383,1,439.33,0.0,2,2,2,6,At risk / hibernating
16373,2010-11-22,383,2,309.49,0.0,2,2,2,6,At risk / hibernating
15169,2010-11-22,383,2,569.22,0.0,2,2,2,6,At risk / hibernating
17782,2010-11-22,383,2,679.02,0.0,2,2,3,7,At risk / hibernating
16972,2010-11-22,383,2,749.0,0.0,2,2,3,7,At risk / hibernating
12807,2010-11-22,383,3,330.35,60.4,2,3,2,7,Core
17713,2010-11-22,383,4,1198.09,0.0,2,3,3,8,Core
14478,2010-11-22,383,4,1276.66,0.0,2,3,4,9,Need attention
15377,2010-11-22,383,5,1211.75,31.8,2,4,3,9,Core
14994,2010-11-22,383,8,946.72,74.3,2,4,3,9,Core
14134,2010-11-22,383,15,11123.35,0.0,2,5,5,12,Need attention
16821,2010-11-23,382,1,113.35,0.0,2,1,1,4,At risk / hibernating
17872,2010-11-23,382,1,235.87,0.0,2,1,1,4,At risk / hibernating
13843,2010-11-23,382,1,319.75,0.0,2,1,2,5,At risk / hibernating
14252,2010-11-23,382,1,350.99,0.0,2,1,2,5,At risk / hibernating
13181,2010-11-23,382,1,359.69,0.0,2,1,2,5,At risk / hibernating
17598,2010-11-23,382,1,409.98,0.0,2,2,2,6,At risk / hibernating
17570,2010-11-23,382,2,100.0,100.0,2,2,1,5,At risk / hibernating
17766,2010-11-23,382,2,299.61,0.0,2,2,2,6,At risk / hibernating
16437,2010-11-23,382,2,301.25,0.0,2,2,2,6,At risk / hibernating
18047,2010-11-23,382,2,326.09,0.0,2,2,2,6,At risk / hibernating
13624,2010-11-23,382,2,462.08,34.9,2,2,2,6,At risk / hibernating
16001,2010-11-23,382,2,583.39,64.33,2,2,2,6,At risk / hibernating
12880,2010-11-23,382,2,640.13,0.0,2,2,3,7,At risk / hibernating
14926,2010-11-23,382,3,359.4,21.75,2,3,2,7,Core
16935,2010-11-23,382,3,530.86,0.0,2,3,2,7,Core
17098,2010-11-23,382,3,591.07,0.0,2,3,2,7,Core
16590,2010-11-23,382,3,605.9,42.3,2,3,3,8,Core
14202,2010-11-23,382,3,847.76,0.0,2,3,3,8,Core
12805,2010-11-23,382,4,1434.95,0.0,2,3,4,9,Need attention
12889,2010-11-23,382,6,385.46,19.8,2,4,2,8,Core
16155,2010-11-23,382,6,796.9,15.85,2,4,3,9,Core
15902,2010-11-24,381,1,145.01,0.0,2,1,1,4,At risk / hibernating
18076,2010-11-24,381,1,151.49,0.0,2,1,1,4,At risk / hibernating
15509,2010-11-24,381,1,152.41,0.0,2,1,1,4,At risk / hibernating
14458,2010-11-24,381,1,228.07,0.0,2,1,1,4,At risk / hibernating
16489,2010-11-24,381,2,303.7,0.0,2,2,2,6,At risk / hibernating
17998,2010-11-24,381,4,639.24,37.5,2,3,3,8,Core
15476,2010-11-24,381,5,2209.98,29.7,2,4,4,10,Need attention
16699,2010-11-24,381,8,994.6,29.7,2,4,3,9,Core
15173,2010-11-24,381,8,1494.6,95.34,2,4,4,10,Need attention
13554,2010-11-24,381,10,1629.35,81.89,2,4,4,10,Need attention
14721,2010-11-25,380,1,109.07,0.0,2,1,1,4,At risk / hibernating
15020,2010-11-25,380,1,198.47,0.0,2,1,1,4,At risk / hibernating
17989,2010-11-25,380,1,207.33,0.0,2,1,1,4,At risk / hibernating
16874,2010-11-25,380,1,209.89,0.0,2,1,1,4,At risk / hibernating
12961,2010-11-25,380,1,211.99,0.0,2,1,1,4,At risk / hibernating
15495,2010-11-25,380,1,246.5,0.0,2,1,1,4,At risk / hibernating
15961,2010-11-25,380,1,451.29,0.0,2,2,2,6,At risk / hibernating
15936,2010-11-25,380,2,282.79,0.0,2,2,2,6,At risk / hibernating
17882,2010-11-25,380,2,291.56,0.0,2,2,2,6,At risk / hibernating
13987,2010-11-25,380,2,682.54,0.0,2,2,3,7,At risk / hibernating
15084,2010-11-25,380,2,965.2,0.0,2,2,3,7,At risk / hibernating
12385,2010-11-25,380,2,1938.4,15.0,2,2,4,8,At risk / hibernating
17996,2010-11-25,380,3,482.33,0.0,2,3,2,7,Core
17167,2010-11-25,380,3,867.11,0.0,2,3,3,8,Core
16231,2010-11-25,380,4,1074.47,0.0,2,3,3,8,Core
18025,2010-11-25,380,6,1177.72,0.0,2,4,3,9,Core
13019,2010-11-25,380,8,1229.95,17.0,2,4,4,10,Need attention
17283,2010-11-26,379,1,188.46,0.0,2,1,1,4,At risk / hibernating
18031,2010-11-26,379,1,451.3,0.0,2,2,2,6,At risk / hibernating
15914,2010-11-26,379,2,205.99,0.0,2,2,1,5,At risk / hibernating
13891,2010-11-26,379,3,859.21,0.0,2,3,3,8,Core
16254,2010-11-26,379,3,967.44,0.0,2,3,3,8,Core
17952,2010-11-26,379,4,788.46,0.0,2,3,3,8,Core
13202,2010-11-26,379,8,1580.3,8.95,2,4,4,10,Need attention
13254,2010-11-28,377,1,51.41,0.0,2,1,1,4,At risk / hibernating
15583,2010-11-28,377,1,95.96,0.0,2,1,1,4,At risk / hibernating
17607,2010-11-28,377,1,333.81,0.0,2,1,2,5,At risk / hibernating
18003,2010-11-28,377,1,353.51,0.0,2,1,2,5,At risk / hibernating
15037,2010-11-28,377,2,397.76,0.0,2,2,2,6,At risk / hibernating
14986,2010-11-28,377,2,563.1,0.0,2,2,2,6,At risk / hibernating
16421,2010-11-28,377,3,526.27,0.0,2,3,2,7,Core
17804,2010-11-28,377,4,383.78,5.1,2,3,2,7,Core
15446,2010-11-28,377,5,399.75,8.1,2,3,2,7,Core
14454,2010-11-28,377,6,977.3,6.6,2,4,3,9,Core
17150,2010-11-28,377,6,1357.95,0.0,2,4,4,10,Need attention
17322,2010-11-28,377,7,922.59,21.95,2,4,3,9,Core
15580,2010-11-28,377,14,1375.39,159.24,2,5,4,11,Need attention
13542,2010-11-28,377,18,3959.49,35.4,2,5,5,12,Need attention
15404,2010-11-29,376,1,257.06,0.0,2,1,1,4,At risk / hibernating
12351,2010-11-29,376,1,300.93,0.0,2,1,2,5,At risk / hibernating
16194,2010-11-29,376,1,308.6,0.0,2,1,2,5,At risk / hibernating
12996,2010-11-29,376,1,355.5,0.0,2,1,2,5,At risk / hibernating
12767,2010-11-29,376,1,949.82,0.0,2,2,3,7,At risk / hibernating
15828,2010-11-29,376,1,1108.82,0.0,2,2,3,7,At risk / hibernating
15989,2010-11-29,376,2,368.31,0.0,2,2,2,6,At risk / hibernating
14008,2010-11-29,376,2,509.04,15.3,2,2,2,6,At risk / hibernating
17814,2010-11-29,376,2,1609.37,0.0,2,2,4,8,At risk / hibernating
14170,2010-11-29,376,3,570.18,0.0,2,3,2,7,Core
17756,2010-11-29,376,3,728.75,0.0,2,3,3,8,Core
18002,2010-11-29,376,4,244.37,0.0,2,3,1,6,Core
14510,2010-11-29,376,4,979.85,15.3,2,3,3,8,Core
17826,2010-11-30,375,1,133.34,0.0,2,1,1,4,At risk / hibernating
17378,2010-11-30,375,2,10.95,10.95,2,2,1,5,At risk / hibernating
17688,2010-11-30,375,2,304.2,17.7,2,2,2,6,At risk / hibernating
13010,2010-11-30,375,2,330.12,0.0,2,2,2,6,At risk / hibernating
16355,2010-11-30,375,2,416.35,67.15,2,2,2,6,At risk / hibernating
13444,2010-11-30,375,2,619.08,0.0,2,2,3,7,At risk / hibernating
16223,2010-11-30,375,2,1087.05,0.0,2,2,3,7,At risk / hibernating
17170,2010-11-30,375,3,178.68,59.7,2,2,1,5,At risk / hibernating
18039,2010-11-30,375,4,548.22,0.0,2,3,2,7,Core
16228,2010-11-30,375,4,885.71,4.65,2,3,3,8,Core
14605,2010-11-30,375,4,921.56,0.0,2,3,3,8,Core
15960,2010-11-30,375,5,410.95,16.95,2,3,2,7,Core
17281,2010-11-30,375,6,797.85,0.0,2,4,3,9,Core
17342,2010-11-30,375,7,1227.54,71.7,2,4,4,10,Need attention
16274,2010-12-01,374,1,703.5,0.0,2,2,3,7,At risk / hibernating
15165,2010-12-01,374,1,975.5,0.0,2,2,3,7,At risk / hibernating
13747,2010-12-01,374,2,249.4,0.0,2,2,1,5,At risk / hibernating
18011,2010-12-01,374,2,513.58,0.0,2,2,2,6,At risk / hibernating
16583,2010-12-01,374,2,531.4,0.0,2,2,2,6,At risk / hibernating
17643,2010-12-01,374,2,541.25,0.0,2,2,2,6,At risk / hibernating
15350,2010-12-01,374,2,663.25,0.0,2,2,3,7,At risk / hibernating
18074,2010-12-01,374,2,1509.04,0.0,2,2,4,8,At risk / hibernating
14237,2010-12-01,374,3,632.14,5.1,2,3,3,8,Core
14729,2010-12-01,374,3,899.73,0.0,2,3,3,8,Core
17968,2010-12-01,374,4,855.54,0.0,2,3,3,8,Core
14142,2010-12-01,374,4,983.15,15.4,2,3,3,8,Core
13065,2010-12-01,374,6,1260.91,4.95,2,4,4,10,Need attention
17908,2010-12-01,374,7,1374.5,53.65,2,4,4,10,Need attention
12791,2010-12-01,374,8,1056.11,278.36,2,4,3,9,Core
16995,2010-12-02,373,1,0.0,2.5,2,1,1,4,At risk / hibernating
14576,2010-12-02,373,1,70.8,0.0,2,1,1,4,At risk / hibernating
13011,2010-12-02,373,1,101.1,0.0,2,1,1,4,At risk / hibernating
15923,2010-12-02,373,1,254.16,0.0,2,1,1,4,At risk / hibernating
12738,2010-12-02,373,1,310.7,0.0,2,1,2,5,At risk / hibernating
16752,2010-12-02,373,1,415.0,0.0,2,2,2,6,At risk / hibernating
17855,2010-12-02,373,1,417.94,0.0,2,2,2,6,At risk / hibernating
17925,2010-12-02,373,1,488.16,0.0,2,2,2,6,At risk / hibernating
17976,2010-12-02,373,1,643.58,0.0,2,2,3,7,At risk / hibernating
15922,2010-12-02,373,2,739.0,11.8,2,2,3,7,At risk / hibernating
13108,2010-12-02,373,2,1098.52,0.0,2,2,3,7,At risk / hibernating
15070,2010-12-02,373,3,843.25,0.0,2,3,3,8,Core
12855,2010-12-02,373,4,650.94,0.0,2,3,3,8,Core
17547,2010-12-02,373,4,727.85,47.3,2,3,3,8,Core
16510,2010-12-02,373,6,2025.6,0.0,2,4,4,10,Need attention
17732,2010-12-02,373,10,2470.39,22.25,2,5,4,11,Need attention
13958,2010-12-02,373,12,4709.23,306.9,2,5,5,12,Need attention
16754,2010-12-02,373,35,67502.47,10941.89,2,5,5,12,Need attention
14589,2010-12-03,372,1,79.5,0.0,2,1,1,4,At risk / hibernating
12686,2010-12-03,372,1,178.28,0.0,2,1,1,4,At risk / hibernating
17967,2010-12-03,372,2,335.69,0.0,2,2,2,6,At risk / hibernating
14213,2010-12-03,372,2,1192.2,2384.4,2,2,3,7,At risk / hibernating
12725,2010-12-03,372,4,2694.56,0.0,2,3,4,9,Need attention
14679,2010-12-03,372,5,1289.44,19.04,2,4,4,10,Need attention
16926,2010-12-03,372,6,1399.86,10.95,2,4,4,10,Need attention
15880,2010-12-05,370,2,658.06,60.0,2,2,3,7,At risk / hibernating
14813,2010-12-05,370,4,1041.79,0.0,2,3,3,8,Core
16718,2010-12-05,370,5,3612.13,0.0,2,4,5,11,Need attention
15899,2010-12-06,369,1,112.5,0.0,2,1,1,4,At risk / hibernating
18113,2010-12-06,369,1,152.64,0.0,2,1,1,4,At risk / hibernating
16138,2010-12-06,369,4,910.35,15.9,2,3,3,8,Core
17860,2010-12-06,369,4,943.84,0.0,2,3,3,8,Core
16658,2010-12-06,369,9,814.07,117.35,2,4,3,9,Core
18119,2010-12-07,368,1,361.4,0.0,2,1,2,5,At risk / hibernating
15180,2010-12-07,368,3,904.43,0.0,2,3,3,8,Core
13807,2010-12-07,368,4,534.8,24.9,2,3,2,7,Core
13786,2010-12-07,368,8,3358.39,622.53,2,4,5,11,Need attention
16125,2010-12-07,368,14,4581.7,0.0,2,5,5,12,Need attention
12441,2010-12-08,367,1,347.1,0.0,2,1,2,5,At risk / hibernating
13270,2010-12-08,367,1,1180.0,0.0,2,2,3,7,At risk / hibernating
16252,2010-12-08,367,2,295.09,590.18,2,2,2,6,At risk / hibernating
16893,2010-12-08,367,2,395.82,0.0,2,2,2,6,At risk / hibernating
13370,2010-12-08,367,2,1509.74,67.1,2,2,4,8,At risk / hibernating
16679,2010-12-08,367,3,793.06,0.0,2,3,3,8,Core
12870,2010-12-08,367,4,1676.95,29.8,2,3,4,9,Need attention
15347,2010-12-08,367,6,1363.6,29.7,2,4,4,10,Need attention
15332,2010-12-08,367,6,6553.74,0.0,2,4,5,11,Need attention
14821,2010-12-08,367,7,1278.95,0.0,2,4,4,10,Need attention
15221,2010-12-08,367,7,2465.45,649.35,2,4,4,10,Need attention
16858,2010-12-08,367,16,4668.28,236.65,2,5,5,12,Need attention
16579,2010-12-09,366,2,295.05,61.2,2,2,2,6,At risk / hibernating
14932,2010-12-09,366,2,1029.66,0.0,2,2,3,7,At risk / hibernating
17456,2010-12-09,366,2,1225.42,0.0,2,2,4,8,At risk / hibernating
16781,2010-12-09,366,3,934.25,33.2,2,3,3,8,Core
14355,2010-12-09,366,3,1014.45,0.0,2,3,3,8,Core
15945,2010-12-09,366,4,827.27,0.0,2,3,3,8,Core
17978,2010-12-09,366,4,1460.91,0.0,2,3,4,9,Need attention
12605,2010-12-09,366,5,1232.95,15.0,2,4,4,10,Need attention
16795,2010-12-09,366,5,2477.29,27.2,2,4,4,10,Need attention
16065,2010-12-09,366,10,2359.27,17.0,2,5,4,11,Need attention
17307,2010-12-09,366,15,3999.89,774.22,2,5,5,12,Need attention
14082,2010-12-10,365,2,413.36,0.0,2,2,2,6,At risk / hibernating
17880,2010-12-10,365,3,824.92,0.0,2,3,3,8,Core
15723,2010-12-10,365,4,930.7,0.0,2,3,3,8,Core
16727,2010-12-10,365,4,1377.77,0.0,2,3,4,9,Need attention
16565,2010-12-10,365,5,773.05,72.6,2,3,3,8,Core
16665,2010-12-12,363,1,135.4,0.0,2,1,1,4,At risk / hibernating
18004,2010-12-12,363,1,157.92,0.0,2,1,1,4,At risk / hibernating
15503,2010-12-12,363,2,257.3,0.0,2,2,1,5,At risk / hibernating
15454,2010-12-12,363,2,305.99,0.0,2,2,2,6,At risk / hibernating
14413,2010-12-12,363,4,764.52,0.0,2,3,3,8,Core
17251,2010-12-12,363,4,798.98,8.7,2,3,3,8,Core
17303,2010-12-13,362,1,250.04,0.0,2,1,1,4,At risk / hibernating
17524,2010-12-13,362,4,539.14,30.24,2,3,2,7,Core
15361,2010-12-13,362,4,689.07,0.0,2,3,3,8,Core
16262,2010-12-14,361,3,755.15,77.37,2,3,3,8,Core
18141,2010-12-14,361,4,882.47,43.9,2,3,3,8,Core
13948,2010-12-14,361,5,548.76,11.9,2,3,2,7,Core
16812,2010-12-14,361,5,2392.0,175.2,2,4,4,10,Need attention
12797,2010-12-14,361,6,806.11,80.65,2,4,3,9,Core
16202,2010-12-14,361,11,2501.99,34.95,2,5,4,11,Need attention
16499,2010-12-14,361,13,2578.34,86.6,2,5,4,11,Need attention
17752,2010-12-15,360,1,80.64,0.0,2,1,1,4,At risk / hibernating
17551,2010-12-15,360,1,290.34,0.0,2,1,2,5,At risk / hibernating
13829,2010-12-15,360,2,102.0,102.0,2,2,1,5,At risk / hibernating
18050,2010-12-15,360,2,412.06,0.0,2,2,2,6,At risk / hibernating
12666,2010-12-15,360,2,1248.42,227.44,2,2,4,8,At risk / hibernating
17525,2010-12-15,360,3,1161.9,0.0,2,3,3,8,Core
13295,2010-12-15,360,9,1101.97,43.95,2,4,3,9,Core
14373,2010-12-16,359,1,76.55,0.0,2,1,1,4,At risk / hibernating
18269,2010-12-16,359,2,337.2,29.7,2,2,2,6,At risk / hibernating
17691,2010-12-16,359,5,780.05,10.2,2,3,3,8,Core
17496,2010-12-16,359,5,1412.89,27.0,2,4,4,10,Need attention
15789,2010-12-16,359,7,1962.01,30.0,2,4,4,10,Need attention
15224,2010-12-16,359,8,871.36,34.1,2,4,3,9,Core
13874,2010-12-16,359,10,2049.15,59.95,2,4,4,10,Need attention
12551,2010-12-17,358,1,168.0,0.0,2,1,1,4,At risk / hibernating
15204,2010-12-17,358,1,316.58,0.0,2,1,2,5,At risk / hibernating
13033,2010-12-17,358,2,220.55,0.0,2,2,1,5,At risk / hibernating
15160,2010-12-17,358,4,589.27,0.0,2,3,2,7,Core
17343,2010-12-19,356,6,1259.94,0.0,2,4,4,10,Need attention
15460,2010-12-20,355,1,214.26,0.0,2,1,1,4,At risk / hibernating
18256,2010-12-20,355,2,110.7,50.1,2,2,1,5,At risk / hibernating
13369,2010-12-20,355,2,616.56,44.53,2,2,3,7,At risk / hibernating
14119,2010-12-20,355,3,183.37,19.9,2,2,1,5,At risk / hibernating
15279,2010-12-20,355,7,1580.54,38.8,2,4,4,10,Need attention
12515,2010-12-21,354,1,383.7,0.0,2,1,2,5,At risk / hibernating
16270,2010-12-21,354,1,1141.24,0.0,2,2,3,7,At risk / hibernating
18176,2010-12-21,354,2,476.35,27.7,2,2,2,6,At risk / hibernating
12734,2010-12-22,353,3,639.65,0.0,2,3,3,8,Core
15562,2010-12-23,352,3,671.43,0.0,2,3,3,8,Core
13922,2010-12-23,352,5,865.2,40.5,2,3,3,8,Core
13304,2010-12-23,352,7,1217.99,97.2,2,4,3,9,Core
16282,2011-01-04,340,3,1307.58,0.0,2,3,4,9,Need attention
15464,2011-01-05,339,1,1044.65,0.0,2,2,3,7,At risk / hibernating
15266,2011-01-05,339,6,852.21,10.51,2,4,3,9,Core
12386,2011-01-06,338,2,660.8,0.0,2,2,3,7,At risk / hibernating
12503,2011-01-06,338,2,1126.0,1126.0,2,2,3,7,At risk / hibernating
13187,2011-01-06,338,5,341.36,18.7,2,3,2,7,Core
15823,2011-01-06,338,6,3897.17,863.31,2,4,5,11,Need attention
14889,2011-01-07,337,1,135.9,0.0,2,1,1,4,At risk / hibernating
12489,2011-01-07,337,1,334.93,0.0,2,1,2,5,At risk / hibernating
15649,2011-01-07,337,4,2170.35,0.0,2,3,4,9,Need attention
15607,2011-01-07,337,13,1708.97,130.4,2,5,4,11,Need attention
18032,2011-01-09,335,1,73.5,0.0,2,1,1,4,At risk / hibernating
17128,2011-01-09,335,1,157.09,0.0,2,1,1,4,At risk / hibernating
12793,2011-01-09,335,3,1017.33,0.0,2,3,3,8,Core
12651,2011-01-09,335,5,377.75,12.45,2,3,2,7,Core
16850,2011-01-10,334,1,332.41,0.0,2,1,2,5,At risk / hibernating
15326,2011-01-10,334,10,1700.52,170.7,2,4,4,10,Need attention
12736,2011-01-11,333,1,234.0,0.0,2,1,1,4,At risk / hibernating
17569,2011-01-11,333,1,344.14,0.0,2,1,2,5,At risk / hibernating
13144,2011-01-11,333,2,135.35,0.0,2,2,1,5,At risk / hibernating
15346,2011-01-11,333,4,596.12,4.47,2,3,2,7,Core
16351,2011-01-11,333,18,3330.03,50.9,2,5,5,12,Need attention
14185,2011-01-12,332,1,197.65,0.0,2,1,1,4,At risk / hibernating
14270,2011-01-12,332,1,492.65,0.0,2,2,2,6,At risk / hibernating
15510,2011-01-13,331,1,250.0,0.0,2,1,1,4,At risk / hibernating
16315,2011-01-13,331,2,402.71,0.0,2,2,2,6,At risk / hibernating
18085,2011-01-13,331,4,1645.75,0.0,2,3,4,9,Need attention
15447,2011-01-13,331,6,492.88,7.95,2,4,2,8,Core
15100,2011-01-13,331,14,2894.7,575.2,2,5,4,11,Need attention
17406,2011-01-13,331,18,4889.05,312.95,2,5,5,12,Need attention
13385,2011-01-14,330,1,534.57,0.0,2,2,2,6,At risk / hibernating
12672,2011-01-14,330,3,437.05,26.55,2,3,2,7,Core
18106,2011-01-14,330,6,1441.06,0.0,2,4,4,10,Need attention
15316,2011-01-17,327,1,165.0,0.0,2,1,1,4,At risk / hibernating
18212,2011-01-17,327,2,514.37,0.0,2,2,2,6,At risk / hibernating
13859,2011-01-17,327,2,515.86,0.0,2,2,2,6,At risk / hibernating
14238,2011-01-17,327,3,434.23,0.0,2,3,2,7,Core
12872,2011-01-17,327,13,3662.49,7.15,2,5,5,12,Need attention
15395,2011-01-18,326,1,107.45,0.0,2,1,1,4,At risk / hibernating
18233,2011-01-18,326,1,440.0,0.0,2,2,2,6,At risk / hibernating
13898,2011-01-18,326,2,686.4,0.0,2,2,3,7,At risk / hibernating
13693,2011-01-18,326,13,2011.82,63.5,2,5,4,11,Need attention
12346,2011-01-18,326,17,77556.46,77608.2,2,5,5,12,Need attention
14090,2011-01-19,325,1,76.32,0.0,2,1,1,4,At risk / hibernating
15171,2011-01-19,325,2,1289.5,255.0,2,2,4,8,At risk / hibernating
12665,2011-01-19,325,5,313.6,12.15,2,3,2,7,Core
15262,2011-01-20,324,3,418.82,0.0,2,3,2,7,Core
17862,2011-01-20,324,4,1254.89,0.0,2,3,4,9,Need attention
13008,2011-01-20,324,7,612.13,68.85,2,4,3,9,Core
12402,2011-01-20,324,7,1256.9,12.75,2,4,4,10,Need attention
15422,2011-01-20,324,8,1619.97,4.95,2,4,4,10,Need attention
13284,2011-01-21,323,2,201.19,5.04,2,2,1,5,At risk / hibernating
15174,2011-01-21,323,2,481.46,0.0,2,2,2,6,At risk / hibernating
17890,2011-01-21,323,2,586.89,0.0,2,2,2,6,At risk / hibernating
12652,2011-01-21,323,3,1017.03,5.45,2,3,3,8,Core
12829,2011-01-21,323,4,385.3,39.95,2,3,2,7,Core
16387,2011-01-21,323,5,882.46,0.0,2,3,3,8,Core
14068,2011-01-23,321,5,1516.72,23.4,2,4,4,10,Need attention
15167,2011-01-23,321,5,1627.62,0.0,2,4,4,10,Need attention
17714,2011-01-23,321,9,1410.18,33.6,2,4,4,10,Need attention
14368,2011-01-24,320,1,155.0,0.0,2,1,1,4,At risk / hibernating
14782,2011-01-24,320,1,200.1,0.0,2,1,1,4,At risk / hibernating
15820,2011-01-24,320,1,206.98,0.0,2,1,1,4,At risk / hibernating
15052,2011-01-24,320,1,207.73,0.0,2,1,1,4,At risk / hibernating
13551,2011-01-24,320,2,244.2,0.0,2,2,1,5,At risk / hibernating
14130,2011-01-24,320,4,1858.77,0.0,2,3,4,9,Need attention
14439,2011-01-24,320,5,9443.04,0.0,2,4,5,11,Need attention
16757,2011-01-25,319,2,270.48,0.0,2,2,1,5,At risk / hibernating
16222,2011-01-25,319,2,1272.05,0.0,2,2,4,8,At risk / hibernating
15213,2011-01-25,319,3,328.35,3.3,2,3,2,7,Core
17094,2011-01-25,319,3,402.2,31.8,2,3,2,7,Core
13002,2011-01-25,319,3,414.13,0.0,2,3,2,7,Core
13703,2011-01-25,319,3,425.56,326.06,2,3,2,7,Core
14248,2011-01-25,319,3,1032.95,0.0,2,3,3,8,Core
15222,2011-01-25,319,17,3550.91,135.25,2,5,5,12,Need attention
17118,2011-01-26,318,1,157.02,0.0,2,1,1,4,At risk / hibernating
12591,2011-01-26,318,3,1338.95,0.0,2,3,4,9,Need attention
15661,2011-01-26,318,8,1215.95,0.0,2,4,3,9,Core
13328,2011-01-27,317,1,1308.48,0.0,2,2,4,8,At risk / hibernating
12764,2011-01-27,317,1,1693.88,0.0,2,2,4,8,At risk / hibernating
16124,2011-01-27,317,6,1772.49,63.1,2,4,4,10,Need attention
12574,2011-01-28,316,1,218.45,0.0,2,1,1,4,At risk / hibernating
12735,2011-01-28,316,2,779.57,0.0,2,2,3,7,At risk / hibernating
12501,2011-01-28,316,2,2169.39,79.71,2,2,4,8,At risk / hibernating
12377,2011-01-28,316,4,3426.32,0.0,2,3,5,10,Need attention
17431,2011-01-30,314,1,403.3,0.0,2,1,2,5,At risk / hibernating
15415,2011-01-30,314,1,559.61,0.0,2,2,2,6,At risk / hibernating
13161,2011-01-30,314,2,472.13,0.0,2,2,2,6,At risk / hibernating
17062,2011-01-30,314,7,1179.14,3.9,2,4,3,9,Core
17619,2011-01-31,313,1,214.37,0.0,2,1,1,4,At risk / hibernating
13600,2011-01-31,313,2,518.42,0.0,2,2,2,6,At risk / hibernating
15448,2011-01-31,313,2,788.81,0.0,2,2,3,7,At risk / hibernating
18095,2011-01-31,313,5,2303.09,0.0,2,4,4,10,Need attention
17239,2011-01-31,313,6,1189.45,15.3,2,4,3,9,Core
15881,2011-01-31,313,8,501.39,63.15,2,4,2,8,Core
13506,2011-01-31,313,8,1639.2,29.55,2,4,4,10,Need attention
13615,2011-01-31,313,12,6272.53,60.3,2,5,5,12,Need attention
13494,2011-02-01,312,1,316.26,0.0,2,1,2,5,At risk / hibernating
15940,2011-02-01,312,3,35.8,35.8,2,2,1,5,At risk / hibernating
14627,2011-02-01,312,3,462.75,56.35,2,3,2,7,Core
12373,2011-02-01,312,3,1127.65,0.0,2,3,3,8,Core
14549,2011-02-01,312,4,913.6,0.0,2,3,3,8,Core
17356,2011-02-01,312,5,946.47,0.0,2,4,3,9,Core
14850,2011-02-01,312,9,1770.96,218.8,2,4,4,10,Need attention
14496,2011-02-01,312,10,2668.23,22.35,2,5,4,11,Need attention
15107,2011-02-01,312,12,940.35,84.09,2,5,3,10,Core
14457,2011-02-02,311,1,113.64,0.0,2,1,1,4,At risk / hibernating
15226,2011-02-02,311,1,154.41,0.0,2,1,1,4,At risk / hibernating
12350,2011-02-02,311,1,334.4,0.0,2,1,2,5,At risk / hibernating
14411,2011-02-02,311,1,1063.0,0.0,2,2,3,7,At risk / hibernating
12559,2011-02-02,311,3,561.71,25.5,2,3,2,7,Core
17223,2011-02-02,311,3,850.88,0.0,2,3,3,8,Core
17912,2011-02-02,311,7,374.55,15.4,2,4,2,8,Core
16030,2011-02-03,310,1,331.24,0.0,2,1,2,5,At risk / hibernating
13581,2011-02-03,310,2,280.53,0.0,2,2,2,6,At risk / hibernating
13800,2011-02-03,310,3,1679.56,0.0,2,3,4,9,Need attention
17517,2011-02-04,309,1,153.94,0.0,2,1,1,4,At risk / hibernating
15090,2011-02-04,309,1,381.32,0.0,2,1,2,5,At risk / hibernating
17291,2011-02-04,309,1,550.8,0.0,2,2,2,6,At risk / hibernating
17226,2011-02-04,309,3,895.47,0.0,2,3,3,8,Core
13963,2011-02-04,309,18,3011.87,112.25,2,5,5,12,Need attention
14438,2011-02-06,307,1,131.9,0.0,2,1,1,4,At risk / hibernating
17392,2011-02-06,307,3,585.92,0.0,2,3,2,7,Core
12956,2011-02-06,307,4,521.89,0.0,2,3,2,7,Core
13584,2011-02-06,307,5,385.7,45.3,2,3,2,7,Core
15808,2011-02-06,307,24,18133.3,141.3,2,5,5,12,Need attention
14600,2011-02-07,306,2,865.17,0.0,2,2,3,7,At risk / hibernating
13809,2011-02-07,306,3,679.7,0.0,2,3,3,8,Core
15753,2011-02-08,305,1,79.2,0.0,2,1,1,4,At risk / hibernating
17881,2011-02-08,305,1,133.35,0.0,2,1,1,4,At risk / hibernating
17859,2011-02-08,305,1,141.92,0.0,2,1,1,4,At risk / hibernating
12401,2011-02-09,304,1,84.3,0.0,2,1,1,4,At risk / hibernating
15843,2011-02-09,304,1,118.95,0.0,2,1,1,4,At risk / hibernating
17843,2011-02-09,304,2,320.4,0.0,2,2,2,6,At risk / hibernating
15970,2011-02-09,304,2,1017.32,0.0,2,2,3,7,At risk / hibernating
17358,2011-02-09,304,5,861.01,0.0,2,3,3,8,Core
12561,2011-02-10,303,1,238.85,0.0,2,1,1,4,At risk / hibernating
16425,2011-02-10,303,1,302.7,0.0,2,1,2,5,At risk / hibernating
16405,2011-02-10,303,2,167.25,0.0,2,2,1,5,At risk / hibernating
16403,2011-02-10,303,2,177.5,16.45,2,2,1,5,At risk / hibernating
13706,2011-02-10,303,2,631.17,0.0,2,2,3,7,At risk / hibernating
16725,2011-02-10,303,16,1810.41,11.4,2,5,4,11,Need attention
17850,2011-02-10,303,159,56600.08,801.1,2,5,5,12,Need attention
18159,2011-02-11,302,1,530.15,0.0,2,2,2,6,At risk / hibernating
18250,2011-02-11,302,2,349.27,6.35,2,2,2,6,At risk / hibernating
14497,2011-02-11,302,3,697.06,17.9,2,3,3,8,Core
12505,2011-02-11,302,3,955.2,47.2,2,3,3,8,Core
12943,2011-02-11,302,4,496.5,7.5,2,3,2,7,Core
17334,2011-02-11,302,4,635.15,0.42,2,3,3,8,Core
12410,2011-02-11,302,4,1013.71,12.25,2,3,3,8,Core
13672,2011-02-11,302,7,419.92,257.85,2,4,2,8,Core
13819,2011-02-11,302,7,2642.35,11.25,2,4,4,10,Need attention
15638,2011-02-11,302,9,2265.2,128.0,2,4,4,10,Need attention
16084,2011-02-13,300,1,436.18,0.0,2,2,2,6,At risk / hibernating
16897,2011-02-13,300,3,289.78,76.75,2,3,2,7,Core
15236,2011-02-14,299,1,321.05,0.0,2,1,2,5,At risk / hibernating
14431,2011-02-14,299,5,2614.2,47.1,2,4,4,10,Need attention
17829,2011-02-14,299,6,4756.74,76.32,2,4,5,11,Need attention
16738,2011-02-15,298,1,3.75,0.0,2,1,1,4,At risk / hibernating
13893,2011-02-15,298,1,821.1,0.0,2,2,3,7,At risk / hibernating
14935,2011-02-15,298,2,2849.83,0.0,2,2,4,8,At risk / hibernating
14176,2011-02-15,298,6,916.01,2.9,2,4,3,9,Core
14386,2011-02-16,297,1,142.4,0.0,2,1,1,4,At risk / hibernating
16509,2011-02-16,297,1,363.7,0.0,2,1,2,5,At risk / hibernating
16494,2011-02-16,297,1,826.53,0.0,2,2,3,7,At risk / hibernating
15670,2011-02-16,297,3,325.2,10.0,2,3,2,7,Core
16148,2011-02-16,297,4,386.62,16.25,2,3,2,7,Core
14371,2011-02-17,296,1,100.5,0.0,2,1,1,4,At risk / hibernating
18138,2011-02-17,296,1,152.65,0.0,2,1,1,4,At risk / hibernating
13932,2011-02-18,295,1,307.4,0.0,2,1,2,5,At risk / hibernating
14760,2011-02-18,295,2,89.2,35.4,2,2,1,5,At risk / hibernating
16765,2011-02-18,295,2,454.75,0.0,2,2,2,6,At risk / hibernating
12988,2011-02-20,293,1,505.82,0.0,2,2,2,6,At risk / hibernating
12707,2011-02-21,292,1,603.42,0.0,2,2,3,7,At risk / hibernating
16073,2011-02-21,292,2,122.4,28.05,2,2,1,5,At risk / hibernating
12365,2011-02-21,292,3,641.38,320.69,2,3,3,8,Core
13044,2011-02-21,292,13,4848.05,29.7,2,5,5,12,Need attention
16349,2011-02-22,291,1,53.5,0.0,2,1,1,4,At risk / hibernating
18114,2011-02-22,291,1,220.1,0.0,2,1,1,4,At risk / hibernating
12852,2011-02-22,291,2,311.55,11.8,2,2,2,6,At risk / hibernating
16913,2011-02-22,291,3,423.91,0.0,2,3,2,7,Core
15303,2011-02-22,291,4,1224.18,45.4,2,3,4,9,Need attention
16546,2011-02-22,291,7,5606.47,1769.11,2,4,5,11,Need attention
15397,2011-02-23,290,1,94.0,0.0,2,1,1,4,At risk / hibernating
18068,2011-02-23,290,1,101.7,0.0,2,1,1,4,At risk / hibernating
17171,2011-02-23,290,2,384.59,0.0,2,2,2,6,At risk / hibernating
17499,2011-02-23,290,3,1341.39,44.55,2,3,4,9,Need attention
15590,2011-02-23,290,6,1496.6,30.19,2,4,4,10,Need attention
17117,2011-02-24,289,1,116.2,0.0,2,1,1,4,At risk / hibernating
13751,2011-02-24,289,1,296.25,0.0,2,1,2,5,At risk / hibernating
15543,2011-02-24,289,2,242.26,0.0,2,2,1,5,At risk / hibernating
12945,2011-02-24,289,2,900.11,0.0,2,2,3,7,At risk / hibernating
18056,2011-02-24,289,3,554.6,14.85,2,3,2,7,Core
16997,2011-02-24,289,3,702.0,0.0,2,3,3,8,Core
16072,2011-02-24,289,4,4180.09,0.0,2,3,5,10,Need attention
13973,2011-02-25,288,1,264.7,0.0,2,1,1,4,At risk / hibernating
12361,2011-02-25,288,4,511.25,0.0,2,3,2,7,Core
13753,2011-02-25,288,4,2094.57,0.0,2,3,4,9,Need attention
13684,2011-02-27,286,6,594.88,50.46,2,4,2,8,Core
16339,2011-02-28,285,1,94.05,0.0,2,1,1,4,At risk / hibernating
14046,2011-02-28,285,1,154.99,0.0,2,1,1,4,At risk / hibernating
12509,2011-02-28,285,1,176.5,0.0,2,1,1,4,At risk / hibernating
14036,2011-02-28,285,1,626.65,0.0,2,2,3,7,At risk / hibernating
17165,2011-02-28,285,8,1794.32,10.69,2,4,4,10,Need attention
15319,2011-03-01,284,1,204.5,0.0,2,1,1,4,At risk / hibernating
15709,2011-03-01,284,2,327.85,0.0,2,2,2,6,At risk / hibernating
16078,2011-03-01,284,2,362.99,0.0,2,2,2,6,At risk / hibernating
12866,2011-03-01,284,3,1227.35,0.0,2,3,4,9,Need attention
15456,2011-03-01,284,10,2091.52,0.0,2,4,4,10,Need attention
15733,2011-03-02,283,1,162.3,0.0,2,1,1,4,At risk / hibernating
12834,2011-03-02,283,1,312.38,0.0,2,1,2,5,At risk / hibernating
17923,2011-03-02,283,3,497.0,0.0,2,3,2,7,Core
13166,2011-03-02,283,3,875.93,2.5,2,3,3,8,Core
12873,2011-03-02,283,3,2027.3,0.0,2,3,4,9,Need attention
16792,2011-03-02,283,5,623.46,0.0,2,3,3,8,Core
13497,2011-03-02,283,7,1320.33,54.0,2,4,4,10,Need attention
15087,2011-03-03,282,1,306.94,0.0,2,1,2,5,At risk / hibernating
12565,2011-03-03,282,2,145.92,14.75,2,2,1,5,At risk / hibernating
17789,2011-03-03,282,2,397.15,0.0,2,2,2,6,At risk / hibernating
17995,2011-03-03,282,3,495.48,0.0,2,3,2,7,Core
15257,2011-03-03,282,3,685.9,85.0,2,3,3,8,Core
12817,2011-03-03,282,3,690.98,0.0,2,3,3,8,Core
16159,2011-03-03,282,5,1232.79,2.5,2,4,4,10,Need attention
13715,2011-03-03,282,21,8425.69,44.95,2,5,5,12,Need attention
17535,2011-03-04,281,1,164.4,0.0,2,1,1,4,At risk / hibernating
14779,2011-03-04,281,3,386.15,0.0,2,3,2,7,Core
14670,2011-03-04,281,3,583.33,0.0,2,3,2,7,Core
17325,2011-03-04,281,3,609.57,0.0,2,3,3,8,Core
14570,2011-03-04,281,3,613.75,0.0,2,3,3,8,Core
13382,2011-03-04,281,5,1387.58,0.0,2,4,4,10,Need attention
17508,2011-03-04,281,9,4579.23,32.45,2,4,5,11,Need attention
14247,2011-03-06,279,6,753.56,2.95,2,4,3,9,Core
17654,2011-03-07,278,1,117.55,0.0,2,1,1,4,At risk / hibernating
16517,2011-03-07,278,1,162.7,0.0,2,1,1,4,At risk / hibernating
15554,2011-03-07,278,1,217.2,0.0,2,1,1,4,At risk / hibernating
12614,2011-03-07,278,1,315.6,0.0,2,1,2,5,At risk / hibernating
14012,2011-03-07,278,1,328.8,0.0,2,1,2,5,At risk / hibernating
16598,2011-03-07,278,2,145.05,4.35,2,2,1,5,At risk / hibernating
15869,2011-03-07,278,3,321.11,0.0,2,3,2,7,Core
18280,2011-03-07,278,3,488.15,15.7,2,3,2,7,Core
14048,2011-03-07,278,4,748.69,34.8,2,3,3,8,Core
15234,2011-03-08,277,1,197.0,0.0,2,1,1,4,At risk / hibernating
13345,2011-03-08,277,2,389.5,11.9,2,2,2,6,At risk / hibernating
16917,2011-03-08,277,3,1851.88,8.95,2,3,4,9,Need attention
15944,2011-03-08,277,4,2164.24,0.0,2,3,4,9,Need attention
17639,2011-03-08,277,6,615.17,0.0,2,4,3,9,Core
12623,2011-03-08,277,9,3747.84,108.0,2,4,5,11,Need attention
14165,2011-03-09,276,1,120.44,0.0,2,1,1,4,At risk / hibernating
12881,2011-03-09,276,1,298.0,0.0,2,1,2,5,At risk / hibernating
13493,2011-03-09,276,2,618.63,0.0,2,2,3,7,At risk / hibernating
15057,2011-03-09,276,6,3255.96,71.4,2,4,5,11,Need attention
17138,2011-03-09,276,7,4417.27,0.0,2,4,5,11,Need attention
18086,2011-03-10,275,1,101.34,0.0,2,1,1,4,At risk / hibernating
14603,2011-03-10,275,1,660.0,0.0,2,2,3,7,At risk / hibernating
14727,2011-03-10,275,4,463.73,172.6,2,3,2,7,Core
16471,2011-03-10,275,6,1189.98,3.8,2,4,3,9,Core
16625,2011-03-10,275,6,1654.03,2.95,2,4,4,10,Need attention
15049,2011-03-11,274,1,121.17,0.0,2,1,1,4,At risk / hibernating
13226,2011-03-11,274,2,312.46,0.0,2,2,2,6,At risk / hibernating
16766,2011-03-11,274,2,1145.6,0.0,2,2,3,7,At risk / hibernating
13133,2011-03-11,274,3,200.45,0.0,2,2,1,5,At risk / hibernating
17194,2011-03-11,274,3,812.5,0.0,2,3,3,8,Core
14114,2011-03-11,274,7,1364.09,0.0,2,4,4,10,Need attention
13708,2011-03-13,272,1,285.33,0.0,2,1,2,5,At risk / hibernating
15388,2011-03-14,271,1,140.54,0.0,2,1,1,4,At risk / hibernating
15308,2011-03-14,271,2,310.47,8.2,2,2,2,6,At risk / hibernating
14962,2011-03-14,271,4,366.91,0.0,2,3,2,7,Core
14350,2011-03-14,271,4,972.03,24.23,2,3,3,8,Core
13716,2011-03-15,270,1,138.28,0.0,2,1,1,4,At risk / hibernating
15047,2011-03-15,270,1,343.62,0.0,2,1,2,5,At risk / hibernating
13121,2011-03-15,270,2,283.73,29.0,2,2,2,6,At risk / hibernating
16061,2011-03-15,270,3,89.65,44.7,2,2,1,5,At risk / hibernating
17542,2011-03-15,270,3,340.85,0.0,2,3,2,7,Core
16392,2011-03-15,270,3,756.7,0.0,2,3,3,8,Core
16037,2011-03-15,270,7,1509.34,19.9,2,4,4,10,Need attention
13358,2011-03-16,269,1,439.03,0.0,2,2,2,6,At risk / hibernating
16152,2011-03-16,269,1,1829.04,0.0,2,2,4,8,At risk / hibernating
13261,2011-03-16,269,2,944.1,0.0,2,2,3,7,At risk / hibernating
13299,2011-03-16,269,5,1218.7,45.4,2,4,4,10,Need attention
13185,2011-03-17,268,1,71.4,0.0,2,1,1,4,At risk / hibernating
16976,2011-03-17,268,1,251.52,0.0,2,1,1,4,At risk / hibernating
13216,2011-03-17,268,1,333.74,0.0,2,1,2,5,At risk / hibernating
16216,2011-03-17,268,1,914.93,0.0,2,2,3,7,At risk / hibernating
16377,2011-03-17,268,2,1308.48,0.0,2,2,4,8,At risk / hibernating
12514,2011-03-17,268,2,1597.76,0.0,2,2,4,8,At risk / hibernating
14840,2011-03-17,268,3,362.71,22.5,2,3,2,7,Core
12845,2011-03-17,268,4,354.09,0.0,2,3,2,7,Core
13707,2011-03-17,268,5,3365.86,0.0,2,4,5,11,Need attention
14081,2011-03-17,268,16,5291.09,120.05,2,5,5,12,Need attention
13093,2011-03-17,268,88,54943.65,869.92,2,5,5,12,Need attention
14155,2011-03-18,267,1,118.75,0.0,2,1,1,4,At risk / hibernating
14041,2011-03-18,267,1,141.41,0.0,2,1,1,4,At risk / hibernating
14066,2011-03-18,267,1,152.55,0.0,2,1,1,4,At risk / hibernating
13072,2011-03-18,267,1,177.15,0.0,2,1,1,4,At risk / hibernating
14059,2011-03-18,267,1,183.6,0.0,2,1,1,4,At risk / hibernating
17060,2011-03-18,267,1,234.24,0.0,2,1,1,4,At risk / hibernating
15019,2011-03-18,267,1,252.81,0.0,2,1,1,4,At risk / hibernating
14633,2011-03-18,267,1,344.9,0.0,2,1,2,5,At risk / hibernating
15695,2011-03-18,267,4,1131.04,0.0,2,3,3,8,Core
16716,2011-03-18,267,4,2149.68,581.4,2,3,4,9,Need attention
12902,2011-03-20,265,1,138.68,0.0,2,1,1,4,At risk / hibernating
15703,2011-03-20,265,1,211.5,0.0,2,1,1,4,At risk / hibernating
15408,2011-03-20,265,1,267.18,0.0,2,1,1,4,At risk / hibernating
15445,2011-03-20,265,2,284.5,0.0,2,2,2,6,At risk / hibernating
16402,2011-03-20,265,2,499.1,0.0,2,2,2,6,At risk / hibernating
16096,2011-03-20,265,4,1584.97,0.0,2,3,4,9,Need attention
14693,2011-03-20,265,8,1165.36,25.5,2,4,3,9,Core
17230,2011-03-20,265,23,9388.49,229.04,2,5,5,12,Need attention
18224,2011-03-21,264,1,158.95,0.0,2,1,1,4,At risk / hibernating
13934,2011-03-21,264,1,922.1,0.0,2,2,3,7,At risk / hibernating
16427,2011-03-21,264,2,241.06,0.0,2,2,1,5,At risk / hibernating
14762,2011-03-21,264,2,417.57,0.0,2,2,2,6,At risk / hibernating
13262,2011-03-21,264,3,573.45,0.0,2,3,2,7,Core
17678,2011-03-21,264,3,599.76,19.95,2,3,2,7,Core
17763,2011-03-21,264,5,86.15,35.0,2,3,1,6,Core
14632,2011-03-22,263,1,114.56,0.0,2,1,1,4,At risk / hibernating
15457,2011-03-22,263,1,237.07,0.0,2,1,1,4,At risk / hibernating
16721,2011-03-22,263,1,292.47,0.0,2,1,2,5,At risk / hibernating
15437,2011-03-22,263,2,393.45,0.0,2,2,2,6,At risk / hibernating
16135,2011-03-22,263,2,819.45,0.0,2,2,3,7,At risk / hibernating
12831,2011-03-22,263,3,451.11,0.0,2,3,2,7,Core
17102,2011-03-23,262,1,25.5,0.0,2,1,1,4,At risk / hibernating
13132,2011-03-23,262,1,77.3,0.0,2,1,1,4,At risk / hibernating
17486,2011-03-23,262,1,396.87,0.0,2,1,2,5,At risk / hibernating
12564,2011-03-23,262,1,456.9,0.0,2,2,2,6,At risk / hibernating
18191,2011-03-23,262,2,529.4,0.0,2,2,2,6,At risk / hibernating
17507,2011-03-23,262,2,605.58,0.0,2,2,3,7,At risk / hibernating
16250,2011-03-23,262,3,791.38,0.0,2,3,3,8,Core
13239,2011-03-23,262,6,1594.69,14.85,2,4,4,10,Need attention
14870,2011-03-23,262,9,1838.95,44.35,2,4,4,10,Need attention
15178,2011-03-24,261,1,40.5,0.0,2,1,1,4,At risk / hibernating
17698,2011-03-24,261,1,154.95,0.0,2,1,1,4,At risk / hibernating
16063,2011-03-24,261,1,335.32,0.0,2,1,2,5,At risk / hibernating
14348,2011-03-24,261,1,409.57,0.0,2,2,2,6,At risk / hibernating
16022,2011-03-24,261,1,602.63,0.0,2,2,2,6,At risk / hibernating
13341,2011-03-24,261,1,775.85,0.0,2,2,3,7,At risk / hibernating
13512,2011-03-24,261,4,713.39,0.0,2,3,3,8,Core
16769,2011-03-24,261,4,1117.05,0.0,2,3,3,8,Core
12811,2011-03-24,261,5,1033.9,0.0,2,4,3,9,Core
14536,2011-03-25,260,1,170.95,0.0,2,1,1,4,At risk / hibernating
13452,2011-03-25,260,3,729.8,0.0,2,3,3,8,Core
14476,2011-03-27,258,1,193.0,0.0,2,1,1,4,At risk / hibernating
16256,2011-03-27,258,4,1629.37,19.8,2,3,4,9,Need attention
13357,2011-03-27,258,5,3805.51,0.0,2,4,5,11,Need attention
18071,2011-03-27,258,6,1428.63,0.0,2,4,4,10,Need attention
15083,2011-03-28,257,1,88.2,0.0,2,1,1,4,At risk / hibernating
18010,2011-03-28,257,1,174.8,0.0,2,1,1,4,At risk / hibernating
12792,2011-03-28,257,3,827.01,13.13,2,3,3,8,Core
16692,2011-03-28,257,4,1914.7,0.0,2,3,4,9,Need attention
13368,2011-03-28,257,5,1121.5,35.4,2,4,3,9,Core
13649,2011-03-28,257,6,1651.48,0.0,2,4,4,10,Need attention
15032,2011-03-28,257,10,13780.65,495.0,2,5,5,12,Need attention
13439,2011-03-29,256,3,986.61,0.0,2,3,3,8,Core
16980,2011-03-29,256,3,1422.83,0.0,2,3,4,9,Need attention
13803,2011-03-29,256,4,1338.91,19.8,2,3,4,9,Need attention
17775,2011-03-30,255,1,56.4,0.0,2,1,1,4,At risk / hibernating
15528,2011-03-30,255,1,229.33,0.0,2,1,1,4,At risk / hibernating
15832,2011-03-30,255,1,836.79,0.0,2,2,3,7,At risk / hibernating
15424,2011-03-30,255,3,597.78,0.0,2,3,2,7,Core
15353,2011-03-30,255,8,3106.12,21.9,2,4,5,11,Need attention
14256,2011-03-30,255,9,2460.79,76.65,2,4,4,10,Need attention
13060,2011-03-31,254,1,307.53,0.0,2,1,2,5,At risk / hibernating
14957,2011-03-31,254,2,261.69,0.0,2,2,1,5,At risk / hibernating
15894,2011-03-31,254,2,409.69,0.0,2,2,2,6,At risk / hibernating
13043,2011-03-31,254,2,516.42,44.85,2,2,2,6,At risk / hibernating
17212,2011-03-31,254,3,794.41,0.0,2,3,3,8,Core
14890,2011-03-31,254,3,817.25,0.0,2,3,3,8,Core
14479,2011-03-31,254,4,1299.11,0.0,2,3,4,9,Need attention
16619,2011-03-31,254,5,1938.33,21.8,2,4,4,10,Need attention
16162,2011-04-01,253,1,37.4,0.0,2,1,1,4,At risk / hibernating
13841,2011-04-01,253,1,85.0,0.0,2,1,1,4,At risk / hibernating
14886,2011-04-01,253,1,364.8,0.0,2,1,2,5,At risk / hibernating
17701,2011-04-01,253,1,417.95,0.0,2,2,2,6,At risk / hibernating
13626,2011-04-01,253,3,707.04,17.55,2,3,3,8,Core
15589,2011-04-01,253,4,478.53,21.95,2,3,2,7,Core
17580,2011-04-01,253,5,541.02,0.0,2,3,2,7,Core
15691,2011-04-01,253,5,571.3,59.5,2,3,2,7,Core
13781,2011-04-03,251,4,778.83,7.95,2,3,3,8,Core
17956,2011-04-04,250,1,12.75,0.0,2,1,1,4,At risk / hibernating
18185,2011-04-04,250,1,304.25,0.0,2,1,2,5,At risk / hibernating
16142,2011-04-04,250,1,535.34,0.0,2,2,2,6,At risk / hibernating
13059,2011-04-04,250,12,2291.77,30.55,2,5,4,11,Need attention
12755,2011-04-04,250,22,9030.66,2624.31,2,5,5,12,Need attention
15442,2011-04-05,249,1,594.0,0.0,2,2,2,6,At risk / hibernating
17492,2011-04-05,249,3,1122.42,0.0,2,3,3,8,Core
16586,2011-04-05,249,3,1462.78,0.0,2,3,4,9,Need attention
18108,2011-04-05,249,4,848.81,6.35,2,3,3,8,Core
16105,2011-04-05,249,5,2386.19,0.0,2,4,4,10,Need attention
17906,2011-04-06,248,1,72.9,0.0,2,1,1,4,At risk / hibernating
14964,2011-04-06,248,1,206.21,0.0,2,1,1,4,At risk / hibernating
17140,2011-04-06,248,1,454.12,0.0,2,2,2,6,At risk / hibernating
14747,2011-04-06,248,2,328.2,33.9,2,2,2,6,At risk / hibernating
16378,2011-04-06,248,3,362.95,0.0,2,3,2,7,Core
14220,2011-04-06,248,4,1515.0,0.0,2,3,4,9,Need attention
15917,2011-04-06,248,5,530.17,0.0,2,3,2,7,Core
17438,2011-04-06,248,6,1422.77,10.15,2,4,4,10,Need attention
16144,2011-04-07,247,1,175.2,0.0,2,1,1,4,At risk / hibernating
13718,2011-04-07,247,2,306.55,0.0,2,2,2,6,At risk / hibernating
13712,2011-04-07,247,2,766.42,0.0,2,2,3,7,At risk / hibernating
12580,2011-04-07,247,2,1052.9,0.0,2,2,3,7,At risk / hibernating
14981,2011-04-07,247,3,372.92,59.4,2,3,2,7,Core
14465,2011-04-07,247,11,3925.85,0.0,2,5,5,12,Need attention
15119,2011-04-08,246,1,266.4,0.0,2,1,1,4,At risk / hibernating
15775,2011-04-08,246,2,150.5,0.0,2,2,1,5,At risk / hibernating
16643,2011-04-08,246,3,923.11,7.55,2,3,3,8,Core
14924,2011-04-08,246,3,931.01,0.0,2,3,3,8,Core
17035,2011-04-08,246,5,613.59,45.2,2,3,3,8,Core
16623,2011-04-08,246,5,1015.24,12.75,2,4,3,9,Core
13863,2011-04-08,246,6,1239.55,21.92,2,4,4,10,Need attention
16010,2011-04-08,246,12,1694.86,1.95,2,5,4,11,Need attention
18129,2011-04-10,244,1,112.55,0.0,2,1,1,4,At risk / hibernating
13570,2011-04-10,244,1,239.49,0.0,2,1,1,4,At risk / hibernating
12447,2011-04-10,244,1,476.49,0.0,2,2,2,6,At risk / hibernating
13508,2011-04-10,244,2,287.05,0.0,2,2,2,6,At risk / hibernating
17574,2011-04-11,243,1,185.65,0.0,2,1,1,4,At risk / hibernating
16552,2011-04-11,243,2,475.02,0.0,2,2,2,6,At risk / hibernating
14616,2011-04-11,243,5,527.78,0.0,2,3,2,7,Core
13501,2011-04-11,243,5,2885.11,44.85,2,4,4,10,Need attention
16697,2011-04-12,242,1,112.75,0.0,2,1,1,4,At risk / hibernating
17972,2011-04-12,242,1,135.19,0.0,2,1,1,4,At risk / hibernating
17278,2011-04-12,242,2,271.24,0.0,2,2,1,5,At risk / hibernating
15363,2011-04-12,242,3,1004.11,7.95,2,3,3,8,Core
13484,2011-04-12,242,4,790.72,23.4,2,3,3,8,Core
14669,2011-04-12,242,7,3216.78,0.0,2,4,5,11,Need attention
15777,2011-04-12,242,9,1762.61,30.45,2,4,4,10,Need attention
16097,2011-04-13,241,1,185.05,0.0,2,1,1,4,At risk / hibernating
13221,2011-04-13,241,2,847.41,0.0,2,2,3,7,At risk / hibernating
15109,2011-04-13,241,4,983.1,21.2,2,3,3,8,Core
13740,2011-04-13,241,5,1582.77,0.0,2,4,4,10,Need attention
15139,2011-04-14,240,2,178.96,0.0,2,2,1,5,At risk / hibernating
17601,2011-04-14,240,2,413.08,0.0,2,2,2,6,At risk / hibernating
16957,2011-04-14,240,2,416.64,0.0,2,2,2,6,At risk / hibernating
15230,2011-04-14,240,2,429.6,0.0,2,2,2,6,At risk / hibernating
15212,2011-04-14,240,3,208.28,12.85,2,2,1,5,At risk / hibernating
15935,2011-04-14,240,3,416.86,308.82,2,3,2,7,Core
14619,2011-04-14,240,3,1291.24,14.93,2,3,4,9,Need attention
17142,2011-04-14,240,4,1275.25,0.0,2,3,4,9,Need attention
14206,2011-04-14,240,5,1185.01,39.8,2,4,3,9,Core
17362,2011-04-14,240,8,1024.04,13.5,2,4,3,9,Core
14154,2011-04-14,240,10,6460.7,197.1,2,5,5,12,Need attention
12982,2011-04-14,240,17,2744.81,182.69,2,5,4,11,Need attention
13120,2011-04-15,239,1,30.6,0.0,2,1,1,4,At risk / hibernating
17367,2011-04-15,239,1,167.55,0.0,2,1,1,4,At risk / hibernating
12769,2011-04-15,239,1,1143.6,0.0,2,2,3,7,At risk / hibernating
15246,2011-04-15,239,3,780.4,0.0,2,3,3,8,Core
12639,2011-04-15,239,3,1312.37,0.0,2,3,4,9,Need attention
12582,2011-04-15,239,4,1980.4,0.0,2,3,4,9,Need attention
18213,2011-04-17,237,1,232.48,0.0,2,1,1,4,At risk / hibernating
17697,2011-04-17,237,1,338.95,0.0,2,1,2,5,At risk / hibernating
16193,2011-04-17,237,2,630.43,0.0,2,2,3,7,At risk / hibernating
13474,2011-04-17,237,3,646.59,0.0,2,3,3,8,Core
17582,2011-04-17,237,6,1446.95,17.0,2,4,4,10,Need attention
17990,2011-04-17,237,7,1527.61,5.04,2,4,4,10,Need attention
14532,2011-04-17,237,12,3845.78,12.75,2,5,5,12,Need attention
16617,2011-04-18,236,1,151.85,0.0,2,1,1,4,At risk / hibernating
16217,2011-04-18,236,4,304.25,44.86,2,3,2,7,Core
15749,2011-04-18,236,4,44534.3,22998.4,2,3,5,10,Need attention
15973,2011-04-18,236,5,988.44,208.05,2,4,3,9,Core
12754,2011-04-18,236,5,3010.74,61.62,2,4,5,11,Need attention
16947,2011-04-18,236,10,955.21,58.48,2,4,3,9,Core
18009,2011-04-18,236,14,2144.23,78.75,2,5,4,11,Need attention
15225,2011-04-19,235,1,409.4,0.0,2,2,2,6,At risk / hibernating
17217,2011-04-19,235,2,210.1,0.0,2,2,1,5,At risk / hibernating
14242,2011-04-19,235,2,280.55,0.0,2,2,2,6,At risk / hibernating
13101,2011-04-19,235,4,695.4,0.0,2,3,3,8,Core
14326,2011-04-19,235,4,940.98,17.0,2,3,3,8,Core
14672,2011-04-19,235,4,1113.14,0.0,2,3,3,8,Core
12585,2011-04-19,235,4,2040.1,57.29,2,3,4,9,Need attention
15717,2011-04-19,235,5,607.0,0.0,2,3,3,8,Core
14339,2011-04-19,235,5,620.27,19.61,2,3,3,8,Core
12733,2011-04-19,235,6,2424.87,98.05,2,4,4,10,Need attention
17746,2011-04-19,235,7,904.18,30.75,2,4,3,9,Core
15517,2011-04-20,234,1,267.03,0.0,2,1,1,4,At risk / hibernating
17120,2011-04-20,234,1,307.46,0.0,2,1,2,5,At risk / hibernating
17946,2011-04-20,234,2,149.58,0.0,2,2,1,5,At risk / hibernating
14148,2011-04-20,234,2,466.29,0.0,2,2,2,6,At risk / hibernating
15655,2011-04-20,234,2,560.67,49.35,2,2,2,6,At risk / hibernating
15135,2011-04-20,234,3,305.68,11.9,2,3,2,7,Core
13485,2011-04-20,234,15,3019.22,61.3,2,5,5,12,Need attention
12506,2011-04-21,233,1,73.5,0.0,2,1,1,4,At risk / hibernating
12622,2011-04-21,233,1,180.1,0.0,2,1,1,4,At risk / hibernating
16587,2011-04-21,233,1,225.15,0.0,2,1,1,4,At risk / hibernating
12354,2011-04-21,233,1,1079.4,0.0,2,2,3,7,At risk / hibernating
13482,2011-04-21,233,2,336.09,0.0,2,2,2,6,At risk / hibernating
17718,2011-04-21,233,3,439.18,52.2,2,3,2,7,Core
14770,2011-04-21,233,9,3637.64,12.75,2,4,5,11,Need attention
17670,2011-04-26,228,1,205.7,0.0,2,1,1,4,At risk / hibernating
16834,2011-04-26,228,2,898.96,0.0,2,2,3,7,At risk / hibernating
17277,2011-04-26,228,2,1065.35,0.0,2,2,3,7,At risk / hibernating
14586,2011-04-26,228,3,237.36,103.2,2,2,1,5,At risk / hibernating
12573,2011-04-26,228,5,717.41,0.0,2,3,3,8,Core
16823,2011-04-26,228,8,2243.09,6.95,2,4,4,10,Need attention
16965,2011-04-27,227,1,201.19,0.0,2,1,1,4,At risk / hibernating
15891,2011-04-27,227,1,511.68,0.0,2,2,2,6,At risk / hibernating
17187,2011-04-27,227,2,467.71,0.0,2,2,2,6,At risk / hibernating
16698,2011-04-27,227,2,1998.0,0.0,2,2,4,8,At risk / hibernating
17893,2011-04-28,226,1,107.21,0.0,2,1,1,4,At risk / hibernating
13229,2011-04-28,226,1,160.95,0.0,2,1,1,4,At risk / hibernating
14271,2011-04-28,226,2,214.18,0.0,2,2,1,5,At risk / hibernating
15143,2011-04-28,226,2,563.63,0.0,2,2,2,6,At risk / hibernating
14022,2011-04-28,226,2,792.15,0.0,2,2,3,7,At risk / hibernating
17991,2011-04-28,226,3,300.3,0.0,2,3,2,7,Core
14311,2011-04-28,226,3,516.45,80.55,2,3,2,7,Core
15210,2011-04-28,226,3,1176.19,0.0,2,3,3,8,Core
15223,2011-04-28,226,6,1417.95,300.85,2,4,4,10,Need attention
16163,2011-04-28,226,14,2849.58,585.95,2,5,4,11,Need attention
14304,2011-05-01,223,5,1725.01,201.2,2,4,4,10,Need attention
16634,2011-05-01,223,10,1814.61,451.51,2,4,4,10,Need attention
16055,2011-05-03,221,1,134.8,0.0,2,1,1,4,At risk / hibernating
17501,2011-05-03,221,2,288.6,0.0,2,2,2,6,At risk / hibernating
16610,2011-05-04,220,1,75.66,0.0,2,1,1,4,At risk / hibernating
17394,2011-05-04,220,1,203.87,0.0,2,1,1,4,At risk / hibernating
17443,2011-05-04,220,1,534.24,0.0,2,2,2,6,At risk / hibernating
13731,2011-05-04,220,2,610.59,0.0,2,2,3,7,At risk / hibernating
16227,2011-05-04,220,6,1027.22,78.4,2,4,3,9,Core
18220,2011-05-04,220,11,1921.76,150.06,2,5,4,11,Need attention
17646,2011-05-04,220,16,4149.79,55.63,2,5,5,12,Need attention
14393,2011-05-05,219,1,67.95,0.0,2,1,1,4,At risk / hibernating
14340,2011-05-05,219,1,134.7,0.0,2,1,1,4,At risk / hibernating
16457,2011-05-05,219,1,208.36,0.0,2,1,1,4,At risk / hibernating
14697,2011-05-05,219,2,188.61,0.0,2,2,1,5,At risk / hibernating
16990,2011-05-05,219,2,344.0,0.0,2,2,2,6,At risk / hibernating
15147,2011-05-05,219,2,623.5,14.85,2,2,3,7,At risk / hibernating
17374,2011-05-05,219,4,727.11,15.9,2,3,3,8,Core
14423,2011-05-05,219,4,916.61,1.65,2,3,3,8,Core
16109,2011-05-05,219,4,939.48,15.9,2,3,3,8,Core
18183,2011-05-05,219,6,632.07,31.55,2,4,3,9,Core
14199,2011-05-05,219,6,1091.7,175.2,2,4,3,9,Core
18239,2011-05-05,219,6,2150.36,0.0,2,4,4,10,Need attention
16714,2011-05-05,219,7,1497.33,275.09,2,4,4,10,Need attention
17849,2011-05-05,219,8,1063.76,0.0,2,4,3,9,Core
15759,2011-05-05,219,10,830.93,19.95,2,4,3,9,Core
13711,2011-05-05,219,15,1792.26,159.65,2,5,4,11,Need attention
17174,2011-05-06,218,1,59.9,0.0,2,1,1,4,At risk / hibernating
15668,2011-05-06,218,1,76.32,0.0,2,1,1,4,At risk / hibernating
16319,2011-05-06,218,1,404.4,0.0,2,1,2,5,At risk / hibernating
15552,2011-05-06,218,2,252.52,0.0,2,2,1,5,At risk / hibernating
18227,2011-05-06,218,3,388.75,295.0,2,3,2,7,Core
18078,2011-05-06,218,4,725.53,0.0,2,3,3,8,Core
17548,2011-05-06,218,6,731.26,386.26,2,4,3,9,Core
17604,2011-05-06,218,6,942.38,0.0,2,4,3,9,Core
13723,2011-05-06,218,6,1194.08,0.0,2,4,3,9,Core
12414,2011-05-06,218,8,952.41,260.0,2,4,3,9,Core
15235,2011-05-06,218,16,2937.81,0.0,2,5,5,12,Need attention
14353,2011-05-08,216,3,376.5,0.0,2,3,2,7,Core
15092,2011-05-08,216,4,776.46,3.3,2,3,3,8,Core
13642,2011-05-08,216,5,472.2,12.75,2,3,2,7,Core
14161,2011-05-08,216,7,3280.08,0.0,2,4,5,11,Need attention
13561,2011-05-08,216,11,1803.4,0.0,2,5,4,11,Need attention
18120,2011-05-09,215,1,111.15,0.0,2,1,1,4,At risk / hibernating
12821,2011-05-09,215,2,220.8,0.0,2,2,1,5,At risk / hibernating
12355,2011-05-09,215,2,947.61,0.0,2,2,3,7,At risk / hibernating
12888,2011-05-09,215,4,354.12,40.35,2,3,2,7,Core
14699,2011-05-09,215,4,702.6,0.0,2,3,3,8,Core
16756,2011-05-09,215,9,1312.37,24.95,2,4,4,10,Need attention
13990,2011-05-10,214,1,311.3,0.0,2,1,2,5,At risk / hibernating
15063,2011-05-10,214,1,370.8,0.0,2,1,2,5,At risk / hibernating
16431,2011-05-10,214,3,623.28,0.0,2,3,3,8,Core
15381,2011-05-10,214,6,1890.57,2.95,2,4,4,10,Need attention
17597,2011-05-10,214,7,3484.09,58.8,2,4,5,11,Need attention
16306,2011-05-10,214,10,1192.82,30.0,2,4,3,9,Core
14288,2011-05-11,213,2,426.6,12.75,2,2,2,6,At risk / hibernating
14149,2011-05-11,213,3,446.62,187.19,2,3,2,7,Core
14920,2011-05-11,213,3,1607.17,0.0,2,3,4,9,Need attention
16297,2011-05-11,213,4,301.9,26.5,2,3,2,7,Core
17889,2011-05-11,213,7,746.42,0.0,2,4,3,9,Core
13052,2011-05-11,213,7,3119.33,0.0,2,4,5,11,Need attention
15732,2011-05-11,213,12,1682.07,44.55,2,5,4,11,Need attention
15079,2011-05-11,213,17,3767.35,80.6,2,5,5,12,Need attention
17970,2011-05-12,212,1,562.79,0.0,2,2,2,6,At risk / hibernating
13837,2011-05-12,212,2,266.59,0.0,2,2,1,5,At risk / hibernating
16006,2011-05-12,212,2,332.82,0.0,2,2,2,6,At risk / hibernating
18133,2011-05-12,212,2,931.5,216.0,2,2,3,7,At risk / hibernating
13235,2011-05-12,212,2,1031.07,929.9,2,2,3,7,At risk / hibernating
16244,2011-05-12,212,2,2579.38,0.0,2,2,4,8,At risk / hibernating
12625,2011-05-12,212,5,5164.88,69.5,2,4,5,11,Need attention
16943,2011-05-12,212,7,1299.49,482.76,2,4,4,10,Need attention
14988,2011-05-12,212,7,2038.65,0.0,2,4,4,10,Need attention
12976,2011-05-12,212,8,3156.38,0.0,2,4,5,11,Need attention
13952,2011-05-12,212,17,12823.52,32.63,2,5,5,12,Need attention
14873,2011-05-13,211,2,854.13,0.0,2,2,3,7,At risk / hibernating
12770,2011-05-13,211,7,3246.45,270.5,2,4,5,11,Need attention
12857,2011-05-13,211,7,3688.0,3.75,2,4,5,11,Need attention
17263,2011-05-15,209,1,63.44,0.0,2,1,1,4,At risk / hibernating
14689,2011-05-15,209,1,112.8,0.0,2,1,1,4,At risk / hibernating
15333,2011-05-15,209,1,1028.56,0.0,2,2,3,7,At risk / hibernating
14888,2011-05-16,208,1,369.2,0.0,2,1,2,5,At risk / hibernating
15813,2011-05-16,208,2,1303.91,0.0,2,2,4,8,At risk / hibernating
14489,2011-05-16,208,4,1574.93,0.0,2,3,4,9,Need attention
13976,2011-05-17,207,4,1192.36,0.0,2,3,3,8,Core
18218,2011-05-17,207,6,1121.84,35.7,2,4,3,9,Core
14320,2011-05-17,207,7,1346.75,142.63,2,4,4,10,Need attention
14000,2011-05-17,207,8,2046.34,168.75,2,4,4,10,Need attention
17504,2011-05-17,207,19,9490.17,251.75,2,5,5,12,Need attention
12690,2011-05-18,206,1,389.01,0.0,2,1,2,5,At risk / hibernating
13572,2011-05-18,206,1,1384.25,0.0,2,2,4,8,At risk / hibernating
17556,2011-05-18,206,2,300.67,0.0,2,2,2,6,At risk / hibernating
16116,2011-05-18,206,2,612.78,19.9,2,2,3,7,At risk / hibernating
13531,2011-05-18,206,6,1738.52,0.0,2,4,4,10,Need attention
13887,2011-05-19,205,1,349.55,0.0,2,1,2,5,At risk / hibernating
17245,2011-05-19,205,2,371.63,0.0,2,2,2,6,At risk / hibernating
12353,2011-05-19,205,2,406.76,0.0,2,2,2,6,At risk / hibernating
14620,2011-05-19,205,3,412.78,19.5,2,3,2,7,Core
12897,2011-05-19,205,4,514.25,0.0,2,3,2,7,Core
15648,2011-05-19,205,4,639.5,57.45,2,3,3,8,Core
17871,2011-05-19,205,5,1068.95,0.0,2,4,3,9,Core
13762,2011-05-19,205,6,2472.48,306.72,2,4,4,10,Need attention
14896,2011-05-19,205,10,2083.22,98.7,2,4,4,10,Need attention
13391,2011-05-20,204,1,59.8,0.0,2,1,1,4,At risk / hibernating
17455,2011-05-20,204,1,131.7,0.0,2,1,1,4,At risk / hibernating
18048,2011-05-20,204,3,394.93,0.0,2,3,2,7,Core
16226,2011-05-20,204,5,672.17,0.0,2,3,3,8,Core
13243,2011-05-20,204,5,1220.38,0.0,2,4,4,10,Need attention
13151,2011-05-20,204,5,2465.21,69.05,2,4,4,10,Need attention
15705,2011-05-22,202,1,143.1,0.0,2,1,1,4,At risk / hibernating
15292,2011-05-22,202,1,178.39,0.0,2,1,1,4,At risk / hibernating
13227,2011-05-22,202,1,257.7,0.0,2,1,1,4,At risk / hibernating
14647,2011-05-22,202,2,506.04,0.0,2,2,2,6,At risk / hibernating
17176,2011-05-22,202,3,902.32,0.0,2,3,3,8,Core
15724,2011-05-22,202,5,310.85,11.05,2,3,2,7,Core
14195,2011-05-22,202,10,2615.6,234.36,2,5,4,11,Need attention
13737,2011-05-23,201,1,339.6,0.0,2,1,2,5,At risk / hibernating
13339,2011-05-23,201,1,860.12,0.0,2,2,3,7,At risk / hibernating
17715,2011-05-23,201,2,489.6,0.0,2,2,2,6,At risk / hibernating
13223,2011-05-23,201,6,969.12,0.0,2,4,3,9,Core
14817,2011-05-23,201,9,3959.86,70.65,2,4,5,11,Need attention
15042,2011-05-24,200,2,315.45,0.0,2,2,2,6,At risk / hibernating
18202,2011-05-24,200,3,1396.99,0.0,2,3,4,9,Need attention
15314,2011-05-24,200,4,820.45,19.8,2,3,3,8,Core
14705,2011-05-25,199,1,179.0,0.0,2,1,1,4,At risk / hibernating
14985,2011-05-25,199,2,292.01,0.0,2,2,2,6,At risk / hibernating
16448,2011-05-25,199,2,361.12,0.0,2,2,2,6,At risk / hibernating
14009,2011-05-25,199,4,1099.91,9.68,2,3,3,8,Core
15729,2011-05-25,199,5,192.55,37.85,2,3,1,6,Core
17770,2011-05-25,199,5,1143.27,0.0,2,4,3,9,Core
17955,2011-05-25,199,6,949.9,0.0,2,4,3,9,Core
13479,2011-05-25,199,7,851.37,42.87,2,4,3,9,Core
15882,2011-05-25,199,10,1495.98,47.07,2,4,4,10,Need attention
14816,2011-05-26,198,1,271.85,0.0,2,1,1,4,At risk / hibernating
12974,2011-05-26,198,2,408.95,0.0,2,2,2,6,At risk / hibernating
12547,2011-05-26,198,3,383.58,0.0,2,3,2,7,Core
16838,2011-05-26,198,6,1159.61,32.95,2,4,3,9,Core
16356,2011-05-26,198,7,415.87,1.45,2,4,2,8,Core
17550,2011-05-26,198,10,2506.64,341.1,2,5,4,11,Need attention
13659,2011-05-26,198,17,4884.68,178.25,2,5,5,12,Need attention
14280,2011-05-27,197,1,134.04,0.0,2,1,1,4,At risk / hibernating
16323,2011-05-27,197,2,353.66,0.0,2,2,2,6,At risk / hibernating
13135,2011-05-27,197,2,3371.45,0.0,2,2,5,9,At risk / hibernating
12999,2011-05-27,197,3,455.88,0.0,2,3,2,7,Core
16275,2011-05-27,197,3,2151.11,0.0,2,3,4,9,Need attention
16034,2011-05-27,197,7,911.32,2.95,2,4,3,9,Core
14828,2011-05-27,197,14,9839.46,36.0,2,5,5,12,Need attention
15925,2011-05-29,195,1,207.15,0.0,2,1,1,4,At risk / hibernating
15897,2011-05-29,195,2,208.59,0.0,2,2,1,5,At risk / hibernating
16567,2011-05-29,195,2,865.6,0.0,2,2,3,7,At risk / hibernating
12426,2011-05-29,195,3,1345.21,33.8,2,3,4,9,Need attention
17051,2011-05-29,195,4,706.49,0.0,2,3,3,8,Core
17152,2011-05-29,195,5,2016.5,186.0,2,4,4,10,Need attention
16889,2011-05-29,195,6,2526.65,0.0,2,4,4,10,Need attention
16483,2011-05-31,193,1,139.35,0.0,2,1,1,4,At risk / hibernating
13398,2011-05-31,193,2,670.34,0.0,2,2,3,7,At risk / hibernating
12790,2011-05-31,193,3,591.85,28.4,2,3,2,7,Core
16810,2011-05-31,193,4,842.04,55.9,2,3,3,8,Core
13070,2011-05-31,193,5,751.7,7.8,2,3,3,8,Core
18190,2011-05-31,193,6,745.62,9.95,2,4,3,9,Core
17454,2011-05-31,193,11,1547.94,15.3,2,5,4,11,Need attention
18231,2011-05-31,193,30,6854.17,32.8,2,5,5,12,Need attention
13062,2011-06-01,192,1,346.98,0.0,2,1,2,5,At risk / hibernating
14377,2011-06-01,192,2,617.05,0.0,2,2,3,7,At risk / hibernating
17820,2011-06-01,192,3,180.61,24.05,2,2,1,5,At risk / hibernating
16424,2011-06-01,192,3,443.06,51.0,2,3,2,7,Core
17472,2011-06-01,192,4,922.35,0.0,2,3,3,8,Core
13475,2011-06-01,192,4,1431.78,0.0,2,3,4,9,Need attention
14740,2011-06-01,192,13,4161.06,92.2,2,5,5,12,Need attention
14453,2011-06-02,191,1,119.93,0.0,2,1,1,4,At risk / hibernating
15918,2011-06-02,191,3,582.88,0.0,2,3,2,7,Core
16449,2011-06-02,191,3,707.69,33.0,2,3,3,8,Core
16529,2011-06-02,191,4,1986.8,0.0,2,3,4,9,Need attention
17375,2011-06-02,191,5,660.55,27.6,2,3,3,8,Core
12590,2011-06-02,191,5,9864.26,10.78,2,4,5,11,Need attention
17578,2011-06-02,191,10,1047.33,43.6,3,4,3,10,Core
15658,2011-06-02,191,13,2423.47,153.13,3,5,4,12,Core
16659,2011-06-03,190,1,39.12,0.0,3,1,1,5,Promising / new
16967,2011-06-03,190,1,319.02,0.0,3,1,2,6,Promising / new
13885,2011-06-03,190,2,506.8,0.0,3,2,2,7,Promising / new
16230,2011-06-03,190,2,542.03,0.0,3,2,2,7,Promising / new
15405,2011-06-03,190,2,659.84,0.0,3,2,3,8,Promising / new
13294,2011-06-03,190,3,1689.53,0.0,3,3,4,10,Core
16117,2011-06-03,190,4,654.4,4.35,3,3,3,9,Core
15508,2011-06-03,190,6,1000.27,0.0,3,4,3,10,Core
12601,2011-06-03,190,7,681.26,7.5,3,4,3,10,Core
13682,2011-06-05,188,1,59.5,0.0,3,1,1,5,Promising / new
16963,2011-06-05,188,1,110.55,0.0,3,1,1,5,Promising / new
17708,2011-06-05,188,4,884.18,0.0,3,3,3,9,Core
14682,2011-06-05,188,6,1514.81,0.0,3,4,4,11,Core
14512,2011-06-05,188,7,1215.97,0.0,3,4,3,10,Core
16883,2011-06-05,188,20,2374.09,9.95,3,5,4,12,Core
16849,2011-06-06,187,1,124.57,0.0,3,1,1,5,Promising / new
15386,2011-06-06,187,1,394.14,0.0,3,1,2,6,Promising / new
15852,2011-06-06,187,3,257.26,0.0,3,3,1,7,Core
16611,2011-06-06,187,7,1785.13,8.5,3,4,4,11,Core
16520,2011-06-06,187,8,2474.14,16.7,3,4,4,11,Core
14542,2011-06-07,186,1,103.25,0.0,3,1,1,5,Promising / new
17124,2011-06-07,186,1,294.24,0.0,3,1,2,6,Promising / new
17026,2011-06-07,186,3,208.98,0.0,3,2,1,6,Promising / new
16763,2011-06-07,186,3,964.7,16.95,3,3,3,9,Core
14375,2011-06-07,186,3,1106.82,0.0,3,3,3,9,Core
13395,2011-06-07,186,3,1180.23,0.0,3,3,3,9,Core
17987,2011-06-07,186,6,965.44,75.52,3,4,3,10,Core
17854,2011-06-07,186,6,1068.5,0.0,3,4,3,10,Core
17874,2011-06-07,186,7,683.46,25.2,3,4,3,10,Core
12868,2011-06-07,186,8,2247.06,0.0,3,4,4,11,Core
17707,2011-06-07,186,9,609.3,4.25,3,4,3,10,Core
12891,2011-06-07,186,12,840.5,21.0,3,5,3,11,Core
14625,2011-06-07,186,18,4497.88,106.35,3,5,5,13,Core
14867,2011-06-07,186,19,2952.06,50.6,3,5,5,13,Core
14622,2011-06-08,185,1,320.58,0.0,3,1,2,6,Promising / new
16832,2011-06-08,185,5,417.61,0.0,3,3,2,8,Core
12383,2011-06-08,185,6,1850.56,11.25,3,4,4,11,Core
16955,2011-06-08,185,9,1309.41,48.25,3,4,4,11,Core
17409,2011-06-08,185,10,7793.51,0.0,3,5,5,13,Core
16113,2011-06-09,184,1,161.38,0.0,3,1,1,5,Promising / new
14241,2011-06-09,184,2,333.7,0.0,3,2,2,7,Promising / new
15780,2011-06-09,184,3,475.28,0.0,3,3,2,8,Core
13811,2011-06-09,184,4,814.5,222.75,3,3,3,9,Core
13462,2011-06-09,184,6,1153.85,8.25,3,4,3,10,Core
13900,2011-06-09,184,7,1610.59,2.5,3,4,4,11,Core
12802,2011-06-09,184,9,2416.42,66.0,3,4,4,11,Core
17234,2011-06-10,183,1,149.89,0.0,3,1,1,5,Promising / new
15609,2011-06-10,183,2,298.48,28.45,3,2,2,7,Promising / new
13533,2011-06-10,183,3,269.09,0.0,3,3,1,7,Core
13686,2011-06-10,183,3,409.04,0.0,3,3,2,8,Core
16614,2011-06-10,183,3,1179.79,0.0,3,3,3,9,Core
15098,2011-06-10,183,5,39916.5,39267.0,3,4,5,12,Core
18281,2011-06-12,181,2,201.14,0.0,3,2,1,6,Promising / new
14823,2011-06-12,181,3,321.43,0.0,3,3,2,8,Core
14450,2011-06-12,181,7,1128.44,0.0,3,4,3,10,Core
12732,2011-06-13,180,1,236.26,0.0,3,1,1,5,Promising / new
15069,2011-06-13,180,1,1109.53,0.0,3,2,3,8,Promising / new
17795,2011-06-13,180,2,342.83,0.0,3,2,2,7,Promising / new
13080,2011-06-13,180,5,280.73,19.9,3,3,2,8,Core
17349,2011-06-13,180,5,772.41,0.0,3,3,3,9,Core
15643,2011-06-13,180,6,664.0,16.6,3,4,3,10,Core
14231,2011-06-13,180,6,1235.62,103.65,3,4,4,11,Core
13663,2011-06-13,180,6,2047.51,33.9,3,4,4,11,Core
14573,2011-06-13,180,17,2565.12,49.7,3,5,4,12,Core
12818,2011-06-14,179,2,1542.08,24.2,3,2,4,9,Promising / new
17749,2011-06-14,179,3,1026.18,0.0,3,3,3,9,Core
17179,2011-06-14,179,6,1507.26,0.0,3,4,4,11,Core
13476,2011-06-14,179,7,2061.47,145.7,3,4,4,11,Core
15912,2011-06-14,179,9,1074.7,0.0,3,4,3,10,Core
18165,2011-06-15,178,1,302.46,0.0,3,1,2,6,Promising / new
14222,2011-06-15,178,1,683.17,0.0,3,2,3,8,Promising / new
16644,2011-06-15,178,2,833.78,0.0,3,2,3,8,Promising / new
17536,2011-06-15,178,3,364.83,0.0,3,3,2,8,Core
16461,2011-06-15,178,3,1545.83,0.0,3,3,4,10,Core
15574,2011-06-15,178,7,1450.48,42.0,3,4,4,11,Core
16257,2011-06-16,177,1,46.95,0.0,3,1,1,5,Promising / new
15585,2011-06-16,177,1,455.3,0.0,3,2,2,7,Promising / new
17446,2011-06-16,177,2,120.9,0.0,3,2,1,6,Promising / new
15219,2011-06-16,177,2,685.45,0.0,3,2,3,8,Promising / new
13951,2011-06-16,177,3,674.45,0.0,3,3,3,9,Core
16276,2011-06-16,177,3,2629.39,0.0,3,3,4,10,Core
14245,2011-06-16,177,5,1693.45,15.97,3,4,4,11,Core
14037,2011-06-16,177,7,836.95,81.0,3,4,3,10,Core
18168,2011-06-16,177,22,3698.8,100.15,3,5,5,13,Core
14491,2011-06-17,176,2,468.13,0.0,3,2,2,7,Promising / new
13618,2011-06-19,174,1,177.34,0.0,3,1,1,5,Promising / new
17879,2011-06-19,174,1,178.52,0.0,3,1,1,5,Promising / new
13568,2011-06-19,174,1,187.05,0.0,3,1,1,5,Promising / new
15909,2011-06-19,174,1,191.94,0.0,3,1,1,5,Promising / new
14162,2011-06-19,174,2,289.36,0.0,3,2,2,7,Promising / new
12837,2011-06-19,174,2,662.66,0.0,3,2,3,8,Promising / new
16050,2011-06-19,174,3,300.7,0.0,3,3,2,8,Core
16484,2011-06-19,174,3,404.3,24.9,3,3,2,8,Core
17616,2011-06-19,174,4,1060.8,0.0,3,3,3,9,Core
16805,2011-06-19,174,5,1091.34,0.0,3,4,3,10,Core
13005,2011-06-19,174,6,999.68,64.65,3,4,3,10,Core
18062,2011-06-19,174,9,1632.67,109.3,3,4,4,11,Core
15535,2011-06-19,174,10,1044.37,102.0,3,4,3,10,Core
15825,2011-06-20,173,1,532.94,0.0,3,2,2,7,Promising / new
13343,2011-06-20,173,2,353.43,49.5,3,2,2,7,Promising / new
15280,2011-06-20,173,3,397.52,0.0,3,3,2,8,Core
15700,2011-06-20,173,3,696.68,32.65,3,3,3,9,Core
15921,2011-06-20,173,4,775.26,0.0,3,3,3,9,Core
16739,2011-06-20,173,4,786.43,14.2,3,3,3,9,Core
15076,2011-06-20,173,5,1447.74,21.9,3,4,4,11,Core
15389,2011-06-20,173,5,2733.8,0.0,3,4,4,11,Core
15016,2011-06-20,173,6,620.89,8.0,3,4,3,10,Core
16320,2011-06-20,173,8,5628.99,1200.14,3,4,5,12,Core
17897,2011-06-20,173,10,2510.56,51.0,3,5,4,12,Core
18260,2011-06-20,173,32,9947.26,210.16,3,5,5,13,Core
15412,2011-06-21,172,1,190.53,0.0,3,1,1,5,Promising / new
15507,2011-06-21,172,1,475.86,0.0,3,2,2,7,Promising / new
16526,2011-06-21,172,2,717.21,0.0,3,2,3,8,Promising / new
17960,2011-06-21,172,3,135.08,0.0,3,2,1,6,Promising / new
13936,2011-06-21,172,4,939.66,15.3,3,3,3,9,Core
16247,2011-06-22,171,1,114.56,0.0,3,1,1,5,Promising / new
16114,2011-06-22,171,1,135.75,0.0,3,1,1,5,Promising / new
17877,2011-06-22,171,1,237.61,0.0,3,1,1,5,Promising / new
15041,2011-06-22,171,2,289.4,0.0,3,2,2,7,Promising / new
14998,2011-06-22,171,4,753.18,0.0,3,3,3,9,Core
16214,2011-06-22,171,4,2038.25,0.0,3,3,4,10,Core
14643,2011-06-22,171,6,1679.89,25.2,3,4,4,11,Core
15130,2011-06-23,170,1,330.11,0.0,3,1,2,6,Promising / new
17630,2011-06-23,170,2,503.6,0.0,3,2,2,7,Promising / new
13937,2011-06-23,170,3,880.13,12.75,3,3,3,9,Core
16647,2011-06-23,170,4,541.9,0.0,3,3,2,8,Core
17709,2011-06-23,170,5,671.01,0.0,3,3,3,9,Core
14656,2011-06-23,170,5,790.0,0.0,3,3,3,9,Core
16287,2011-06-23,170,5,1006.98,0.0,3,4,3,10,Core
15384,2011-06-23,170,5,2027.79,13.3,3,4,4,11,Core
14584,2011-06-23,170,9,1738.16,13.0,3,4,4,11,Core
15379,2011-06-23,170,9,4877.84,71.4,3,4,5,12,Core
13929,2011-06-23,170,14,3494.1,176.0,3,5,5,13,Core
17204,2011-06-23,170,15,5504.69,241.0,3,5,5,13,Core
15258,2011-06-24,169,2,623.16,0.0,3,2,3,8,Promising / new
17704,2011-06-24,169,2,885.19,0.0,3,2,3,8,Promising / new
15665,2011-06-24,169,5,3987.07,0.0,3,4,5,12,Core
12809,2011-06-24,169,8,1755.94,50.6,3,4,4,11,Core
13856,2011-06-24,169,15,1142.03,83.15,3,5,3,11,Core
12548,2011-06-26,167,1,95.2,0.0,3,1,1,5,Promising / new
14795,2011-06-26,167,1,131.45,0.0,3,1,1,5,Promising / new
15104,2011-06-26,167,3,993.54,24.9,3,3,3,9,Core
15644,2011-06-26,167,4,803.54,0.0,3,3,3,9,Core
17969,2011-06-26,167,27,2354.29,118.75,3,5,4,12,Core
12493,2011-06-27,166,3,433.74,16.95,3,3,2,8,Core
17110,2011-06-27,166,3,499.9,0.0,3,3,2,8,Core
17980,2011-06-27,166,4,1012.72,0.0,3,3,3,9,Core
13453,2011-06-27,166,5,781.69,22.7,3,3,3,9,Core
15976,2011-06-27,166,6,1694.41,0.0,3,4,4,11,Core
14351,2011-06-28,165,1,51.0,0.0,3,1,1,5,Promising / new
16545,2011-06-28,165,2,689.82,0.0,3,2,3,8,Promising / new
15146,2011-06-28,165,3,1327.16,13.5,3,3,4,10,Core
17900,2011-06-28,165,4,112.2,97.2,3,3,1,7,Core
16473,2011-06-28,165,5,470.83,1.25,3,3,2,8,Core
13300,2011-06-28,165,5,1285.51,18.3,3,4,4,11,Core
14481,2011-06-28,165,6,2284.69,376.17,3,4,4,11,Core
13656,2011-06-28,165,7,1078.85,25.5,3,4,3,10,Core
15537,2011-06-29,164,1,110.92,0.0,3,1,1,5,Promising / new
17391,2011-06-29,164,2,508.8,0.0,3,2,2,7,Promising / new
17408,2011-06-29,164,4,316.09,151.2,3,3,2,8,Core
16801,2011-06-29,164,5,1594.23,751.9,3,4,4,11,Core
14327,2011-06-29,164,6,1894.93,0.0,3,4,4,11,Core
16553,2011-06-29,164,36,16584.01,88.14,3,5,5,13,Core
15578,2011-06-30,163,1,127.1,0.0,3,1,1,5,Promising / new
17891,2011-06-30,163,1,203.86,0.0,3,1,1,5,Promising / new
14803,2011-06-30,163,3,845.55,0.0,3,3,3,9,Core
12424,2011-06-30,163,7,3340.03,50.25,3,4,5,12,Core
12922,2011-07-01,162,1,405.38,0.0,3,2,2,7,Promising / new
16498,2011-07-01,162,3,100.97,14.85,3,2,1,6,Promising / new
17123,2011-07-01,162,3,977.17,0.0,3,3,3,9,Core
17505,2011-07-01,162,5,2435.48,0.0,3,4,4,11,Core
15483,2011-07-01,162,10,817.82,0.0,3,4,3,10,Core
17939,2011-07-03,160,1,99.14,0.0,3,1,1,5,Promising / new
17899,2011-07-03,160,1,154.55,0.0,3,1,1,5,Promising / new
15007,2011-07-03,160,1,156.91,0.0,3,1,1,5,Promising / new
17781,2011-07-03,160,2,188.02,0.0,3,2,1,6,Promising / new
17105,2011-07-03,160,2,665.78,0.0,3,2,3,8,Promising / new
13833,2011-07-03,160,2,700.41,0.0,3,2,3,8,Promising / new
13826,2011-07-04,159,2,189.5,14.85,3,2,1,6,Promising / new
15349,2011-07-04,159,2,463.91,0.0,3,2,2,7,Promising / new
17765,2011-07-04,159,4,524.0,0.0,3,3,2,8,Core
16344,2011-07-04,159,4,842.42,0.0,3,3,3,9,Core
17464,2011-07-04,159,4,907.14,90.6,3,3,3,9,Core
14338,2011-07-04,159,5,928.1,34.0,3,3,3,9,Core
16338,2011-07-05,158,1,214.8,0.0,3,1,1,5,Promising / new
18203,2011-07-05,158,4,492.52,0.0,3,3,2,8,Core
16146,2011-07-05,158,4,946.38,0.0,3,3,3,9,Core
14352,2011-07-05,158,4,1078.96,0.0,3,3,3,9,Core
17046,2011-07-05,158,5,1906.07,0.0,3,4,4,11,Core
15646,2011-07-05,158,6,974.61,22.5,3,4,3,10,Core
13085,2011-07-05,158,10,2433.28,973.82,3,5,4,12,Core
16829,2011-07-06,157,2,513.32,0.0,3,2,2,7,Promising / new
15334,2011-07-06,157,3,350.82,0.0,3,3,2,8,Core
12977,2011-07-06,157,4,513.88,0.0,3,3,2,8,Core
14645,2011-07-06,157,4,876.89,36.65,3,3,3,9,Core
13253,2011-07-06,157,4,2951.11,0.0,3,3,5,11,Core
17341,2011-07-06,157,5,1688.82,0.0,3,4,4,11,Core
12450,2011-07-06,157,7,688.2,21.25,3,4,3,10,Core
15889,2011-07-06,157,9,1699.67,10.45,3,4,4,11,Core
16919,2011-07-06,157,28,5108.01,72.1,3,5,5,13,Core
16581,2011-07-07,156,2,105.84,35.4,3,2,1,6,Promising / new
13302,2011-07-07,156,2,159.2,0.0,3,2,1,6,Promising / new
18013,2011-07-07,156,2,187.29,0.0,3,2,1,6,Promising / new
18072,2011-07-07,156,2,247.44,247.44,3,2,1,6,Promising / new
13583,2011-07-07,156,2,1445.03,0.0,3,2,4,9,Promising / new
13699,2011-07-07,156,3,764.15,52.75,3,3,3,9,Core
14459,2011-07-07,156,3,5375.74,36.6,3,3,5,11,Core
15512,2011-07-07,156,4,331.58,0.0,3,3,2,8,Core
14021,2011-07-07,156,7,1716.58,0.0,3,4,4,11,Core
13291,2011-07-07,156,11,3270.79,0.0,3,5,5,13,Core
12980,2011-07-07,156,26,16245.78,336.39,3,5,5,13,Core
16091,2011-07-08,155,2,315.06,0.0,3,2,2,7,Promising / new
13955,2011-07-08,155,3,544.07,0.0,3,3,2,8,Core
14104,2011-07-08,155,5,743.53,0.0,3,3,3,9,Core
12648,2011-07-08,155,5,1112.0,15.0,3,4,3,10,Core
14264,2011-07-08,155,8,1517.36,56.0,3,4,4,11,Core
15920,2011-07-08,155,9,569.14,0.0,3,4,2,9,Core
14905,2011-07-08,155,10,1971.39,31.7,3,4,4,11,Core
13338,2011-07-08,155,10,2445.62,222.0,3,5,4,12,Core
14016,2011-07-08,155,13,11403.41,23.7,3,5,5,13,Core
15182,2011-07-08,155,14,2998.95,56.2,3,5,5,13,Core
18037,2011-07-08,155,15,167.42,0.0,3,5,1,9,Core
18024,2011-07-10,153,3,389.78,153.0,3,3,2,8,Core
17787,2011-07-10,153,4,2553.82,0.0,3,3,4,10,Core
17126,2011-07-10,153,11,2016.43,12.9,3,5,4,12,Core
13678,2011-07-11,152,1,232.6,0.0,3,1,1,5,Promising / new
13675,2011-07-11,152,2,486.82,0.0,3,2,2,7,Promising / new
13754,2011-07-11,152,3,447.05,0.0,3,3,2,8,Core
14552,2011-07-11,152,3,507.93,0.0,3,3,2,8,Core
15045,2011-07-11,152,3,735.66,102.0,3,3,3,9,Core
13745,2011-07-11,152,4,777.36,16.09,3,3,3,9,Core
18142,2011-07-11,152,4,1019.52,4.62,3,3,3,9,Core
12717,2011-07-11,152,4,1308.91,50.0,3,3,4,10,Core
15265,2011-07-11,152,4,3345.64,0.0,3,3,5,11,Core
15577,2011-07-11,152,5,396.03,0.0,3,3,2,8,Core
17337,2011-07-11,152,7,1981.06,83.55,3,4,4,11,Core
12669,2011-07-12,151,4,2744.03,1136.3,3,3,4,10,Core
18193,2011-07-12,151,5,1207.35,51.65,3,4,3,10,Core
14267,2011-07-12,151,9,1516.24,257.05,3,4,4,11,Core
14548,2011-07-12,151,9,2541.29,0.0,3,4,4,11,Core
15895,2011-07-13,150,1,179.17,0.0,3,1,1,5,Promising / new
13667,2011-07-13,150,1,299.05,0.0,3,1,2,6,Promising / new
18121,2011-07-13,150,2,653.3,0.0,3,2,3,8,Promising / new
14483,2011-07-13,150,3,257.1,7.9,3,3,1,7,Core
16450,2011-07-13,150,4,1505.73,30.0,3,3,4,10,Core
16998,2011-07-13,150,7,402.0,7.98,3,4,2,9,Core
15795,2011-07-13,150,8,1979.87,0.0,3,4,4,11,Core
12405,2011-07-14,149,1,1710.39,0.0,3,2,4,9,Promising / new
15256,2011-07-14,149,2,170.4,0.0,3,2,1,6,Promising / new
12653,2011-07-14,149,3,4160.83,0.0,3,3,5,11,Core
14891,2011-07-14,149,4,1106.73,0.0,3,3,3,9,Core
14847,2011-07-14,149,4,1348.95,28.35,3,3,4,10,Core
17259,2011-07-14,149,6,1820.34,0.0,3,4,4,11,Core
15402,2011-07-14,149,7,1830.54,13.9,3,4,4,11,Core
12915,2011-07-14,149,8,1174.75,89.9,3,4,3,10,Core
14461,2011-07-14,149,14,6676.91,15.9,3,5,5,13,Core
17948,2011-07-15,148,1,358.56,0.0,3,1,2,6,Promising / new
15004,2011-07-15,148,1,1220.77,0.0,3,2,4,9,Promising / new
12815,2011-07-15,148,2,1063.46,0.0,3,2,3,8,Promising / new
14722,2011-07-15,148,3,489.52,0.0,3,3,2,8,Core
17444,2011-07-15,148,3,2940.04,0.0,3,3,5,11,Core
17440,2011-07-15,148,6,323.58,9.32,3,4,2,9,Core
14958,2011-07-15,148,6,941.99,0.0,3,4,3,10,Core
12833,2011-07-17,146,1,417.38,0.0,3,2,2,7,Promising / new
13967,2011-07-17,146,2,166.3,0.0,3,2,1,6,Promising / new
17984,2011-07-17,146,5,1152.19,0.0,3,4,3,10,Core
16054,2011-07-17,146,7,2111.88,21.2,3,4,4,11,Core
15716,2011-07-17,146,11,3014.66,0.0,3,5,5,13,Core
16398,2011-07-18,145,4,1705.8,74.65,3,3,4,10,Core
13154,2011-07-18,145,5,1624.84,627.41,3,4,4,11,Core
13821,2011-07-18,145,7,1379.08,23.7,3,4,4,11,Core
14758,2011-07-18,145,7,2864.97,0.0,3,4,4,11,Core
15369,2011-07-18,145,13,6251.26,4537.87,3,5,5,13,Core
17448,2011-07-18,145,54,14523.67,4361.29,3,5,5,13,Core
13564,2011-07-18,145,54,17035.02,1462.83,3,5,5,13,Core
14117,2011-07-19,144,1,90.0,0.0,3,1,1,5,Promising / new
17065,2011-07-19,144,3,194.7,112.35,3,2,1,6,Promising / new
16112,2011-07-19,144,4,195.74,0.0,3,3,1,7,Core
12875,2011-07-19,144,5,1356.99,0.0,3,4,4,11,Core
15713,2011-07-19,144,6,1010.79,24.8,3,4,3,10,Core
14437,2011-07-19,144,7,936.34,128.9,3,4,3,10,Core
12468,2011-07-19,144,10,3670.74,46.19,3,5,5,13,Core
12947,2011-07-19,144,11,1908.03,196.7,3,5,4,12,Core
12840,2011-07-19,144,11,4041.97,28.1,3,5,5,13,Core
12521,2011-07-20,143,1,599.68,0.0,3,2,2,7,Promising / new
15802,2011-07-20,143,3,451.42,902.84,3,3,2,8,Core
17866,2011-07-20,143,4,1134.95,3.95,3,3,3,9,Core
17962,2011-07-20,143,5,666.96,14.4,3,3,3,9,Core
16807,2011-07-20,143,8,2123.88,59.0,3,4,4,11,Core
12510,2011-07-20,143,16,5178.02,1488.69,3,5,5,13,Core
14259,2011-07-21,142,1,120.0,0.0,3,1,1,5,Promising / new
17660,2011-07-21,142,2,342.22,0.0,3,2,2,7,Promising / new
17694,2011-07-21,142,3,1695.97,0.0,3,3,4,10,Core
15108,2011-07-21,142,5,1300.25,8.5,3,4,4,11,Core
14400,2011-07-21,142,5,1732.47,29.47,3,4,4,11,Core
15623,2011-07-21,142,8,2437.05,0.0,3,4,4,11,Core
16654,2011-07-21,142,9,1711.47,6.3,3,4,4,11,Core
18146,2011-07-22,141,2,160.35,0.0,3,2,1,6,Promising / new
16866,2011-07-22,141,3,207.74,0.0,3,2,1,6,Promising / new
18262,2011-07-22,141,3,577.54,0.0,3,3,2,8,Core
15704,2011-07-22,141,8,3734.66,73.78,3,4,5,12,Core
16305,2011-07-24,139,1,361.22,0.0,3,1,2,6,Promising / new
12864,2011-07-24,139,2,299.57,0.0,3,2,2,7,Promising / new
17265,2011-07-24,139,2,550.01,0.0,3,2,2,7,Promising / new
16178,2011-07-24,139,2,612.6,0.0,3,2,3,8,Promising / new
12763,2011-07-24,139,2,814.16,0.0,3,2,3,8,Promising / new
17312,2011-07-24,139,3,644.3,0.0,3,3,3,9,Core
16948,2011-07-24,139,7,868.77,0.0,3,4,3,10,Core
17935,2011-07-24,139,8,686.14,30.6,3,4,3,10,Core
12916,2011-07-24,139,8,4479.73,23.8,3,4,5,12,Core
13037,2011-07-24,139,16,3914.95,72.4,3,5,5,13,Core
13802,2011-07-24,139,24,26259.11,767.55,3,5,5,13,Core
14100,2011-07-25,138,1,191.95,0.0,3,1,1,5,Promising / new
17040,2011-07-25,138,2,463.25,0.0,3,2,2,7,Promising / new
13296,2011-07-25,138,6,792.51,0.0,3,4,3,10,Core
15372,2011-07-25,138,10,6017.06,62.64,3,5,5,13,Core
14692,2011-07-25,138,13,1715.14,9.5,3,5,4,12,Core
17693,2011-07-26,137,3,200.47,13.45,3,2,1,6,Promising / new
13492,2011-07-26,137,3,1269.84,0.0,3,3,4,10,Core
15855,2011-07-26,137,6,1052.72,0.0,3,4,3,10,Core
13194,2011-07-27,136,2,472.78,0.0,3,2,2,7,Promising / new
13730,2011-07-27,136,2,752.6,0.0,3,2,3,8,Promising / new
16447,2011-07-27,136,3,727.1,0.0,3,3,3,9,Core
16696,2011-07-27,136,4,657.9,0.0,3,3,3,9,Core
15261,2011-07-27,136,4,1508.0,0.0,3,3,4,10,Core
15118,2011-07-28,135,1,244.8,0.0,3,1,1,5,Promising / new
12453,2011-07-28,135,1,707.09,0.0,3,2,3,8,Promising / new
15746,2011-07-28,135,2,196.88,13.92,3,2,1,6,Promising / new
14002,2011-07-28,135,2,529.73,0.0,3,2,2,7,Promising / new
12743,2011-07-28,135,2,540.13,0.0,3,2,2,7,Promising / new
13420,2011-07-28,135,4,159.85,19.5,3,3,1,7,Core
15639,2011-07-28,135,5,1065.08,36.75,3,4,3,10,Core
17649,2011-07-28,135,5,1578.89,36.45,3,4,4,11,Core
12507,2011-07-28,135,5,1844.06,46.75,3,4,4,11,Core
18151,2011-07-28,135,7,1879.44,25.5,3,4,4,11,Core
18268,2011-07-28,135,8,1490.23,39.01,3,4,4,11,Core
15245,2011-07-28,135,8,4610.84,0.0,3,4,5,12,Core
17931,2011-07-28,135,18,3402.24,131.33,3,5,5,13,Core
14143,2011-07-29,134,1,115.8,0.0,3,1,1,5,Promising / new
15776,2011-07-29,134,1,241.62,0.0,3,1,1,5,Promising / new
15942,2011-07-29,134,1,337.44,0.0,3,1,2,6,Promising / new
17926,2011-07-29,134,5,1035.49,0.0,3,4,3,10,Core
15149,2011-07-29,134,5,1554.61,0.0,3,4,4,11,Core
16147,2011-07-29,134,7,2398.91,31.89,3,4,4,11,Core
13414,2011-07-29,134,7,2494.14,11.9,3,4,4,11,Core
18064,2011-07-29,134,15,4481.83,53.85,3,5,5,13,Core
15438,2011-07-31,132,1,156.58,0.0,3,1,1,5,Promising / new
12942,2011-07-31,132,3,934.35,0.0,3,3,3,9,Core
14885,2011-07-31,132,4,1598.12,102.0,3,3,4,10,Core
17695,2011-07-31,132,6,1746.04,25.5,3,4,4,11,Core
12534,2011-08-01,131,1,1089.18,0.0,3,2,3,8,Promising / new
17941,2011-08-01,131,4,1433.28,0.0,3,3,4,10,Core
17282,2011-08-01,131,5,2308.54,0.0,3,4,4,11,Core
17615,2011-08-01,131,7,721.8,7.5,3,4,3,10,Core
14403,2011-08-01,131,9,1880.51,57.75,3,4,4,11,Core
17887,2011-08-02,130,1,111.35,0.0,3,1,1,5,Promising / new
14076,2011-08-02,130,1,118.67,0.0,3,1,1,5,Promising / new
13075,2011-08-02,130,1,919.61,0.0,3,2,3,8,Promising / new
15120,2011-08-02,130,2,358.82,15.0,3,2,2,7,Promising / new
12378,2011-08-02,130,2,5416.32,0.0,3,2,5,10,Promising / new
17553,2011-08-02,130,4,3757.6,0.0,3,3,5,11,Core
14133,2011-08-02,130,6,911.14,15.3,3,4,3,10,Core
12644,2011-08-02,130,6,1918.49,102.95,3,4,4,11,Core
17353,2011-08-02,130,7,3242.0,86.45,3,4,5,12,Core
12750,2011-08-03,129,1,275.88,0.0,3,1,2,6,Promising / new
14972,2011-08-03,129,2,145.07,0.0,3,2,1,6,Promising / new
15374,2011-08-03,129,2,307.32,0.0,3,2,2,7,Promising / new
17053,2011-08-03,129,2,498.48,2.1,3,2,2,7,Promising / new
17514,2011-08-03,129,2,522.0,0.0,3,2,2,7,Promising / new
16324,2011-08-03,129,3,408.59,0.0,3,3,2,8,Core
13106,2011-08-03,129,3,603.46,17.0,3,3,3,9,Core
12917,2011-08-03,129,8,4359.2,29.7,3,4,5,12,Core
16835,2011-08-03,129,10,1538.41,66.9,3,4,4,11,Core
12643,2011-08-03,129,14,8304.82,469.52,3,5,5,13,Core
13218,2011-08-04,128,1,62.64,0.0,3,1,1,5,Promising / new
18099,2011-08-04,128,1,168.31,0.0,3,1,1,5,Promising / new
17267,2011-08-04,128,2,317.2,0.0,3,2,2,7,Promising / new
14778,2011-08-04,128,2,730.86,0.0,3,2,3,8,Promising / new
16572,2011-08-04,128,4,1009.6,9.9,3,3,3,9,Core
15254,2011-08-04,128,4,1088.35,14.95,3,3,3,9,Core
13402,2011-08-04,128,4,1535.13,0.0,3,3,4,10,Core
15133,2011-08-04,128,5,1806.9,0.0,3,4,4,11,Core
17723,2011-08-04,128,7,3378.4,0.0,3,4,5,12,Core
17692,2011-08-04,128,14,2975.8,13.4,3,5,5,13,Core
14344,2011-08-04,128,20,3333.7,0.0,3,5,5,13,Core
13513,2011-08-05,127,4,824.59,27.6,3,3,3,9,Core
16174,2011-08-05,127,7,2246.75,0.0,3,4,4,11,Core
17400,2011-08-05,127,8,4623.28,0.0,3,4,5,12,Core
17457,2011-08-05,127,18,5984.81,185.8,3,5,5,13,Core
13082,2011-08-05,127,25,7335.75,66.83,3,5,5,13,Core
14331,2011-08-07,125,2,462.66,0.0,3,2,2,7,Promising / new
13248,2011-08-07,125,2,465.68,0.0,3,2,2,7,Promising / new
14079,2011-08-07,125,2,618.73,0.0,3,2,3,8,Promising / new
14053,2011-08-07,125,4,572.3,0.0,3,3,2,8,Core
13752,2011-08-07,125,7,1579.83,0.0,3,4,4,11,Core
17331,2011-08-08,124,1,175.2,0.0,3,1,1,5,Promising / new
16951,2011-08-08,124,4,1277.75,15.0,3,3,4,10,Core
16788,2011-08-08,124,5,1928.93,0.0,3,4,4,11,Core
15985,2011-08-08,124,8,2715.28,105.0,3,4,4,11,Core
13869,2011-08-08,124,10,7996.87,0.0,3,5,5,13,Core
17085,2011-08-08,124,32,7847.67,134.0,3,5,5,13,Core
13355,2011-08-09,123,1,674.7,0.0,3,2,3,8,Promising / new
12929,2011-08-09,123,2,117.85,12.75,3,2,1,6,Promising / new
15247,2011-08-09,123,4,976.06,8.95,3,3,3,9,Core
13217,2011-08-09,123,6,666.48,400.36,3,4,3,10,Core
14127,2011-08-09,123,6,1900.08,0.0,3,4,4,11,Core
13280,2011-08-09,123,8,2293.33,25.5,3,4,4,11,Core
13162,2011-08-09,123,19,9275.49,158.55,3,5,5,13,Core
14024,2011-08-10,122,3,645.74,0.0,3,3,3,9,Core
13388,2011-08-10,122,4,1185.65,49.95,3,3,3,9,Core
17994,2011-08-10,122,14,2270.03,50.45,3,5,4,12,Core
13645,2011-08-11,121,1,252.1,0.0,3,1,1,5,Promising / new
17248,2011-08-11,121,2,500.54,0.0,3,2,2,7,Promising / new
13307,2011-08-11,121,3,273.34,0.0,3,3,2,8,Core
14346,2011-08-11,121,5,2315.75,0.0,3,4,4,11,Core
17429,2011-08-11,121,7,1357.46,15.3,3,4,4,11,Core
17531,2011-08-11,121,9,1266.82,75.6,3,4,4,11,Core
12693,2011-08-11,121,11,1703.02,62.6,3,5,4,12,Core
13722,2011-08-11,121,11,5635.41,6.25,3,5,5,13,Core
15581,2011-08-11,121,43,7752.74,1993.61,3,5,5,13,Core
14406,2011-08-12,120,1,156.75,0.0,3,1,1,5,Promising / new
15689,2011-08-12,120,3,521.03,0.0,3,3,2,8,Core
17122,2011-08-12,120,4,570.5,0.0,3,3,2,8,Core
17642,2011-08-12,120,5,1824.49,0.0,3,4,4,11,Core
15192,2011-08-12,120,5,1981.39,0.0,3,4,4,11,Core
16317,2011-08-12,120,6,2192.51,12.75,3,4,4,11,Core
12399,2011-08-12,120,7,1962.3,0.0,3,4,4,11,Core
13888,2011-08-12,120,7,2001.59,0.0,3,4,4,11,Core
14855,2011-08-12,120,7,6520.3,0.0,3,4,5,12,Core
13873,2011-08-12,120,9,1038.92,7.9,3,4,3,10,Core
16045,2011-08-12,120,9,3434.93,247.9,3,4,5,12,Core
13116,2011-08-14,118,2,501.14,15.95,3,2,2,7,Promising / new
15683,2011-08-14,118,2,524.54,0.0,3,2,2,7,Promising / new
16292,2011-08-14,118,9,1253.76,82.3,3,4,4,11,Core
13621,2011-08-15,117,1,213.85,0.0,3,1,1,5,Promising / new
16272,2011-08-15,117,1,411.7,0.0,3,2,2,7,Promising / new
16902,2011-08-15,117,1,1706.88,0.0,3,2,4,9,Promising / new
17252,2011-08-15,117,2,348.91,0.0,3,2,2,7,Promising / new
15342,2011-08-15,117,2,406.09,14.33,3,2,2,7,Promising / new
17958,2011-08-15,117,2,973.88,0.0,3,2,3,8,Promising / new
18143,2011-08-15,117,2,1000.16,0.0,3,2,3,8,Promising / new
15624,2011-08-15,117,4,588.13,0.0,3,3,2,8,Core
13720,2011-08-15,117,4,799.9,0.0,3,3,3,9,Core
16961,2011-08-15,117,6,794.56,21.55,3,4,3,10,Core
15480,2011-08-15,117,7,6279.0,2686.75,3,4,5,12,Core
12758,2011-08-15,117,8,9903.24,124.24,3,4,5,12,Core
13799,2011-08-15,117,13,2803.57,763.75,3,5,4,12,Core
12641,2011-08-16,116,1,185.9,0.0,3,1,1,5,Promising / new
16927,2011-08-16,116,3,543.05,0.0,3,3,2,8,Core
14006,2011-08-16,116,7,2196.67,0.0,3,4,4,11,Core
15002,2011-08-16,116,9,4769.73,0.0,3,4,5,12,Core
14918,2011-08-16,116,9,5955.81,0.0,3,4,5,12,Core
17048,2011-08-16,116,11,2071.68,80.23,3,5,4,12,Core
15768,2011-08-16,116,36,15308.89,41.63,3,5,5,13,Core
15541,2011-08-17,115,1,85.13,0.0,3,1,1,5,Promising / new
17070,2011-08-17,115,2,437.42,0.0,3,2,2,7,Promising / new
17398,2011-08-17,115,3,653.38,0.0,3,3,3,9,Core
14323,2011-08-17,115,4,605.06,30.8,3,3,3,9,Core
15734,2011-08-17,115,4,2263.3,0.0,3,3,4,10,Core
13655,2011-08-17,115,8,2280.51,21.21,3,4,4,11,Core
16755,2011-08-17,115,10,2864.68,18.55,3,5,4,12,Core
18073,2011-08-17,115,13,3859.82,13.08,3,5,5,13,Core
13273,2011-08-18,114,1,138.98,0.0,3,1,1,5,Promising / new
16582,2011-08-18,114,1,313.62,0.0,3,1,2,6,Promising / new
15472,2011-08-18,114,1,371.56,0.0,3,1,2,6,Promising / new
12729,2011-08-18,114,1,453.01,0.0,3,2,2,7,Promising / new
12688,2011-08-18,114,1,4873.81,0.0,3,2,5,10,Promising / new
15232,2011-08-18,114,2,612.06,0.0,3,2,3,8,Promising / new
18248,2011-08-18,114,4,804.02,21.0,3,3,3,9,Core
17045,2011-08-18,114,5,827.68,0.0,3,3,3,9,Core
15797,2011-08-18,114,6,2821.08,0.0,3,4,4,11,Core
17742,2011-08-18,114,11,2098.48,0.0,3,5,4,12,Core
18178,2011-08-18,114,15,6103.74,49.25,3,5,5,13,Core
13027,2011-08-18,114,23,17239.2,187.2,3,5,5,13,Core
12968,2011-08-19,113,1,135.95,0.0,3,1,1,5,Promising / new
14772,2011-08-19,113,1,139.26,0.0,3,1,1,5,Promising / new
15396,2011-08-19,113,2,796.38,0.0,3,2,3,8,Promising / new
12418,2011-08-19,113,5,2021.2,4.25,3,4,4,11,Core
13242,2011-08-19,113,7,699.4,0.0,3,4,3,10,Core
15938,2011-08-19,113,9,734.81,0.0,3,4,3,10,Core
16419,2011-08-19,113,9,1463.7,12.75,3,4,4,11,Core
14745,2011-08-19,113,17,2551.41,80.35,3,5,4,12,Core
15313,2011-08-21,111,1,52.0,0.0,3,1,1,5,Promising / new
14246,2011-08-21,111,3,1474.06,0.0,3,3,4,10,Core
14566,2011-08-21,111,4,4092.0,0.0,3,3,5,11,Core
14013,2011-08-21,111,6,1084.57,78.35,3,4,3,10,Core
17029,2011-08-21,111,7,2137.3,0.0,3,4,4,11,Core
14224,2011-08-21,111,9,1841.71,0.0,3,4,4,11,Core
14460,2011-08-21,111,12,1093.5,173.9,3,5,3,11,Core
12363,2011-08-22,110,2,552.0,0.0,3,2,2,7,Promising / new
13933,2011-08-22,110,2,608.79,0.0,3,2,3,8,Promising / new
14265,2011-08-22,110,4,1373.35,0.0,3,3,4,10,Core
16952,2011-08-22,110,5,795.83,0.0,3,3,3,9,Core
17585,2011-08-22,110,7,2064.71,0.0,3,4,4,11,Core
17083,2011-08-22,110,11,4049.79,14.71,3,5,5,13,Core
14045,2011-08-22,110,19,11313.03,1652.4,3,5,5,13,Core
14523,2011-08-23,109,1,241.09,0.0,3,1,1,5,Promising / new
12593,2011-08-23,109,3,418.1,0.0,3,3,2,8,Core
18018,2011-08-23,109,5,297.99,141.3,3,3,2,8,Core
13140,2011-08-23,109,5,1213.18,0.0,3,4,3,10,Core
17242,2011-08-23,109,5,2889.28,0.0,3,4,4,11,Core
13425,2011-08-23,109,8,3390.43,27.7,3,4,5,12,Core
14364,2011-08-23,109,8,3717.35,0.0,3,4,5,12,Core
14930,2011-08-23,109,9,5236.73,109.99,3,4,5,12,Core
13593,2011-08-23,109,16,5493.29,48.48,3,5,5,13,Core
16550,2011-08-23,109,29,9368.24,265.81,3,5,5,13,Core
13411,2011-08-24,108,1,213.55,0.0,3,1,1,5,Promising / new
16302,2011-08-24,108,2,233.22,20.4,3,2,1,6,Promising / new
16536,2011-08-24,108,2,548.12,9.95,3,2,2,7,Promising / new
14973,2011-08-24,108,3,1314.45,0.0,3,3,4,10,Core
16340,2011-08-24,108,3,1496.24,0.0,3,3,4,10,Core
17256,2011-08-24,108,5,498.93,0.0,3,3,2,8,Core
17869,2011-08-24,108,7,1027.96,0.0,3,4,3,10,Core
15800,2011-08-24,108,7,1227.07,0.0,3,4,4,11,Core
14301,2011-08-24,108,7,1992.18,35.95,3,4,4,11,Core
14407,2011-08-24,108,9,2157.73,46.65,3,4,4,11,Core
12649,2011-08-24,108,10,2294.65,55.95,3,5,4,12,Core
17268,2011-08-24,108,11,1733.89,0.0,3,5,4,12,Core
15812,2011-08-24,108,13,5201.47,15.3,3,5,5,13,Core
12853,2011-08-24,108,16,3907.5,179.0,3,5,5,13,Core
16093,2011-08-25,107,1,17.0,0.0,3,1,1,5,Promising / new
17844,2011-08-25,107,1,51.56,0.0,3,1,1,5,Promising / new
15663,2011-08-25,107,1,138.14,0.0,3,1,1,5,Promising / new
18200,2011-08-25,107,1,150.35,0.0,3,1,1,5,Promising / new
15263,2011-08-25,107,1,156.51,0.0,3,1,1,5,Promising / new
16429,2011-08-25,107,1,284.55,0.0,3,1,2,6,Promising / new
14196,2011-08-25,107,1,335.52,0.0,3,1,2,6,Promising / new
12715,2011-08-25,107,1,343.36,0.0,3,1,2,6,Promising / new
12624,2011-08-25,107,2,641.13,0.0,3,2,3,8,Promising / new
14314,2011-08-25,107,3,229.8,7.9,3,2,1,6,Promising / new
17134,2011-08-25,107,3,625.3,0.0,3,3,3,9,Core
14687,2011-08-25,107,3,1402.06,0.0,3,3,4,10,Core
14055,2011-08-25,107,3,1520.96,0.0,3,3,4,10,Core
17189,2011-08-25,107,5,953.63,0.0,3,4,3,10,Core
13000,2011-08-25,107,5,1032.5,67.5,3,4,3,10,Core
16859,2011-08-25,107,10,1932.41,274.67,3,4,4,11,Core
16503,2011-08-25,107,13,3614.34,16.45,3,5,5,13,Core
16641,2011-08-26,106,2,554.5,0.0,3,2,2,7,Promising / new
13003,2011-08-26,106,3,149.05,0.0,3,2,1,6,Promising / new
15074,2011-08-26,106,3,1553.13,0.0,3,3,4,10,Core
13489,2011-08-26,106,4,449.52,0.0,3,3,2,8,Core
15641,2011-08-26,106,12,5345.55,0.0,3,5,5,13,Core
17146,2011-08-26,106,16,5852.64,64.25,3,5,5,13,Core
16816,2011-08-28,104,4,417.06,0.0,3,3,2,8,Core
13301,2011-08-28,104,4,618.09,0.0,3,3,3,9,Core
16806,2011-08-28,104,4,762.16,0.0,3,3,3,9,Core
13778,2011-08-28,104,5,1124.49,7.95,3,4,3,10,Core
15325,2011-08-28,104,9,1601.46,5.2,3,4,4,11,Core
14472,2011-08-28,104,9,2118.72,0.0,3,4,4,11,Core
15569,2011-08-28,104,10,3583.45,0.0,3,5,5,13,Core
15095,2011-08-28,104,11,3141.64,5.9,3,5,5,13,Core
12814,2011-08-30,102,1,125.92,0.0,3,1,1,5,Promising / new
15866,2011-08-30,102,1,211.89,0.0,3,1,1,5,Promising / new
17298,2011-08-30,102,6,954.26,5.04,3,4,3,10,Core
14078,2011-08-30,102,9,1689.71,0.0,3,4,4,11,Core
17747,2011-08-31,101,2,71.4,6.75,3,2,1,6,Promising / new
16780,2011-08-31,101,3,596.4,0.0,3,3,2,8,Core
16083,2011-08-31,101,4,2351.42,0.0,3,3,4,10,Core
17320,2011-08-31,101,6,2895.77,0.0,3,4,4,11,Core
14513,2011-08-31,101,7,788.01,17.1,3,4,3,10,Core
13466,2011-08-31,101,7,1013.35,61.1,3,4,3,10,Core
17588,2011-08-31,101,9,2939.55,37.9,3,4,5,12,Core
15625,2011-08-31,101,14,3236.4,33.15,3,5,5,13,Core
15596,2011-08-31,101,16,3130.04,106.45,3,5,5,13,Core
16180,2011-08-31,101,16,16249.87,79.6,3,5,5,13,Core
15260,2011-08-31,101,30,9188.23,89.85,3,5,5,13,Core
13099,2011-09-01,100,1,207.36,0.0,3,1,1,5,Promising / new
12436,2011-09-01,100,1,509.01,0.0,3,2,2,7,Promising / new
13470,2011-09-01,100,2,165.0,0.0,3,2,1,6,Promising / new
16808,2011-09-01,100,2,288.42,0.0,3,2,2,7,Promising / new
15829,2011-09-01,100,2,636.14,0.0,3,2,3,8,Promising / new
13045,2011-09-01,100,3,808.92,0.0,3,3,3,9,Core
13376,2011-09-01,100,3,1019.76,0.0,3,3,3,9,Core
13631,2011-09-01,100,12,3070.42,48.65,3,5,5,13,Core
16456,2011-09-01,100,14,6788.34,677.5,3,5,5,13,Core
18027,2011-09-02,99,1,115.31,0.0,3,1,1,5,Promising / new
14436,2011-09-02,99,2,271.7,0.0,3,2,1,6,Promising / new
14171,2011-09-02,99,2,498.79,0.0,3,2,2,7,Promising / new
14463,2011-09-02,99,4,786.57,0.0,3,3,3,9,Core
16092,2011-09-02,99,10,1587.94,72.45,3,4,4,11,Core
18087,2011-09-02,99,21,14761.52,349.9,3,5,5,13,Core
16761,2011-09-04,97,1,316.62,0.0,3,1,2,6,Promising / new
12851,2011-09-04,97,2,280.76,0.0,3,2,2,7,Promising / new
17229,2011-09-04,97,2,318.76,0.0,3,2,2,7,Promising / new
14965,2011-09-04,97,2,596.09,0.0,3,2,2,7,Promising / new
13548,2011-09-04,97,3,901.44,0.0,3,3,3,9,Core
12710,2011-09-04,97,4,1149.02,18.45,3,3,3,9,Core
17722,2011-09-04,97,7,4430.36,43.4,3,4,5,12,Core
13240,2011-09-04,97,9,1699.86,77.35,3,4,4,11,Core
17050,2011-09-04,97,12,4648.59,300.13,3,5,5,13,Core
17774,2011-09-04,97,13,3273.83,382.35,3,5,5,13,Core
15307,2011-09-05,96,1,205.3,0.0,3,1,1,5,Promising / new
16820,2011-09-05,96,1,497.61,0.0,3,2,2,7,Promising / new
12816,2011-09-05,96,2,572.2,0.0,3,2,2,7,Promising / new
15364,2011-09-05,96,2,913.19,0.0,3,2,3,8,Promising / new
13744,2011-09-05,96,2,1080.52,0.0,3,2,3,8,Promising / new
17309,2011-09-05,96,3,320.39,0.0,3,3,2,8,Core
18196,2011-09-05,96,4,1457.19,0.0,3,3,4,10,Core
12502,2011-09-05,96,5,3723.87,0.0,3,4,5,12,Core
16551,2011-09-05,96,7,2237.12,0.0,3,4,4,11,Core
15491,2011-09-05,96,7,3100.09,9.24,3,4,5,12,Core
14565,2011-09-05,96,7,3859.22,25.35,3,4,5,12,Core
16172,2011-09-05,96,8,1884.55,0.0,3,4,4,11,Core
13192,2011-09-05,96,8,2558.58,14.05,3,4,4,11,Core
13748,2011-09-05,96,9,2268.35,0.0,3,4,4,11,Core
13851,2011-09-05,96,9,4606.46,89.7,3,4,5,12,Core
12422,2011-09-05,96,21,5231.8,1112.45,3,5,5,13,Core
13130,2011-09-06,95,1,64.0,0.0,3,1,1,5,Promising / new
14208,2011-09-06,95,2,567.05,0.0,3,2,2,7,Promising / new
12461,2011-09-06,95,2,826.88,0.0,3,2,3,8,Promising / new
13122,2011-09-06,95,2,922.39,0.0,3,2,3,8,Promising / new
17339,2011-09-06,95,4,362.36,59.0,3,3,2,8,Core
15462,2011-09-06,95,4,737.05,0.0,3,3,3,9,Core
13158,2011-09-06,95,5,1508.18,0.0,3,4,4,11,Core
16175,2011-09-06,95,7,1836.44,0.0,3,4,4,11,Core
17560,2011-09-06,95,9,1895.8,0.0,3,4,4,11,Core
16400,2011-09-06,95,9,3059.85,0.0,3,4,5,12,Core
13210,2011-09-07,94,1,353.48,0.0,3,1,2,6,Promising / new
16828,2011-09-07,94,2,128.5,0.0,3,2,1,6,Promising / new
15071,2011-09-07,94,4,1455.56,0.0,3,3,4,10,Core
18093,2011-09-07,94,9,4452.71,23.1,3,4,5,12,Core
13244,2011-09-08,93,1,121.74,0.0,3,1,1,5,Promising / new
18222,2011-09-08,93,1,443.0,0.0,3,2,2,7,Promising / new
16031,2011-09-08,93,2,547.9,0.0,3,2,2,7,Promising / new
15653,2011-09-08,93,2,877.44,0.0,3,2,3,8,Promising / new
14223,2011-09-08,93,4,991.13,15.9,3,3,3,9,Core
15488,2011-09-08,93,5,431.92,0.0,3,3,2,8,Core
15198,2011-09-08,93,6,571.35,11.9,3,4,2,9,Core
13330,2011-09-08,93,6,2796.1,0.0,3,4,4,11,Core
13889,2011-09-08,93,8,1991.23,135.5,3,4,4,11,Core
12592,2011-09-08,93,8,2582.66,1430.04,3,4,4,11,Core
13848,2011-09-08,93,8,3335.0,0.0,3,4,5,12,Core
15400,2011-09-08,93,9,1302.3,49.5,3,4,4,11,Core
13249,2011-09-08,93,9,1608.93,0.0,3,4,4,11,Core
15885,2011-09-08,93,20,1951.82,214.25,3,5,4,12,Core
12535,2011-09-09,92,2,716.35,0.0,3,2,3,8,Promising / new
13441,2011-09-09,92,2,720.9,0.0,3,2,3,8,Promising / new
16309,2011-09-09,92,3,706.57,19.9,3,3,3,9,Core
16723,2011-09-09,92,4,1231.36,0.0,3,3,4,10,Core
14628,2011-09-09,92,5,1998.0,0.0,3,4,4,11,Core
15652,2011-09-09,92,6,1405.94,8.5,3,4,4,11,Core
14414,2011-09-09,92,9,2399.33,11.85,3,4,4,11,Core
16027,2011-09-09,92,18,2048.36,248.52,3,5,4,12,Core
14210,2011-09-09,92,21,5861.52,47.2,3,5,5,13,Core
15035,2011-09-11,90,1,252.73,0.0,3,1,1,5,Promising / new
16796,2011-09-11,90,1,305.62,0.0,3,1,2,6,Promising / new
13372,2011-09-11,90,1,378.64,0.0,3,1,2,6,Promising / new
12965,2011-09-11,90,1,769.81,0.0,3,2,3,8,Promising / new
18255,2011-09-11,90,2,303.15,0.0,3,2,2,7,Promising / new
14212,2011-09-11,90,2,2190.14,0.0,3,2,4,9,Promising / new
16384,2011-09-11,90,4,1358.95,0.0,3,3,4,10,Core
15636,2011-09-11,90,4,1444.58,0.0,3,3,4,10,Core
12635,2011-09-11,90,4,2930.41,0.0,3,3,5,11,Core
13124,2011-09-11,90,4,4641.66,0.0,3,3,5,11,Core
18215,2011-09-11,90,6,2232.49,8.5,3,4,4,11,Core
14837,2011-09-11,90,12,3460.32,14.5,3,5,5,13,Core
13611,2011-09-11,90,14,3297.93,38.5,3,5,5,13,Core
15939,2011-09-11,90,17,9060.39,12.75,3,5,5,13,Core
12884,2011-09-12,89,1,309.05,0.0,3,1,2,6,Promising / new
17433,2011-09-12,89,2,569.96,0.0,3,2,2,7,Promising / new
16141,2011-09-12,89,2,955.94,0.0,3,2,3,8,Promising / new
13850,2011-09-12,89,2,1595.48,8.67,3,2,4,9,Promising / new
17919,2011-09-12,89,2,1840.32,0.0,3,2,4,9,Promising / new
14500,2011-09-12,89,3,356.85,0.0,3,3,2,8,Core
16475,2011-09-12,89,4,544.3,0.0,3,3,2,8,Core
15996,2011-09-12,89,8,1649.65,15.9,3,4,4,11,Core
16209,2011-09-12,89,9,4146.78,0.0,3,4,5,12,Core
15980,2011-09-12,89,9,6543.68,47.4,3,4,5,12,Core
15673,2011-09-12,89,10,6204.32,4.95,3,5,5,13,Core
14307,2011-09-12,89,11,5071.03,7.95,3,5,5,13,Core
14276,2011-09-12,89,13,2102.68,173.36,3,5,4,12,Core
12924,2011-09-12,89,14,2469.4,46.25,3,5,4,12,Core
16959,2011-09-13,88,1,117.35,0.0,3,1,1,5,Promising / new
15343,2011-09-13,88,1,364.5,0.0,3,1,2,6,Promising / new
15216,2011-09-13,88,2,486.09,0.0,3,2,2,7,Promising / new
14753,2011-09-13,88,2,869.51,0.0,3,2,3,8,Promising / new
16451,2011-09-13,88,4,1013.15,3.75,3,3,3,9,Core
16036,2011-09-13,88,4,2556.84,0.0,3,3,4,10,Core
14163,2011-09-13,88,5,2594.62,0.0,3,4,4,11,Core
16229,2011-09-13,88,7,2867.86,32.5,3,4,4,11,Core
18251,2011-09-13,88,9,26278.86,0.0,3,4,5,12,Core
16098,2011-09-13,88,14,4441.3,0.0,3,5,5,13,Core
12756,2011-09-14,87,1,112.08,0.0,3,1,1,5,Promising / new
17347,2011-09-14,87,1,228.96,0.0,3,1,1,5,Promising / new
14660,2011-09-14,87,2,285.74,0.0,3,2,2,7,Promising / new
17033,2011-09-14,87,4,1332.79,0.0,3,3,4,10,Core
13877,2011-09-14,87,5,449.68,3.35,3,3,2,8,Core
18173,2011-09-14,87,5,2696.36,0.0,3,4,4,11,Core
17640,2011-09-14,87,8,3168.94,61.35,3,4,5,12,Core
16745,2011-09-14,87,18,7180.7,23.6,3,5,5,13,Core
17333,2011-09-15,86,1,494.25,0.0,3,2,2,7,Promising / new
15417,2011-09-15,86,1,508.8,0.0,3,2,2,7,Promising / new
13518,2011-09-15,86,1,627.16,0.0,3,2,3,8,Promising / new
17846,2011-09-15,86,1,2033.1,0.0,3,2,4,9,Promising / new
17786,2011-09-15,86,2,266.85,0.0,3,2,1,6,Promising / new
15205,2011-09-15,86,3,653.24,4.41,3,3,3,9,Core
17898,2011-09-15,86,4,299.18,0.0,3,3,2,8,Core
15466,2011-09-15,86,4,1560.46,0.0,3,3,4,10,Core
17594,2011-09-15,86,4,2497.88,0.0,3,3,4,10,Core
14894,2011-09-15,86,5,1492.81,80.6,3,4,4,11,Core
12722,2011-09-15,86,6,997.63,93.3,3,4,3,10,Core
16048,2011-09-15,86,6,1075.23,18.7,3,4,3,10,Core
17047,2011-09-15,86,6,2289.23,0.0,3,4,4,11,Core
12616,2011-09-15,86,7,1131.1,85.75,3,4,3,10,Core
14420,2011-09-15,86,7,1639.17,11.45,3,4,4,11,Core
13539,2011-09-15,86,9,1569.36,38.1,3,4,4,11,Core
14105,2011-09-15,86,9,5988.83,284.85,3,4,5,12,Core
13931,2011-09-15,86,12,5257.38,6.6,3,5,5,13,Core
14915,2011-09-15,86,13,1811.25,58.6,3,5,4,12,Core
15122,2011-09-15,86,16,4487.27,36.05,3,5,5,13,Core
13662,2011-09-15,86,17,2233.61,66.98,3,5,4,12,Core
15975,2011-09-16,85,1,371.01,0.0,3,1,2,6,Promising / new
15099,2011-09-16,85,1,410.48,0.0,3,2,2,7,Promising / new
14124,2011-09-16,85,1,419.58,0.0,3,2,2,7,Promising / new
12513,2011-09-16,85,2,612.29,25.5,3,2,3,8,Promising / new
13563,2011-09-16,85,2,777.53,0.0,3,2,3,8,Promising / new
12871,2011-09-16,85,3,744.02,0.0,3,3,3,9,Core
12434,2011-09-16,85,5,1103.43,40.95,3,4,3,10,Core
16108,2011-09-16,85,8,2235.92,63.99,3,4,4,11,Core
15410,2011-09-16,85,10,4685.72,0.0,3,5,5,13,Core
14177,2011-09-16,85,14,2209.69,4.95,3,5,4,12,Core
16709,2011-09-16,85,14,9056.01,0.0,3,5,5,13,Core
15523,2011-09-16,85,18,17259.19,139.95,3,5,5,13,Core
13141,2011-09-16,85,21,7656.08,131.95,3,5,5,13,Core
15947,2011-09-18,83,1,1708.24,0.0,3,2,4,9,Promising / new
13067,2011-09-18,83,3,508.51,0.0,3,3,2,8,Core
16370,2011-09-18,83,4,1301.91,0.0,3,3,4,10,Core
13334,2011-09-18,83,6,6201.8,6.75,3,4,5,12,Core
17802,2011-09-18,83,16,5046.42,137.28,3,5,5,13,Core
17628,2011-09-19,82,1,75.75,0.0,3,1,1,5,Promising / new
13774,2011-09-19,82,1,345.0,0.0,3,1,2,6,Promising / new
13228,2011-09-19,82,1,358.0,0.0,3,1,2,6,Promising / new
13325,2011-09-19,82,1,675.3,0.0,3,2,3,8,Promising / new
12752,2011-09-19,82,1,4366.78,0.0,3,2,5,10,Promising / new
16527,2011-09-19,82,2,1232.94,0.0,3,2,4,9,Promising / new
17058,2011-09-19,82,3,1179.89,0.0,3,3,3,9,Core
13375,2011-09-19,82,3,1792.23,5.75,3,3,4,10,Core
15675,2011-09-19,82,4,542.04,0.0,3,3,2,8,Core
16428,2011-09-19,82,4,638.49,2.95,3,3,3,9,Core
18017,2011-09-19,82,4,688.0,0.0,3,3,3,9,Core
16211,2011-09-19,82,4,1090.59,4.25,3,3,3,9,Core
12497,2011-09-19,82,4,6248.5,36.75,3,3,5,11,Core
15504,2011-09-19,82,5,402.7,9.95,3,3,2,8,Core
18232,2011-09-19,82,5,592.97,10.5,3,3,2,8,Core
12527,2011-09-19,82,5,735.51,0.0,3,3,3,9,Core
12379,2011-09-19,82,5,1620.22,1.95,3,4,4,11,Core
16080,2011-09-19,82,6,602.56,129.66,3,4,2,9,Core
16906,2011-09-19,82,7,1410.92,0.0,3,4,4,11,Core
13562,2011-09-19,82,8,4838.18,0.0,3,4,5,12,Core
15764,2011-09-19,82,14,4503.08,49.8,3,5,5,13,Core
18094,2011-09-19,82,15,6391.52,68.9,3,5,5,13,Core
17848,2011-09-19,82,31,3559.11,12.75,3,5,5,13,Core
16215,2011-09-20,81,1,242.35,0.0,3,1,1,5,Promising / new
13356,2011-09-20,81,1,768.24,0.0,3,2,3,8,Promising / new
16624,2011-09-20,81,2,810.57,0.0,3,2,3,8,Promising / new
13038,2011-09-20,81,3,908.46,0.0,3,3,3,9,Core
15341,2011-09-20,81,3,2402.72,1.7,3,3,4,10,Core
15026,2011-09-20,81,5,1048.89,0.0,3,4,3,10,Core
16777,2011-09-20,81,6,1292.18,30.75,3,4,4,11,Core
14236,2011-09-20,81,7,1744.64,11.9,3,4,4,11,Core
16584,2011-09-20,81,7,3156.17,78.2,3,4,5,12,Core
17873,2011-09-20,81,20,6470.28,286.32,3,5,5,13,Core
16928,2011-09-20,81,33,4013.78,119.65,3,5,5,13,Core
17475,2011-09-21,80,1,194.37,0.0,3,1,1,5,Promising / new
14951,2011-09-21,80,1,311.69,0.0,3,1,2,6,Promising / new
16627,2011-09-21,80,1,322.8,0.0,3,1,2,6,Promising / new
17415,2011-09-21,80,1,507.84,0.0,3,2,2,7,Promising / new
12390,2011-09-21,80,1,549.84,0.0,3,2,2,7,Promising / new
12550,2011-09-21,80,1,964.83,0.0,3,2,3,8,Promising / new
14887,2011-09-21,80,1,1862.0,0.0,3,2,4,9,Promising / new
12604,2011-09-21,80,2,254.18,0.0,3,2,1,6,Promising / new
15433,2011-09-21,80,3,533.3,115.43,3,3,2,8,Core
15888,2011-09-21,80,4,429.16,27.04,3,3,2,8,Core
13908,2011-09-21,80,5,2369.55,22.5,3,4,4,11,Core
13959,2011-09-21,80,6,1064.77,0.0,3,4,3,10,Core
12701,2011-09-21,80,6,2446.41,0.0,3,4,4,11,Core
12520,2011-09-21,80,6,2634.26,51.75,3,4,4,11,Core
12435,2011-09-21,80,6,13925.93,0.0,3,4,5,12,Core
17731,2011-09-21,80,7,1708.99,361.91,3,4,4,11,Core
13946,2011-09-21,80,7,1876.23,130.8,3,4,4,11,Core
17079,2011-09-22,79,1,118.8,0.0,3,1,1,5,Promising / new
16213,2011-09-22,79,1,159.0,0.0,3,1,1,5,Promising / new
16236,2011-09-22,79,1,432.2,0.0,3,2,2,7,Promising / new
13529,2011-09-22,79,2,307.76,0.0,3,2,2,7,Promising / new
16715,2011-09-22,79,2,625.52,0.0,3,2,3,8,Promising / new
17037,2011-09-22,79,2,1267.32,14.1,3,2,4,9,Promising / new
15603,2011-09-22,79,3,88.48,13.75,3,2,1,6,Promising / new
13486,2011-09-22,79,3,1122.41,0.0,3,3,3,9,Core
12425,2011-09-22,79,3,1741.41,60.6,3,3,4,10,Core
12930,2011-09-22,79,4,415.8,5.9,3,3,2,8,Core
12739,2011-09-22,79,4,2726.73,0.0,3,3,4,10,Core
13220,2011-09-22,79,5,1336.09,0.0,3,4,4,11,Core
15067,2011-09-22,79,6,3862.88,12.75,3,4,5,12,Core
17311,2011-09-22,79,7,3566.56,75.9,3,4,5,12,Core
14038,2011-09-22,79,8,3069.88,68.95,3,4,5,12,Core
17027,2011-09-22,79,10,1310.63,41.7,3,4,4,11,Core
12609,2011-09-22,79,10,3435.86,18.0,3,5,5,13,Core
12854,2011-09-22,79,11,2970.97,71.65,3,5,5,13,Core
15810,2011-09-22,79,13,2999.04,274.24,3,5,5,13,Core
12409,2011-09-22,79,13,23419.29,328.82,3,5,5,13,Core
15201,2011-09-22,79,14,1842.95,317.05,3,5,4,12,Core
14854,2011-09-22,79,14,4303.06,20.69,3,5,5,13,Core
16984,2011-09-22,79,19,10350.53,155.38,3,5,5,13,Core
17460,2011-09-22,79,21,2228.27,220.87,3,5,4,12,Core
16735,2011-09-22,79,22,6217.41,638.55,3,5,5,13,Core
15744,2011-09-23,78,1,34.8,0.0,3,1,1,5,Promising / new
14652,2011-09-23,78,1,114.18,0.0,3,1,1,5,Promising / new
13127,2011-09-23,78,1,259.17,0.0,3,1,1,5,Promising / new
15475,2011-09-23,78,1,454.11,0.0,3,2,2,7,Promising / new
15075,2011-09-23,78,1,773.03,0.0,3,2,3,8,Promising / new
13336,2011-09-23,78,1,795.12,0.0,3,2,3,8,Promising / new
12995,2011-09-23,78,2,211.32,10.6,3,2,1,6,Promising / new
14880,2011-09-23,78,3,690.59,0.0,3,3,3,9,Core
16978,2011-09-23,78,3,768.88,0.0,3,3,3,9,Core
14014,2011-09-23,78,3,1948.21,0.0,3,3,4,10,Core
12516,2011-09-23,78,4,2648.62,0.0,3,3,4,10,Core
18189,2011-09-23,78,5,1403.73,7.15,3,4,4,11,Core
15978,2011-09-23,78,5,3279.42,6.8,3,4,5,12,Core
16872,2011-09-23,78,6,1213.13,0.0,3,4,3,10,Core
16485,2011-09-23,78,7,2287.19,157.0,3,4,4,11,Core
15549,2011-09-23,78,9,2334.16,37.5,3,4,4,11,Core
17388,2011-09-23,78,11,2675.37,0.0,3,5,4,12,Core
16594,2011-09-25,76,1,181.09,0.0,3,1,1,5,Promising / new
17498,2011-09-25,76,1,272.22,0.0,3,1,1,5,Promising / new
17154,2011-09-25,76,1,329.34,0.0,3,1,2,6,Promising / new
13670,2011-09-25,76,1,349.7,0.0,3,1,2,6,Promising / new
14757,2011-09-25,76,1,420.5,0.0,3,2,2,7,Promising / new
16480,2011-09-25,76,1,769.29,0.0,3,2,3,8,Promising / new
14806,2011-09-25,76,2,303.43,0.0,3,2,2,7,Promising / new
12545,2011-09-25,76,2,1000.39,0.0,3,2,3,8,Promising / new
16198,2011-09-25,76,2,1030.04,0.0,3,2,3,8,Promising / new
16689,2011-09-25,76,3,422.6,119.34,3,3,2,8,Core
14561,2011-09-25,76,3,1080.76,0.0,3,3,3,9,Core
18066,2011-09-25,76,3,1440.4,0.0,3,3,4,10,Core
16342,2011-09-25,76,4,322.41,0.0,3,3,2,8,Core
18155,2011-09-25,76,4,371.62,23.8,3,3,2,8,Core
15799,2011-09-25,76,4,1421.34,0.0,3,3,4,10,Core
12348,2011-09-25,76,5,2019.4,0.0,3,4,4,11,Core
15366,2011-09-25,76,7,2389.08,0.0,3,4,4,11,Core
13787,2011-09-25,76,9,1222.5,48.8,3,4,4,11,Core
14152,2011-09-25,76,9,1997.34,21.9,3,4,4,11,Core
15312,2011-09-25,76,14,2930.19,13.7,3,5,5,13,Core
13866,2011-09-26,75,1,145.67,0.0,3,1,1,5,Promising / new
13390,2011-09-26,75,1,544.08,0.0,3,2,2,7,Promising / new
14473,2011-09-26,75,2,234.34,0.0,3,2,1,6,Promising / new
16778,2011-09-26,75,2,245.94,0.0,3,2,1,6,Promising / new
14908,2011-09-26,75,2,381.9,0.0,3,2,2,7,Promising / new
16603,2011-09-26,75,2,482.47,0.0,3,2,2,7,Promising / new
17674,2011-09-26,75,2,851.7,0.0,3,2,3,8,Promising / new
15243,2011-09-26,75,2,927.28,0.0,3,2,3,8,Promising / new
13639,2011-09-26,75,2,1346.27,0.0,3,2,4,9,Promising / new
13927,2011-09-26,75,3,708.26,18.3,3,3,3,9,Core
16468,2011-09-26,75,3,787.52,0.0,3,3,3,9,Core
15958,2011-09-26,75,4,462.12,0.0,3,3,2,8,Core
15626,2011-09-26,75,4,1067.52,18.15,3,3,3,9,Core
13233,2011-09-26,75,4,1176.46,0.0,3,3,3,9,Core
15154,2011-09-26,75,4,1343.72,29.55,3,3,4,10,Core
13434,2011-09-26,75,5,1666.86,0.0,3,4,4,11,Core
17172,2011-09-26,75,6,956.57,45.58,3,4,3,10,Core
12412,2011-09-26,75,8,2596.93,15.9,3,4,4,11,Core
13405,2011-09-26,75,9,1213.81,17.25,3,4,3,10,Core
16383,2011-09-26,75,9,2896.69,64.0,3,4,4,11,Core
17997,2011-09-26,75,12,1962.46,459.37,3,5,4,12,Core
12823,2011-09-26,75,18,6501.5,0.0,3,5,5,13,Core
16181,2011-09-27,74,1,305.54,0.0,3,1,2,6,Promising / new
16629,2011-09-27,74,2,408.63,0.0,3,2,2,7,Promising / new
18278,2011-09-27,74,2,414.2,0.0,3,2,2,7,Promising / new
17805,2011-09-27,74,2,927.03,0.0,3,2,3,8,Promising / new
17788,2011-09-27,74,2,1117.9,0.0,3,2,3,8,Promising / new
12579,2011-09-27,74,3,440.42,29.7,3,3,2,8,Core
13016,2011-09-27,74,3,789.89,0.0,3,3,3,9,Core
17480,2011-09-27,74,3,882.23,5.31,3,3,3,9,Core
16573,2011-09-27,74,4,663.61,15.2,3,3,3,9,Core
13514,2011-09-27,74,4,815.9,0.0,3,3,3,9,Core
14272,2011-09-27,74,4,920.81,0.0,3,3,3,9,Core
17656,2011-09-27,74,5,1674.69,0.0,3,4,4,11,Core
16122,2011-09-27,74,6,1001.34,0.0,3,4,3,10,Core
14818,2011-09-27,74,6,1153.56,0.0,3,4,3,10,Core
12987,2011-09-27,74,6,1312.21,13.7,3,4,4,11,Core
17002,2011-09-27,74,8,2571.55,5.95,3,4,4,11,Core
17591,2011-09-27,74,9,2723.62,10.95,3,4,4,11,Core
12455,2011-09-27,74,10,5879.95,0.0,3,5,5,13,Core
13979,2011-09-27,74,11,3379.93,89.4,3,5,5,13,Core
17061,2011-09-27,74,12,5232.23,116.1,3,5,5,13,Core
16266,2011-09-27,74,14,1757.95,0.0,3,5,4,12,Core
14101,2011-09-27,74,14,9961.93,19.8,3,5,5,13,Core
13555,2011-09-27,74,16,8891.84,92.85,3,5,5,13,Core
15674,2011-09-27,74,18,6948.23,730.38,3,5,5,13,Core
15827,2011-09-27,74,42,3794.07,363.11,3,5,5,13,Core
15348,2011-09-28,73,1,158.04,0.0,3,1,1,5,Promising / new
13061,2011-09-28,73,1,248.61,0.0,3,1,1,5,Promising / new
12566,2011-09-28,73,2,351.65,4.95,3,2,2,7,Promising / new
13321,2011-09-28,73,2,567.36,0.0,3,2,2,7,Promising / new
18265,2011-09-28,73,2,801.51,0.0,3,2,3,8,Promising / new
17783,2011-09-28,73,3,376.96,0.0,3,3,2,8,Core
15036,2011-09-28,73,3,429.56,0.0,3,3,2,8,Core
17513,2011-09-28,73,3,1158.8,0.0,3,3,3,9,Core
17370,2011-09-28,73,4,446.18,0.0,3,3,2,8,Core
16281,2011-09-28,73,4,3424.02,7.5,3,3,5,11,Core
14947,2011-09-28,73,6,1049.79,0.0,3,4,3,10,Core
13515,2011-09-28,73,6,1265.82,0.0,3,4,4,11,Core
16681,2011-09-28,73,7,1921.84,0.0,3,4,4,11,Core
12393,2011-09-28,73,7,2399.45,22.7,3,4,4,11,Core
17950,2011-09-28,73,8,1429.46,20.16,3,4,4,11,Core
18242,2011-09-28,73,8,3605.21,0.0,3,4,5,12,Core
16493,2011-09-28,73,9,2132.09,21.97,3,4,4,11,Core
13134,2011-09-28,73,9,2475.23,52.95,3,4,4,11,Core
14934,2011-09-28,73,9,3503.5,1059.4,3,4,5,12,Core
16182,2011-09-28,73,9,9971.65,0.0,3,4,5,12,Core
16321,2011-09-28,73,10,604.55,339.05,3,4,3,10,Core
14609,2011-09-28,73,11,1486.2,120.0,3,5,4,12,Core
14978,2011-09-28,73,12,3112.19,35.8,3,5,5,13,Core
13397,2011-09-28,73,13,3191.87,97.76,3,5,5,13,Core
13901,2011-09-28,73,20,5676.34,77.0,3,5,5,13,Core
17427,2011-09-29,72,1,100.8,0.0,3,1,1,5,Promising / new
15175,2011-09-29,72,1,224.14,0.0,3,1,1,5,Promising / new
12718,2011-09-29,72,1,238.25,0.0,3,1,1,5,Promising / new
13886,2011-09-29,72,1,243.56,0.0,3,1,1,5,Promising / new
13354,2011-09-29,72,1,743.53,0.0,3,2,3,8,Promising / new
18192,2011-09-29,72,1,957.97,0.0,3,2,3,8,Promising / new
16268,2011-09-29,72,2,667.65,0.0,3,2,3,8,Promising / new
12372,2011-09-29,72,3,1298.04,0.0,3,3,4,10,Core
16574,2011-09-29,72,3,1301.78,0.0,3,3,4,10,Core
18235,2011-09-29,72,3,1796.48,0.0,3,3,4,10,Core
16589,2011-09-29,72,4,612.36,0.0,3,3,3,9,Core
13741,2011-09-29,72,4,668.43,2.1,3,3,3,9,Core
12458,2011-09-29,72,4,1777.49,0.0,3,3,4,10,Core
18204,2011-09-29,72,4,1975.35,14.4,3,3,4,10,Core
12728,2011-09-29,72,5,1070.17,0.0,3,4,3,10,Core
14305,2011-09-29,72,5,1858.96,55.2,3,4,4,11,Core
14681,2011-09-29,72,6,875.15,0.0,3,4,3,10,Core
14475,2011-09-29,72,7,1151.15,126.03,3,4,3,10,Core
16650,2011-09-29,72,7,1916.11,0.0,3,4,4,11,Core
15062,2011-09-29,72,8,2585.62,0.0,3,4,4,11,Core
15030,2011-09-29,72,9,1979.91,15.25,3,4,4,11,Core
17572,2011-09-29,72,10,723.01,0.0,3,4,3,10,Core
14409,2011-09-29,72,10,3756.09,302.4,3,5,5,13,Core
13503,2011-09-29,72,12,1859.24,111.85,3,5,4,12,Core
16233,2011-09-29,72,12,1965.71,147.0,3,5,4,12,Core
17819,2011-09-29,72,13,6612.52,43.8,3,5,5,13,Core
17905,2011-09-29,72,14,2379.37,9.3,3,5,4,12,Core
17894,2011-09-29,72,20,2411.35,55.72,3,5,4,12,Core
13095,2011-09-30,71,1,74.4,0.0,3,1,1,5,Promising / new
15593,2011-09-30,71,1,199.8,0.0,3,1,1,5,Promising / new
15185,2011-09-30,71,1,310.62,0.0,3,1,2,6,Promising / new
13347,2011-09-30,71,1,341.36,0.0,3,1,2,6,Promising / new
16613,2011-09-30,71,1,618.59,0.0,3,2,3,8,Promising / new
13972,2011-09-30,71,2,190.25,0.0,3,2,1,6,Promising / new
17506,2011-09-30,71,2,302.2,7.91,3,2,2,7,Promising / new
16404,2011-09-30,71,2,443.05,12.75,3,2,2,7,Promising / new
14164,2011-09-30,71,2,1631.77,0.0,3,2,4,9,Promising / new
12822,2011-09-30,71,3,948.88,29.9,3,3,3,9,Core
17376,2011-09-30,71,4,453.64,0.0,3,3,2,8,Core
12694,2011-09-30,71,4,1843.35,3.9,3,3,4,10,Core
12842,2011-09-30,71,4,1917.99,0.0,3,3,4,10,Core
13764,2011-09-30,71,6,2919.62,0.0,3,4,4,11,Core
13320,2011-09-30,71,9,2211.6,67.15,3,4,4,11,Core
15834,2011-09-30,71,9,3764.39,172.7,3,4,5,12,Core
14916,2011-09-30,71,11,3042.95,154.74,3,5,5,13,Core
13092,2011-09-30,71,15,2140.28,132.95,3,5,4,12,Core
18008,2011-09-30,71,23,19759.08,0.0,3,5,5,13,Core
16591,2011-10-02,69,1,213.5,0.0,3,1,1,5,Promising / new
16667,2011-10-02,69,2,567.18,0.0,3,2,2,7,Promising / new
16693,2011-10-02,69,5,1179.48,0.0,3,4,3,10,Core
15579,2011-10-02,69,7,1250.63,35.25,3,4,4,11,Core
15774,2011-10-02,69,7,1288.34,5.74,3,4,4,11,Core
15164,2011-10-02,69,10,2028.11,16.9,3,4,4,11,Core
14970,2011-10-02,69,16,4919.35,1325.95,3,5,5,13,Core
15930,2011-10-03,68,1,426.63,0.0,3,2,2,7,Promising / new
14193,2011-10-03,68,3,1210.19,0.0,3,3,3,9,Core
12886,2011-10-03,68,3,1378.4,27.31,3,3,4,10,Core
13344,2011-10-03,68,3,2511.69,0.0,3,3,4,10,Core
16183,2011-10-03,68,4,1077.81,0.0,3,3,3,9,Core
16441,2011-10-03,68,6,1019.13,10.95,3,4,3,10,Core
13635,2011-10-03,68,6,2999.16,50.94,3,4,5,12,Core
13505,2011-10-03,68,8,4393.63,110.75,3,4,5,12,Core
16774,2011-10-03,68,9,1567.48,6.6,3,4,4,11,Core
14651,2011-10-03,68,9,2025.52,0.0,3,4,4,11,Core
13431,2011-10-03,68,9,3316.24,27.0,3,4,5,12,Core
18116,2011-10-03,68,13,2134.49,0.0,3,5,4,12,Core
12637,2011-10-03,68,14,8283.81,68.65,3,5,5,13,Core
15299,2011-10-03,68,15,7991.54,747.92,3,5,5,13,Core
17957,2011-10-04,67,1,111.68,0.0,3,1,1,5,Promising / new
13801,2011-10-04,67,1,324.8,0.0,3,1,2,6,Promising / new
13351,2011-10-04,67,1,373.94,0.0,3,1,2,6,Promising / new
16881,2011-10-04,67,1,432.0,0.0,3,2,2,7,Promising / new
15739,2011-10-04,67,1,449.12,0.0,3,2,2,7,Promising / new
14184,2011-10-04,67,1,452.89,0.0,3,2,2,7,Promising / new
12512,2011-10-04,67,2,132.18,0.0,3,2,1,6,Promising / new
13364,2011-10-04,67,2,134.96,134.96,3,2,1,6,Promising / new
13792,2011-10-04,67,3,383.95,0.0,3,3,2,8,Core
16882,2011-10-04,67,3,705.12,0.0,3,3,3,9,Core
15276,2011-10-04,67,5,619.8,18.5,3,3,3,9,Core
16374,2011-10-04,67,5,1723.4,0.0,3,4,4,11,Core
18053,2011-10-04,67,6,571.07,43.3,3,4,2,9,Core
12413,2011-10-04,67,6,999.45,63.95,3,4,3,10,Core
15228,2011-10-04,67,7,5580.27,9.75,3,4,5,12,Core
15181,2011-10-04,67,8,1200.2,251.75,3,4,3,10,Core
15339,2011-10-04,67,11,1821.02,193.75,3,5,4,12,Core
15255,2011-10-04,67,11,3706.02,58.65,3,5,5,13,Core
15241,2011-10-04,67,12,3050.16,17.85,3,5,5,13,Core
17667,2011-10-04,67,12,3950.7,66.9,3,5,5,13,Core
16556,2011-10-04,67,24,8012.58,402.35,3,5,5,13,Core
13552,2011-10-04,67,32,6948.92,360.29,3,5,5,13,Core
13947,2011-10-05,66,1,90.6,0.0,3,1,1,5,Promising / new
14054,2011-10-05,66,1,92.46,0.0,3,1,1,5,Promising / new
18033,2011-10-05,66,1,93.82,0.0,3,1,1,5,Promising / new
16106,2011-10-05,66,1,108.38,0.0,3,1,1,5,Promising / new
13483,2011-10-05,66,1,140.34,0.0,3,1,1,5,Promising / new
16803,2011-10-05,66,1,332.3,0.0,3,1,2,6,Promising / new
16758,2011-10-05,66,1,369.34,0.0,3,1,2,6,Promising / new
15762,2011-10-05,66,2,583.75,0.0,3,2,2,7,Promising / new
15127,2011-10-05,66,2,711.5,0.0,3,2,3,8,Promising / new
12789,2011-10-05,66,3,273.35,0.0,3,3,2,8,Core
17647,2011-10-05,66,3,331.66,0.0,3,3,2,8,Core
17483,2011-10-05,66,4,591.73,0.0,3,3,2,8,Core
15244,2011-10-05,66,4,912.08,61.9,3,3,3,9,Core
15048,2011-10-05,66,5,479.7,3.48,3,3,2,8,Core
13989,2011-10-05,66,5,2026.06,0.0,3,4,4,11,Core
17222,2011-10-05,66,6,1579.51,0.0,3,4,4,11,Core
15757,2011-10-05,66,6,2940.36,0.0,3,4,5,12,Core
15730,2011-10-05,66,7,1726.58,18.4,3,4,4,11,Core
14396,2011-10-05,66,7,2079.73,0.0,3,4,4,11,Core
17382,2011-10-05,66,8,902.28,0.0,3,4,3,10,Core
16040,2011-10-05,66,8,2416.9,33.2,3,4,4,11,Core
16059,2011-10-05,66,12,3171.82,0.0,3,5,5,13,Core
12843,2011-10-05,66,34,6583.36,242.8,3,5,5,13,Core
15937,2011-10-06,65,1,145.35,0.0,3,1,1,5,Promising / new
14518,2011-10-06,65,1,174.37,0.0,3,1,1,5,Promising / new
13348,2011-10-06,65,1,233.76,0.0,3,1,1,5,Promising / new
16432,2011-10-06,65,1,287.4,0.0,3,1,2,6,Promising / new
13504,2011-10-06,65,1,295.93,0.0,3,1,2,6,Promising / new
13845,2011-10-06,65,1,312.98,0.0,3,1,2,6,Promising / new
15300,2011-10-06,65,1,496.44,0.0,3,2,2,7,Promising / new
14317,2011-10-06,65,1,508.58,0.0,3,2,2,7,Promising / new
13279,2011-10-06,65,2,137.75,11.45,3,2,1,6,Promising / new
16909,2011-10-06,65,2,379.14,15.0,3,2,2,7,Promising / new
14333,2011-10-06,65,2,415.2,63.75,3,2,2,7,Promising / new
13177,2011-10-06,65,2,512.2,0.0,3,2,2,7,Promising / new
15837,2011-10-06,65,2,777.01,0.0,3,2,3,8,Promising / new
14557,2011-10-06,65,2,788.38,788.38,3,2,3,8,Promising / new
14501,2011-10-06,65,3,251.21,60.9,3,3,1,7,Core
15315,2011-10-06,65,3,570.5,18.96,3,3,2,8,Core
12923,2011-10-06,65,3,770.42,0.0,3,3,3,9,Core
15264,2011-10-06,65,3,848.4,4.2,3,3,3,9,Core
15322,2011-10-06,65,3,1390.86,76.71,3,3,4,10,Core
13023,2011-10-06,65,3,1449.03,0.0,3,3,4,10,Core
16462,2011-10-06,65,4,136.0,34.0,3,3,1,7,Core
14819,2011-10-06,65,4,456.41,0.0,3,3,2,8,Core
15766,2011-10-06,65,4,831.06,31.4,3,3,3,9,Core
13602,2011-10-06,65,4,1025.17,0.0,3,3,3,9,Core
16160,2011-10-06,65,4,1025.44,15.99,3,3,3,9,Core
16842,2011-10-06,65,4,1264.19,3.75,3,3,4,10,Core
16895,2011-10-06,65,5,1102.9,0.0,3,4,3,10,Core
14538,2011-10-06,65,5,1370.84,0.0,3,4,4,11,Core
13049,2011-10-06,65,5,1408.24,24.1,3,4,4,11,Core
13055,2011-10-06,65,6,2321.11,28.6,3,4,4,11,Core
12703,2011-10-06,65,7,1006.53,114.35,3,4,3,10,Core
16184,2011-10-06,65,7,1158.79,3.25,3,4,3,10,Core
18194,2011-10-06,65,7,4162.04,77.84,3,4,5,12,Core
13591,2011-10-06,65,8,2093.94,12.75,3,4,4,11,Core
15416,2011-10-06,65,9,4572.82,18.17,3,4,5,12,Core
15306,2011-10-06,65,10,3484.73,3.75,3,5,5,13,Core
13771,2011-10-06,65,10,5728.82,2.75,3,5,5,13,Core
17921,2011-10-06,65,12,2394.36,40.15,3,5,4,12,Core
15841,2011-10-06,65,12,2742.41,25.91,3,5,4,12,Core
16316,2011-10-06,65,19,5744.91,211.6,3,5,5,13,Core
16875,2011-10-06,65,20,4234.53,181.33,3,5,5,13,Core
12939,2011-10-06,65,20,25264.8,0.0,3,5,5,13,Core
15518,2011-10-06,65,23,4189.99,115.16,3,5,5,13,Core
13317,2011-10-06,65,31,6486.09,417.56,3,5,5,13,Core
13876,2011-10-07,64,1,122.7,0.0,3,1,1,5,Promising / new
17030,2011-10-07,64,1,146.87,0.0,3,1,1,5,Promising / new
13419,2011-10-07,64,1,221.06,0.0,3,1,1,5,Promising / new
13806,2011-10-07,64,1,256.38,0.0,3,1,1,5,Promising / new
12740,2011-10-07,64,1,427.6,0.0,3,2,2,7,Promising / new
12420,2011-10-07,64,1,600.39,0.0,3,2,2,7,Promising / new
14792,2011-10-07,64,2,6.2,6.2,3,2,1,6,Promising / new
14067,2011-10-07,64,2,374.7,0.0,3,2,2,7,Promising / new
14029,2011-10-07,64,2,467.66,0.0,3,2,2,7,Promising / new
13689,2011-10-07,64,2,1259.5,0.0,3,2,4,9,Promising / new
12394,2011-10-07,64,2,1272.48,0.0,3,2,4,9,Promising / new
12492,2011-10-07,64,3,715.21,0.0,3,3,3,9,Core
12519,2011-10-07,64,3,716.54,31.35,3,3,3,9,Core
13169,2011-10-07,64,3,840.08,0.0,3,3,3,9,Core
12885,2011-10-07,64,4,1175.22,16.95,3,3,3,9,Core
16354,2011-10-07,64,5,1119.46,0.0,3,4,3,10,Core
15815,2011-10-07,64,5,2100.6,0.0,3,4,4,11,Core
13763,2011-10-07,64,6,5217.44,35.45,3,4,5,12,Core
13276,2011-10-07,64,7,1891.91,20.7,3,4,4,11,Core
18136,2011-10-07,64,9,1631.36,99.65,3,4,4,11,Core
16477,2011-10-07,64,11,4320.02,0.0,3,5,5,13,Core
14844,2011-10-07,64,12,6702.43,14.0,3,5,5,13,Core
16455,2011-10-07,64,13,4376.87,77.65,3,5,5,13,Core
14462,2011-10-07,64,16,2242.81,38.12,3,5,4,12,Core
15874,2011-10-07,64,25,11284.76,149.76,3,5,5,13,Core
13193,2011-10-09,62,1,112.08,0.0,3,1,1,5,Promising / new
16248,2011-10-09,62,1,152.94,0.0,3,1,1,5,Promising / new
18088,2011-10-09,62,1,166.03,0.0,3,1,1,5,Promising / new
14801,2011-10-09,62,1,189.34,0.0,3,1,1,5,Promising / new
13260,2011-10-09,62,1,557.62,0.0,3,2,2,7,Promising / new
16380,2011-10-09,62,1,1743.15,0.0,3,2,4,9,Promising / new
16685,2011-10-09,62,2,324.24,0.0,3,2,2,7,Promising / new
16921,2011-10-09,62,3,409.21,0.0,3,3,2,8,Core
15756,2011-10-09,62,4,528.01,0.0,3,3,2,8,Core
16595,2011-10-09,62,5,1757.75,0.0,3,4,4,11,Core
16518,2011-10-09,62,6,959.37,21.1,3,4,3,10,Core
13259,2011-10-09,62,9,1402.54,0.0,3,4,4,11,Core
14514,2011-10-09,62,10,4380.04,4.25,3,5,5,13,Core
16104,2011-10-09,62,11,2774.46,263.25,3,5,4,12,Core
14027,2011-10-10,61,1,104.82,0.0,3,1,1,5,Promising / new
18126,2011-10-10,61,1,200.92,0.0,3,1,1,5,Promising / new
18169,2011-10-10,61,1,202.65,0.0,3,1,1,5,Promising / new
16179,2011-10-10,61,1,215.83,0.0,3,1,1,5,Promising / new
16982,2011-10-10,61,1,384.06,0.0,3,1,2,6,Promising / new
15553,2011-10-10,61,1,428.93,0.0,3,2,2,7,Promising / new
15193,2011-10-10,61,1,499.32,0.0,3,2,2,7,Promising / new
16776,2011-10-10,61,2,592.51,0.0,3,2,2,7,Promising / new
15211,2011-10-10,61,2,1277.48,0.0,3,2,4,9,Promising / new
14529,2011-10-10,61,3,578.61,0.0,3,3,2,8,Core
13224,2011-10-10,61,3,2155.95,5.1,3,3,4,10,Core
14356,2011-10-10,61,4,701.23,34.29,3,3,3,9,Core
14128,2011-10-10,61,4,924.21,14.85,3,3,3,9,Core
15886,2011-10-10,61,4,1052.87,0.0,3,3,3,9,Core
13666,2011-10-10,61,5,127.9,0.0,3,3,1,7,Core
16385,2011-10-10,61,5,1028.55,0.0,3,4,3,10,Core
17025,2011-10-10,61,5,1510.64,0.0,3,4,4,11,Core
17648,2011-10-10,61,6,2216.37,7.95,3,4,4,11,Core
13373,2011-10-10,61,6,7587.19,0.0,3,4,5,12,Core
17214,2011-10-10,61,7,1059.12,85.0,3,4,3,10,Core
13980,2011-10-10,61,9,768.82,46.8,3,4,3,10,Core
15128,2011-10-10,61,9,1783.68,51.46,3,4,4,11,Core
14665,2011-10-10,61,9,2749.65,577.32,3,4,4,11,Core
13473,2011-10-10,61,10,2657.76,246.78,3,5,4,12,Core
15304,2011-10-10,61,11,919.55,14.1,3,5,3,11,Core
17284,2011-10-10,61,11,2788.06,464.94,3,5,4,12,Core
14201,2011-10-10,61,12,1193.54,59.4,3,5,3,11,Core
16395,2011-10-10,61,17,3518.41,78.9,3,5,5,13,Core
14451,2011-10-10,61,18,3258.68,43.18,3,5,5,13,Core
17589,2011-10-10,61,21,13837.94,145.05,3,5,5,13,Core
16171,2011-10-11,60,1,73.2,0.0,3,1,1,5,Promising / new
17620,2011-10-11,60,1,81.44,0.0,3,1,1,5,Promising / new
13690,2011-10-11,60,1,172.25,0.0,3,1,1,5,Promising / new
12824,2011-10-11,60,1,397.12,0.0,3,1,2,6,Promising / new
12772,2011-10-11,60,1,892.47,0.0,3,2,3,8,Promising / new
13283,2011-10-11,60,4,373.36,0.0,3,3,2,8,Core
13359,2011-10-11,60,4,1043.31,41.35,3,3,3,9,Core
14959,2011-10-11,60,5,695.42,10.45,3,3,3,9,Core
16136,2011-10-11,60,5,946.8,25.72,3,4,3,10,Core
13517,2011-10-11,60,5,2128.42,19.35,3,4,4,11,Core
16861,2011-10-11,60,6,946.59,44.22,3,4,3,10,Core
15706,2011-10-11,60,7,1060.56,58.75,3,4,3,10,Core
16120,2011-10-11,60,7,2967.51,15.0,3,4,5,12,Core
13627,2011-10-11,60,10,2245.9,28.35,3,5,4,12,Core
15199,2011-10-11,60,10,3122.4,0.0,3,5,5,13,Core
14857,2011-10-11,60,10,3651.85,72.92,3,5,5,13,Core
16086,2011-10-11,60,11,2864.99,2.08,3,5,4,12,Core
14535,2011-10-11,60,11,5973.23,158.1,3,5,5,13,Core
12530,2011-10-11,60,12,3759.26,69.4,3,5,5,13,Core
17863,2011-10-11,60,12,5745.2,0.0,3,5,5,13,Core
12836,2011-10-11,60,17,6559.73,39.15,3,5,5,13,Core
14642,2011-10-12,59,1,96.12,0.0,3,1,1,5,Promising / new
12602,2011-10-12,59,1,153.12,0.0,3,1,1,5,Promising / new
16753,2011-10-12,59,1,223.92,0.0,3,1,1,5,Promising / new
12667,2011-10-12,59,1,620.13,0.0,3,2,3,8,Promising / new
17489,2011-10-12,59,2,376.64,0.0,3,2,2,7,Promising / new
12607,2011-10-12,59,2,1579.51,1579.51,3,2,4,9,Promising / new
15840,2011-10-12,59,3,355.56,9.9,3,3,2,8,Core
14761,2011-10-12,59,3,447.92,0.0,3,3,2,8,Core
17064,2011-10-12,59,3,855.45,0.0,3,3,3,9,Core
14775,2011-10-12,59,3,1418.46,0.0,3,3,4,10,Core
13865,2011-10-12,59,4,501.56,0.0,3,3,2,8,Core
15831,2011-10-12,59,4,794.64,54.0,3,3,3,9,Core
16203,2011-10-12,59,7,1114.54,3.75,3,4,3,10,Core
12908,2011-10-12,59,7,1776.0,504.0,3,4,4,11,Core
13464,2011-10-12,59,7,3097.64,13.75,3,4,5,12,Core
18277,2011-10-12,59,8,1180.05,68.67,3,4,3,10,Core
17190,2011-10-12,59,8,1726.57,195.0,3,4,4,11,Core
13208,2011-10-12,59,10,1976.3,18.0,3,4,4,11,Core
15421,2011-10-12,59,10,3805.34,0.0,3,5,5,13,Core
12633,2011-10-12,59,10,5678.16,82.95,3,5,5,13,Core
18171,2011-10-12,59,11,2437.31,22.8,3,5,4,12,Core
14541,2011-10-12,59,14,2491.38,0.0,3,5,4,12,Core
12457,2011-10-12,59,14,2995.91,523.6,3,5,5,13,Core
17913,2011-10-12,59,14,3429.29,0.0,3,5,5,13,Core
13520,2011-10-12,59,15,6909.4,228.75,3,5,5,13,Core
13842,2011-10-12,59,19,5629.91,24.95,4,5,5,14,Champions
14852,2011-10-12,59,21,6132.43,23.55,4,5,5,14,Champions
15281,2011-10-12,59,22,8543.57,225.95,4,5,5,14,Champions
17279,2011-10-13,58,1,187.83,0.0,4,1,1,6,Promising / new
13858,2011-10-13,58,1,216.17,0.0,4,1,1,6,Promising / new
16793,2011-10-13,58,1,243.84,0.0,4,1,1,6,Promising / new
17614,2011-10-13,58,1,386.32,0.0,4,1,2,7,Promising / new
12446,2011-10-13,58,1,1002.31,0.0,4,2,3,9,Promising / new
13930,2011-10-13,58,2,337.34,0.0,4,2,2,8,Promising / new
14975,2011-10-13,58,2,472.39,0.0,4,2,2,8,Promising / new
12612,2011-10-13,58,2,704.04,60.45,4,2,3,9,Promising / new
13827,2011-10-13,58,3,409.8,0.0,4,3,2,9,Loyal
16773,2011-10-13,58,3,421.24,0.0,4,3,2,9,Loyal
17181,2011-10-13,58,3,465.37,0.0,4,3,2,9,Loyal
14537,2011-10-13,58,3,641.4,5.95,4,3,3,10,Loyal
18160,2011-10-13,58,3,1003.88,0.0,4,3,3,10,Loyal
17724,2011-10-13,58,4,1033.0,37.35,4,3,3,10,Loyal
13035,2011-10-13,58,4,1364.2,35.25,4,3,4,11,Loyal
13487,2011-10-13,58,5,846.87,0.0,4,3,3,10,Loyal
16224,2011-10-13,58,5,1616.54,0.0,4,4,4,12,Champions
12876,2011-10-13,58,5,4081.79,13.2,4,4,5,13,Champions
14624,2011-10-13,58,6,814.07,0.0,4,4,3,11,Loyal
16121,2011-10-13,58,6,1450.04,19.9,4,4,4,12,Champions
15272,2011-10-13,58,6,2030.95,0.0,4,4,4,12,Champions
16430,2011-10-13,58,7,1117.94,0.0,4,4,3,11,Loyal
14555,2011-10-13,58,7,2304.03,9.15,4,4,4,12,Champions
14421,2011-10-13,58,7,2469.37,12.75,4,4,4,12,Champions
12631,2011-10-13,58,7,3481.57,29.3,4,4,5,13,Champions
14976,2011-10-13,58,8,790.86,25.0,4,4,3,11,Loyal
16770,2011-10-13,58,11,1909.73,32.1,4,5,4,13,Champions
17509,2011-10-13,58,11,6083.64,14.4,4,5,5,14,Champions
15367,2011-10-13,58,13,5081.33,75.6,4,5,5,14,Champions
15606,2011-10-13,58,19,5230.99,497.52,4,5,5,14,Champions
13911,2011-10-13,58,22,4234.99,34.95,4,5,5,14,Champions
17986,2011-10-14,57,1,20.8,0.0,4,1,1,6,Promising / new
13006,2011-10-14,57,1,81.57,0.0,4,1,1,6,Promising / new
14089,2011-10-14,57,1,158.75,0.0,4,1,1,6,Promising / new
16413,2011-10-14,57,2,522.03,0.0,4,2,2,8,Promising / new
17892,2011-10-14,57,3,244.1,0.0,4,2,1,7,Promising / new
17771,2011-10-14,57,4,387.41,0.0,4,3,2,9,Loyal
14937,2011-10-14,57,4,1621.88,4.25,4,3,4,11,Loyal
13814,2011-10-14,57,5,2257.32,18.25,4,4,4,12,Champions
16239,2011-10-14,57,7,1492.2,41.3,4,4,4,12,Champions
16081,2011-10-14,57,8,4436.56,0.0,4,4,5,13,Champions
16950,2011-10-14,57,12,3713.77,59.18,4,5,5,14,Champions
17180,2011-10-14,57,14,2236.77,20.65,4,5,4,13,Champions
13213,2011-10-14,57,14,3851.52,16.9,4,5,5,14,Champions
16052,2011-10-16,55,1,362.06,0.0,4,1,2,7,Promising / new
16674,2011-10-16,55,2,304.24,0.0,4,2,2,8,Promising / new
15545,2011-10-16,55,2,424.3,0.0,4,2,2,8,Promising / new
14780,2011-10-16,55,2,447.68,0.0,4,2,2,8,Promising / new
15440,2011-10-16,55,3,383.68,0.0,4,3,2,9,Loyal
13034,2011-10-16,55,3,922.68,0.0,4,3,3,10,Loyal
13878,2011-10-16,55,4,2416.9,0.0,4,3,4,11,Loyal
15994,2011-10-16,55,5,1175.68,3.34,4,4,3,11,Loyal
13760,2011-10-16,55,6,1363.64,5.0,4,4,4,12,Champions
16934,2011-10-16,55,7,2083.14,20.25,4,4,4,12,Champions
16206,2011-10-16,55,14,2589.87,4.95,4,5,4,13,Champions
16363,2011-10-17,54,1,109.36,0.0,4,1,1,6,Promising / new
15335,2011-10-17,54,1,170.22,0.0,4,1,1,6,Promising / new
14830,2011-10-17,54,1,188.88,0.0,4,1,1,6,Promising / new
17206,2011-10-17,54,1,204.24,0.0,4,1,1,6,Promising / new
13923,2011-10-17,54,1,351.13,0.0,4,1,2,7,Promising / new
17520,2011-10-17,54,1,546.81,0.0,4,2,2,8,Promising / new
16542,2011-10-17,54,2,257.32,0.0,4,2,1,7,Promising / new
18042,2011-10-17,54,2,281.15,0.0,4,2,2,8,Promising / new
16737,2011-10-17,54,2,835.2,0.0,4,2,3,9,Promising / new
12794,2011-10-17,54,2,860.41,0.0,4,2,3,9,Promising / new
12475,2011-10-17,54,2,1149.64,0.0,4,2,3,9,Promising / new
17785,2011-10-17,54,3,403.38,0.0,4,3,2,9,Loyal
16932,2011-10-17,54,3,412.55,0.0,4,3,2,9,Loyal
15012,2011-10-17,54,3,834.82,0.0,4,3,3,10,Loyal
17205,2011-10-17,54,3,999.35,0.0,4,3,3,10,Loyal
16412,2011-10-17,54,5,593.19,0.0,4,3,2,9,Loyal
17201,2011-10-17,54,5,1143.1,15.6,4,4,3,11,Loyal
13919,2011-10-17,54,5,1360.68,34.65,4,4,4,12,Champions
16389,2011-10-17,54,5,1382.07,19.8,4,4,4,12,Champions
17534,2011-10-17,54,5,1668.83,0.0,4,4,4,12,Champions
17244,2011-10-17,54,5,1826.04,0.0,4,4,4,12,Champions
13265,2011-10-17,54,5,2092.66,0.0,4,4,4,12,Champions
17527,2011-10-17,54,6,939.37,50.51,4,4,3,11,Loyal
15091,2011-10-17,54,6,1046.61,23.5,4,4,3,11,Loyal
17734,2011-10-17,54,6,1442.32,0.0,4,4,4,12,Champions
16563,2011-10-17,54,7,4412.56,10.2,4,4,5,13,Champions
14443,2011-10-17,54,8,2386.47,34.89,4,4,4,12,Champions
12454,2011-10-17,54,9,16679.78,12387.07,4,4,5,13,Champions
13750,2011-10-17,54,13,3602.18,38.58,4,5,5,14,Champions
13875,2011-10-17,54,14,4814.37,0.0,4,5,5,14,Champions
13015,2011-10-17,54,14,6579.78,120.7,4,5,5,14,Champions
14841,2011-10-17,54,14,7163.0,0.0,4,5,5,14,Champions
16652,2011-10-17,54,24,17550.39,237.56,4,5,5,14,Champions
14211,2011-10-17,54,26,4402.29,100.6,4,5,5,14,Champions
17612,2011-10-17,54,32,5394.86,238.72,4,5,5,14,Champions
15327,2011-10-18,53,1,208.75,0.0,4,1,1,6,Promising / new
15604,2011-10-18,53,1,216.39,0.0,4,1,1,6,Promising / new
14015,2011-10-18,53,1,917.34,0.0,4,2,3,9,Promising / new
12611,2011-10-18,53,1,1193.32,0.0,4,2,3,9,Promising / new
14381,2011-10-18,53,2,625.94,0.0,4,2,3,9,Promising / new
13805,2011-10-18,53,2,924.6,0.0,4,2,3,9,Promising / new
13594,2011-10-18,53,3,533.32,24.9,4,3,2,9,Loyal
16734,2011-10-18,53,3,646.76,0.0,4,3,3,10,Loyal
13637,2011-10-18,53,3,804.3,0.0,4,3,3,10,Loyal
15678,2011-10-18,53,3,1825.94,0.0,4,3,4,11,Loyal
16730,2011-10-18,53,4,743.11,40.32,4,3,3,10,Loyal
16848,2011-10-18,53,4,1411.62,0.0,4,3,4,11,Loyal
15637,2011-10-18,53,5,797.59,0.0,4,3,3,10,Loyal
16140,2011-10-18,53,5,1557.6,21.41,4,4,4,12,Champions
16249,2011-10-18,53,5,1800.07,0.0,4,4,4,12,Champions
12863,2011-10-18,53,7,2792.55,17.0,4,4,4,12,Champions
15505,2011-10-18,53,7,3610.96,113.82,4,4,5,13,Champions
12759,2011-10-18,53,8,5020.74,0.0,4,4,5,13,Champions
14798,2011-10-18,53,9,724.31,9.2,4,4,3,11,Loyal
12679,2011-10-18,53,9,1113.02,54.35,4,4,3,11,Loyal
15140,2011-10-18,53,9,3243.69,4.25,4,4,5,13,Champions
12360,2011-10-18,53,9,4252.89,40.0,4,4,5,13,Champions
16515,2011-10-18,53,10,3179.06,0.0,4,5,5,14,Champions
17262,2011-10-18,53,11,2757.62,0.0,4,5,4,13,Champions
17679,2011-10-18,53,11,3577.61,411.05,4,5,5,14,Champions
14639,2011-10-18,53,11,4978.96,32.15,4,5,5,14,Champions
16940,2011-10-18,53,11,6427.66,182.25,4,5,5,14,Champions
14861,2011-10-18,53,14,1380.73,62.33,4,5,4,13,Champions
18019,2011-10-19,52,1,38.45,0.0,4,1,1,6,Promising / new
15853,2011-10-19,52,1,110.8,0.0,4,1,1,6,Promising / new
15610,2011-10-19,52,1,112.46,0.0,4,1,1,6,Promising / new
17148,2011-10-19,52,1,124.88,0.0,4,1,1,6,Promising / new
17824,2011-10-19,52,1,298.4,0.0,4,1,2,7,Promising / new
16123,2011-10-19,52,1,307.78,0.0,4,1,2,7,Promising / new
17973,2011-10-19,52,1,337.04,0.0,4,1,2,7,Promising / new
16826,2011-10-19,52,1,341.7,0.0,4,1,2,7,Promising / new
14799,2011-10-19,52,2,338.15,0.0,4,2,2,8,Promising / new
12596,2011-10-19,52,2,618.27,0.0,4,2,3,9,Promising / new
15006,2011-10-19,52,2,757.78,0.0,4,2,3,9,Promising / new
14488,2011-10-19,52,2,1064.28,16.85,4,2,3,9,Promising / new
13422,2011-10-19,52,2,2626.3,24.75,4,2,4,10,Big spenders
17462,2011-10-19,52,3,675.69,12.75,4,3,3,10,Loyal
17934,2011-10-19,52,3,1049.15,0.0,4,3,3,10,Loyal
14273,2011-10-19,52,4,559.97,0.0,4,3,2,9,Loyal
16621,2011-10-19,52,4,813.48,0.0,4,3,3,10,Loyal
15803,2011-10-19,52,4,1929.66,0.0,4,3,4,11,Loyal
15826,2011-10-19,52,6,2598.28,15.15,4,4,4,12,Champions
13849,2011-10-19,52,6,3469.3,25.5,4,4,5,13,Champions
15220,2011-10-19,52,7,1778.96,20.04,4,4,4,12,Champions
14306,2011-10-19,52,7,3151.4,9.9,4,4,5,13,Champions
12370,2011-10-19,52,7,4316.56,0.0,4,4,5,13,Champions
14257,2011-10-19,52,10,5954.45,12.45,4,5,5,14,Champions
14229,2011-10-19,52,11,2594.04,125.05,4,5,4,13,Champions
16470,2011-10-19,52,12,2416.85,4.95,4,5,4,13,Champions
14107,2011-10-19,52,13,4877.3,23.6,4,5,5,14,Champions
12744,2011-10-19,52,14,25317.06,12158.9,4,5,5,14,Champions
16131,2011-10-19,52,15,9957.42,91.15,4,5,5,14,Champions
14175,2011-10-19,52,17,7678.88,328.44,4,5,5,14,Champions
14776,2011-10-19,52,19,3708.3,369.28,4,5,5,14,Champions
13491,2011-10-19,52,27,4566.56,0.0,4,5,5,14,Champions
13366,2011-10-20,51,1,56.16,0.0,4,1,1,6,Promising / new
17125,2011-10-20,51,1,230.5,0.0,4,1,1,6,Promising / new
14638,2011-10-20,51,1,443.6,0.0,4,2,2,8,Promising / new
14923,2011-10-20,51,1,749.1,0.0,4,2,3,9,Promising / new
16260,2011-10-20,51,1,1035.45,0.0,4,2,3,9,Promising / new
15565,2011-10-20,51,2,173.16,0.0,4,2,1,7,Promising / new
15121,2011-10-20,51,2,457.72,0.0,4,2,2,8,Promising / new
12556,2011-10-20,51,2,599.56,0.0,4,2,2,8,Promising / new
13245,2011-10-20,51,2,989.22,0.0,4,2,3,9,Promising / new
14261,2011-10-20,51,2,1163.45,0.0,4,2,3,9,Promising / new
13519,2011-10-20,51,3,343.21,11.95,4,3,2,9,Loyal
13669,2011-10-20,51,3,413.55,0.0,4,3,2,9,Loyal
18228,2011-10-20,51,3,779.9,10.7,4,3,3,10,Loyal
16846,2011-10-20,51,3,842.41,0.0,4,3,3,10,Loyal
13897,2011-10-20,51,3,1160.72,0.0,4,3,3,10,Loyal
14495,2011-10-20,51,4,174.8,8.5,4,3,1,8,Loyal
14484,2011-10-20,51,4,1070.98,0.0,4,3,3,10,Loyal
14427,2011-10-20,51,4,1263.52,0.0,4,3,4,11,Loyal
17354,2011-10-20,51,4,3133.96,0.0,4,3,5,12,Loyal
14585,2011-10-20,51,5,1143.27,0.0,4,4,3,11,Loyal
17764,2011-10-20,51,5,1513.57,0.0,4,4,4,12,Champions
17571,2011-10-20,51,5,1630.91,0.0,4,4,4,12,Champions
13573,2011-10-20,51,6,904.52,0.0,4,4,3,11,Loyal
17169,2011-10-20,51,6,1156.73,26.85,4,4,3,11,Loyal
15807,2011-10-20,51,6,1817.52,9.95,4,4,4,12,Champions
13761,2011-10-20,51,6,1952.17,0.0,4,4,4,12,Champions
15664,2011-10-20,51,7,1254.03,41.68,4,4,4,12,Champions
15587,2011-10-20,51,7,1522.08,0.0,4,4,4,12,Champions
18149,2011-10-20,51,7,1553.96,0.0,4,4,4,12,Champions
14631,2011-10-20,51,7,2025.69,2.52,4,4,4,12,Champions
17420,2011-10-20,51,8,1084.43,9.9,4,4,3,11,Loyal
17007,2011-10-20,51,8,1120.1,12.5,4,4,3,11,Loyal
18252,2011-10-20,51,8,1533.69,76.5,4,4,4,12,Champions
16099,2011-10-20,51,8,1573.2,4.95,4,4,4,12,Champions
15620,2011-10-20,51,8,1942.36,32.43,4,4,4,12,Champions
16593,2011-10-20,51,9,1071.14,19.9,4,4,3,11,Loyal
16394,2011-10-20,51,9,1555.34,143.28,4,4,4,12,Champions
17603,2011-10-20,51,11,1788.38,1673.47,4,5,4,13,Champions
16177,2011-10-20,51,12,2247.31,105.7,4,5,4,13,Champions
15754,2011-10-20,51,12,3037.61,35.75,4,5,5,14,Champions
17092,2011-10-20,51,14,5511.41,31.65,4,5,5,14,Champions
15301,2011-10-20,51,19,7583.04,42.23,4,5,5,14,Champions
15129,2011-10-20,51,23,6860.18,0.0,4,5,5,14,Champions
13136,2011-10-20,51,24,6274.56,196.76,4,5,5,14,Champions
16170,2011-10-20,51,25,6869.0,55.33,4,5,5,14,Champions
15740,2011-10-21,50,1,154.88,0.0,4,1,1,6,Promising / new
17832,2011-10-21,50,1,155.37,0.0,4,1,1,6,Promising / new
15286,2011-10-21,50,1,240.55,0.0,4,1,1,6,Promising / new
13917,2011-10-21,50,2,272.04,0.0,4,2,1,7,Promising / new
13918,2011-10-21,50,2,1212.84,0.0,4,2,3,9,Promising / new
15728,2011-10-21,50,3,544.6,134.8,4,3,2,9,Loyal
12403,2011-10-21,50,3,1019.36,18.0,4,3,3,10,Loyal
15677,2011-10-21,50,3,1305.63,0.0,4,3,4,11,Loyal
13974,2011-10-21,50,4,677.72,14.2,4,3,3,10,Loyal
17361,2011-10-21,50,5,871.79,0.0,4,3,3,10,Loyal
12407,2011-10-21,50,5,1708.12,0.0,4,4,4,12,Champions
14967,2011-10-21,50,7,1982.61,302.09,4,4,4,12,Champions
13157,2011-10-21,50,10,5687.36,19.65,4,5,5,14,Champions
13725,2011-10-21,50,11,1980.56,170.75,4,5,4,13,Champions
15819,2011-10-21,50,11,3934.79,23.51,4,5,5,14,Champions
14147,2011-10-21,50,12,2590.2,570.9,4,5,4,13,Champions
16153,2011-10-21,50,13,5133.49,95.98,4,5,5,14,Champions
15321,2011-10-21,50,18,6709.73,136.33,4,5,5,14,Champions
16918,2011-10-21,50,19,3206.54,75.23,4,5,5,14,Champions
17940,2011-10-21,50,22,30306.79,3433.17,4,5,5,14,Champions
16497,2011-10-21,50,23,6695.28,0.0,4,5,5,14,Champions
17836,2011-10-23,48,1,110.21,0.0,4,1,1,6,Promising / new
15000,2011-10-23,48,1,490.52,0.0,4,2,2,8,Promising / new
17111,2011-10-23,48,2,459.58,0.0,4,2,2,8,Promising / new
14731,2011-10-23,48,3,380.02,0.0,4,3,2,9,Loyal
14504,2011-10-23,48,4,673.26,0.0,4,3,3,10,Loyal
16017,2011-10-23,48,5,1545.58,0.0,4,4,4,12,Champions
13598,2011-10-23,48,6,761.96,12.75,4,4,3,11,Loyal
16007,2011-10-23,48,7,3053.06,0.0,4,4,5,13,Champions
16768,2011-10-23,48,14,1698.57,61.05,4,5,4,13,Champions
16686,2011-10-23,48,18,4881.07,19.35,4,5,5,14,Champions
14800,2011-10-23,48,23,7747.17,358.73,4,5,5,14,Champions
15844,2011-10-24,47,1,130.74,0.0,4,1,1,6,Promising / new
15592,2011-10-24,47,1,388.58,0.0,4,1,2,7,Promising / new
18240,2011-10-24,47,1,422.58,0.0,4,2,2,8,Promising / new
13176,2011-10-24,47,1,481.49,0.0,4,2,2,8,Promising / new
17186,2011-10-24,47,2,144.0,0.0,4,2,1,7,Promising / new
15277,2011-10-24,47,2,476.34,0.0,4,2,2,8,Promising / new
17344,2011-10-24,47,3,457.36,13.5,4,3,2,9,Loyal
16023,2011-10-24,47,3,719.81,0.0,4,3,3,10,Loyal
15806,2011-10-24,47,3,784.58,0.0,4,3,3,10,Loyal
12546,2011-10-24,47,3,1161.5,20.0,4,3,3,10,Loyal
13165,2011-10-24,47,3,1451.16,0.0,4,3,4,11,Loyal
16491,2011-10-24,47,3,1533.16,8.85,4,3,4,11,Loyal
12940,2011-10-24,47,4,899.69,37.25,4,3,3,10,Loyal
16728,2011-10-24,47,4,1048.28,0.0,4,3,3,10,Loyal
15801,2011-10-24,47,4,1063.95,21.76,4,3,3,10,Loyal
14139,2011-10-24,47,4,1086.8,0.0,4,3,3,10,Loyal
15068,2011-10-24,47,4,1174.9,0.0,4,3,3,10,Loyal
14019,2011-10-24,47,4,1421.61,22.65,4,3,4,11,Loyal
17004,2011-10-24,47,4,2324.36,0.0,4,3,4,11,Loyal
14997,2011-10-24,47,5,776.6,5.22,4,3,3,10,Loyal
17317,2011-10-24,47,5,2600.34,76.32,4,4,4,12,Champions
12463,2011-10-24,47,7,1344.78,41.15,4,4,4,12,Champions
15142,2011-10-24,47,7,2619.92,10.95,4,4,4,12,Champions
14145,2011-10-24,47,8,7600.05,594.0,4,4,5,13,Champions
14312,2011-10-24,47,11,3090.29,0.0,4,5,5,14,Champions
16742,2011-10-24,47,15,2799.87,464.9,4,5,4,13,Champions
16444,2011-10-24,47,20,3625.88,74.2,4,5,5,14,Champions
14952,2011-10-24,47,43,17629.35,385.1,4,5,5,14,Champions
13182,2011-10-25,46,1,121.18,0.0,4,1,1,6,Promising / new
18045,2011-10-25,46,1,178.34,0.0,4,1,1,6,Promising / new
16056,2011-10-25,46,1,650.75,0.0,4,2,3,9,Promising / new
16708,2011-10-25,46,1,656.63,0.0,4,2,3,9,Promising / new
12398,2011-10-25,46,1,1635.66,0.0,4,2,4,10,Big spenders
15836,2011-10-25,46,2,137.37,19.9,4,2,1,7,Promising / new
18147,2011-10-25,46,2,179.34,0.0,4,2,1,7,Promising / new
17024,2011-10-25,46,3,95.85,0.0,4,2,1,7,Promising / new
17917,2011-10-25,46,3,335.03,0.0,4,3,2,9,Loyal
17928,2011-10-25,46,3,341.24,0.0,4,3,2,9,Loyal
15158,2011-10-25,46,3,606.02,168.36,4,3,3,10,Loyal
15656,2011-10-25,46,4,748.5,0.0,4,3,3,10,Loyal
13601,2011-10-25,46,4,1159.99,0.0,4,3,3,10,Loyal
15630,2011-10-25,46,4,1481.4,5.95,4,3,4,11,Loyal
16110,2011-10-25,46,4,1781.59,0.0,4,3,4,11,Loyal
17423,2011-10-25,46,5,1118.95,34.78,4,4,3,11,Loyal
13652,2011-10-25,46,5,2570.85,0.0,4,4,4,12,Champions
18079,2011-10-25,46,5,4203.93,0.0,4,4,5,13,Champions
14001,2011-10-25,46,10,4530.09,12.75,4,5,5,14,Champions
13340,2011-10-25,46,12,22100.56,0.0,4,5,5,14,Champions
13481,2011-10-25,46,14,3830.84,32.0,4,5,5,14,Champions
16258,2011-10-25,46,16,11942.52,109.0,4,5,5,14,Champions
14341,2011-10-25,46,20,4452.02,23.85,4,5,5,14,Champions
17895,2011-10-26,45,1,95.45,0.0,4,1,1,6,Promising / new
12812,2011-10-26,45,1,229.64,0.0,4,1,1,6,Promising / new
15320,2011-10-26,45,1,267.13,0.0,4,1,1,6,Promising / new
12448,2011-10-26,45,1,449.45,0.0,4,2,2,8,Promising / new
17712,2011-10-26,45,1,522.91,0.0,4,2,2,8,Promising / new
15821,2011-10-26,45,2,570.96,0.0,4,2,2,8,Promising / new
16345,2011-10-26,45,2,1178.79,0.0,4,2,3,9,Promising / new
15516,2011-10-26,45,3,62.43,0.0,4,2,1,7,Promising / new
14598,2011-10-26,45,3,384.04,162.07,4,3,2,9,Loyal
16415,2011-10-26,45,3,696.76,0.0,4,3,3,10,Loyal
12879,2011-10-26,45,4,573.22,20.65,4,3,2,9,Loyal
15835,2011-10-26,45,4,954.09,0.0,4,3,3,10,Loyal
16071,2011-10-26,45,4,1076.8,0.0,4,3,3,10,Loyal
14379,2011-10-26,45,4,1265.16,0.0,4,3,4,11,Loyal
12456,2011-10-26,45,4,3181.04,27.15,4,3,5,12,Loyal
16750,2011-10-26,45,5,623.93,0.0,4,3,3,10,Loyal
14690,2011-10-26,45,5,777.68,13.09,4,3,3,10,Loyal
16418,2011-10-26,45,5,1028.74,0.0,4,4,3,11,Loyal
17175,2011-10-26,45,5,1443.69,12.75,4,4,4,12,Champions
12371,2011-10-26,45,5,4067.38,0.0,4,4,5,13,Champions
16188,2011-10-26,45,6,1087.66,9.95,4,4,3,11,Loyal
14754,2011-10-26,45,7,1547.93,4.2,4,4,4,12,Champions
15990,2011-10-26,45,7,1997.75,0.0,4,4,4,12,Champions
16454,2011-10-26,45,8,30.95,29.05,4,4,1,9,Loyal
16208,2011-10-26,45,10,3440.45,0.0,4,5,5,14,Champions
15215,2011-10-26,45,11,2422.43,925.97,4,5,4,13,Champions
17470,2011-10-26,45,11,2804.87,0.0,4,5,4,13,Champions
13107,2011-10-26,45,15,5253.07,143.45,4,5,5,14,Champions
16325,2011-10-26,45,17,3597.5,133.66,4,5,5,14,Champions
16225,2011-10-26,45,18,2859.31,45.5,4,5,4,13,Champions
15240,2011-10-26,45,20,4459.98,144.98,4,5,5,14,Champions
15296,2011-10-26,45,20,10323.03,118.9,4,5,5,14,Champions
14357,2011-10-27,44,1,225.12,0.0,4,1,1,6,Promising / new
16026,2011-10-27,44,1,236.09,0.0,4,1,1,6,Promising / new
17684,2011-10-27,44,1,239.41,0.0,4,1,1,6,Promising / new
12430,2011-10-27,44,1,256.4,0.0,4,1,1,6,Promising / new
14752,2011-10-27,44,1,389.64,0.0,4,1,2,7,Promising / new
15014,2011-10-27,44,2,257.67,0.0,4,2,1,7,Promising / new
14764,2011-10-27,44,2,278.3,27.75,4,2,2,8,Promising / new
18261,2011-10-27,44,2,324.24,0.0,4,2,2,8,Promising / new
16847,2011-10-27,44,2,614.89,0.0,4,2,3,9,Promising / new
17459,2011-10-27,44,2,657.3,0.0,4,2,3,9,Promising / new
15659,2011-10-27,44,3,532.49,0.0,4,3,2,9,Loyal
14716,2011-10-27,44,3,543.28,0.0,4,3,2,9,Loyal
16680,2011-10-27,44,3,821.45,0.0,4,3,3,10,Loyal
13416,2011-10-27,44,3,940.8,0.0,4,3,3,10,Loyal
14474,2011-10-27,44,3,1258.89,9.95,4,3,4,11,Loyal
17878,2011-10-27,44,3,1378.93,0.0,4,3,4,11,Loyal
13791,2011-10-27,44,3,1516.0,468.32,4,3,4,11,Loyal
16690,2011-10-27,44,5,353.03,16.95,4,3,2,9,Loyal
15469,2011-10-27,44,6,874.25,39.85,4,4,3,11,Loyal
17545,2011-10-27,44,6,1409.86,0.0,4,4,4,12,Champions
17414,2011-10-27,44,6,2249.52,0.0,4,4,4,12,Champions
15791,2011-10-27,44,9,3608.34,66.55,4,4,5,13,Champions
17672,2011-10-27,44,9,5778.63,71.55,4,4,5,13,Champions
15786,2011-10-27,44,9,8501.62,121.97,4,4,5,13,Champions
15038,2011-10-27,44,10,1265.41,39.9,4,4,4,12,Champions
14233,2011-10-27,44,10,2904.27,137.31,4,5,4,13,Champions
15288,2011-10-27,44,10,3881.03,0.0,4,5,5,14,Champions
14004,2011-10-27,44,11,6258.45,0.0,4,5,5,14,Champions
13654,2011-10-27,44,11,6308.0,0.0,4,5,5,14,Champions
13538,2011-10-27,44,12,3103.13,0.0,4,5,5,14,Champions
14239,2011-10-27,44,24,4263.17,59.45,4,5,5,14,Champions
14218,2011-10-28,43,1,169.48,0.0,4,1,1,6,Promising / new
15096,2011-10-28,43,1,219.39,0.0,4,1,1,6,Promising / new
17839,2011-10-28,43,1,318.15,0.0,4,1,2,7,Promising / new
12895,2011-10-28,43,3,372.8,25.5,4,3,2,9,Loyal
13812,2011-10-28,43,3,539.0,0.0,4,3,2,9,Loyal
17418,2011-10-28,43,3,670.06,0.0,4,3,3,10,Loyal
16102,2011-10-28,43,3,1842.14,0.0,4,3,4,11,Loyal
17272,2011-10-28,43,5,2148.63,4.1,4,4,4,12,Champions
12432,2011-10-28,43,5,5059.32,0.0,4,4,5,13,Champions
18287,2011-10-28,43,8,4182.99,5.1,4,4,5,13,Champions
17837,2011-10-28,43,10,1541.23,32.85,4,4,4,12,Champions
14498,2011-10-28,43,10,3900.83,0.0,4,5,5,14,Champions
17669,2011-10-28,43,10,6142.35,0.0,4,5,5,14,Champions
17552,2011-10-28,43,16,3085.29,46.09,4,5,5,14,Champions
14221,2011-10-28,43,19,6517.49,10.9,4,5,5,14,Champions
12678,2011-10-28,43,23,34281.18,430.05,4,5,5,14,Champions
16843,2011-10-28,43,38,19571.43,42.65,4,5,5,14,Champions
14582,2011-10-30,41,1,114.11,0.0,4,1,1,6,Promising / new
18067,2011-10-30,41,1,396.33,0.0,4,1,2,7,Promising / new
14158,2011-10-30,41,1,507.66,0.0,4,2,2,8,Promising / new
17447,2011-10-30,41,2,541.53,0.0,4,2,2,8,Promising / new
14179,2011-10-30,41,2,701.57,0.0,4,2,3,9,Promising / new
15748,2011-10-30,41,3,609.81,0.0,4,3,3,10,Loyal
16601,2011-10-30,41,3,677.0,0.0,4,3,3,10,Loyal
15385,2011-10-30,41,3,942.08,0.0,4,3,3,10,Loyal
13607,2011-10-30,41,3,1075.81,17.7,4,3,3,10,Loyal
15376,2011-10-30,41,3,1221.56,0.0,4,3,4,11,Loyal
15478,2011-10-30,41,3,1983.48,0.0,4,3,4,11,Loyal
17255,2011-10-30,41,4,781.7,0.0,4,3,3,10,Loyal
13524,2011-10-30,41,5,680.18,0.0,4,3,3,10,Loyal
15669,2011-10-30,41,5,684.34,6.65,4,3,3,10,Loyal
13278,2011-10-30,41,5,1435.85,7.65,4,4,4,12,Champions
13566,2011-10-30,41,5,1688.6,0.0,4,4,4,12,Champions
15865,2011-10-30,41,5,2241.42,0.0,4,4,4,12,Champions
14077,2011-10-30,41,6,615.08,0.0,4,4,3,11,Loyal
16049,2011-10-30,41,6,1852.15,0.0,4,4,4,12,Champions
17018,2011-10-30,41,6,2287.7,0.0,4,4,4,12,Champions
17373,2011-10-30,41,7,1167.5,0.0,4,4,3,11,Loyal
17796,2011-10-30,41,7,1351.04,0.0,4,4,4,12,Champions
14295,2011-10-30,41,8,2362.91,46.85,4,4,4,12,Champions
16190,2011-10-30,41,8,2723.55,0.0,4,4,4,12,Champions
13617,2011-10-30,41,9,1278.75,14.95,4,4,4,12,Champions
15370,2011-10-30,41,9,3739.01,25.5,4,4,5,13,Champions
16235,2011-10-30,41,11,2053.71,63.1,4,5,4,13,Champions
13421,2011-10-30,41,11,4058.75,14.3,4,5,5,14,Champions
14810,2011-10-30,41,13,2531.92,0.0,4,5,4,13,Champions
17609,2011-10-30,41,14,1887.9,135.35,4,5,4,13,Champions
15708,2011-10-30,41,14,4204.44,54.74,4,5,5,14,Champions
15860,2011-10-30,41,17,2463.96,0.0,4,5,4,13,Champions
17213,2011-10-30,41,20,5182.3,103.37,4,5,5,14,Champions
15059,2011-10-30,41,27,3491.2,95.95,4,5,5,14,Champions
17372,2011-10-30,41,31,4347.31,52.13,4,5,5,14,Champions
14040,2011-10-30,41,42,12523.81,187.73,4,5,5,14,Champions
12581,2011-10-31,40,1,197.71,0.0,4,1,1,6,Promising / new
15667,2011-10-31,40,1,301.32,0.0,4,1,2,7,Promising / new
15360,2011-10-31,40,1,427.93,0.0,4,2,2,8,Promising / new
12522,2011-10-31,40,2,192.72,0.0,4,2,1,7,Promising / new
12571,2011-10-31,40,2,519.61,0.0,4,2,2,8,Promising / new
16127,2011-10-31,40,2,801.31,0.0,4,2,3,9,Promising / new
16969,2011-10-31,40,3,650.41,0.0,4,3,3,10,Loyal
13103,2011-10-31,40,3,709.64,0.0,4,3,3,10,Loyal
16018,2011-10-31,40,4,698.13,0.0,4,3,3,10,Loyal
16836,2011-10-31,40,4,782.37,0.0,4,3,3,10,Loyal
12588,2011-10-31,40,5,958.78,19.8,4,4,3,11,Loyal
13186,2011-10-31,40,5,1575.89,36.2,4,4,4,12,Champions
17951,2011-10-31,40,5,1636.08,17.7,4,4,4,12,Champions
13544,2011-10-31,40,7,790.2,8.5,4,4,3,11,Loyal
14167,2011-10-31,40,8,1274.29,0.0,4,4,4,12,Champions
13145,2011-10-31,40,8,1423.52,3.75,4,4,4,12,Champions
15974,2011-10-31,40,8,3442.15,12.6,4,4,5,13,Champions
15752,2011-10-31,40,10,4184.56,8.45,4,5,5,14,Champions
14738,2011-10-31,40,12,1821.9,58.26,4,5,4,13,Champions
13813,2011-10-31,40,12,2765.47,79.05,4,5,4,13,Champions
12909,2011-10-31,40,13,3103.19,68.42,4,5,5,14,Champions
13982,2011-10-31,40,13,4382.89,26.8,4,5,5,14,Champions
14808,2011-10-31,40,15,2718.6,565.8,4,5,4,13,Champions
17396,2011-10-31,40,16,8807.1,232.5,4,5,5,14,Champions
18257,2011-10-31,40,18,4600.15,103.35,4,5,5,14,Champions
14345,2011-11-01,39,1,108.98,0.0,4,1,1,6,Promising / new
13697,2011-11-01,39,1,151.3,0.0,4,1,1,6,Promising / new
14485,2011-11-01,39,1,162.8,0.0,4,1,1,6,Promising / new
12491,2011-11-01,39,1,460.4,0.0,4,2,2,8,Promising / new
14995,2011-11-01,39,2,231.98,0.0,4,2,1,7,Promising / new
12552,2011-11-01,39,2,437.82,0.0,4,2,2,8,Promising / new
17733,2011-11-01,39,2,692.19,0.0,4,2,3,9,Promising / new
13726,2011-11-01,39,2,1079.66,0.0,4,2,3,9,Promising / new
17166,2011-11-01,39,3,206.34,16.85,4,2,1,7,Promising / new
14383,2011-11-01,39,3,1247.69,0.0,4,3,4,11,Loyal
15423,2011-11-01,39,4,266.89,47.75,4,3,1,8,Loyal
18270,2011-11-01,39,4,444.55,44.2,4,3,2,9,Loyal
15018,2011-11-01,39,4,607.46,39.95,4,3,3,10,Loyal
16648,2011-11-01,39,4,672.8,19.8,4,3,3,10,Loyal
15847,2011-11-01,39,5,822.57,0.0,4,3,3,10,Loyal
16830,2011-11-01,39,5,1207.5,23.8,4,4,3,11,Loyal
16825,2011-11-01,39,5,1826.89,0.0,4,4,4,12,Champions
13292,2011-11-01,39,6,994.51,6.72,4,4,3,11,Loyal
13461,2011-11-01,39,8,4160.0,21.5,4,4,5,13,Champions
16960,2011-11-01,39,9,1990.88,21.45,4,4,4,12,Champions
13032,2011-11-01,39,11,2815.96,25.96,4,5,4,13,Champions
16150,2011-11-01,39,20,4395.59,240.9,4,5,5,14,Champions
13327,2011-11-01,39,22,9879.48,138.45,4,5,5,14,Champions
18226,2011-11-01,39,38,11878.88,130.3,4,5,5,14,Champions
17696,2011-11-01,39,48,7679.59,298.7,4,5,5,14,Champions
16029,2011-11-01,39,125,122035.14,28058.15,4,5,5,14,Champions
14974,2011-11-02,38,1,89.94,0.0,4,1,1,6,Promising / new
18105,2011-11-02,38,1,113.48,0.0,4,1,1,6,Promising / new
17947,2011-11-02,38,1,176.68,0.0,4,1,1,6,Promising / new
14528,2011-11-02,38,1,364.22,0.0,4,1,2,7,Promising / new
18104,2011-11-02,38,1,754.64,0.0,4,2,3,9,Promising / new
15576,2011-11-02,38,1,921.37,0.0,4,2,3,9,Promising / new
13271,2011-11-02,38,2,211.49,39.12,4,2,1,7,Promising / new
13904,2011-11-02,38,2,332.64,0.0,4,2,2,8,Promising / new
16706,2011-11-02,38,3,531.35,0.0,4,3,2,9,Loyal
17999,2011-11-02,38,3,718.8,0.0,4,3,3,10,Loyal
16367,2011-11-02,38,3,1350.48,0.0,4,3,4,11,Loyal
16884,2011-11-02,38,4,1070.97,0.0,4,3,3,10,Loyal
15065,2011-11-02,38,7,3326.86,22.15,4,4,5,13,Champions
16308,2011-11-02,38,7,5120.0,0.0,4,4,5,13,Champions
12830,2011-11-02,38,7,6814.64,66.24,4,4,5,13,Champions
16043,2011-11-02,38,8,1856.59,0.0,4,4,4,12,Champions
17800,2011-11-02,38,9,1187.21,0.0,4,4,3,11,Loyal
17966,2011-11-02,38,10,1963.92,0.0,4,4,4,12,Champions
13316,2011-11-02,38,12,12940.82,284.64,4,5,5,14,Champions
13477,2011-11-02,38,13,2819.17,13.05,4,5,4,13,Champions
12594,2011-11-02,38,17,5090.11,45.6,4,5,5,14,Champions
17719,2011-11-02,38,18,5396.04,28.24,4,5,5,14,Champions
17965,2011-11-02,38,33,7157.2,123.2,4,5,5,14,Champions
14098,2011-11-03,37,1,147.35,0.0,4,1,1,6,Promising / new
16337,2011-11-03,37,1,151.05,0.0,4,1,1,6,Promising / new
16914,2011-11-03,37,1,183.76,0.0,4,1,1,6,Promising / new
15612,2011-11-03,37,2,195.15,0.0,4,2,1,7,Promising / new
17078,2011-11-03,37,2,378.2,0.0,4,2,2,8,Promising / new
17403,2011-11-03,37,2,382.87,0.0,4,2,2,8,Promising / new
18205,2011-11-03,37,2,517.36,0.0,4,2,2,8,Promising / new
14636,2011-11-03,37,2,609.85,0.0,4,2,3,9,Promising / new
13721,2011-11-03,37,2,741.54,0.0,4,2,3,9,Promising / new
14815,2011-11-03,37,2,778.5,0.0,4,2,3,9,Promising / new
18081,2011-11-03,37,3,343.45,0.0,4,3,2,9,Loyal
14856,2011-11-03,37,3,1290.53,0.0,4,3,4,11,Loyal
12808,2011-11-03,37,5,906.1,0.0,4,3,3,10,Loyal
15651,2011-11-03,37,5,1259.06,0.0,4,4,4,12,Champions
17816,2011-11-03,37,6,112.32,0.0,4,4,1,9,Loyal
13925,2011-11-03,37,6,678.25,61.6,4,4,3,11,Loyal
13636,2011-11-03,37,6,949.12,7.5,4,4,3,11,Loyal
17076,2011-11-03,37,6,1242.75,0.0,4,4,4,12,Champions
13168,2011-11-03,37,6,1840.73,9.05,4,4,4,12,Champions
15252,2011-11-03,37,7,2103.41,50.35,4,4,4,12,Champions
15551,2011-11-03,37,9,1679.81,50.8,4,4,4,12,Champions
17634,2011-11-03,37,9,2358.59,0.0,4,4,4,12,Champions
15227,2011-11-03,37,9,2488.49,0.0,4,4,4,12,Champions
15605,2011-11-03,37,10,1936.8,3.4,4,4,4,12,Champions
16221,2011-11-03,37,10,2186.66,6.5,4,5,4,13,Champions
17351,2011-11-03,37,12,1988.23,0.0,4,5,4,13,Champions
16409,2011-11-03,37,12,5652.74,0.0,4,5,5,14,Champions
12352,2011-11-03,37,13,2849.84,960.63,4,5,4,13,Champions
16841,2011-11-03,37,14,4006.06,164.9,4,5,5,14,Champions
13728,2011-11-03,37,16,2855.17,0.0,4,5,4,13,Champions
15998,2011-11-03,37,21,8274.14,87.95,4,5,5,14,Champions
15521,2011-11-03,37,24,7098.24,432.25,4,5,5,14,Champions
16729,2011-11-03,37,26,7205.33,163.64,4,5,5,14,Champions
13938,2011-11-04,36,1,71.66,0.0,4,1,1,6,Promising / new
15010,2011-11-04,36,1,308.94,0.0,4,1,2,7,Promising / new
16318,2011-11-04,36,1,328.15,0.0,4,1,2,7,Promising / new
15345,2011-11-04,36,2,393.54,25.85,4,2,2,8,Promising / new
17274,2011-11-04,36,2,573.22,0.0,4,2,2,8,Promising / new
12944,2011-11-04,36,2,604.51,0.0,4,2,3,9,Promising / new
14150,2011-11-04,36,2,658.64,0.0,4,2,3,9,Promising / new
12397,2011-11-04,36,2,2409.9,0.0,4,2,4,10,Big spenders
14592,2011-11-04,36,3,557.94,0.0,4,3,2,9,Loyal
17233,2011-11-04,36,3,560.86,0.0,4,3,2,9,Loyal
16887,2011-11-04,36,3,658.17,0.0,4,3,3,10,Loyal
14971,2011-11-04,36,3,1097.98,0.0,4,3,3,10,Loyal
14567,2011-11-04,36,3,1530.36,5.9,4,3,4,11,Loyal
13651,2011-11-04,36,4,226.85,17.9,4,3,1,8,Loyal
13592,2011-11-04,36,4,247.96,0.0,4,3,1,8,Loyal
15598,2011-11-04,36,4,548.02,5.0,4,3,2,9,Loyal
15707,2011-11-04,36,4,916.98,0.0,4,3,3,10,Loyal
17703,2011-11-04,36,4,1094.84,0.0,4,3,3,10,Loyal
14412,2011-11-04,36,4,1426.19,8.7,4,3,4,11,Loyal
17084,2011-11-04,36,4,5001.21,3.25,4,3,5,12,Loyal
17979,2011-11-04,36,5,732.41,19.9,4,3,3,10,Loyal
18035,2011-11-04,36,5,1260.23,0.0,4,4,4,12,Champions
18022,2011-11-04,36,5,1507.25,0.0,4,4,4,12,Champions
16012,2011-11-04,36,5,2978.59,0.0,4,4,5,13,Champions
16014,2011-11-04,36,6,1100.28,9.25,4,4,3,11,Loyal
15468,2011-11-04,36,7,1430.48,43.0,4,4,4,12,Champions
14842,2011-11-04,36,8,2824.69,367.89,4,4,4,12,Champions
14913,2011-11-04,36,8,4073.13,0.0,4,4,5,13,Champions
15809,2011-11-04,36,9,1274.44,411.56,4,4,4,12,Champions
12577,2011-11-04,36,9,1617.1,62.4,4,4,4,12,Champions
16555,2011-11-04,36,10,1915.68,1629.79,4,4,4,12,Champions
17203,2011-11-04,36,10,5564.09,0.0,4,5,5,14,Champions
12576,2011-11-04,36,11,2142.72,58.85,4,5,4,13,Champions
17193,2011-11-04,36,12,2310.04,55.44,4,5,4,13,Champions
12928,2011-11-04,36,12,4304.89,0.0,4,5,5,14,Champions
17930,2011-11-04,36,15,4275.22,32.3,4,5,5,14,Champions
15722,2011-11-04,36,15,5234.0,138.05,4,5,5,14,Champions
15329,2011-11-04,36,20,2958.83,241.35,4,5,5,14,Champions
12431,2011-11-04,36,33,10790.47,138.56,4,5,5,14,Champions
17831,2011-11-06,34,1,35.4,0.0,4,1,1,6,Promising / new
15017,2011-11-06,34,1,125.58,0.0,4,1,1,6,Promising / new
14174,2011-11-06,34,1,134.46,0.0,4,1,1,6,Promising / new
13532,2011-11-06,34,1,210.31,0.0,4,1,1,6,Promising / new
15526,2011-11-06,34,2,148.44,0.0,4,2,1,7,Promising / new
14039,2011-11-06,34,2,267.28,0.0,4,2,1,7,Promising / new
14517,2011-11-06,34,2,330.45,0.0,4,2,2,8,Promising / new
16243,2011-11-06,34,2,409.1,0.0,4,2,2,8,Promising / new
13759,2011-11-06,34,2,659.41,0.0,4,2,3,9,Promising / new
12638,2011-11-06,34,2,921.49,0.0,4,2,3,9,Promising / new
15025,2011-11-06,34,2,979.79,0.0,4,2,3,9,Promising / new
15427,2011-11-06,34,3,1430.54,0.0,4,3,4,11,Loyal
12357,2011-11-06,34,3,18287.66,0.0,4,3,5,12,Loyal
17608,2011-11-06,34,4,488.06,0.0,4,3,2,9,Loyal
16488,2011-11-06,34,4,498.8,6.6,4,3,2,9,Loyal
16445,2011-11-06,34,4,583.16,0.0,4,3,2,9,Loyal
15952,2011-11-06,34,4,781.91,0.0,4,3,3,10,Loyal
16357,2011-11-06,34,4,868.37,0.0,4,3,3,10,Loyal
15407,2011-11-06,34,4,1046.74,0.0,4,3,3,10,Loyal
16372,2011-11-06,34,6,1290.31,30.0,4,4,4,12,Champions
13155,2011-11-06,34,6,1750.18,0.0,4,4,4,12,Champions
17082,2011-11-06,34,6,4732.03,0.0,4,4,5,13,Champions
16676,2011-11-06,34,7,2361.9,33.4,4,4,4,12,Champions
13523,2011-11-06,34,7,5101.52,209.5,4,4,5,13,Champions
18170,2011-11-06,34,9,2878.0,0.0,4,4,4,12,Champions
13772,2011-11-06,34,9,3100.02,19.5,4,4,5,13,Champions
12645,2011-11-06,34,10,3539.3,40.2,4,5,5,14,Champions
16771,2011-11-06,34,10,3949.6,0.0,4,5,5,14,Champions
12838,2011-11-06,34,12,3366.7,22.45,4,5,5,14,Champions
13527,2011-11-06,34,14,4541.29,33.7,4,5,5,14,Champions
14404,2011-11-06,34,15,2853.36,99.0,4,5,4,13,Champions
16466,2011-11-06,34,16,3767.09,125.0,4,5,5,14,Champions
13634,2011-11-06,34,17,5033.77,553.92,4,5,5,14,Champions
15696,2011-11-06,34,21,3881.22,149.1,4,5,5,14,Champions
17761,2011-11-07,33,1,712.78,0.0,4,2,3,9,Promising / new
12832,2011-11-07,33,2,383.03,0.0,4,2,2,8,Promising / new
15522,2011-11-07,33,2,397.99,0.0,4,2,2,8,Promising / new
15330,2011-11-07,33,2,714.96,0.0,4,2,3,9,Promising / new
14929,2011-11-07,33,2,836.69,0.0,4,2,3,9,Promising / new
18150,2011-11-07,33,3,566.58,0.0,4,3,2,9,Loyal
14387,2011-11-07,33,3,1727.6,0.0,4,3,4,11,Loyal
17430,2011-11-07,33,4,735.17,0.0,4,3,3,10,Loyal
15870,2011-11-07,33,4,857.46,0.0,4,3,3,10,Loyal
15618,2011-11-07,33,5,776.85,29.82,4,3,3,10,Loyal
16637,2011-11-07,33,5,1154.47,29.88,4,4,3,11,Loyal
14700,2011-11-07,33,5,3076.06,0.0,4,4,5,13,Champions
14080,2011-11-07,33,6,1115.68,39.95,4,4,3,11,Loyal
17158,2011-11-07,33,6,1980.0,17.7,4,4,4,12,Champions
18016,2011-11-07,33,7,1954.56,0.0,4,4,4,12,Champions
17623,2011-11-07,33,7,2365.77,0.0,4,4,4,12,Champions
16348,2011-11-07,33,8,1744.42,0.0,4,4,4,12,Champions
17164,2011-11-07,33,8,2467.35,0.95,4,4,4,12,Champions
17043,2011-11-07,33,8,2593.65,0.0,4,4,4,12,Champions
16053,2011-11-07,33,8,3634.84,28.7,4,4,5,13,Champions
16232,2011-11-07,33,10,2712.97,20.95,4,5,4,13,Champions
16612,2011-11-07,33,10,3245.43,1.95,4,5,5,14,Champions
16362,2011-11-07,33,11,922.16,105.2,4,5,3,12,Loyal
18036,2011-11-07,33,11,1545.49,0.0,4,5,4,13,Champions
13717,2011-11-07,33,11,1763.3,15.25,4,5,4,13,Champions
15493,2011-11-07,33,11,4121.68,34.55,4,5,5,14,Champions
14623,2011-11-07,33,12,2016.98,28.75,4,5,4,13,Champions
17107,2011-11-07,33,13,16052.72,457.35,4,5,5,14,Champions
13824,2011-11-07,33,14,3314.76,41.4,4,5,5,14,Champions
12408,2011-11-07,33,14,4340.77,61.13,4,5,5,14,Champions
12484,2011-11-07,33,16,6354.1,66.3,4,5,5,14,Champions
13324,2011-11-07,33,23,10513.47,92.1,4,5,5,14,Champions
13993,2011-11-07,33,24,6775.71,85.35,4,5,5,14,Champions
15719,2011-11-07,33,39,10195.97,77.1,4,5,5,14,Champions
13097,2011-11-07,33,40,13324.1,527.49,4,5,5,14,Champions
15153,2011-11-08,32,1,329.25,0.0,4,1,2,7,Promising / new
18216,2011-11-08,32,1,481.75,0.0,4,2,2,8,Promising / new
16505,2011-11-08,32,1,777.6,0.0,4,2,3,9,Promising / new
17219,2011-11-08,32,2,259.13,0.0,4,2,1,7,Promising / new
17022,2011-11-08,32,2,260.0,0.0,4,2,1,7,Promising / new
13272,2011-11-08,32,2,276.56,0.0,4,2,2,8,Promising / new
18164,2011-11-08,32,2,399.65,4.95,4,2,2,8,Promising / new
17637,2011-11-08,32,2,547.06,0.0,4,2,2,8,Promising / new
15275,2011-11-08,32,2,615.14,5.95,4,2,3,9,Promising / new
15103,2011-11-08,32,2,703.36,0.0,4,2,3,9,Promising / new
17964,2011-11-08,32,2,724.97,0.0,4,2,3,9,Promising / new
14050,2011-11-08,32,2,746.36,0.0,4,2,3,9,Promising / new
15066,2011-11-08,32,2,893.59,133.0,4,2,3,9,Promising / new
13710,2011-11-08,32,3,509.52,0.0,4,3,2,9,Loyal
15957,2011-11-08,32,3,921.25,0.0,4,3,3,10,Loyal
13867,2011-11-08,32,3,1005.09,0.0,4,3,3,10,Loyal
16284,2011-11-08,32,3,1018.48,0.0,4,3,3,10,Loyal
15763,2011-11-08,32,3,1086.92,38.25,4,3,3,10,Loyal
14360,2011-11-08,32,4,2118.03,0.0,4,3,4,11,Loyal
16602,2011-11-08,32,5,763.33,51.7,4,3,3,10,Loyal
15573,2011-11-08,32,5,1188.42,0.0,4,4,3,11,Loyal
13587,2011-11-08,32,6,1673.5,365.4,4,4,4,12,Champions
16618,2011-11-08,32,6,2647.59,16.95,4,4,4,12,Champions
15043,2011-11-08,32,6,2870.32,0.0,4,4,4,12,Champions
12849,2011-11-08,32,6,3042.47,0.0,4,4,5,13,Champions
12990,2011-11-08,32,7,955.5,0.0,4,4,3,11,Loyal
17886,2011-11-08,32,7,1572.55,9.95,4,4,4,12,Champions
14232,2011-11-08,32,8,2048.07,4.14,4,4,4,12,Champions
17515,2011-11-08,32,9,1602.51,0.0,4,4,4,12,Champions
17633,2011-11-08,32,9,2057.39,82.5,4,4,4,12,Champions
16732,2011-11-08,32,9,4387.64,420.85,4,4,5,13,Champions
16253,2011-11-08,32,9,7272.2,33.24,4,4,5,13,Champions
18177,2011-11-08,32,10,2216.32,27.25,4,5,4,13,Champions
12721,2011-11-08,32,10,4013.08,106.4,4,5,5,14,Champions
17289,2011-11-08,32,11,2041.8,9.5,4,5,4,13,Champions
16837,2011-11-08,32,12,3170.98,3.25,4,5,5,14,Champions
14524,2011-11-08,32,13,2909.86,0.0,4,5,4,13,Champions
15356,2011-11-08,32,13,3382.69,0.0,4,5,5,14,Champions
12613,2011-11-08,32,13,6817.37,243.55,4,5,5,14,Champions
13110,2011-11-08,32,14,2957.47,61.3,4,5,5,14,Champions
13329,2011-11-08,32,14,5112.97,135.95,4,5,5,14,Champions
13975,2011-11-08,32,14,5256.4,31.55,4,5,5,14,Champions
13643,2011-11-08,32,15,2156.77,44.6,4,5,4,13,Champions
13695,2011-11-08,32,16,2770.73,0.0,4,5,4,13,Champions
14676,2011-11-08,32,16,8356.79,71.3,4,5,5,14,Champions
16187,2011-11-08,32,17,6911.44,70.2,4,5,5,14,Champions
17160,2011-11-08,32,18,10209.16,7.8,4,5,5,14,Champions
15249,2011-11-08,32,21,9266.0,118.85,4,5,5,14,Champions
15513,2011-11-08,32,41,27750.55,486.1,4,5,5,14,Champions
13047,2011-11-08,32,42,8795.16,328.44,4,5,5,14,Champions
16953,2011-11-09,31,1,20.8,0.0,4,1,1,6,Promising / new
16516,2011-11-09,31,1,101.7,0.0,4,1,1,6,Promising / new
13522,2011-11-09,31,1,125.8,0.0,4,1,1,6,Promising / new
12893,2011-11-09,31,1,176.55,0.0,4,1,1,6,Promising / new
12532,2011-11-09,31,1,349.83,0.0,4,1,2,7,Promising / new
15450,2011-11-09,31,1,429.84,0.0,4,2,2,8,Promising / new
16751,2011-11-09,31,1,1764.72,0.0,4,2,4,10,Big spenders
15986,2011-11-09,31,2,354.42,0.0,4,2,2,8,Promising / new
14968,2011-11-09,31,2,501.24,0.0,4,2,2,8,Promising / new
17038,2011-11-09,31,2,743.17,0.0,4,2,3,9,Promising / new
14921,2011-11-09,31,2,1316.07,0.0,4,2,4,10,Big spenders
13992,2011-11-09,31,3,219.5,0.0,4,2,1,7,Promising / new
13046,2011-11-09,31,3,949.25,0.0,4,3,3,10,Loyal
14240,2011-11-09,31,3,1247.49,0.0,4,3,4,11,Loyal
16041,2011-11-09,31,3,3166.4,0.0,4,3,5,12,Loyal
17011,2011-11-09,31,4,671.7,135.0,4,3,3,10,Loyal
14284,2011-11-09,31,4,1299.65,16.8,4,3,4,11,Loyal
14108,2011-11-09,31,5,1044.96,3.75,4,4,3,11,Loyal
13029,2011-11-09,31,5,1927.3,0.0,4,4,4,12,Champions
14691,2011-11-09,31,5,2114.33,0.0,4,4,4,12,Champions
14214,2011-11-09,31,7,1004.38,4.15,4,4,3,11,Loyal
16205,2011-11-09,31,7,1820.11,0.0,4,4,4,12,Champions
16880,2011-11-09,31,8,1813.21,0.0,4,4,4,12,Champions
15485,2011-11-09,31,8,5750.51,147.0,4,4,5,13,Champions
17702,2011-11-09,31,9,3144.04,232.25,4,4,5,13,Champions
13804,2011-11-09,31,9,3161.12,0.0,4,4,5,13,Champions
15114,2011-11-09,31,12,3400.12,0.0,4,5,5,14,Champions
16996,2011-11-09,31,13,2123.61,79.45,4,5,4,13,Champions
15027,2011-11-09,31,13,3195.6,221.56,4,5,5,14,Champions
13623,2011-11-09,31,15,2533.06,120.13,4,5,4,13,Champions
13384,2011-11-09,31,15,6680.83,45.74,4,5,5,14,Champions
16767,2011-11-09,31,16,8056.76,102.0,4,5,5,14,Champions
13209,2011-11-09,31,16,8509.51,71.45,4,5,5,14,Champions
17867,2011-11-09,31,20,1582.05,725.5,4,5,4,13,Champions
17690,2011-11-09,31,21,7412.0,9.5,4,5,5,14,Champions
12949,2011-11-09,31,28,15526.7,135.7,4,5,5,14,Champions
12472,2011-11-09,31,37,17880.59,923.9,4,5,5,14,Champions
17865,2011-11-09,31,62,26312.19,725.34,4,5,5,14,Champions
12659,2011-11-10,30,1,91.68,0.0,4,1,1,6,Promising / new
17791,2011-11-10,30,1,106.1,0.0,4,1,1,6,Promising / new
15463,2011-11-10,30,1,126.14,0.0,4,1,1,6,Promising / new
14863,2011-11-10,30,1,266.76,0.0,4,1,1,6,Promising / new
12617,2011-11-10,30,1,352.98,0.0,4,1,2,7,Promising / new
16025,2011-11-10,30,1,439.66,0.0,4,2,2,8,Promising / new
17197,2011-11-10,30,1,1013.01,0.0,4,2,3,9,Promising / new
13460,2011-11-10,30,2,183.44,0.0,4,2,1,7,Promising / new
15355,2011-11-10,30,2,277.05,0.0,4,2,2,8,Promising / new
12981,2011-11-10,30,2,372.22,0.0,4,2,2,8,Promising / new
12544,2011-11-10,30,2,372.7,17.0,4,2,2,8,Promising / new
13817,2011-11-10,30,2,382.98,0.0,4,2,2,8,Promising / new
15830,2011-11-10,30,2,576.0,28.3,4,2,2,8,Promising / new
12538,2011-11-10,30,2,640.45,0.0,4,2,3,9,Promising / new
17537,2011-11-10,30,2,887.67,0.0,4,2,3,9,Promising / new
14765,2011-11-10,30,3,254.11,0.0,4,3,1,8,Loyal
17901,2011-11-10,30,3,260.08,0.0,4,3,1,8,Loyal
13606,2011-11-10,30,3,276.75,0.0,4,3,2,9,Loyal
15597,2011-11-10,30,3,563.37,8.85,4,3,2,9,Loyal
12541,2011-11-10,30,3,981.18,0.0,4,3,3,10,Loyal
17932,2011-11-10,30,3,1331.57,0.0,4,3,4,11,Loyal
17977,2011-11-10,30,3,1511.45,57.9,4,3,4,11,Loyal
17573,2011-11-10,30,4,380.6,17.7,4,3,2,9,Loyal
12844,2011-11-10,30,4,648.6,0.0,4,3,3,10,Loyal
15184,2011-11-10,30,4,685.39,0.0,4,3,3,10,Loyal
16903,2011-11-10,30,4,1041.75,32.3,4,3,3,10,Loyal
14712,2011-11-10,30,4,1328.07,0.0,4,3,4,11,Loyal
16863,2011-11-10,30,5,998.52,21.45,4,4,3,11,Loyal
15238,2011-11-10,30,5,1071.99,15.45,4,4,3,11,Loyal
18125,2011-11-10,30,5,1131.75,1.65,4,4,3,11,Loyal
17653,2011-11-10,30,5,1207.56,31.68,4,4,3,11,Loyal
15111,2011-11-10,30,5,2730.87,0.0,4,4,4,12,Champions
18217,2011-11-10,30,6,945.04,42.24,4,4,3,11,Loyal
15452,2011-11-10,30,6,1785.11,0.0,4,4,4,12,Champions
15289,2011-11-10,30,7,1593.09,22.38,4,4,4,12,Champions
16628,2011-11-10,30,8,2318.1,5.01,4,4,4,12,Champions
16907,2011-11-10,30,9,1650.81,0.0,4,4,4,12,Champions
14829,2011-11-10,30,9,1692.84,52.9,4,4,4,12,Champions
12473,2011-11-10,30,9,3928.05,1090.32,4,4,5,13,Champions
17109,2011-11-10,30,10,1291.71,15.36,4,4,4,12,Champions
17059,2011-11-10,30,10,5586.93,17.7,4,5,5,14,Champions
16003,2011-11-10,30,10,5613.83,0.0,4,5,5,14,Champions
16986,2011-11-10,30,11,4888.75,0.0,4,5,5,14,Champions
18236,2011-11-10,30,12,1795.35,0.0,4,5,4,13,Champions
18135,2011-11-10,30,13,1249.62,20.4,4,5,4,13,Champions
12599,2011-11-10,30,13,2296.72,0.0,4,5,4,13,Champions
16434,2011-11-10,30,13,2673.69,14.7,4,5,4,13,Champions
14466,2011-11-10,30,13,4646.9,0.0,4,5,5,14,Champions
16743,2011-11-10,30,15,4212.15,46.25,4,5,5,14,Champions
16126,2011-11-10,30,15,14644.6,0.0,4,5,5,14,Champions
14748,2011-11-10,30,16,3152.32,480.07,4,5,5,14,Champions
16791,2011-11-10,30,18,3957.63,92.57,4,5,5,14,Champions
16218,2011-11-10,30,19,4439.97,96.37,4,5,5,14,Champions
14064,2011-11-10,30,21,3260.24,292.67,4,5,5,14,Champions
17442,2011-11-10,30,23,4620.3,119.6,4,5,5,14,Champions
14944,2011-11-10,30,24,9784.67,109.75,4,5,5,14,Champions
17416,2011-11-10,30,25,17298.45,76.98,4,5,5,14,Champions
15785,2011-11-10,30,26,5969.93,144.6,4,5,5,14,Champions
12708,2011-11-10,30,30,5314.1,195.94,4,5,5,14,Champions
13983,2011-11-10,30,30,7083.25,115.04,4,5,5,14,Champions
13148,2011-11-10,30,36,8497.82,498.21,4,5,5,14,Champions
18209,2011-11-11,29,1,139.1,0.0,4,1,1,6,Promising / new
18014,2011-11-11,29,1,162.22,0.0,4,1,1,6,Promising / new
15692,2011-11-11,29,1,191.04,0.0,4,1,1,6,Promising / new
14789,2011-11-11,29,1,197.64,0.0,4,1,1,6,Promising / new
17052,2011-11-11,29,1,399.09,0.0,4,1,2,7,Promising / new
15557,2011-11-11,29,1,468.91,0.0,4,2,2,8,Promising / new
13732,2011-11-11,29,1,491.86,0.0,4,2,2,8,Promising / new
16433,2011-11-11,29,2,384.52,0.0,4,2,2,8,Promising / new
15492,2011-11-11,29,2,659.46,0.0,4,2,3,9,Promising / new
17295,2011-11-11,29,3,547.0,0.0,4,3,2,9,Loyal
12384,2011-11-11,29,3,585.27,19.11,4,3,2,9,Loyal
16460,2011-11-11,29,3,811.23,0.0,4,3,3,10,Loyal
16386,2011-11-11,29,3,1068.16,0.0,4,3,3,10,Loyal
16671,2011-11-11,29,3,1692.27,0.0,4,3,4,11,Loyal
17015,2011-11-11,29,3,1838.61,0.0,4,3,4,11,Loyal
13810,2011-11-11,29,4,1499.01,599.5,4,3,4,11,Loyal
17088,2011-11-11,29,4,1991.01,0.0,4,3,4,11,Loyal
15608,2011-11-11,29,5,1785.98,0.0,4,4,4,12,Champions
17054,2011-11-11,29,6,1356.33,2.5,4,4,4,12,Champions
12517,2011-11-11,29,6,2481.6,37.95,4,4,4,12,Champions
12685,2011-11-11,29,6,2863.08,0.0,4,4,4,12,Champions
12691,2011-11-11,29,7,1170.4,0.0,4,4,3,11,Loyal
14662,2011-11-11,29,7,1376.43,0.0,4,4,4,12,Champions
12480,2011-11-11,29,8,5464.85,29.75,4,4,5,13,Champions
13727,2011-11-11,29,9,1074.15,12.75,4,4,3,11,Loyal
14226,2011-11-11,29,9,2985.13,34.75,4,4,5,13,Champions
17162,2011-11-11,29,11,1715.46,8.25,4,5,4,13,Champions
14035,2011-11-11,29,11,2794.75,4.25,4,5,4,13,Champions
12726,2011-11-11,29,11,4014.6,0.0,4,5,5,14,Champions
12589,2011-11-11,29,11,4695.66,1601.49,4,5,5,14,Champions
16332,2011-11-11,29,13,2000.01,20.44,4,5,4,13,Champions
13557,2011-11-11,29,16,3032.26,52.18,4,5,5,14,Champions
17191,2011-11-11,29,16,4820.45,25.5,4,5,5,14,Champions
17512,2011-11-11,29,20,5467.82,35.55,4,5,5,14,Champions
17069,2011-11-11,29,21,5794.28,75.88,4,5,5,14,Champions
12600,2011-11-11,29,26,5043.92,88.13,4,5,5,14,Champions
14661,2011-11-13,27,1,107.95,0.0,4,1,1,6,Promising / new
13170,2011-11-13,27,1,108.81,0.0,4,1,1,6,Promising / new
13603,2011-11-13,27,1,164.34,0.0,4,1,1,6,Promising / new
13146,2011-11-13,27,1,228.91,0.0,4,1,1,6,Promising / new
12508,2011-11-13,27,2,397.88,0.0,4,2,2,8,Promising / new
16930,2011-11-13,27,3,378.89,0.0,4,3,2,9,Loyal
15429,2011-11-13,27,3,397.35,32.45,4,3,2,9,Loyal
14784,2011-11-13,27,3,449.93,0.0,4,3,2,9,Loyal
13379,2011-11-13,27,3,572.56,0.0,4,3,2,9,Loyal
15787,2011-11-13,27,3,933.26,0.0,4,3,3,10,Loyal
14382,2011-11-13,27,3,1193.63,5.95,4,3,3,10,Loyal
15599,2011-11-13,27,3,1250.06,0.0,4,3,4,11,Loyal
16720,2011-11-13,27,4,758.74,202.05,4,3,3,10,Loyal
15449,2011-11-13,27,5,974.52,3.3,4,4,3,11,Loyal
15411,2011-11-13,27,5,1348.93,12.5,4,4,4,12,Champions
12865,2011-11-13,27,5,3323.47,20.16,4,4,5,13,Champions
16898,2011-11-13,27,6,997.29,128.7,4,4,3,11,Loyal
13892,2011-11-13,27,6,1267.65,0.0,4,4,4,12,Champions
17041,2011-11-13,27,7,1655.2,15.8,4,4,4,12,Champions
16726,2011-11-13,27,7,2063.88,0.0,4,4,4,12,Champions
14487,2011-11-13,27,8,1391.37,25.5,4,4,4,12,Champions
14499,2011-11-13,27,10,2101.79,18.35,4,5,4,13,Champions
16416,2011-11-13,27,10,2957.88,24.41,4,5,5,14,Champions
14044,2011-11-13,27,11,3077.7,16.95,4,5,5,14,Champions
17720,2011-11-13,27,12,2768.91,53.85,4,5,4,13,Champions
13984,2011-11-13,27,13,2048.6,432.48,4,5,4,13,Champions
18069,2011-11-13,27,13,4464.92,14.85,4,5,5,14,Champions
13451,2011-11-13,27,13,7090.06,70.95,4,5,5,14,Champions
13700,2011-11-13,27,14,2596.97,27.25,4,5,4,13,Champions
13450,2011-11-13,27,14,4120.04,2.5,4,5,5,14,Champions
14882,2011-11-13,27,15,3546.65,201.6,4,5,5,14,Champions
17211,2011-11-13,27,15,4046.65,44.55,4,5,5,14,Champions
17838,2011-11-13,27,15,6507.5,470.15,4,5,5,14,Champions
12867,2011-11-13,27,16,7829.26,50.6,4,5,5,14,Champions
17790,2011-11-13,27,20,2779.41,0.0,4,5,4,13,Champions
14227,2011-11-13,27,22,6368.71,41.4,4,5,5,14,Champions
17287,2011-11-13,27,23,4049.56,16.25,4,5,5,14,Champions
13178,2011-11-13,27,25,14059.19,61.3,4,5,5,14,Champions
17538,2011-11-14,26,1,98.42,0.0,4,1,1,6,Promising / new
15168,2011-11-14,26,1,106.56,0.0,4,1,1,6,Promising / new
12938,2011-11-14,26,1,114.14,0.0,4,1,1,6,Promising / new
17793,2011-11-14,26,1,300.34,0.0,4,1,2,7,Promising / new
18117,2011-11-14,26,1,315.65,0.0,4,1,2,7,Promising / new
16207,2011-11-14,26,1,394.38,0.0,4,1,2,7,Promising / new
16504,2011-11-14,26,1,465.88,0.0,4,2,2,8,Promising / new
18082,2011-11-14,26,1,680.84,0.0,4,2,3,9,Promising / new
15458,2011-11-14,26,2,370.44,0.0,4,2,2,8,Promising / new
16936,2011-11-14,26,2,548.29,0.0,4,2,2,8,Promising / new
14862,2011-11-14,26,2,841.2,0.0,4,2,3,9,Promising / new
12689,2011-11-14,26,2,1247.61,0.0,4,2,4,10,Big spenders
16478,2011-11-14,26,3,331.0,0.0,4,3,2,9,Loyal
14494,2011-11-14,26,3,401.46,0.0,4,3,2,9,Loyal
12642,2011-11-14,26,3,1013.26,0.0,4,3,3,10,Loyal
15781,2011-11-14,26,4,345.46,11.9,4,3,2,9,Loyal
16519,2011-11-14,26,4,542.76,0.0,4,3,2,9,Loyal
16747,2011-11-14,26,4,836.06,9.1,4,3,3,10,Loyal
12374,2011-11-14,26,4,2989.22,0.0,4,3,5,12,Loyal
15863,2011-11-14,26,5,355.1,0.0,4,3,2,9,Loyal
18211,2011-11-14,26,5,600.07,0.0,4,3,2,9,Loyal
14953,2011-11-14,26,5,971.32,8.4,4,4,3,11,Loyal
15839,2011-11-14,26,5,1048.49,27.75,4,4,3,11,Loyal
16639,2011-11-14,26,5,1747.98,88.13,4,4,4,12,Champions
17081,2011-11-14,26,6,949.39,0.0,4,4,3,11,Loyal
14684,2011-11-14,26,6,1430.03,0.0,4,4,4,12,Champions
15050,2011-11-14,26,7,4087.19,54.92,4,4,5,13,Champions
13835,2011-11-14,26,8,1095.27,50.45,4,4,3,11,Loyal
17235,2011-11-14,26,8,1904.88,0.0,4,4,4,12,Champions
13549,2011-11-14,26,9,1005.8,2.08,4,4,3,11,Loyal
16303,2011-11-14,26,9,7928.27,104.55,4,4,5,13,Champions
15532,2011-11-14,26,12,3738.85,63.85,4,5,5,14,Champions
12428,2011-11-14,26,12,7956.46,79.26,4,5,5,14,Champions
13577,2011-11-14,26,14,3489.28,142.66,4,5,5,14,Champions
15203,2011-11-14,26,15,4400.18,0.0,4,5,5,14,Champions
15365,2011-11-14,26,15,4557.13,983.87,4,5,5,14,Champions
15058,2011-11-14,26,17,3387.58,32.85,4,5,5,14,Champions
15660,2011-11-14,26,18,2812.99,48.85,4,5,4,13,Champions
17652,2011-11-14,26,18,4867.72,130.59,4,5,5,14,Champions
14530,2011-11-14,26,19,6088.87,120.25,4,5,5,14,Champions
17663,2011-11-14,26,23,5175.83,94.79,4,5,5,14,Champions
15125,2011-11-14,26,36,17024.87,900.54,4,5,5,14,Champions
15291,2011-11-14,26,53,13846.56,395.32,4,5,5,14,Champions
14680,2011-11-14,26,87,57369.38,2608.48,4,5,5,14,Champions
15419,2011-11-15,25,1,135.86,0.0,4,1,1,6,Promising / new
14666,2011-11-15,25,1,195.25,0.0,4,1,1,6,Promising / new
15758,2011-11-15,25,1,205.25,0.0,4,1,1,6,Promising / new
17153,2011-11-15,25,1,213.78,0.0,4,1,1,6,Promising / new
15556,2011-11-15,25,1,279.77,0.0,4,1,2,7,Promising / new
16423,2011-11-15,25,1,346.12,0.0,4,1,2,7,Promising / new
16878,2011-11-15,25,2,13.3,13.3,4,2,1,7,Promising / new
16557,2011-11-15,25,2,281.85,0.0,4,2,2,8,Promising / new
17357,2011-11-15,25,2,384.39,0.0,4,2,2,8,Promising / new
17510,2011-11-15,25,2,514.56,0.0,4,2,2,8,Promising / new
15524,2011-11-15,25,2,591.4,0.0,4,2,2,8,Promising / new
12890,2011-11-15,25,2,706.02,0.0,4,2,3,9,Promising / new
15720,2011-11-15,25,2,739.22,0.0,4,2,3,9,Promising / new
13058,2011-11-15,25,3,271.4,0.0,4,3,1,8,Loyal
17564,2011-11-15,25,3,454.01,0.0,4,3,2,9,Loyal
13066,2011-11-15,25,3,470.8,39.9,4,3,2,9,Loyal
17777,2011-11-15,25,3,647.56,0.0,4,3,3,10,Loyal
18123,2011-11-15,25,3,666.64,0.0,4,3,3,10,Loyal
15582,2011-11-15,25,3,682.91,0.0,4,3,3,10,Loyal
13236,2011-11-15,25,3,744.85,17.58,4,3,3,10,Loyal
18043,2011-11-15,25,3,817.2,0.0,4,3,3,10,Loyal
14544,2011-11-15,25,3,2938.53,0.0,4,3,5,12,Loyal
12883,2011-11-15,25,4,703.47,0.0,4,3,3,10,Loyal
15679,2011-11-15,25,4,781.28,0.0,4,3,3,10,Loyal
14725,2011-11-15,25,5,1252.74,50.4,4,4,4,12,Champions
13846,2011-11-15,25,5,1307.79,17.45,4,4,4,12,Champions
17521,2011-11-15,25,6,1278.06,1.25,4,4,4,12,Champions
17974,2011-11-15,25,6,1739.09,0.0,4,4,4,12,Champions
13614,2011-11-15,25,6,2332.74,0.0,4,4,4,12,Champions
14714,2011-11-15,25,7,906.24,9.84,4,4,3,11,Loyal
18181,2011-11-15,25,7,1188.34,21.73,4,4,3,11,Loyal
18259,2011-11-15,25,7,4318.2,0.0,4,4,5,13,Champions
14522,2011-11-15,25,8,1748.42,0.0,4,4,4,12,Champions
14715,2011-11-15,25,8,1825.45,0.0,4,4,4,12,Champions
13692,2011-11-15,25,8,3114.4,97.95,4,4,5,13,Champions
13632,2011-11-15,25,10,3645.81,13.45,4,5,5,14,Champions
16341,2011-11-15,25,10,3850.79,18.5,4,5,5,14,Champions
12933,2011-11-15,25,11,1636.63,59.75,4,5,4,13,Champions
13455,2011-11-15,25,11,2905.93,132.11,4,5,4,13,Champions
12676,2011-11-15,25,12,2843.09,70.0,4,5,4,13,Champions
14533,2011-11-15,25,15,3466.37,281.25,4,5,5,14,Champions
17220,2011-11-15,25,21,4457.31,0.0,4,5,5,14,Champions
17314,2011-11-15,25,22,4904.43,389.73,4,5,5,14,Champions
13735,2011-11-15,25,22,9762.77,340.41,4,5,5,14,Champions
15955,2011-11-15,25,25,8658.36,35.75,4,5,5,14,Champions
15981,2011-11-15,25,27,9362.77,94.7,4,5,5,14,Champions
12415,2011-11-15,25,33,144458.37,1189.08,4,5,5,14,Champions
13926,2011-11-16,24,1,223.85,0.0,4,1,1,6,Promising / new
17896,2011-11-16,24,1,256.32,0.0,4,1,1,6,Promising / new
13449,2011-11-16,24,1,291.88,0.0,4,1,2,7,Promising / new
14109,2011-11-16,24,2,144.2,64.0,4,2,1,7,Promising / new
17549,2011-11-16,24,2,148.86,0.0,4,2,1,7,Promising / new
16855,2011-11-16,24,2,328.4,0.0,4,2,2,8,Promising / new
16999,2011-11-16,24,2,484.82,0.0,4,2,2,8,Promising / new
16804,2011-11-16,24,3,536.99,0.0,4,3,2,9,Loyal
18246,2011-11-16,24,3,758.82,0.0,4,3,3,10,Loyal
12991,2011-11-16,24,3,764.82,0.0,4,3,3,10,Loyal
14851,2011-11-16,24,3,829.41,0.0,4,3,3,10,Loyal
12640,2011-11-16,24,3,1174.58,0.0,4,3,3,10,Loyal
17198,2011-11-16,24,3,1213.88,0.0,4,3,3,10,Loyal
15269,2011-11-16,24,3,1225.36,0.0,4,3,4,11,Loyal
15432,2011-11-16,24,4,320.76,19.5,4,3,2,9,Loyal
17680,2011-11-16,24,4,497.45,34.95,4,3,2,9,Loyal
13816,2011-11-16,24,4,571.67,16.63,4,3,2,9,Loyal
16204,2011-11-16,24,4,918.71,5.0,4,3,3,10,Loyal
18006,2011-11-16,24,4,969.51,0.0,4,3,3,10,Loyal
16916,2011-11-16,24,4,1098.45,0.0,4,3,3,10,Loyal
13447,2011-11-16,24,4,1129.14,24.91,4,3,3,10,Loyal
18263,2011-11-16,24,4,1213.16,2.08,4,3,3,10,Loyal
13575,2011-11-16,24,5,732.07,0.0,4,3,3,10,Loyal
16469,2011-11-16,24,5,803.9,0.0,4,3,3,10,Loyal
15900,2011-11-16,24,5,886.57,9.9,4,3,3,10,Loyal
16669,2011-11-16,24,5,1348.88,1148.73,4,4,4,12,Champions
16245,2011-11-16,24,5,1413.66,61.3,4,4,4,12,Champions
13500,2011-11-16,24,5,1466.3,30.0,4,4,4,12,Champions
13285,2011-11-16,24,6,3364.59,0.0,4,4,5,13,Champions
14948,2011-11-16,24,7,1101.97,35.4,4,4,3,11,Loyal
16278,2011-11-16,24,7,1117.84,61.25,4,4,3,11,Loyal
15584,2011-11-16,24,7,1268.2,2.5,4,4,4,12,Champions
13131,2011-11-16,24,8,3313.77,34.0,4,4,5,13,Champions
15110,2011-11-16,24,9,1505.85,22.9,4,4,4,12,Champions
12993,2011-11-16,24,10,1259.63,68.37,4,4,4,12,Champions
13939,2011-11-16,24,10,1560.96,27.3,4,4,4,12,Champions
16809,2011-11-16,24,10,1727.43,1.95,4,4,4,12,Champions
15051,2011-11-16,24,10,3926.91,15.0,4,5,5,14,Champions
14286,2011-11-16,24,12,8479.76,83.06,4,5,5,14,Champions
16085,2011-11-16,24,13,2341.03,5.8,4,5,4,13,Champions
15967,2011-11-16,24,13,2966.0,22.4,4,5,5,14,Champions
12626,2011-11-16,24,13,6620.48,232.13,4,5,5,14,Champions
14507,2011-11-16,24,14,3216.74,111.94,4,5,5,14,Champions
17596,2011-11-16,24,14,4882.43,13.35,4,5,5,14,Champions
12910,2011-11-16,24,14,5796.52,49.5,4,5,5,14,Champions
16008,2011-11-16,24,15,5339.13,0.0,4,5,5,14,Champions
17368,2011-11-16,24,16,2758.29,612.9,4,5,4,13,Champions
14898,2011-11-16,24,18,3464.45,150.95,4,5,5,14,Champions
16912,2011-11-16,24,18,4460.51,46.71,4,5,5,14,Champions
13629,2011-11-16,24,19,13370.86,0.0,4,5,5,14,Champions
12731,2011-11-16,24,19,25775.71,102.5,4,5,5,14,Champions
14057,2011-11-16,24,23,8346.66,70.56,4,5,5,14,Champions
12500,2011-11-16,24,25,5955.21,82.9,4,5,5,14,Champions
18075,2011-11-16,24,31,5783.29,203.38,4,5,5,14,Champions
15805,2011-11-16,24,40,10148.93,480.31,4,5,5,14,Champions
17377,2011-11-16,24,91,18232.57,468.0,4,5,5,14,Champions
15657,2011-11-17,23,1,30.0,0.0,4,1,1,6,Promising / new
13160,2011-11-17,23,1,91.8,0.0,4,1,1,6,Promising / new
15435,2011-11-17,23,1,149.29,0.0,4,1,1,6,Promising / new
14362,2011-11-17,23,1,151.5,0.0,4,1,1,6,Promising / new
13828,2011-11-17,23,1,209.49,0.0,4,1,1,6,Promising / new
17985,2011-11-17,23,1,631.35,0.0,4,2,3,9,Promising / new
14416,2011-11-17,23,2,490.22,0.0,4,2,2,8,Promising / new
16070,2011-11-17,23,2,852.15,0.0,4,2,3,9,Promising / new
12847,2011-11-17,23,2,1609.0,0.0,4,2,4,10,Big spenders
12445,2011-11-17,23,3,434.98,8.5,4,3,2,9,Loyal
13028,2011-11-17,23,3,661.32,1.64,4,3,3,10,Loyal
17461,2011-11-17,23,3,735.82,0.0,4,3,3,10,Loyal
17397,2011-11-17,23,3,1198.28,0.0,4,3,3,10,Loyal
17330,2011-11-17,23,4,423.8,0.0,4,3,2,9,Loyal
15124,2011-11-17,23,4,450.82,0.0,4,3,2,9,Loyal
14034,2011-11-17,23,4,648.89,139.8,4,3,3,10,Loyal
14234,2011-11-17,23,4,754.12,0.0,4,3,3,10,Loyal
16009,2011-11-17,23,4,972.11,0.0,4,3,3,10,Loyal
13894,2011-11-17,23,5,564.62,28.65,4,3,2,9,Loyal
16869,2011-11-17,23,5,817.12,19.8,4,3,3,10,Loyal
13308,2011-11-17,23,5,1670.37,17.9,4,4,4,12,Champions
15267,2011-11-17,23,5,1717.36,0.0,4,4,4,12,Champions
14332,2011-11-17,23,5,1917.41,0.0,4,4,4,12,Champions
14508,2011-11-17,23,6,822.92,18.85,4,4,3,11,Loyal
15287,2011-11-17,23,6,856.03,1.45,4,4,3,11,Loyal
15506,2011-11-17,23,6,2030.33,0.0,4,4,4,12,Champions
12449,2011-11-17,23,6,4835.89,0.0,4,4,5,13,Champions
12356,2011-11-17,23,6,6371.73,0.0,4,4,5,13,Champions
12610,2011-11-17,23,7,2099.54,41.55,4,4,4,12,Champions
16871,2011-11-17,23,7,2812.34,50.85,4,4,4,12,Champions
12406,2011-11-17,23,7,6390.36,318.15,4,4,5,13,Champions
17080,2011-11-17,23,8,957.53,2.12,4,4,3,11,Loyal
18221,2011-11-17,23,8,1424.94,54.6,4,4,4,12,Champions
13138,2011-11-17,23,8,1467.24,12.75,4,4,4,12,Champions
17797,2011-11-17,23,8,1971.87,0.0,4,4,4,12,Champions
15983,2011-11-17,23,8,3924.02,0.0,4,4,5,13,Champions
12539,2011-11-17,23,8,11214.75,1715.85,4,4,5,13,Champions
16298,2011-11-17,23,9,1085.7,5.7,4,4,3,11,Loyal
15864,2011-11-17,23,9,2180.76,166.54,4,4,4,12,Champions
13815,2011-11-17,23,10,7475.74,189.95,4,5,5,14,Champions
16042,2011-11-17,23,11,2245.32,112.12,4,5,4,13,Champions
16531,2011-11-17,23,12,2298.33,34.75,4,5,4,13,Champions
15489,2011-11-17,23,12,2419.61,92.25,4,5,4,13,Champions
17095,2011-11-17,23,12,2572.25,259.66,4,5,4,13,Champions
12477,2011-11-17,23,12,20276.37,102.73,4,5,5,14,Champions
15081,2011-11-17,23,13,1965.72,17.45,4,5,4,13,Champions
15529,2011-11-17,23,13,5079.32,27.45,4,5,5,14,Champions
13313,2011-11-17,23,15,3445.32,22.05,4,5,5,14,Champions
12997,2011-11-17,23,16,2110.91,45.8,4,5,4,13,Champions
16638,2011-11-17,23,16,2430.53,4.25,4,5,4,13,Champions
17147,2011-11-17,23,16,3199.95,130.8,4,5,5,14,Champions
17613,2011-11-17,23,17,4544.55,49.78,4,5,5,14,Champions
12567,2011-11-17,23,17,13709.86,316.04,4,5,5,14,Champions
12481,2011-11-17,23,18,12344.89,144.36,4,5,5,14,Champions
13871,2011-11-17,23,21,7885.85,80.9,4,5,5,14,Champions
17799,2011-11-17,23,23,6246.93,125.15,4,5,5,14,Champions
14112,2011-11-17,23,27,5834.59,310.08,4,5,5,14,Champions
17716,2011-11-17,23,27,15956.97,285.65,4,5,5,14,Champions
12712,2011-11-17,23,28,7193.66,214.0,4,5,5,14,Champions
16186,2011-11-17,23,30,9026.11,42.2,4,5,5,14,Champions
16656,2011-11-17,23,44,16833.17,525.45,4,5,5,14,Champions
12647,2011-11-17,23,45,17924.35,241.56,4,5,5,14,Champions
14641,2011-11-18,22,1,110.46,0.0,4,1,1,6,Promising / new
17650,2011-11-18,22,1,166.08,0.0,4,1,1,6,Promising / new
12618,2011-11-18,22,1,177.31,0.0,4,1,1,6,Promising / new
12603,2011-11-18,22,1,739.2,0.0,4,2,3,9,Promising / new
14073,2011-11-18,22,2,151.04,11.5,4,2,1,7,Promising / new
17904,2011-11-18,22,2,181.07,12.75,4,2,1,7,Promising / new
13960,2011-11-18,22,2,230.22,0.0,4,2,1,7,Promising / new
17301,2011-11-18,22,2,294.39,0.0,4,2,2,8,Promising / new
15368,2011-11-18,22,2,722.74,0.0,4,2,3,9,Promising / new
13962,2011-11-18,22,3,362.8,0.0,4,3,2,9,Loyal
17286,2011-11-18,22,3,389.18,0.0,4,3,2,9,Loyal
12498,2011-11-18,22,3,403.7,0.0,4,3,2,9,Loyal
18034,2011-11-18,22,3,754.2,0.0,4,3,3,10,Loyal
15933,2011-11-18,22,3,1107.46,0.0,4,3,3,10,Loyal
15088,2011-11-18,22,3,1160.07,19.8,4,3,3,10,Loyal
17163,2011-11-18,22,4,699.78,0.0,4,3,3,10,Loyal
16924,2011-11-18,22,4,829.89,107.25,4,3,3,10,Loyal
13396,2011-11-18,22,4,1360.99,35.7,4,3,4,11,Loyal
13516,2011-11-18,22,4,1685.26,0.0,4,3,4,11,Loyal
16414,2011-11-18,22,5,551.21,0.0,4,3,2,9,Loyal
17779,2011-11-18,22,5,650.32,16.4,4,3,3,10,Loyal
12781,2011-11-18,22,5,826.74,119.02,4,3,3,10,Loyal
12697,2011-11-18,22,5,957.59,18.57,4,4,3,11,Loyal
14902,2011-11-18,22,5,1035.62,35.35,4,4,3,11,Loyal
15530,2011-11-18,22,5,1808.68,0.0,4,4,4,12,Champions
12444,2011-11-18,22,5,5005.46,0.0,4,4,5,13,Champions
14434,2011-11-18,22,6,1372.8,0.0,4,4,4,12,Champions
16511,2011-11-18,22,6,1760.49,0.0,4,4,4,12,Champions
17159,2011-11-18,22,6,2099.59,4.15,4,4,4,12,Champions
13091,2011-11-18,22,6,2321.82,2452.04,4,4,4,12,Champions
15494,2011-11-18,22,6,3702.6,9.1,4,4,5,13,Champions
17760,2011-11-18,22,7,918.93,7.25,4,4,3,11,Loyal
16463,2011-11-18,22,7,1422.4,38.7,4,4,4,12,Champions
16134,2011-11-18,22,7,2145.34,25.35,4,4,4,12,Champions
12391,2011-11-18,22,7,2724.84,25.6,4,4,4,12,Champions
12578,2011-11-18,22,7,4642.45,70.0,4,4,5,13,Champions
17621,2011-11-18,22,8,3175.12,145.8,4,4,5,13,Champions
13895,2011-11-18,22,8,4008.52,84.9,4,4,5,13,Champions
14342,2011-11-18,22,9,918.44,75.7,4,4,3,11,Loyal
14820,2011-11-18,22,9,1274.76,0.0,4,4,4,12,Champions
14285,2011-11-18,22,9,3284.42,125.78,4,4,5,13,Champions
18276,2011-11-18,22,10,1656.52,35.85,4,4,4,12,Champions
14903,2011-11-18,22,10,2795.33,66.15,4,5,4,13,Champions
16560,2011-11-18,22,10,3048.38,37.65,4,5,5,14,Champions
14315,2011-11-18,22,10,3197.82,29.1,4,5,5,14,Champions
16279,2011-11-18,22,10,5698.28,12.9,4,5,5,14,Champions
16350,2011-11-18,22,12,2253.89,47.4,4,5,4,13,Champions
13381,2011-11-18,22,15,8224.37,39.35,4,5,5,14,Champions
12380,2011-11-18,22,15,9676.3,1788.3,4,5,5,14,Champions
13094,2011-11-18,22,17,2433.12,218.46,4,5,4,13,Champions
13880,2011-11-18,22,17,4391.66,0.0,4,5,5,14,Champions
13941,2011-11-18,22,17,11122.3,276.15,4,5,5,14,Champions
14593,2011-11-18,22,18,3665.53,96.84,4,5,5,14,Champions
13117,2011-11-18,22,19,2643.81,1.7,4,5,4,13,Champions
12779,2011-11-18,22,21,6722.27,315.51,4,5,5,14,Champions
18061,2011-11-18,22,29,6488.97,8.5,4,5,5,14,Champions
16945,2011-11-18,22,35,8548.16,17.5,4,5,5,14,Champions
14849,2011-11-18,22,50,15763.45,221.01,4,5,5,14,Champions
12931,2011-11-18,22,71,92347.34,21047.67,4,5,5,14,Champions
17961,2011-11-18,22,102,2994.29,16.45,4,5,5,14,Champions
12702,2011-11-20,20,1,219.0,0.0,4,1,1,6,Promising / new
14881,2011-11-20,20,1,255.4,0.0,4,1,1,6,Promising / new
13142,2011-11-20,20,1,307.09,0.0,4,1,2,7,Promising / new
16506,2011-11-20,20,2,90.3,0.0,4,2,1,7,Promising / new
16666,2011-11-20,20,2,217.71,0.0,4,2,1,7,Promising / new
18040,2011-11-20,20,2,357.2,0.0,4,2,2,8,Promising / new
14052,2011-11-20,20,2,466.66,0.0,4,2,2,8,Promising / new
15963,2011-11-20,20,2,470.76,0.0,4,2,2,8,Promising / new
14664,2011-11-20,20,2,636.24,0.0,4,2,3,9,Promising / new
15919,2011-11-20,20,2,739.77,0.0,4,2,3,9,Promising / new
17387,2011-11-20,20,2,746.81,0.0,4,2,3,9,Promising / new
17425,2011-11-20,20,2,759.17,0.0,4,2,3,9,Promising / new
18110,2011-11-20,20,3,392.28,30.25,4,3,2,9,Loyal
13565,2011-11-20,20,3,414.8,0.0,4,3,2,9,Loyal
17384,2011-11-20,20,3,507.55,0.0,4,3,2,9,Loyal
16399,2011-11-20,20,3,630.22,0.0,4,3,3,10,Loyal
15988,2011-11-20,20,3,738.89,0.0,4,3,3,10,Loyal
16762,2011-11-20,20,3,1207.24,0.0,4,3,3,10,Loyal
16464,2011-11-20,20,3,1298.66,0.0,4,3,4,11,Loyal
18127,2011-11-20,20,4,556.13,0.0,4,3,2,9,Loyal
17561,2011-11-20,20,4,703.02,0.0,4,3,3,10,Loyal
13200,2011-11-20,20,4,870.09,0.0,4,3,3,10,Loyal
16411,2011-11-20,20,4,884.94,0.0,4,3,3,10,Loyal
15533,2011-11-20,20,5,807.57,60.65,4,3,3,10,Loyal
16784,2011-11-20,20,5,892.33,0.0,4,3,3,10,Loyal
17555,2011-11-20,20,5,1045.74,0.0,4,4,3,11,Loyal
16533,2011-11-20,20,5,1082.81,68.62,4,4,3,11,Loyal
16212,2011-11-20,20,5,1293.71,9.15,4,4,4,12,Champions
14116,2011-11-20,20,5,1382.74,0.0,4,4,4,12,Champions
12597,2011-11-20,20,5,3811.22,128.09,4,4,5,13,Champions
14359,2011-11-20,20,6,912.18,29.6,4,4,3,11,Loyal
14157,2011-11-20,20,6,978.69,32.45,4,4,3,11,Loyal
13427,2011-11-20,20,6,1006.53,0.0,4,4,3,11,Loyal
15850,2011-11-20,20,6,1006.75,0.0,4,4,3,11,Loyal
14984,2011-11-20,20,6,1260.51,0.0,4,4,4,12,Champions
14595,2011-11-20,20,8,2164.45,0.0,4,4,4,12,Champions
12778,2011-11-20,20,10,1775.68,18.0,4,4,4,12,Champions
14553,2011-11-20,20,10,1818.6,25.5,4,4,4,12,Champions
14477,2011-11-20,20,10,1969.6,8.99,4,4,4,12,Champions
15426,2011-11-20,20,11,2538.92,22.44,4,5,4,13,Champions
13988,2011-11-20,20,11,4757.8,49.16,4,5,5,14,Champions
13118,2011-11-20,20,12,2415.41,81.31,4,5,4,13,Champions
15906,2011-11-20,20,12,2530.19,87.75,4,5,4,13,Champions
17758,2011-11-20,20,12,4964.03,0.0,4,5,5,14,Champions
14502,2011-11-20,20,14,2429.83,119.65,4,5,4,13,Champions
17738,2011-11-20,20,15,4183.56,38.2,4,5,5,14,Champions
16710,2011-11-20,20,23,6291.77,12.75,4,5,5,14,Champions
14159,2011-11-20,20,25,7860.8,366.13,4,5,5,14,Champions
12540,2011-11-20,20,36,22254.49,147.2,4,5,5,14,Champions
15465,2011-11-20,20,39,12636.15,429.5,4,5,5,14,Champions
15044,2011-11-20,20,47,16024.15,362.8,4,5,5,14,Champions
14300,2011-11-21,19,1,43.2,0.0,4,1,1,6,Promising / new
12984,2011-11-21,19,1,97.5,0.0,4,1,1,6,Promising / new
17253,2011-11-21,19,1,178.26,0.0,4,1,1,6,Promising / new
15567,2011-11-21,19,1,186.01,0.0,4,1,1,6,Promising / new
12795,2011-11-21,19,1,430.48,0.0,4,2,2,8,Promising / new
12658,2011-11-21,19,1,686.05,0.0,4,2,3,9,Promising / new
13189,2011-11-21,19,2,260.68,0.0,4,2,1,7,Promising / new
13739,2011-11-21,19,2,292.2,0.0,4,2,2,8,Promising / new
15163,2011-11-21,19,2,304.47,0.0,4,2,2,8,Promising / new
13673,2011-11-21,19,2,387.44,0.0,4,2,2,8,Promising / new
12904,2011-11-21,19,2,496.06,0.0,4,2,2,8,Promising / new
15857,2011-11-21,19,2,570.48,0.0,4,2,2,8,Promising / new
17100,2011-11-21,19,2,971.74,0.0,4,2,3,9,Promising / new
18080,2011-11-21,19,2,1231.5,0.0,4,2,4,10,Big spenders
15115,2011-11-21,19,3,531.85,3.75,4,3,2,9,Loyal
12878,2011-11-21,19,3,854.99,13.35,4,3,3,10,Loyal
16406,2011-11-21,19,4,528.36,18.7,4,3,2,9,Loyal
13430,2011-11-21,19,4,679.45,30.76,4,3,3,10,Loyal
15645,2011-11-21,19,4,1055.17,12.6,4,3,3,10,Loyal
17664,2011-11-21,19,4,1166.23,0.0,4,3,3,10,Loyal
16366,2011-11-21,19,4,1548.13,0.0,4,3,4,11,Loyal
15132,2011-11-21,19,5,977.93,0.0,4,4,3,11,Loyal
16139,2011-11-21,19,5,1111.15,0.0,4,4,3,11,Loyal
13167,2011-11-21,19,5,1125.15,0.0,4,4,3,11,Loyal
12349,2011-11-21,19,5,4428.69,24.15,4,4,5,13,Champions
12504,2011-11-21,19,6,779.05,368.05,4,4,3,11,Loyal
15406,2011-11-21,19,6,975.87,84.1,4,4,3,11,Loyal
14447,2011-11-21,19,6,1711.73,0.0,4,4,4,12,Champions
14883,2011-11-21,19,7,761.59,4.95,4,4,3,11,Loyal
13282,2011-11-21,19,7,1313.19,84.3,4,4,4,12,Champions
16369,2011-11-21,19,7,2656.56,0.0,4,4,4,12,Champions
14449,2011-11-21,19,8,2441.2,0.0,4,4,4,12,Champions
13823,2011-11-21,19,8,3403.45,44.9,4,4,5,13,Champions
17625,2011-11-21,19,8,5978.9,0.0,5,4,5,14,Champions
14551,2011-11-21,19,9,878.09,21.45,5,4,3,12,Loyal
17432,2011-11-21,19,9,1728.99,0.0,5,4,4,13,Champions
15105,2011-11-21,19,9,3094.91,0.0,5,4,5,14,Champions
14587,2011-11-21,19,10,1580.29,2.9,5,4,4,13,Champions
15671,2011-11-21,19,10,2657.13,21.64,5,5,4,14,Champions
13862,2011-11-21,19,11,2556.09,22.05,5,5,4,14,Champions
17227,2011-11-21,19,12,2021.18,0.0,5,5,4,14,Champions
13246,2011-11-21,19,14,3351.75,109.75,5,5,5,15,Champions
14482,2011-11-21,19,14,4306.72,165.66,5,5,5,15,Champions
15681,2011-11-21,19,16,2989.7,509.5,5,5,5,15,Champions
15179,2011-11-21,19,17,7491.92,65.1,5,5,5,15,Champions
14030,2011-11-21,19,22,8198.3,116.7,5,5,5,15,Champions
14426,2011-11-21,19,27,11727.94,623.97,5,5,5,15,Champions
17888,2011-11-21,19,31,1807.44,501.54,5,5,4,14,Champions
15527,2011-11-21,19,31,5554.89,533.86,5,5,5,15,Champions
15093,2011-11-21,19,34,14326.11,668.23,5,5,5,15,Champions
16713,2011-11-21,19,41,14529.99,180.15,5,5,5,15,Champions
15738,2011-11-21,19,45,13372.97,30.85,5,5,5,15,Champions
18249,2011-11-22,18,1,95.34,0.0,5,1,1,7,Promising / new
17297,2011-11-22,18,1,128.18,0.0,5,1,1,7,Promising / new
17600,2011-11-22,18,1,161.67,0.0,5,1,1,7,Promising / new
13322,2011-11-22,18,1,199.48,0.0,5,1,1,7,Promising / new
15699,2011-11-22,18,1,309.65,0.0,5,1,2,8,Promising / new
13986,2011-11-22,18,1,320.46,0.0,5,1,2,8,Promising / new
14424,2011-11-22,18,1,322.08,0.0,5,1,2,8,Promising / new
18274,2011-11-22,18,2,175.92,175.92,5,2,1,8,Promising / new
17453,2011-11-22,18,2,486.72,0.0,5,2,2,9,Promising / new
16352,2011-11-22,18,2,494.44,0.0,5,2,2,9,Promising / new
15634,2011-11-22,18,2,554.65,0.0,5,2,2,9,Promising / new
16311,2011-11-22,18,2,616.26,0.0,5,2,3,10,Promising / new
15977,2011-11-22,18,2,1054.73,0.0,5,2,3,10,Promising / new
17313,2011-11-22,18,2,2328.84,40.71,5,2,4,11,Big spenders
14768,2011-11-22,18,3,192.6,53.1,5,2,1,8,Promising / new
13403,2011-11-22,18,3,229.5,0.0,5,2,1,8,Promising / new
13832,2011-11-22,18,3,609.89,11.25,5,3,3,11,Loyal
17500,2011-11-22,18,3,1138.0,0.0,5,3,3,11,Loyal
13363,2011-11-22,18,3,1723.86,0.0,5,3,4,12,Loyal
12920,2011-11-22,18,4,486.64,0.0,5,3,2,10,Loyal
13247,2011-11-22,18,4,501.12,0.0,5,3,2,10,Loyal
16164,2011-11-22,18,4,822.48,19.95,5,3,3,11,Loyal
13681,2011-11-22,18,4,827.83,0.0,5,3,3,11,Loyal
13569,2011-11-22,18,4,836.36,0.0,5,3,3,11,Loyal
13940,2011-11-22,18,4,839.14,0.0,5,3,3,11,Loyal
15116,2011-11-22,18,4,1352.75,0.0,5,3,4,12,Loyal
17073,2011-11-22,18,4,1446.09,0.0,5,3,4,12,Loyal
12936,2011-11-22,18,5,1063.9,51.0,5,4,3,12,Loyal
17759,2011-11-22,18,5,1261.88,0.0,5,4,4,13,Champions
12586,2011-11-22,18,5,2062.67,34.0,5,4,4,13,Champions
16532,2011-11-22,18,5,8756.64,0.0,5,4,5,14,Champions
17371,2011-11-22,18,6,655.37,0.0,5,4,3,12,Loyal
16261,2011-11-22,18,6,1041.16,0.0,5,4,3,12,Loyal
14297,2011-11-22,18,6,1305.33,21.27,5,4,4,13,Champions
17155,2011-11-22,18,7,892.46,0.0,5,4,3,12,Loyal
13499,2011-11-22,18,7,1159.11,12.15,5,4,3,12,Loyal
17360,2011-11-22,18,7,1200.51,29.95,5,4,3,12,Loyal
15106,2011-11-22,18,7,1422.52,14.79,5,4,4,13,Champions
14657,2011-11-22,18,7,1450.19,9.95,5,4,4,13,Champions
13456,2011-11-22,18,7,1766.72,28.9,5,4,4,13,Champions
16633,2011-11-22,18,7,2883.1,4.95,5,4,4,13,Champions
16107,2011-11-22,18,7,3204.16,0.0,5,4,5,14,Champions
14506,2011-11-22,18,7,3217.25,0.0,5,4,5,14,Champions
16330,2011-11-22,18,8,625.38,9.7,5,4,3,12,Loyal
12775,2011-11-22,18,8,1686.12,34.8,5,4,4,13,Champions
18139,2011-11-22,18,8,8438.34,45.12,5,4,5,14,Champions
14834,2011-11-22,18,9,2206.16,21.95,5,4,4,13,Champions
15811,2011-11-22,18,10,3776.0,47.3,5,5,5,15,Champions
17075,2011-11-22,18,11,2236.63,20.35,5,5,4,14,Champions
15497,2011-11-22,18,11,8657.39,13.93,5,5,5,15,Champions
14467,2011-11-22,18,12,2203.24,0.0,5,5,4,14,Champions
12656,2011-11-22,18,12,6407.83,87.05,5,5,5,15,Champions
17324,2011-11-22,18,13,2298.12,153.0,5,5,4,14,Champions
15965,2011-11-22,18,14,2928.13,13.75,5,5,5,15,Champions
16128,2011-11-22,18,14,3801.05,52.65,5,5,5,15,Champions
15845,2011-11-22,18,14,4426.28,152.63,5,5,5,15,Champions
16655,2011-11-22,18,14,6423.26,35.1,5,5,5,15,Champions
15150,2011-11-22,18,14,8977.94,10.5,5,5,5,15,Champions
13268,2011-11-22,18,15,3174.75,47.05,5,5,5,15,Champions
16748,2011-11-22,18,15,3637.33,5.04,5,5,5,15,Champions
14515,2011-11-22,18,15,3724.06,30.36,5,5,5,15,Champions
16365,2011-11-22,18,16,3307.2,10.4,5,5,5,15,Champions
17519,2011-11-22,18,17,5109.47,6.67,5,5,5,15,Champions
15971,2011-11-22,18,20,5902.83,972.4,5,5,5,15,Champions
17338,2011-11-22,18,20,11889.33,106.0,5,5,5,15,Champions
16722,2011-11-22,18,26,8989.08,21.25,5,5,5,15,Champions
16985,2011-11-22,18,26,10923.16,377.4,5,5,5,15,Champions
12483,2011-11-22,18,27,5097.18,273.71,5,5,5,15,Champions
14505,2011-11-22,18,27,11879.08,283.04,5,5,5,15,Champions
16607,2011-11-22,18,29,5706.87,331.69,5,5,5,15,Champions
13488,2011-11-22,18,29,15587.88,74.15,5,5,5,15,Champions
12474,2011-11-22,18,54,12372.75,458.0,5,5,5,15,Champions
16422,2011-11-22,18,146,63589.07,2540.93,5,5,5,15,Champions
17010,2011-11-23,17,2,195.36,9.9,5,2,1,8,Promising / new
15949,2011-11-23,17,2,364.72,0.0,5,2,2,9,Promising / new
13899,2011-11-23,17,2,388.52,0.0,5,2,2,9,Promising / new
14581,2011-11-23,17,2,409.65,0.0,5,2,2,9,Promising / new
14335,2011-11-23,17,2,454.86,0.0,5,2,2,9,Promising / new
14675,2011-11-23,17,2,1015.58,0.0,5,2,3,10,Promising / new
12452,2011-11-23,17,3,430.57,2.0,5,3,2,10,Loyal
16343,2011-11-23,17,3,614.12,0.0,5,3,3,11,Loyal
16185,2011-11-23,17,3,644.72,0.0,5,3,3,11,Loyal
16020,2011-11-23,17,3,851.01,0.0,5,3,3,11,Loyal
13350,2011-11-23,17,3,979.12,68.4,5,3,3,11,Loyal
16653,2011-11-23,17,3,1212.66,45.74,5,3,3,11,Loyal
15398,2011-11-23,17,3,1345.53,5.9,5,3,4,12,Loyal
16079,2011-11-23,17,3,1352.0,0.0,5,3,4,12,Loyal
15743,2011-11-23,17,4,775.96,0.0,5,3,3,11,Loyal
14336,2011-11-23,17,4,1614.91,0.0,5,3,4,12,Loyal
18084,2011-11-23,17,5,795.23,619.2,5,3,3,11,Loyal
15393,2011-11-23,17,5,891.34,0.0,5,3,3,11,Loyal
17410,2011-11-23,17,5,1214.72,0.0,5,4,3,12,Loyal
14020,2011-11-23,17,5,1249.01,35.75,5,4,4,13,Champions
16066,2011-11-23,17,5,1521.04,0.0,5,4,4,13,Champions
13502,2011-11-23,17,6,780.5,5.9,5,4,3,12,Loyal
17034,2011-11-23,17,7,1276.42,44.6,5,4,4,13,Champions
16660,2011-11-23,17,8,1879.55,457.2,5,4,4,13,Champions
12557,2011-11-23,17,8,18716.14,0.0,5,4,5,14,Champions
15901,2011-11-23,17,9,687.72,18.99,5,4,3,12,Loyal
17463,2011-11-23,17,9,2535.26,20.0,5,4,4,13,Champions
13139,2011-11-23,17,9,8202.98,9.15,5,4,5,14,Champions
12948,2011-11-23,17,10,2317.43,11.25,5,5,4,14,Champions
14790,2011-11-23,17,10,2526.62,0.0,5,5,4,14,Champions
14912,2011-11-23,17,11,1889.25,1140.67,5,5,4,14,Champions
17135,2011-11-23,17,11,1937.76,10.92,5,5,4,14,Champions
15253,2011-11-23,17,12,2055.09,21.8,5,5,4,14,Champions
13174,2011-11-23,17,12,9364.42,0.0,5,5,5,15,Champions
13742,2011-11-23,17,14,3107.87,28.6,5,5,5,15,Champions
17725,2011-11-23,17,14,3439.08,67.95,5,5,5,15,Champions
12619,2011-11-23,17,14,3781.38,426.43,5,5,5,15,Champions
14334,2011-11-23,17,14,4318.48,25.5,5,5,5,15,Champions
17685,2011-11-23,17,14,5907.47,15.0,5,5,5,15,Champions
15727,2011-11-23,17,15,9371.71,0.0,5,5,5,15,Champions
13650,2011-11-23,17,16,3288.0,189.5,5,5,5,15,Champions
15916,2011-11-23,17,17,3377.69,149.5,5,5,5,15,Champions
14744,2011-11-23,17,17,3885.08,64.06,5,5,5,15,Champions
17700,2011-11-23,17,17,6679.97,49.1,5,5,5,15,Champions
14049,2011-11-23,17,18,13023.4,175.0,5,5,5,15,Champions
16255,2011-11-23,17,19,4904.25,72.41,5,5,5,15,Champions
13448,2011-11-23,17,19,9189.89,793.12,5,5,5,15,Champions
17422,2011-11-23,17,20,3594.76,253.11,5,5,5,15,Champions
13831,2011-11-23,17,20,6993.54,14.4,5,5,5,15,Champions
17469,2011-11-23,17,22,5051.25,92.91,5,5,5,15,Champions
14099,2011-11-23,17,22,5750.91,65.2,5,5,5,15,Champions
17809,2011-11-23,17,24,11337.39,838.54,5,5,5,15,Champions
16670,2011-11-23,17,33,8030.15,243.49,5,5,5,15,Champions
13018,2011-11-23,17,37,9763.16,20.35,5,5,5,15,Champions
18184,2011-11-24,16,1,49.8,0.0,5,1,1,7,Promising / new
13638,2011-11-24,16,1,122.64,0.0,5,1,1,7,Promising / new
16482,2011-11-24,16,1,220.62,0.0,5,1,1,7,Promising / new
17247,2011-11-24,16,1,280.09,0.0,5,1,2,8,Promising / new
15725,2011-11-24,16,1,415.25,0.0,5,2,2,9,Promising / new
16189,2011-11-24,16,2,215.48,0.0,5,2,1,8,Promising / new
17767,2011-11-24,16,2,413.05,0.0,5,2,2,9,Promising / new
16616,2011-11-24,16,2,500.42,0.0,5,2,2,9,Promising / new
17458,2011-11-24,16,2,529.58,0.0,5,2,2,9,Promising / new
14539,2011-11-24,16,2,537.48,0.0,5,2,2,9,Promising / new
16824,2011-11-24,16,3,686.24,0.0,5,3,3,11,Loyal
13207,2011-11-24,16,4,535.86,0.0,5,3,2,10,Loyal
16596,2011-11-24,16,4,579.63,0.0,5,3,2,10,Loyal
16157,2011-11-24,16,4,656.69,12.45,5,3,3,11,Loyal
16885,2011-11-24,16,4,684.6,0.0,5,3,3,11,Loyal
15428,2011-11-24,16,4,762.75,0.0,5,3,3,11,Loyal
14591,2011-11-24,16,4,1320.21,0.0,5,3,4,12,Loyal
14756,2011-11-24,16,4,2653.76,40.3,5,3,4,12,Loyal
16566,2011-11-24,16,6,614.66,0.65,5,4,3,12,Loyal
17516,2011-11-24,16,6,947.5,0.0,5,4,3,12,Loyal
15594,2011-11-24,16,6,1771.78,4.25,5,4,4,13,Champions
13277,2011-11-24,16,7,523.3,0.0,5,4,2,11,Loyal
14805,2011-11-24,16,7,1082.55,0.0,5,4,3,12,Loyal
16173,2011-11-24,16,7,1418.32,11.75,5,4,4,13,Champions
17671,2011-11-24,16,7,2403.34,288.63,5,4,4,13,Champions
12421,2011-11-24,16,8,1098.6,5.77,5,4,3,12,Loyal
18188,2011-11-24,16,8,3280.59,17.4,5,4,5,14,Champions
12388,2011-11-24,16,8,3901.11,0.0,5,4,5,14,Champions
14987,2011-11-24,16,9,1713.85,81.6,5,4,4,13,Champions
12937,2011-11-24,16,9,3097.61,0.0,5,4,5,14,Champions
16609,2011-11-24,16,9,5493.46,42.5,5,4,5,14,Champions
15632,2011-11-24,16,10,3285.31,138.0,5,5,5,15,Champions
13719,2011-11-24,16,11,2783.08,0.0,5,5,4,14,Champions
17345,2011-11-24,16,12,1586.63,120.3,5,5,4,14,Champions
16668,2011-11-24,16,13,862.42,0.0,5,5,3,13,Loyal
13588,2011-11-24,16,13,2478.95,33.83,5,5,4,14,Champions
17228,2011-11-24,16,13,3175.98,0.0,5,5,5,15,Champions
17133,2011-11-24,16,13,14622.33,1650.24,5,5,5,15,Champions
17323,2011-11-24,16,14,1551.04,12.08,5,5,4,14,Champions
14277,2011-11-24,16,14,17197.61,12901.34,5,5,5,15,Champions
15858,2011-11-24,16,15,3936.34,42.5,5,5,5,15,Champions
14640,2011-11-24,16,16,3649.36,203.03,5,5,5,15,Champions
14410,2011-11-24,16,17,2631.9,526.82,5,5,4,14,Champions
15034,2011-11-24,16,17,8231.2,30.95,5,5,5,15,Champions
13995,2011-11-24,16,18,3902.01,65.75,5,5,5,15,Champions
12395,2011-11-24,16,18,5067.27,20.35,5,5,5,15,Champions
12757,2011-11-24,16,19,7834.65,3629.4,5,5,5,15,Champions
15953,2011-11-24,16,21,3648.08,144.85,5,5,5,15,Champions
12705,2011-11-24,16,22,11762.1,208.1,5,5,5,15,Champions
15482,2011-11-24,16,24,14417.36,6484.73,5,5,5,15,Champions
17975,2011-11-24,16,26,7010.43,101.15,5,5,5,15,Champions
14709,2011-11-24,16,27,8886.33,19.85,5,5,5,15,Champions
15502,2011-11-24,16,27,13933.27,5319.94,5,5,5,15,Champions
14607,2011-11-24,16,27,23763.13,5392.07,5,5,5,15,Champions
17139,2011-11-24,16,29,19566.76,92.85,5,5,5,15,Champions
15270,2011-11-24,16,31,8524.86,1283.67,5,5,5,15,Champions
15005,2011-11-24,16,76,13977.08,341.68,5,5,5,15,Champions
13256,2011-11-25,15,1,0.0,0.0,5,1,1,7,Promising / new
14946,2011-11-25,15,1,100.9,0.0,5,1,1,7,Promising / new
17385,2011-11-25,15,1,256.11,0.0,5,1,1,7,Promising / new
14703,2011-11-25,15,1,318.17,0.0,5,1,2,8,Promising / new
13332,2011-11-25,15,1,350.9,0.0,5,1,2,8,Promising / new
13978,2011-11-25,15,2,196.79,0.0,5,2,1,8,Promising / new
13525,2011-11-25,15,2,628.78,0.0,5,2,3,10,Promising / new
12438,2011-11-25,15,2,2906.85,0.0,5,2,4,11,Big spenders
16856,2011-11-25,15,3,358.49,0.0,5,3,2,10,Loyal
12620,2011-11-25,15,3,1339.41,0.0,5,3,4,12,Loyal
12531,2011-11-25,15,3,1933.2,34.15,5,3,4,12,Loyal
17557,2011-11-25,15,4,575.46,0.0,5,3,2,10,Loyal
15872,2011-11-25,15,4,729.25,0.0,5,3,3,11,Loyal
17624,2011-11-25,15,4,1568.63,0.0,5,3,4,12,Loyal
13149,2011-11-25,15,4,1676.06,0.0,5,3,4,12,Loyal
14111,2011-11-25,15,5,692.85,4.25,5,3,3,11,Loyal
17329,2011-11-25,15,5,998.53,0.0,5,4,3,12,Loyal
15186,2011-11-25,15,5,1403.2,0.0,5,4,4,13,Champions
14966,2011-11-25,15,6,1064.26,0.0,5,4,3,12,Loyal
13589,2011-11-25,15,6,1120.74,0.0,5,4,3,12,Loyal
17302,2011-11-25,15,6,1135.63,15.7,5,4,3,12,Loyal
13579,2011-11-25,15,6,1539.04,3.2,5,4,4,13,Champions
17813,2011-11-25,15,7,1698.07,56.28,5,4,4,13,Champions
13437,2011-11-25,15,7,3408.06,0.0,5,4,5,14,Champions
17562,2011-11-25,15,8,1122.38,15.0,5,4,3,12,Loyal
17348,2011-11-25,15,9,2442.29,0.0,5,4,4,13,Champions
15117,2011-11-25,15,9,2485.97,1.65,5,4,4,13,Champions
15134,2011-11-25,15,10,1596.29,0.0,5,4,4,13,Champions
15473,2011-11-25,15,11,2046.0,306.0,5,5,4,14,Champions
15737,2011-11-25,15,12,1188.12,66.91,5,5,3,13,Loyal
13184,2011-11-25,15,12,1668.95,52.5,5,5,4,14,Champions
14710,2011-11-25,15,13,1899.79,0.0,5,5,4,14,Champions
13048,2011-11-25,15,13,4049.13,49.05,5,5,5,15,Champions
16719,2011-11-25,15,17,3944.35,144.75,5,5,5,15,Champions
16327,2011-11-25,15,20,10695.24,25.82,5,5,5,15,Champions
15382,2011-11-25,15,20,13733.55,87.05,5,5,5,15,Champions
16814,2011-11-25,15,37,12198.14,8.5,5,5,5,15,Champions
12681,2011-11-25,15,56,30868.28,316.52,5,5,5,15,Champions
18172,2011-11-25,15,63,17467.24,178.01,5,5,5,15,Champions
17885,2011-11-27,13,1,156.34,0.0,5,1,1,7,Promising / new
14093,2011-11-27,13,1,433.86,0.0,5,2,2,9,Promising / new
15054,2011-11-27,13,2,302.1,0.0,5,2,2,9,Promising / new
17595,2011-11-27,13,2,386.69,0.0,5,2,2,9,Promising / new
14954,2011-11-27,13,2,462.12,0.0,5,2,2,9,Promising / new
18156,2011-11-27,13,2,862.52,0.0,5,2,3,10,Promising / new
16024,2011-11-27,13,3,483.99,0.0,5,3,2,10,Loyal
15436,2011-11-27,13,3,1067.75,0.0,5,3,3,11,Loyal
15009,2011-11-27,13,3,1259.43,0.0,5,3,4,12,Loyal
18112,2011-11-27,13,4,773.36,0.0,5,3,3,11,Loyal
17864,2011-11-27,13,5,876.57,0.0,5,3,3,11,Loyal
13546,2011-11-27,13,5,1086.24,0.0,5,4,3,12,Loyal
16877,2011-11-27,13,6,846.62,0.0,5,4,3,12,Loyal
18001,2011-11-27,13,6,924.14,0.0,5,4,3,12,Loyal
13064,2011-11-27,13,6,1666.84,0.0,5,4,4,13,Champions
14859,2011-11-27,13,6,1705.64,1.7,5,4,4,13,Champions
13991,2011-11-27,13,7,852.88,5.34,5,4,3,12,Loyal
17812,2011-11-27,13,7,1105.29,0.0,5,4,3,12,Loyal
13232,2011-11-27,13,7,1328.35,0.0,5,4,4,13,Champions
14577,2011-11-27,13,7,1364.15,0.0,5,4,4,13,Champions
15987,2011-11-27,13,8,1649.47,0.0,5,4,4,13,Champions
17411,2011-11-27,13,9,1425.38,138.85,5,4,4,13,Champions
16942,2011-11-27,13,10,1904.99,26.48,5,4,4,13,Champions
15747,2011-11-27,13,10,2499.81,1.95,5,5,4,14,Champions
16005,2011-11-27,13,11,2365.49,32.45,5,5,4,14,Champions
17236,2011-11-27,13,12,1929.26,0.0,5,5,4,14,Champions
16983,2011-11-27,13,12,3654.02,11.05,5,5,5,15,Champions
18145,2011-11-27,13,12,5609.74,17.7,5,5,5,15,Champions
13782,2011-11-27,13,14,1786.08,7.95,5,5,4,14,Champions
16407,2011-11-27,13,14,2761.65,0.0,5,5,4,14,Champions
15351,2011-11-27,13,15,3704.89,123.11,5,5,5,15,Champions
15861,2011-11-27,13,15,4369.2,183.8,5,5,5,15,Champions
17365,2011-11-27,13,16,8184.49,19.15,5,5,5,15,Champions
13610,2011-11-27,13,17,2103.71,31.75,5,5,4,14,Champions
15514,2011-11-27,13,20,6392.06,1116.27,5,5,5,15,Champions
17769,2011-11-27,13,21,7053.38,108.42,5,5,5,15,Champions
13571,2011-11-27,13,26,4537.26,0.0,5,5,5,15,Champions
14878,2011-11-27,13,28,4076.5,293.02,5,5,5,15,Champions
17231,2011-11-27,13,35,7064.8,105.97,5,5,5,15,Champions
16923,2011-11-27,13,41,13157.13,584.98,5,5,5,15,Champions
15555,2011-11-27,13,46,12062.69,368.27,5,5,5,15,Champions
17068,2011-11-27,13,49,9153.83,34.65,5,5,5,15,Champions
13188,2011-11-28,12,1,114.6,0.0,5,1,1,7,Promising / new
12660,2011-11-28,12,1,245.1,0.0,5,1,1,7,Promising / new
13844,2011-11-28,12,1,361.62,0.0,5,1,2,8,Promising / new
17379,2011-11-28,12,1,389.72,0.0,5,1,2,8,Promising / new
15721,2011-11-28,12,1,471.4,0.0,5,2,2,9,Promising / new
17806,2011-11-28,12,1,546.04,0.0,5,2,2,9,Promising / new
16800,2011-11-28,12,1,1162.65,0.0,5,2,3,10,Promising / new
17359,2011-11-28,12,2,284.46,0.0,5,2,2,9,Promising / new
15540,2011-11-28,12,2,460.68,0.0,5,2,2,9,Promising / new
16364,2011-11-28,12,2,705.79,0.0,5,2,3,10,Promising / new
13030,2011-11-28,12,2,1154.8,0.0,5,2,3,10,Promising / new
14470,2011-11-28,12,3,712.04,0.0,5,3,3,11,Loyal
13389,2011-11-28,12,3,797.96,0.0,5,3,3,11,Loyal
17523,2011-11-28,12,4,652.74,0.0,5,3,3,11,Loyal
17237,2011-11-28,12,4,994.13,0.0,5,3,3,11,Loyal
18101,2011-11-28,12,5,622.01,0.0,5,3,3,11,Loyal
17852,2011-11-28,12,5,657.81,0.0,5,3,3,11,Loyal
13950,2011-11-28,12,5,745.06,16.5,5,3,3,11,Loyal
15714,2011-11-28,12,5,783.96,0.0,5,3,3,11,Loyal
16900,2011-11-28,12,5,887.11,699.42,5,3,3,11,Loyal
15511,2011-11-28,12,5,900.53,0.0,5,3,3,11,Loyal
13258,2011-11-28,12,5,1009.43,0.0,5,4,3,12,Loyal
12427,2011-11-28,12,5,1129.3,117.43,5,4,3,12,Loyal
15022,2011-11-28,12,5,1133.44,0.0,5,4,3,12,Loyal
14480,2011-11-28,12,5,1299.52,4.25,5,4,4,13,Champions
12657,2011-11-28,12,5,1643.18,491.12,5,4,4,13,Champions
12906,2011-11-28,12,5,2919.81,0.0,5,4,4,13,Champions
17299,2011-11-28,12,6,993.23,0.0,5,4,3,12,Loyal
14511,2011-11-28,12,6,1314.81,47.4,5,4,4,13,Champions
18096,2011-11-28,12,6,1657.87,0.0,5,4,4,13,Champions
14597,2011-11-28,12,6,2184.63,0.0,5,4,4,13,Champions
17031,2011-11-28,12,6,2773.85,0.0,5,4,4,13,Champions
13238,2011-11-28,12,7,1006.63,19.9,5,4,3,12,Loyal
16744,2011-11-28,12,7,1291.91,0.0,5,4,4,13,Champions
14741,2011-11-28,12,7,1897.59,0.0,5,4,4,13,Champions
12674,2011-11-28,12,7,1970.6,48.34,5,4,4,13,Champions
13196,2011-11-28,12,8,3068.84,9.2,5,4,5,14,Champions
15561,2011-11-28,12,9,1934.39,77.85,5,4,4,13,Champions
14215,2011-11-28,12,10,3416.33,11.8,5,5,5,15,Champions
14704,2011-11-28,12,11,1752.92,0.0,5,5,4,14,Champions
14901,2011-11-28,12,13,2281.4,12.6,5,5,4,14,Champions
17929,2011-11-28,12,13,3082.1,8.5,5,5,5,15,Champions
16347,2011-11-28,12,13,3442.96,27.4,5,5,5,15,Champions
17019,2011-11-28,12,13,3961.11,60.7,5,5,5,15,Champions
15571,2011-11-28,12,14,3892.35,0.0,5,5,5,15,Champions
14290,2011-11-28,12,14,4516.56,307.63,5,5,5,15,Champions
17988,2011-11-28,12,15,489.54,9.95,5,5,2,12,Loyal
17188,2011-11-28,12,17,4592.93,231.1,5,5,5,15,Champions
16094,2011-11-28,12,19,3695.56,96.4,5,5,5,15,Champions
13758,2011-11-28,12,19,9416.98,153.84,5,5,5,15,Champions
17419,2011-11-28,12,20,6500.52,25.6,5,5,5,15,Champions
17739,2011-11-28,12,20,7730.59,12.45,5,5,5,15,Champions
13590,2011-11-28,12,21,6336.04,51.3,5,5,5,15,Champions
17651,2011-11-28,12,22,5703.52,70.93,5,5,5,15,Champions
18229,2011-11-28,12,28,10803.71,0.0,5,5,5,15,Champions
13266,2011-11-28,12,30,6135.04,169.74,5,5,5,15,Champions
15601,2011-11-28,12,35,14960.12,40.9,5,5,5,15,Champions
13418,2011-11-28,12,37,12182.9,317.44,5,5,5,15,Champions
15838,2011-11-28,12,38,74163.0,758.89,5,5,5,15,Champions
18041,2011-11-28,12,40,8633.66,82.73,5,5,5,15,Champions
13004,2011-11-28,12,46,11650.85,506.86,5,5,5,15,Champions
14349,2011-11-29,11,1,133.5,0.0,5,1,1,7,Promising / new
14601,2011-11-29,11,1,213.96,0.0,5,1,1,7,Promising / new
15790,2011-11-29,11,1,218.75,0.0,5,1,1,7,Promising / new
15783,2011-11-29,11,1,246.3,0.0,5,1,1,7,Promising / new
13349,2011-11-29,11,1,247.32,0.0,5,1,1,7,Promising / new
15148,2011-11-29,11,1,301.29,0.0,5,1,2,8,Promising / new
15619,2011-11-29,11,1,336.4,0.0,5,1,2,8,Promising / new
14785,2011-11-29,11,2,77.4,0.0,5,2,1,8,Promising / new
16852,2011-11-29,11,2,144.91,0.0,5,2,1,8,Promising / new
16479,2011-11-29,11,2,300.83,0.0,5,2,2,9,Promising / new
13068,2011-11-29,11,2,344.0,0.0,5,2,2,9,Promising / new
13657,2011-11-29,11,2,382.14,0.0,5,2,2,9,Promising / new
17711,2011-11-29,11,2,385.1,0.0,5,2,2,9,Promising / new
17466,2011-11-29,11,2,763.28,0.0,5,2,3,10,Promising / new
13467,2011-11-29,11,2,1071.91,0.0,5,2,3,10,Promising / new
14836,2011-11-29,11,3,102.45,0.0,5,2,1,8,Promising / new
17468,2011-11-29,11,3,194.8,0.0,5,2,1,8,Promising / new
17772,2011-11-29,11,3,360.75,0.0,5,3,2,10,Loyal
13428,2011-11-29,11,3,478.54,0.0,5,3,2,10,Loyal
17658,2011-11-29,11,3,595.42,109.54,5,3,2,10,Loyal
13496,2011-11-29,11,3,653.33,35.4,5,3,3,11,Loyal
15239,2011-11-29,11,3,780.59,16.25,5,3,3,11,Loyal
14125,2011-11-29,11,3,2720.63,0.0,5,3,4,12,Loyal
15206,2011-11-29,11,4,420.3,0.0,5,3,2,10,Loyal
13928,2011-11-29,11,4,464.57,0.0,5,3,2,10,Loyal
15297,2011-11-29,11,4,641.94,6.9,5,3,3,11,Loyal
14452,2011-11-29,11,4,658.95,0.0,5,3,3,11,Loyal
13147,2011-11-29,11,4,712.8,0.0,5,3,3,11,Loyal
13429,2011-11-29,11,4,1006.8,0.0,5,3,3,11,Loyal
14550,2011-11-29,11,4,1345.06,0.0,5,3,4,12,Loyal
14554,2011-11-29,11,4,2279.49,0.0,5,3,4,12,Loyal
12798,2011-11-29,11,4,8510.93,0.0,5,3,5,13,Loyal
12654,2011-11-29,11,5,601.98,0.0,5,3,2,10,Loyal
15089,2011-11-29,11,6,2420.84,0.0,5,4,4,13,Champions
14173,2011-11-29,11,7,586.0,19.05,5,4,2,11,Loyal
14419,2011-11-29,11,7,1254.64,0.0,5,4,4,13,Champions
18161,2011-11-29,11,7,1803.1,5.9,5,4,4,13,Champions
17101,2011-11-29,11,7,2507.05,0.0,5,4,4,13,Champions
12627,2011-11-29,11,7,4478.53,0.0,5,4,5,14,Champions
12464,2011-11-29,11,8,1212.05,0.0,5,4,3,12,Loyal
14321,2011-11-29,11,8,2218.06,19.48,5,4,4,13,Champions
12670,2011-11-29,11,8,3760.29,9.9,5,4,5,14,Champions
17655,2011-11-29,11,10,3652.48,67.2,5,5,5,15,Champions
14235,2011-11-29,11,10,4717.99,51.0,5,5,5,15,Champions
12451,2011-11-29,11,10,12669.88,123.35,5,5,5,15,Champions
14723,2011-11-29,11,11,2050.25,0.0,5,5,4,14,Champions
14408,2011-11-29,11,11,4102.27,0.0,5,5,5,15,Champions
14205,2011-11-29,11,12,2414.2,505.82,5,5,4,14,Champions
13211,2011-11-29,11,12,2618.77,22.45,5,5,4,14,Champions
14711,2011-11-29,11,12,2839.62,30.6,5,5,4,14,Champions
14824,2011-11-29,11,12,4022.91,70.4,5,5,5,15,Champions
17682,2011-11-29,11,12,4456.78,15.0,5,5,5,15,Champions
13198,2011-11-29,11,12,4974.23,61.95,5,5,5,15,Champions
12727,2011-11-29,11,12,5679.53,33.0,5,5,5,15,Champions
16818,2011-11-29,11,13,3349.57,31.6,5,5,5,15,Champions
16992,2011-11-29,11,15,5476.5,16.4,5,5,5,15,Champions
16775,2011-11-29,11,17,3052.74,81.6,5,5,5,15,Champions
13137,2011-11-29,11,17,7586.94,45.33,5,5,5,15,Champions
14701,2011-11-29,11,18,4487.11,63.15,5,5,5,15,Champions
14390,2011-11-29,11,18,6373.73,76.5,5,5,5,15,Champions
14209,2011-11-29,11,19,4993.27,55.9,5,5,5,15,Champions
14866,2011-11-29,11,20,20850.22,192.45,5,5,5,15,Champions
14088,2011-11-29,11,20,64036.8,1636.78,5,5,5,15,Champions
17306,2011-11-29,11,23,9782.35,30.58,5,5,5,15,Champions
15218,2011-11-29,11,25,11468.83,60.57,5,5,5,15,Champions
14961,2011-11-29,11,28,16410.15,81.25,5,5,5,15,Champions
13576,2011-11-29,11,32,11551.74,35.59,5,5,5,15,Champions
18118,2011-11-29,11,35,6693.13,63.15,5,5,5,15,Champions
13999,2011-11-29,11,36,9502.26,64.25,5,5,5,15,Champions
16549,2011-11-29,11,37,12781.8,22.55,5,5,5,15,Champions
14180,2011-11-29,11,42,6319.25,208.5,5,5,5,15,Champions
16782,2011-11-29,11,50,10000.32,89.45,5,5,5,15,Champions
15615,2011-11-29,11,54,21373.97,91.9,5,5,5,15,Champions
14667,2011-11-29,11,61,21593.05,206.55,5,5,5,15,Champions
16168,2011-11-29,11,73,10636.47,97.39,5,5,5,15,Champions
12966,2011-11-30,10,1,160.18,0.0,5,1,1,7,Promising / new
17911,2011-11-30,10,1,366.23,0.0,5,1,2,8,Promising / new
17737,2011-11-30,10,2,168.24,0.0,5,2,1,8,Promising / new
16956,2011-11-30,10,2,308.74,16.4,5,2,2,9,Promising / new
14448,2011-11-30,10,2,375.35,0.0,5,2,2,9,Promising / new
12953,2011-11-30,10,2,828.81,0.0,5,2,3,10,Promising / new
15654,2011-11-30,10,2,922.53,0.0,5,2,3,10,Promising / new
17727,2011-11-30,10,2,1060.25,17.7,5,2,3,10,Promising / new
12630,2011-11-30,10,2,1270.88,0.0,5,2,4,11,Big spenders
15444,2011-11-30,10,2,1411.21,0.0,5,2,4,11,Big spenders
12882,2011-11-30,10,2,1463.04,0.0,5,2,4,11,Big spenders
14385,2011-11-30,10,3,202.11,0.0,5,2,1,8,Promising / new
18158,2011-11-30,10,3,453.4,1.65,5,3,2,10,Loyal
18058,2011-11-30,10,3,774.06,0.0,5,3,3,11,Loyal
15414,2011-11-30,10,3,774.9,0.0,5,3,3,11,Loyal
12488,2011-11-30,10,3,1298.66,0.0,5,3,4,12,Loyal
12784,2011-11-30,10,3,1763.15,0.0,5,3,4,12,Loyal
18059,2011-11-30,10,4,306.46,9.75,5,3,2,10,Loyal
17736,2011-11-30,10,4,377.44,39.95,5,3,2,10,Loyal
15467,2011-11-30,10,4,524.88,13.0,5,3,2,10,Loyal
17502,2011-11-30,10,4,689.1,0.0,5,3,3,11,Loyal
13212,2011-11-30,10,4,786.83,7.5,5,3,3,11,Loyal
16657,2011-11-30,10,4,874.43,0.0,5,3,3,11,Loyal
16361,2011-11-30,10,4,891.21,0.0,5,3,3,11,Loyal
16295,2011-11-30,10,4,1328.55,0.0,5,3,4,12,Loyal
15113,2011-11-30,10,4,3509.43,169.92,5,3,5,13,Loyal
12787,2011-11-30,10,5,862.18,3.0,5,3,3,11,Loyal
14005,2011-11-30,10,5,2874.72,0.0,5,4,4,13,Champions
15676,2011-11-30,10,5,3435.76,111.67,5,4,5,14,Champions
14893,2011-11-30,10,6,1809.61,27.35,5,4,4,13,Champions
14432,2011-11-30,10,6,2248.5,0.0,5,4,4,13,Champions
15782,2011-11-30,10,6,4014.1,28.45,5,4,5,14,Champions
14875,2011-11-30,10,7,2862.4,20.85,5,4,4,13,Champions
16101,2011-11-30,10,7,3229.16,61.74,5,4,5,14,Champions
12528,2011-11-30,10,8,1933.48,11.2,5,4,4,13,Champions
18179,2011-11-30,10,8,2547.55,0.0,5,4,4,13,Champions
16062,2011-11-30,10,8,2863.45,0.0,5,4,4,13,Champions
14618,2011-11-30,10,9,1342.32,46.65,5,4,4,13,Champions
15793,2011-11-30,10,9,2399.57,16.65,5,4,4,13,Champions
15073,2011-11-30,10,9,2788.02,430.98,5,4,4,13,Champions
13647,2011-11-30,10,9,3041.68,7.9,5,4,5,14,Champions
12429,2011-11-30,10,9,7485.91,50.4,5,4,5,14,Champions
16915,2011-11-30,10,11,1543.18,0.0,5,5,4,14,Champions
17288,2011-11-30,10,11,2468.43,0.0,5,5,4,14,Champions
13203,2011-11-30,10,11,2648.25,17.7,5,5,4,14,Champions
14644,2011-11-30,10,12,2247.72,170.25,5,5,4,14,Champions
16115,2011-11-30,10,12,2553.8,0.0,5,5,4,14,Champions
14540,2011-11-30,10,12,3709.64,9.9,5,5,5,15,Champions
18230,2011-11-30,10,12,4291.06,100.35,5,5,5,15,Champions
15680,2011-11-30,10,12,4507.58,43.1,5,5,5,15,Champions
12714,2011-11-30,10,12,14093.71,0.0,5,5,5,15,Champions
14963,2011-11-30,10,13,3123.57,5.85,5,5,5,15,Champions
15712,2011-11-30,10,13,3472.41,4.95,5,5,5,15,Champions
16712,2011-11-30,10,13,4232.87,0.0,5,5,5,15,Champions
15394,2011-11-30,10,13,5286.8,35.4,5,5,5,15,Champions
13658,2011-11-30,10,13,6025.5,253.43,5,5,5,15,Champions
14936,2011-11-30,10,14,12410.81,32.35,5,5,5,15,Champions
13784,2011-11-30,10,15,2910.23,13.05,5,5,4,14,Champions
13012,2011-11-30,10,15,2957.83,381.65,5,5,5,15,Champions
12598,2011-11-30,10,15,4534.09,119.42,5,5,5,15,Champions
16265,2011-11-30,10,15,6935.17,41.55,5,5,5,15,Champions
15903,2011-11-30,10,15,8939.84,80.02,5,5,5,15,Champions
15024,2011-11-30,10,16,4050.61,0.0,5,5,5,15,Champions
16241,2011-11-30,10,16,4270.51,0.0,5,5,5,15,Champions
12494,2011-11-30,10,17,1872.87,129.35,5,5,4,14,Champions
17096,2011-11-30,10,17,3697.93,68.35,5,5,5,15,Champions
15152,2011-11-30,10,18,5263.83,65.86,5,5,5,15,Champions
12524,2011-11-30,10,18,11126.11,34.75,5,5,5,15,Champions
14733,2011-11-30,10,18,16165.17,134.37,5,5,5,15,Champions
16717,2011-11-30,10,20,6970.93,676.27,5,5,5,15,Champions
18241,2011-11-30,10,23,2986.99,32.9,5,5,5,15,Champions
14713,2011-11-30,10,25,5414.71,46.4,5,5,5,15,Champions
14062,2011-11-30,10,27,25585.65,169.37,5,5,5,15,Champions
15046,2011-11-30,10,28,7623.79,229.01,5,5,5,15,Champions
14755,2011-11-30,10,30,9972.55,121.1,5,5,5,15,Champions
17340,2011-11-30,10,30,22289.22,993.18,5,5,5,15,Champions
15251,2011-11-30,10,31,20324.54,228.94,5,5,5,15,Champions
15611,2011-11-30,10,32,2997.28,138.91,5,5,5,15,Champions
14258,2011-11-30,10,32,32051.34,1023.99,5,5,5,15,Champions
13050,2011-11-30,10,57,12314.53,522.09,5,5,5,15,Champions
15039,2011-11-30,10,107,39726.89,288.44,5,5,5,15,Champions
14156,2011-11-30,10,202,313759.82,17381.68,5,5,5,15,Champions
16789,2011-12-01,9,1,80.8,0.0,5,1,1,7,Promising / new
15904,2011-12-01,9,1,164.68,0.0,5,1,1,7,Promising / new
14804,2011-12-01,9,1,353.27,0.0,5,1,2,8,Promising / new
14860,2011-12-01,9,2,170.32,1.7,5,2,1,8,Promising / new
14960,2011-12-01,9,2,221.27,0.0,5,2,1,8,Promising / new
17636,2011-12-01,9,2,285.56,19.63,5,2,2,9,Promising / new
14950,2011-12-01,9,2,371.2,9.95,5,2,2,9,Promising / new
13040,2011-12-01,9,2,676.99,0.0,5,2,3,10,Promising / new
17566,2011-12-01,9,2,869.77,0.0,5,2,3,10,Promising / new
13853,2011-12-01,9,2,1090.14,33.2,5,2,3,10,Promising / new
15531,2011-12-01,9,2,1972.39,0.0,5,2,4,11,Big spenders
16376,2011-12-01,9,3,974.96,9.49,5,3,3,11,Loyal
12572,2011-12-01,9,3,1020.42,15.7,5,3,3,11,Loyal
15948,2011-12-01,9,3,1509.09,0.0,5,3,4,12,Loyal
14287,2011-12-01,9,4,176.63,25.4,5,3,1,9,Loyal
15060,2011-12-01,9,4,294.25,0.0,5,3,2,10,Loyal
17014,2011-12-01,9,4,583.43,20.75,5,3,2,10,Loyal
18130,2011-12-01,9,4,1059.39,13.65,5,3,3,11,Loyal
15500,2011-12-01,9,4,1131.56,0.0,5,3,3,11,Loyal
16169,2011-12-01,9,4,1822.97,0.0,5,3,4,12,Loyal
13365,2011-12-01,9,4,2225.37,61.05,5,3,4,12,Loyal
13171,2011-12-01,9,5,468.41,41.6,5,3,2,10,Loyal
13159,2011-12-01,9,5,1429.35,58.1,5,4,4,13,Champions
15172,2011-12-01,9,5,1624.05,0.0,5,4,4,13,Champions
13644,2011-12-01,9,5,2624.26,26.74,5,4,4,13,Champions
16240,2011-12-01,9,5,3718.8,24.99,5,4,5,14,Champions
14289,2011-12-01,9,6,911.26,0.0,5,4,3,12,Loyal
15745,2011-12-01,9,6,1094.59,23.35,5,4,3,12,Loyal
15028,2011-12-01,9,6,1148.91,0.0,5,4,3,12,Loyal
17321,2011-12-01,9,6,1665.21,0.0,5,4,4,13,Champions
18122,2011-12-01,9,6,1793.06,0.0,5,4,4,13,Champions
14853,2011-12-01,9,7,1376.87,25.5,5,4,4,13,Champions
17540,2011-12-01,9,7,1590.6,8.5,5,4,4,13,Champions
14178,2011-12-01,9,7,1600.26,0.0,5,4,4,13,Champions
16496,2011-12-01,9,7,2330.77,37.3,5,4,4,13,Champions
17937,2011-12-01,9,7,4301.22,0.0,5,4,5,14,Champions
13509,2011-12-01,9,8,1114.72,0.0,5,4,3,12,Loyal
12919,2011-12-01,9,8,1335.19,33.75,5,4,4,13,Champions
13310,2011-12-01,9,8,1541.2,48.4,5,4,4,13,Champions
16119,2011-12-01,9,8,1720.81,0.0,5,4,4,13,Champions
17350,2011-12-01,9,8,1893.7,29.88,5,4,4,13,Champions
14262,2011-12-01,9,8,2618.23,0.0,5,4,4,13,Champions
17768,2011-12-01,9,8,3292.73,4.95,5,4,5,14,Champions
17828,2011-12-01,9,9,1820.09,220.12,5,4,4,13,Champions
12562,2011-12-01,9,9,4966.92,0.0,5,4,5,14,Champions
16813,2011-12-01,9,10,1652.18,0.0,5,4,4,13,Champions
15197,2011-12-01,9,10,1877.51,449.67,5,4,4,13,Champions
14188,2011-12-01,9,10,2054.36,35.45,5,4,4,13,Champions
16966,2011-12-01,9,10,2154.97,6.5,5,5,4,14,Champions
15993,2011-12-01,9,10,2777.67,40.75,5,5,4,14,Champions
16938,2011-12-01,9,10,6995.36,833.25,5,5,5,15,Champions
15101,2011-12-01,9,11,1477.94,174.45,5,5,4,14,Champions
14389,2011-12-01,9,11,1898.01,76.94,5,5,4,14,Champions
15563,2011-12-01,9,11,2859.46,85.79,5,5,4,14,Champions
15687,2011-12-01,9,11,2993.1,11.6,5,5,5,15,Champions
13410,2011-12-01,9,12,2201.96,29.45,5,5,4,14,Champions
14659,2011-12-01,9,12,2529.93,73.4,5,5,4,14,Champions
14309,2011-12-01,9,12,3780.81,32.85,5,5,5,15,Champions
12664,2011-12-01,9,12,6070.04,18.0,5,5,5,15,Champions
15434,2011-12-01,9,13,2567.06,49.95,5,5,4,14,Champions
17115,2011-12-01,9,13,2761.49,145.2,5,5,4,14,Champions
15862,2011-12-01,9,13,2866.52,0.0,5,5,4,14,Champions
15380,2011-12-01,9,13,3479.06,56.86,5,5,5,15,Champions
14146,2011-12-01,9,13,9450.3,1241.43,5,5,5,15,Champions
12963,2011-12-01,9,14,3601.59,88.8,5,5,5,15,Champions
14766,2011-12-01,9,14,6556.13,124.15,5,5,5,15,Champions
14626,2011-12-01,9,15,5410.92,36.15,5,5,5,15,Champions
14440,2011-12-01,9,15,6638.73,111.9,5,5,5,15,Champions
17044,2011-12-01,9,16,11962.3,94.7,5,5,5,15,Champions
15021,2011-12-01,9,17,2698.68,94.24,5,5,4,14,Champions
17293,2011-12-01,9,17,3750.63,0.0,5,5,5,15,Champions
12553,2011-12-01,9,17,4608.75,59.93,5,5,5,15,Champions
15373,2011-12-01,9,18,3418.84,202.8,5,5,5,15,Champions
18077,2011-12-01,9,18,4283.66,0.0,5,5,5,15,Champions
13971,2011-12-01,9,18,4667.57,73.74,5,5,5,15,Champions
16242,2011-12-01,9,18,7404.65,34.15,5,5,5,15,Champions
14047,2011-12-01,9,19,4255.03,96.3,5,5,5,15,Champions
16293,2011-12-01,9,19,4657.95,25.75,5,5,5,15,Champions
14367,2011-12-01,9,19,9227.82,93.7,5,5,5,15,Champions
12951,2011-12-01,9,20,3213.72,49.3,5,5,5,15,Champions
17071,2011-12-01,9,20,3793.71,62.75,5,5,5,15,Champions
14388,2011-12-01,9,20,6701.0,111.7,5,5,5,15,Champions
14525,2011-12-01,9,21,8026.54,110.83,5,5,5,15,Champions
17063,2011-12-01,9,23,3638.53,61.65,5,5,5,15,Champions
13115,2011-12-01,9,23,5494.7,120.25,5,5,5,15,Champions
14243,2011-12-01,9,23,7431.05,65.69,5,5,5,15,Champions
14732,2011-12-01,9,24,5517.07,69.55,5,5,5,15,Champions
15602,2011-12-01,9,25,3230.51,254.54,5,5,5,15,Champions
16156,2011-12-01,9,26,6188.18,264.79,5,5,5,15,Champions
15544,2011-12-01,9,26,8162.43,28.31,5,5,5,15,Champions
14329,2011-12-01,9,28,9887.62,191.7,5,5,5,15,Champions
16145,2011-12-01,9,29,6805.44,111.84,5,5,5,15,Champions
16011,2011-12-01,9,30,5838.96,13.45,5,5,5,15,Champions
13090,2011-12-01,9,30,14100.14,331.81,5,5,5,15,Champions
16570,2011-12-01,9,31,7434.31,592.49,5,5,5,15,Champions
16700,2011-12-01,9,31,9167.71,83.65,5,5,5,15,Champions
15144,2011-12-01,9,33,12160.31,153.8,5,5,5,15,Champions
16701,2011-12-01,9,34,9916.73,302.14,5,5,5,15,Champions
12901,2011-12-01,9,36,17654.54,1361.44,5,5,5,15,Champions
17381,2011-12-01,9,39,40002.37,3.18,5,5,5,15,Champions
14299,2011-12-01,9,41,14499.49,1671.72,5,5,5,15,Champions
17576,2011-12-01,9,45,8831.6,171.15,5,5,5,15,Champions
13854,2011-12-01,9,45,12253.96,95.75,5,5,5,15,Champions
16839,2011-12-01,9,51,22310.49,1342.22,5,5,5,15,Champions
17450,2011-12-01,9,61,246813.09,13393.7,5,5,5,15,Champions
17942,2011-12-02,8,1,77.5,0.0,5,1,1,7,Promising / new
12587,2011-12-02,8,1,144.0,0.0,5,1,1,7,Promising / new
13560,2011-12-02,8,1,171.42,0.0,5,1,1,7,Promising / new
13017,2011-12-02,8,1,204.0,0.0,5,1,1,7,Promising / new
15539,2011-12-02,8,1,538.46,0.0,5,2,2,9,Promising / new
18174,2011-12-02,8,2,162.5,0.0,5,2,1,8,Promising / new
12962,2011-12-02,8,2,266.39,0.0,5,2,1,8,Promising / new
13352,2011-12-02,8,2,397.98,8.7,5,2,2,9,Promising / new
14023,2011-12-02,8,2,584.07,0.0,5,2,2,9,Promising / new
14594,2011-12-02,8,2,618.33,0.0,5,2,3,10,Promising / new
12762,2011-12-02,8,2,1898.52,0.0,5,2,4,11,Big spenders
13868,2011-12-02,8,2,3192.54,0.0,5,2,5,12,Big spenders
18282,2011-12-02,8,3,178.05,1.45,5,2,1,8,Promising / new
13780,2011-12-02,8,3,732.07,0.0,5,3,3,11,Loyal
12465,2011-12-02,8,3,742.19,8.3,5,3,3,11,Loyal
14788,2011-12-02,8,3,1156.32,0.0,5,3,3,11,Loyal
14250,2011-12-02,8,3,1904.05,0.0,5,3,4,12,Loyal
14865,2011-12-02,8,4,129.72,0.0,5,3,1,9,Loyal
16038,2011-12-02,8,4,471.78,17.45,5,3,2,10,Loyal
16759,2011-12-02,8,4,789.79,16.95,5,3,3,11,Loyal
17495,2011-12-02,8,4,806.72,47.65,5,3,3,11,Loyal
12364,2011-12-02,8,4,1313.1,0.0,5,3,4,12,Loyal
17221,2011-12-02,8,5,976.62,0.0,5,4,3,12,Loyal
14126,2011-12-02,8,5,1172.46,62.5,5,4,3,12,Loyal
15123,2011-12-02,8,5,4656.17,0.0,5,4,5,14,Champions
12536,2011-12-02,8,5,12601.83,8495.01,5,4,5,14,Champions
16989,2011-12-02,8,6,1133.25,0.0,5,4,3,12,Loyal
13309,2011-12-02,8,6,1706.37,0.0,5,4,4,13,Champions
17086,2011-12-02,8,6,2050.08,0.0,5,4,4,13,Champions
16440,2011-12-02,8,6,3856.97,0.0,5,4,5,14,Champions
12700,2011-12-02,8,6,4939.99,72.0,5,4,5,14,Champions
14428,2011-12-02,8,7,1224.06,14.69,5,4,4,13,Champions
12695,2011-12-02,8,7,1407.12,0.0,5,4,4,13,Champions
13705,2011-12-02,8,7,2035.33,0.0,5,4,4,13,Champions
12684,2011-12-02,8,7,2283.63,0.0,5,4,4,13,Champions
17386,2011-12-02,8,7,2812.77,0.0,5,4,4,13,Champions
17584,2011-12-02,8,7,5309.42,15.0,5,4,5,14,Champions
16899,2011-12-02,8,8,1695.77,0.0,5,4,4,13,Champions
12856,2011-12-02,8,8,2170.78,17.25,5,4,4,13,Champions
17183,2011-12-02,8,8,3347.31,60.4,5,4,5,14,Champions
13297,2011-12-02,8,8,4368.62,15.95,5,4,5,14,Champions
14897,2011-12-02,8,9,3140.54,39.8,5,4,5,14,Champions
17686,2011-12-02,8,9,8296.81,0.0,5,4,5,14,Champions
12970,2011-12-02,8,10,1453.6,0.0,5,4,4,13,Champions
12704,2011-12-02,8,10,2340.84,120.0,5,5,4,14,Champions
16474,2011-12-02,8,11,1810.65,60.03,5,5,4,14,Champions
17567,2011-12-02,8,11,5356.03,318.92,5,5,5,15,Champions
13953,2011-12-02,8,12,6640.68,0.0,5,5,5,15,Champions
12668,2011-12-02,8,12,11383.03,63.97,5,5,5,15,Champions
13495,2011-12-02,8,13,5374.26,127.65,5,5,5,15,Champions
13884,2011-12-02,8,14,1825.03,36.1,5,5,4,14,Champions
18097,2011-12-02,8,14,4627.92,11.15,5,5,5,15,Champions
14493,2011-12-02,8,14,5087.86,94.1,5,5,5,15,Champions
12359,2011-12-02,8,14,8873.39,221.05,5,5,5,15,Champions
18055,2011-12-02,8,15,11143.12,32.05,5,5,5,15,Champions
13183,2011-12-02,8,18,7036.18,25.3,5,5,5,15,Champions
18144,2011-12-02,8,19,5058.0,0.0,5,5,5,15,Champions
16359,2011-12-02,8,20,2697.75,318.35,5,5,4,14,Champions
17157,2011-12-02,8,20,5151.9,12.45,5,5,5,15,Champions
16333,2011-12-02,8,22,26626.8,0.0,5,5,5,15,Champions
18245,2011-12-02,8,23,6324.98,88.75,5,5,5,15,Champions
13458,2011-12-02,8,24,11959.27,108.65,5,5,5,15,Champions
15271,2011-12-02,8,26,4640.29,70.25,5,5,5,15,Champions
16103,2011-12-02,8,27,6191.71,188.95,5,5,5,15,Champions
14092,2011-12-02,8,27,7229.45,19.71,5,5,5,15,Champions
14292,2011-12-02,8,27,9226.25,338.35,5,5,5,15,Champions
15570,2011-12-02,8,27,9254.14,64.05,5,5,5,15,Champions
15547,2011-12-02,8,28,10057.05,13.5,5,5,5,15,Champions
14688,2011-12-02,8,34,7635.4,523.49,5,5,5,15,Champions
13969,2011-12-02,8,39,13291.05,153.1,5,5,5,15,Champions
14560,2011-12-02,8,46,6114.03,63.59,5,5,5,15,Champions
14895,2011-12-02,8,48,25119.54,630.72,5,5,5,15,Champions
15769,2011-12-02,8,51,88704.32,4434.94,5,5,5,15,Champions
14031,2011-12-02,8,55,40919.58,2973.2,5,5,5,15,Champions
15078,2011-12-02,8,64,17761.88,185.36,5,5,5,15,Champions
17936,2011-12-04,6,1,380.13,0.0,5,1,2,8,Promising / new
13153,2011-12-04,6,1,486.22,0.0,5,2,2,9,Promising / new
14354,2011-12-04,6,2,163.62,0.0,5,2,1,8,Promising / new
14658,2011-12-04,6,2,247.15,0.0,5,2,1,8,Promising / new
16988,2011-12-04,6,2,382.67,0.0,5,2,2,9,Promising / new
16561,2011-12-04,6,2,511.12,0.0,5,2,2,9,Promising / new
13822,2011-12-04,6,2,632.0,0.0,5,2,3,10,Promising / new
13596,2011-12-04,6,2,664.11,0.0,5,2,3,10,Promising / new
15773,2011-12-04,6,2,774.52,0.0,5,2,3,10,Promising / new
12827,2011-12-04,6,3,430.15,0.0,5,3,2,10,Loyal
12719,2011-12-04,6,3,644.95,36.85,5,3,3,11,Loyal
14720,2011-12-04,6,3,663.81,0.0,5,3,3,11,Loyal
16535,2011-12-04,6,3,972.04,0.0,5,3,3,11,Loyal
12673,2011-12-04,6,3,1230.02,0.0,5,3,4,12,Loyal
13558,2011-12-04,6,4,594.52,0.0,5,3,2,10,Loyal
12560,2011-12-04,6,4,2134.01,32.62,5,3,4,12,Loyal
16438,2011-12-04,6,5,798.35,0.0,5,3,3,11,Loyal
13956,2011-12-04,6,5,1019.27,0.0,5,4,3,12,Loyal
12952,2011-12-04,6,5,1387.79,4.95,5,4,4,13,Champions
13808,2011-12-04,6,5,1747.66,0.0,5,4,4,13,Champions
17131,2011-12-04,6,5,2463.17,0.0,5,4,4,13,Champions
12724,2011-12-04,6,7,2317.52,0.0,5,4,4,13,Champions
17827,2011-12-04,6,7,2376.17,6.75,5,4,4,13,Champions
14102,2011-12-04,6,8,1105.88,45.55,5,4,3,12,Loyal
14583,2011-12-04,6,8,1660.29,0.0,5,4,4,13,Champions
17750,2011-12-04,6,9,1710.45,0.0,5,4,4,13,Champions
17173,2011-12-04,6,9,3766.6,10.95,5,4,5,14,Champions
17114,2011-12-04,6,10,801.12,61.4,5,4,3,12,Loyal
13838,2011-12-04,6,10,1920.73,0.0,5,4,4,13,Champions
13704,2011-12-04,6,10,2308.06,12.75,5,5,4,14,Champions
13630,2011-12-04,6,11,2031.78,36.1,5,5,4,14,Champions
17629,2011-12-04,6,11,2455.52,30.0,5,5,4,14,Champions
13435,2011-12-04,6,11,4447.33,15.4,5,5,5,15,Champions
13736,2011-12-04,6,12,2752.47,51.2,5,5,4,14,Champions
16283,2011-12-04,6,12,4350.32,92.45,5,5,5,15,Champions
17618,2011-12-04,6,13,4001.64,25.3,5,5,5,15,Champions
14456,2011-12-04,6,14,3017.28,14.77,5,5,5,15,Champions
16905,2011-12-04,6,20,4961.17,29.65,5,5,5,15,Champions
12490,2011-12-04,6,22,9823.64,5.0,5,5,5,15,Champions
16931,2011-12-04,6,23,5184.27,0.0,5,5,5,15,Champions
17954,2011-12-04,6,26,3933.06,134.49,5,5,5,15,Champions
16326,2011-12-04,6,26,4721.25,120.0,5,5,5,15,Champions
18065,2011-12-04,6,32,5866.63,29.75,5,5,5,15,Champions
17858,2011-12-04,6,32,12754.9,74.35,5,5,5,15,Champions
15867,2011-12-04,6,35,9034.95,89.1,5,5,5,15,Champions
16033,2011-12-04,6,36,10764.45,143.74,5,5,5,15,Champions
13319,2011-12-04,6,78,22082.5,376.41,5,5,5,15,Champions
16597,2011-12-05,5,1,90.04,0.0,5,1,1,7,Promising / new
18015,2011-12-05,5,1,120.03,0.0,5,1,1,7,Promising / new
12367,2011-12-05,5,1,168.9,0.0,5,1,1,7,Promising / new
13790,2011-12-05,5,1,348.8,0.0,5,1,2,8,Promising / new
15690,2011-12-05,5,2,239.76,0.0,5,2,1,8,Promising / new
17383,2011-12-05,5,2,304.09,0.0,5,2,2,9,Promising / new
16968,2011-12-05,5,2,439.43,0.0,5,2,2,9,Promising / new
16811,2011-12-05,5,2,547.07,0.0,5,2,2,9,Promising / new
13311,2011-12-05,5,2,598.57,0.0,5,2,2,9,Promising / new
15274,2011-12-05,5,2,716.57,0.0,5,2,3,10,Promising / new
12646,2011-12-05,5,2,1346.97,0.0,5,2,4,11,Big spenders
18030,2011-12-05,5,3,230.65,9.95,5,2,1,8,Promising / new
16851,2011-12-05,5,3,342.45,0.0,5,3,2,10,Loyal
13083,2011-12-05,5,3,395.43,0.0,5,3,2,10,Loyal
16149,2011-12-05,5,3,422.22,0.0,5,3,2,10,Loyal
17254,2011-12-05,5,3,469.48,0.0,5,3,2,10,Loyal
14793,2011-12-05,5,3,625.9,14.85,5,3,3,11,Loyal
14219,2011-12-05,5,3,633.83,0.0,5,3,3,11,Loyal
15053,2011-12-05,5,3,693.95,0.0,5,3,3,11,Loyal
12925,2011-12-05,5,3,729.33,0.0,5,3,3,11,Loyal
14629,2011-12-05,5,3,955.26,19.8,5,3,3,11,Loyal
14759,2011-12-05,5,3,1625.97,0.0,5,3,4,12,Loyal
14777,2011-12-05,5,4,307.56,68.3,5,3,2,10,Loyal
12628,2011-12-05,5,4,786.46,16.85,5,3,3,11,Loyal
16513,2011-12-05,5,4,874.59,0.0,5,3,3,11,Loyal
15145,2011-12-05,5,4,1194.73,0.0,5,3,3,11,Loyal
17579,2011-12-05,5,5,753.28,8.7,5,3,3,11,Loyal
15097,2011-12-05,5,5,908.35,321.3,5,3,3,11,Loyal
12994,2011-12-05,5,5,974.42,72.2,5,4,3,12,Loyal
16682,2011-12-05,5,5,1028.0,0.0,5,4,3,12,Loyal
16642,2011-12-05,5,5,1077.45,25.99,5,4,3,12,Loyal
16379,2011-12-05,5,5,2157.4,25.5,5,4,4,13,Champions
13079,2011-12-05,5,6,419.18,0.0,5,4,2,11,Loyal
14931,2011-12-05,5,6,1257.68,293.0,5,4,4,13,Champions
15621,2011-12-05,5,6,1293.03,134.26,5,4,4,13,Champions
14075,2011-12-05,5,6,1734.87,0.0,5,4,4,13,Champions
18180,2011-12-05,5,6,1843.75,0.0,5,4,4,13,Champions
12381,2011-12-05,5,6,1845.31,41.35,5,4,4,13,Champions
17817,2011-12-05,5,7,788.15,6.7,5,4,3,12,Loyal
13417,2011-12-05,5,7,1669.49,75.6,5,4,4,13,Champions
16910,2011-12-05,5,8,1508.96,0.0,5,4,4,13,Champions
17006,2011-12-05,5,8,1635.27,0.0,5,4,4,13,Champions
15392,2011-12-05,5,8,2911.62,19.8,5,4,4,13,Champions
16360,2011-12-05,5,8,3450.41,100.84,5,4,5,14,Champions
16500,2011-12-05,5,10,843.91,7.95,5,4,3,12,Loyal
14696,2011-12-05,5,10,2767.9,9.23,5,5,4,14,Champions
15572,2011-12-05,5,10,3965.2,0.0,5,5,5,15,Champions
14083,2011-12-05,5,11,1376.2,0.0,5,5,4,14,Champions
15932,2011-12-05,5,11,2495.87,34.02,5,5,4,14,Champions
15033,2011-12-05,5,11,2557.18,15.65,5,5,4,14,Champions
14649,2011-12-05,5,11,3651.19,21.15,5,5,5,15,Champions
14608,2011-12-05,5,12,3352.94,79.5,5,5,5,15,Champions
14198,2011-12-05,5,13,1569.73,42.15,5,5,4,14,Champions
13173,2011-12-05,5,13,2565.76,18.85,5,5,4,14,Champions
17676,2011-12-05,5,13,2749.34,43.32,5,5,4,14,Champions
16200,2011-12-05,5,13,5608.1,13.5,5,5,5,15,Champions
12913,2011-12-05,5,13,6700.86,0.0,5,5,5,15,Champions
15550,2011-12-05,5,14,2211.05,223.2,5,5,4,14,Champions
12782,2011-12-05,5,14,4618.24,92.2,5,5,5,15,Champions
17090,2011-12-05,5,15,3080.18,93.54,5,5,5,15,Champions
16600,2011-12-05,5,16,2153.41,59.85,5,5,4,14,Champions
15031,2011-12-05,5,16,3102.94,299.21,5,5,5,15,Champions
13305,2011-12-05,5,16,3752.61,0.0,5,5,5,15,Champions
16057,2011-12-05,5,17,3854.85,652.78,5,5,5,15,Champions
17426,2011-12-05,5,17,8077.77,471.4,5,5,5,15,Champions
16873,2011-12-05,5,17,14617.39,70.36,5,5,5,15,Champions
17218,2011-12-05,5,18,4178.93,0.0,5,5,5,15,Champions
18044,2011-12-05,5,19,3505.61,2.95,5,5,5,15,Champions
13126,2011-12-05,5,19,3998.25,95.78,5,5,5,15,Champions
14546,2011-12-05,5,20,5184.84,196.87,5,5,5,15,Champions
16904,2011-12-05,5,21,5014.06,0.0,5,5,5,15,Champions
18198,2011-12-05,5,21,5425.56,342.5,5,5,5,15,Champions
15854,2011-12-05,5,21,5578.28,0.0,5,5,5,15,Champions
15628,2011-12-05,5,21,5652.26,48.9,5,5,5,15,Champions
12957,2011-12-05,5,21,8706.97,78.55,5,5,5,15,Champions
13021,2011-12-05,5,24,4887.24,100.86,5,5,5,15,Champions
13985,2011-12-05,5,24,10020.86,38.55,5,5,5,15,Champions
14401,2011-12-05,5,25,6795.9,92.5,5,5,5,15,Champions
17402,2011-12-05,5,26,5095.53,34.15,5,5,5,15,Champions
12683,2011-12-05,5,27,12696.78,278.18,5,5,5,15,Champions
17404,2011-12-05,5,28,47781.12,1774.3,5,5,5,15,Champions
15290,2011-12-05,5,30,10496.28,140.7,5,5,5,15,Champions
13230,2011-12-05,5,31,6213.46,43.56,5,5,5,15,Champions
14060,2011-12-05,5,32,9519.08,15.94,5,5,5,15,Champions
16592,2011-12-05,5,34,7807.91,183.45,5,5,5,15,Champions
15640,2011-12-05,5,34,23828.03,119.22,5,5,5,15,Champions
14096,2011-12-05,5,34,65164.79,8043.88,5,5,5,15,Champions
13001,2011-12-05,5,37,24042.65,36.05,5,5,5,15,Champions
12841,2011-12-05,5,42,7464.19,150.2,5,5,5,15,Champions
17706,2011-12-05,5,43,20749.98,1206.08,5,5,5,15,Champions
16746,2011-12-05,5,46,18046.75,34.55,5,5,5,15,Champions
14194,2011-12-05,5,54,18670.59,227.72,5,5,5,15,Champions
15358,2011-12-05,5,55,17050.41,212.21,5,5,5,15,Champions
17920,2011-12-05,5,56,24256.74,6.55,5,5,5,15,Champions
15856,2011-12-05,5,58,33847.27,402.9,5,5,5,15,Champions
17811,2011-12-05,5,60,9519.8,161.27,5,5,5,15,Champions
16684,2011-12-05,5,65,147142.77,5640.52,5,5,5,15,Champions
14578,2011-12-06,4,1,168.63,0.0,5,1,1,7,Promising / new
12442,2011-12-06,4,1,172.06,0.0,5,1,1,7,Promising / new
16528,2011-12-06,4,1,244.41,0.0,5,1,1,7,Promising / new
15318,2011-12-06,4,1,312.62,0.0,5,1,2,8,Promising / new
12650,2011-12-06,4,1,314.44,0.0,5,1,2,8,Promising / new
17914,2011-12-06,4,1,329.36,0.0,5,1,2,8,Promising / new
12478,2011-12-06,4,1,680.99,0.0,5,2,3,10,Promising / new
18005,2011-12-06,4,2,226.47,0.0,5,2,1,8,Promising / new
16313,2011-12-06,4,2,274.15,0.0,5,2,2,9,Promising / new
17250,2011-12-06,4,2,381.97,0.0,5,2,2,9,Promising / new
12716,2011-12-06,4,2,1053.49,0.0,5,2,3,10,Promising / new
12479,2011-12-06,4,3,527.2,49.9,5,3,2,10,Loyal
17119,2011-12-06,4,3,606.91,13.3,5,3,3,11,Loyal
13914,2011-12-06,4,3,626.45,12.5,5,3,3,11,Loyal
16495,2011-12-06,4,3,648.26,0.0,5,3,3,11,Loyal
15907,2011-12-06,4,3,882.72,0.0,5,3,3,11,Loyal
15992,2011-12-06,4,3,896.6,0.0,5,3,3,11,Loyal
14140,2011-12-06,4,3,935.05,15.0,5,3,3,11,Loyal
14418,2011-12-06,4,3,1937.25,0.0,5,3,4,12,Loyal
16015,2011-12-06,4,4,704.55,14.85,5,3,3,11,Loyal
13255,2011-12-06,4,4,904.46,8.85,5,3,3,11,Loyal
13507,2011-12-06,4,4,2479.16,0.0,5,3,4,12,Loyal
14737,2011-12-06,4,4,3554.17,0.0,5,3,5,13,Loyal
12723,2011-12-06,4,5,725.07,0.0,5,3,3,11,Loyal
13323,2011-12-06,4,5,787.85,0.0,5,3,3,11,Loyal
18154,2011-12-06,4,5,932.6,0.0,5,3,3,11,Loyal
17481,2011-12-06,4,5,1255.59,6.25,5,4,4,13,Champions
16569,2011-12-06,4,5,1455.23,0.0,5,4,4,13,Champions
17666,2011-12-06,4,5,2047.8,0.0,5,4,4,13,Champions
12967,2011-12-06,4,5,4306.92,466.15,5,4,5,14,Champions
18167,2011-12-06,4,6,1384.86,29.35,5,4,4,13,Champions
16620,2011-12-06,4,6,1758.93,0.0,5,4,4,13,Champions
16201,2011-12-06,4,6,2112.12,41.95,5,4,4,13,Champions
14216,2011-12-06,4,6,2150.04,7.65,5,4,4,13,Champions
13994,2011-12-06,4,6,2274.14,0.0,5,4,4,13,Champions
14121,2011-12-06,4,6,2780.15,39.85,5,4,4,13,Champions
14503,2011-12-06,4,6,3543.26,0.0,5,4,5,14,Champions
16949,2011-12-06,4,7,1286.27,125.0,5,4,4,13,Champions
16929,2011-12-06,4,7,1295.39,0.0,5,4,4,13,Champions
15157,2011-12-06,4,7,2654.11,66.57,5,4,4,13,Champions
14673,2011-12-06,4,7,3410.81,0.0,5,4,5,14,Champions
17883,2011-12-06,4,8,988.42,15.9,5,4,3,12,Loyal
17290,2011-12-06,4,8,1487.96,0.0,5,4,4,13,Champions
16790,2011-12-06,4,8,1545.62,25.5,5,4,4,13,Champions
15822,2011-12-06,4,8,1840.06,62.15,5,4,4,13,Champions
15814,2011-12-06,4,8,2634.44,102.6,5,4,4,13,Champions
17744,2011-12-06,4,8,2649.14,31.32,5,4,4,13,Champions
17728,2011-12-06,4,8,4238.76,377.63,5,4,5,14,Champions
14871,2011-12-06,4,9,1228.17,0.0,5,4,4,13,Champions
14071,2011-12-06,4,9,1437.57,131.41,5,4,4,13,Champions
13104,2011-12-06,4,9,1709.1,0.0,5,4,4,13,Champions
14869,2011-12-06,4,9,2778.14,27.44,5,4,4,13,Champions
14547,2011-12-06,4,9,3974.75,20.8,5,4,5,14,Champions
13755,2011-12-06,4,10,2108.06,6.67,5,5,4,14,Champions
16711,2011-12-06,4,10,2868.48,117.0,5,5,4,14,Champions
14293,2011-12-06,4,10,3267.93,93.6,5,5,5,15,Champions
13362,2011-12-06,4,10,5394.07,36.5,5,5,5,15,Champions
16076,2011-12-06,4,11,2234.73,61.2,5,5,4,14,Champions
12766,2011-12-06,4,11,10068.28,41.85,5,5,5,15,Champions
12753,2011-12-06,4,11,21429.39,405.38,5,5,5,15,Champions
17705,2011-12-06,4,12,2083.9,42.4,5,5,4,14,Champions
16987,2011-12-06,4,12,2521.4,11.9,5,5,4,14,Champions
16979,2011-12-06,4,12,2859.74,72.65,5,5,4,14,Champions
14655,2011-12-06,4,12,3878.51,49.28,5,5,5,15,Champions
12820,2011-12-06,4,13,2689.52,41.58,5,5,4,14,Champions
14868,2011-12-06,4,13,4184.01,13.95,5,5,5,15,Champions
16016,2011-12-06,4,14,2446.42,38.9,5,5,4,14,Champions
12362,2011-12-06,4,14,5356.23,71.65,5,5,5,15,Champions
14572,2011-12-06,4,15,5526.88,41.9,5,5,5,15,Champions
17593,2011-12-06,4,15,8092.32,51.8,5,5,5,15,Champions
16143,2011-12-06,4,16,4910.83,43.95,5,5,5,15,Champions
12749,2011-12-06,4,16,6897.36,568.87,5,5,5,15,Champions
17659,2011-12-06,4,17,3834.79,50.66,5,5,5,15,Champions
16571,2011-12-06,4,17,4248.74,223.69,5,5,5,15,Champions
13225,2011-12-06,4,17,16260.07,380.8,5,5,5,15,Champions
12584,2011-12-06,4,18,2338.15,444.2,5,5,4,14,Champions
16764,2011-12-06,4,18,2790.95,41.0,5,5,4,14,Champions
16554,2011-12-06,4,18,2841.72,434.55,5,5,4,14,Champions
12877,2011-12-06,4,20,2942.14,0.0,5,5,5,15,Champions
18283,2011-12-06,4,22,2664.9,0.0,5,5,4,14,Champions
17861,2011-12-06,4,22,5088.29,63.1,5,5,5,15,Champions
13709,2011-12-06,4,22,7571.35,78.94,5,5,5,15,Champions
17884,2011-12-06,4,23,3020.99,44.0,5,5,5,15,Champions
14907,2011-12-06,4,23,6165.79,71.1,5,5,5,15,Champions
17730,2011-12-06,4,23,7773.8,16.45,5,5,5,15,Champions
15023,2011-12-06,4,23,12008.05,78.49,5,5,5,15,Champions
14282,2011-12-06,4,26,7821.76,5.0,5,5,5,15,Champions
17857,2011-12-06,4,26,28682.24,115.7,5,5,5,15,Champions
14825,2011-12-06,4,27,4919.18,38.8,5,5,5,15,Champions
17346,2011-12-06,4,27,5132.72,64.98,5,5,5,15,Champions
12417,2011-12-06,4,27,6797.41,108.7,5,5,5,15,Champions
14562,2011-12-06,4,30,6638.15,330.15,5,5,5,15,Champions
15622,2011-12-06,4,30,7852.61,534.53,5,5,5,15,Champions
14113,2011-12-06,4,31,7092.61,935.86,5,5,5,15,Champions
18225,2011-12-06,4,34,13044.8,403.35,5,5,5,15,Champions
17611,2011-12-06,4,35,8337.53,166.6,5,5,5,15,Champions
14110,2011-12-06,4,35,12987.95,30.35,5,5,5,15,Champions
15194,2011-12-06,4,39,12427.69,240.01,5,5,5,15,Champions
12989,2011-12-06,4,39,13551.75,704.95,5,5,5,15,Champions
16353,2011-12-06,4,41,9999.46,13.53,5,5,5,15,Champions
14543,2011-12-06,4,50,14587.87,2682.16,5,5,5,15,Champions
13881,2011-12-06,4,51,45179.1,786.6,5,5,5,15,Champions
12682,2011-12-06,4,53,24025.51,88.1,5,5,5,15,Champions
12709,2011-12-06,4,55,30814.46,780.73,5,5,5,15,Champions
14735,2011-12-06,4,59,12240.16,330.45,5,5,5,15,Champions
13199,2011-12-06,4,69,16432.89,27.91,5,5,5,15,Champions
16133,2011-12-06,4,78,22992.26,763.38,5,5,5,15,Champions
14298,2011-12-06,4,84,91194.49,705.18,5,5,5,15,Champions
16013,2011-12-06,4,94,57140.44,4657.52,5,5,5,15,Champions
12921,2011-12-06,4,103,35921.04,1281.59,5,5,5,15,Champions
12971,2011-12-06,4,120,15972.79,490.05,5,5,5,15,Champions
15061,2011-12-06,4,138,137818.52,1427.04,5,5,5,15,Champions
13694,2011-12-06,4,164,196482.81,5619.85,5,5,5,15,Champions
15195,2011-12-07,3,1,3861.0,0.0,5,2,5,12,Big spenders
16971,2011-12-07,3,2,357.21,125.0,5,2,2,9,Promising / new
15883,2011-12-07,3,2,396.48,0.0,5,2,2,9,Promising / new
17232,2011-12-07,3,2,417.77,0.0,5,2,2,9,Promising / new
17503,2011-12-07,3,2,558.96,0.0,5,2,2,9,Promising / new
17835,2011-12-07,3,3,342.24,0.0,5,3,2,10,Loyal
12375,2011-12-07,3,3,457.5,2.08,5,3,2,10,Loyal
16368,2011-12-07,3,3,621.44,0.0,5,3,3,11,Loyal
15568,2011-12-07,3,3,758.29,0.0,5,3,3,11,Loyal
15471,2011-12-07,3,3,1292.01,0.0,5,3,4,12,Loyal
17590,2011-12-07,3,3,1468.02,0.0,5,3,4,12,Loyal
12950,2011-12-07,3,3,1843.0,0.0,5,3,4,12,Loyal
16000,2011-12-07,3,3,12393.7,0.0,5,3,5,13,Loyal
18273,2011-12-07,3,4,357.0,0.0,5,3,2,10,Loyal
14204,2011-12-07,3,4,1024.83,0.0,5,3,3,11,Loyal
12462,2011-12-07,3,4,1189.59,65.58,5,3,3,11,Loyal
15701,2011-12-07,3,4,1529.0,0.0,5,3,4,12,Loyal
14904,2011-12-07,3,4,1630.49,0.0,5,3,4,12,Loyal
17266,2011-12-07,3,5,501.72,0.0,5,3,2,10,Loyal
14087,2011-12-07,3,5,829.47,42.75,5,3,3,11,Loyal
18237,2011-12-07,3,5,987.1,0.0,5,4,3,12,Loyal
17042,2011-12-07,3,5,1036.58,0.0,5,4,3,12,Loyal
12785,2011-12-07,3,5,1100.4,21.09,5,4,3,12,Loyal
15525,2011-12-07,3,5,1165.15,14.9,5,4,3,12,Loyal
15136,2011-12-07,3,5,1286.7,4.25,5,4,4,13,Champions
12912,2011-12-07,3,5,1662.3,0.0,5,4,4,13,Champions
14141,2011-12-07,3,6,915.13,36.1,5,4,3,12,Loyal
12828,2011-12-07,3,6,1018.71,0.0,5,4,3,12,Loyal
15969,2011-12-07,3,6,1127.05,83.2,5,4,3,12,Loyal
13882,2011-12-07,3,6,1191.13,59.85,5,4,3,12,Loyal
14708,2011-12-07,3,6,2212.28,29.7,5,4,4,13,Champions
13949,2011-12-07,3,6,2427.32,0.0,5,4,4,13,Champions
14910,2011-12-07,3,7,434.35,44.49,5,4,2,11,Loyal
13109,2011-12-07,3,7,1134.03,26.45,5,4,3,12,Loyal
13685,2011-12-07,3,7,3119.44,0.0,5,4,5,14,Champions
13743,2011-12-07,3,8,1341.6,1.45,5,4,4,13,Champions
12783,2011-12-07,3,8,2225.91,622.04,5,4,4,13,Champions
12347,2011-12-07,3,8,5633.32,0.0,5,4,5,14,Champions
17434,2011-12-07,3,9,2373.82,40.4,5,4,4,13,Champions
17097,2011-12-07,3,10,1318.08,16.5,5,4,4,13,Champions
16426,2011-12-07,3,10,1863.76,0.0,5,4,4,13,Champions
16539,2011-12-07,3,10,3732.01,0.0,5,5,5,15,Champions
16271,2011-12-07,3,11,3397.82,5.95,5,5,5,15,Champions
18272,2011-12-07,3,11,4385.98,38.65,5,5,5,15,Champions
12615,2011-12-07,3,11,5740.98,176.1,5,5,5,15,Champions
14132,2011-12-07,3,12,3586.03,5.9,5,5,5,15,Champions
14794,2011-12-07,3,13,1953.9,64.75,5,5,4,14,Champions
17870,2011-12-07,3,14,3079.69,4.95,5,5,5,15,Champions
17449,2011-12-07,3,14,4868.15,16.0,5,5,5,15,Champions
12826,2011-12-07,3,15,2955.75,27.06,5,5,5,15,Champions
16678,2011-12-07,3,17,3109.99,96.16,5,5,5,15,Champions
16817,2011-12-07,3,18,2804.9,210.35,5,5,4,14,Champions
13014,2011-12-07,3,18,5381.08,160.25,5,5,5,15,Champions
13870,2011-12-07,3,18,5712.08,22.24,5,5,5,15,Champions
17602,2011-12-07,3,18,7354.43,113.7,5,5,5,15,Champions
18219,2011-12-07,3,19,3562.89,55.5,5,5,5,15,Champions
12935,2011-12-07,3,19,4243.86,61.85,5,5,5,15,Champions
17412,2011-12-07,3,19,4417.52,32.54,5,5,5,15,Champions
18092,2011-12-07,3,20,16179.44,6.25,5,5,5,15,Champions
14769,2011-12-07,3,21,15514.11,75.21,5,5,5,15,Champions
17091,2011-12-07,3,23,7789.2,33.6,5,5,5,15,Champions
16672,2011-12-07,3,23,8134.94,41.35,5,5,5,15,Champions
15750,2011-12-07,3,24,6793.51,104.64,5,5,5,15,Champions
14395,2011-12-07,3,24,8110.61,47.2,5,5,5,15,Champions
14032,2011-12-07,3,25,4850.27,64.2,5,5,5,15,Champions
14189,2011-12-07,3,25,5814.39,49.77,5,5,5,15,Champions
13756,2011-12-07,3,25,9188.75,60.3,5,5,5,15,Champions
17049,2011-12-07,3,25,9942.53,353.7,5,5,5,15,Champions
14739,2011-12-07,3,28,12287.5,17.93,5,5,5,15,Champions
13769,2011-12-07,3,29,5800.42,33.79,5,5,5,15,Champions
15298,2011-12-07,3,29,9459.37,1103.34,5,5,5,15,Champions
17735,2011-12-07,3,29,17244.93,82.35,5,5,5,15,Champions
16393,2011-12-07,3,30,5482.57,105.16,5,5,5,15,Champions
16458,2011-12-07,3,30,5690.89,0.0,5,5,5,15,Champions
12839,2011-12-07,3,31,10071.73,143.9,5,5,5,15,Champions
12583,2011-12-07,3,31,14447.44,102.54,5,5,5,15,Champions
17238,2011-12-07,3,32,7701.76,0.0,5,5,5,15,Champions
15984,2011-12-07,3,32,8515.72,88.2,5,5,5,15,Champions
12747,2011-12-07,3,32,9257.04,111.95,5,5,5,15,Champions
14085,2011-12-07,3,34,10028.72,12.75,5,5,5,15,Champions
12569,2011-12-07,3,35,4124.69,59.7,5,5,5,15,Champions
14534,2011-12-07,3,38,6187.66,484.69,5,5,5,15,Champions
16191,2011-12-07,3,40,15677.82,525.9,5,5,5,15,Champions
12720,2011-12-07,3,41,8260.67,212.79,5,5,5,15,Champions
17017,2011-12-07,3,41,14110.61,6023.2,5,5,5,15,Champions
13668,2011-12-07,3,47,12948.48,340.8,5,5,5,15,Champions
13267,2011-12-07,3,50,9758.26,246.05,5,5,5,15,Champions
16525,2011-12-07,3,54,24562.74,1231.9,5,5,5,15,Champions
13534,2011-12-07,3,60,7720.9,396.4,5,5,5,15,Champions
16779,2011-12-07,3,62,33165.94,286.63,5,5,5,15,Champions
17511,2011-12-07,3,85,175603.55,3717.57,5,5,5,15,Champions
13767,2011-12-07,3,96,35540.53,424.85,5,5,5,15,Champions
12471,2011-12-07,3,129,39918.19,2015.18,5,5,5,15,Champions
14527,2011-12-07,3,190,27764.21,2017.76,5,5,5,15,Champions
13089,2011-12-07,3,247,116647.53,3523.67,5,5,5,15,Champions
13436,2011-12-08,2,1,196.89,0.0,5,1,1,7,Promising / new
15520,2011-12-08,2,1,343.5,0.0,5,1,2,8,Promising / new
13298,2011-12-08,2,1,360.0,0.0,5,1,2,8,Promising / new
13404,2011-12-08,2,2,252.49,0.0,5,2,1,8,Promising / new
12558,2011-12-08,2,2,269.96,269.96,5,2,1,8,Promising / new
14520,2011-12-08,2,2,270.6,0.0,5,2,1,8,Promising / new
16322,2011-12-08,2,2,326.75,0.0,5,2,2,9,Promising / new
17668,2011-12-08,2,2,347.75,0.0,5,2,2,9,Promising / new
14138,2011-12-08,2,2,965.88,0.0,5,2,3,10,Promising / new
17144,2011-12-08,2,2,984.57,0.0,5,2,3,10,Promising / new
17830,2011-12-08,2,3,398.7,0.0,5,3,2,10,Loyal
13954,2011-12-08,2,3,439.92,61.33,5,3,2,10,Loyal
15877,2011-12-08,2,3,490.33,52.5,5,3,2,10,Loyal
13318,2011-12-08,2,3,640.76,0.0,5,3,3,11,Loyal
15399,2011-12-08,2,3,815.77,0.0,5,3,3,11,Loyal
15156,2011-12-08,2,3,961.49,0.0,5,3,3,11,Loyal
13521,2011-12-08,2,3,1071.73,0.0,5,3,3,11,Loyal
14569,2011-12-08,2,4,597.33,0.0,5,3,2,10,Loyal
13314,2011-12-08,2,4,775.94,182.43,5,3,3,11,Loyal
15951,2011-12-08,2,4,1013.17,38.65,5,3,3,11,Loyal
16688,2011-12-08,2,4,1260.86,0.0,5,3,4,12,Loyal
15237,2011-12-08,2,4,1412.32,0.0,5,3,4,12,Loyal
13471,2011-12-08,2,4,2501.84,0.0,5,3,4,12,Loyal
16442,2011-12-08,2,5,891.98,0.0,5,3,3,11,Loyal
17405,2011-12-08,2,5,1031.41,64.19,5,4,3,12,Loyal
17522,2011-12-08,2,5,1070.71,0.0,5,4,3,12,Loyal
14698,2011-12-08,2,5,1217.27,0.0,5,4,3,12,Loyal
17554,2011-12-08,2,5,1952.45,0.0,5,4,4,13,Champions
14251,2011-12-08,2,5,2879.7,0.0,5,4,4,13,Champions
12358,2011-12-08,2,5,3887.07,0.0,5,4,5,14,Champions
13860,2011-12-08,2,6,1245.9,5.9,5,4,4,13,Champions
17856,2011-12-08,2,6,1418.03,24.24,5,4,4,13,Champions
14719,2011-12-08,2,6,1581.84,9.95,5,4,4,13,Champions
16833,2011-12-08,2,6,2409.04,0.0,5,4,4,13,Champions
16358,2011-12-08,2,6,2919.65,2.55,5,4,4,13,Champions
17436,2011-12-08,2,7,534.06,12.75,5,4,2,11,Loyal
15208,2011-12-08,2,7,970.52,2.5,5,4,3,12,Loyal
17631,2011-12-08,2,7,998.49,0.0,5,4,3,12,Loyal
15453,2011-12-08,2,7,1371.77,0.0,5,4,4,13,Champions
18210,2011-12-08,2,7,2768.83,0.0,5,4,4,13,Champions
13536,2011-12-08,2,7,3444.39,0.0,5,4,5,14,Champions
15484,2011-12-08,2,7,4652.1,31.2,5,4,5,14,Champions
15214,2011-12-08,2,8,1661.44,0.0,5,4,4,13,Champions
14730,2011-12-08,2,8,1897.57,0.0,5,4,4,13,Champions
16892,2011-12-08,2,9,754.75,28.7,5,4,3,12,Loyal
14129,2011-12-08,2,9,2591.34,0.0,5,4,4,13,Champions
17451,2011-12-08,2,10,1721.4,72.45,5,4,4,13,Champions
13924,2011-12-08,2,11,1838.85,156.77,5,5,4,14,Champions
16891,2011-12-08,2,11,1945.2,0.0,5,5,4,14,Champions
17528,2011-12-08,2,11,3628.5,88.4,5,5,5,15,Champions
14653,2011-12-08,2,12,3593.06,0.0,5,5,5,15,Champions
14442,2011-12-08,2,12,5367.02,95.0,5,5,5,15,Champions
13026,2011-12-08,2,13,1733.08,42.96,5,5,4,14,Champions
17530,2011-12-08,2,13,3092.33,0.95,5,5,5,15,Champions
15950,2011-12-08,2,13,7120.91,242.2,5,5,5,15,Champions
13680,2011-12-08,2,13,11419.67,1520.11,5,5,5,15,Champions
13077,2011-12-08,2,14,3054.37,24.5,5,5,5,15,Champions
17924,2011-12-08,2,14,3536.7,91.42,5,5,5,15,Champions
12955,2011-12-08,2,14,4757.16,22.9,5,5,5,15,Champions
17673,2011-12-08,2,15,4173.88,17.25,5,5,5,15,Champions
14621,2011-12-08,2,16,3000.57,122.3,5,5,5,15,Champions
16933,2011-12-08,2,16,3099.3,81.65,5,5,5,15,Champions
17526,2011-12-08,2,16,4166.04,489.2,5,5,5,15,Champions
15443,2011-12-08,2,16,5114.23,59.79,5,5,5,15,Champions
16794,2011-12-08,2,17,2052.7,21.2,5,5,4,14,Champions
13510,2011-12-08,2,17,4558.29,69.9,5,5,5,15,Champions
14191,2011-12-08,2,17,4817.66,104.25,5,5,5,15,Champions
15187,2011-12-08,2,18,4777.18,107.1,5,5,5,15,Champions
17491,2011-12-08,2,18,5981.07,16.95,5,5,5,15,Champions
15755,2011-12-08,2,20,5993.12,56.17,5,5,5,15,Champions
13890,2011-12-08,2,22,2927.38,68.65,5,5,5,15,Champions
15796,2011-12-08,2,22,5171.63,155.88,5,5,5,15,Champions
13394,2011-12-08,2,24,6621.7,297.82,5,5,5,15,Champions
14291,2011-12-08,2,25,7904.1,59.7,5,5,5,15,Champions
14135,2011-12-08,2,25,9643.92,38.87,5,5,5,15,Champions
13883,2011-12-08,2,26,6560.02,217.28,5,5,5,15,Champions
17644,2011-12-08,2,28,6028.6,164.06,5,5,5,15,Champions
15898,2011-12-08,2,29,5513.09,61.95,5,5,5,15,Champions
14056,2011-12-08,2,29,8152.71,90.25,5,5,5,15,Champions
12523,2011-12-08,2,30,4352.35,151.3,5,5,5,15,Champions
13269,2011-12-08,2,30,8888.75,30.31,5,5,5,15,Champions
13013,2011-12-08,2,31,12625.77,23.95,5,5,5,15,Champions
14702,2011-12-08,2,32,6679.23,58.5,5,5,5,15,Champions
14415,2011-12-08,2,32,11980.09,176.47,5,5,5,15,Champions
14217,2011-12-08,2,33,3416.89,210.02,5,5,5,15,Champions
16019,2011-12-08,2,35,17329.16,825.7,5,5,5,15,Champions
16210,2011-12-08,2,37,38489.51,185.45,5,5,5,15,Champions
12476,2011-12-08,2,38,14083.91,399.79,5,5,5,15,Champions
15159,2011-12-08,2,38,22116.73,67.33,5,5,5,15,Champions
16401,2011-12-08,2,39,6849.15,220.16,5,5,5,15,Champions
13263,2011-12-08,2,39,8676.2,0.0,5,5,5,15,Champions
14796,2011-12-08,2,39,10840.54,198.52,5,5,5,15,Champions
16523,2011-12-08,2,39,11916.33,155.79,5,5,5,15,Champions
13098,2011-12-08,2,41,28882.44,223.56,5,5,5,15,Champions
13102,2011-12-08,2,42,11696.92,256.8,5,5,5,15,Champions
12621,2011-12-08,2,44,24775.81,196.5,5,5,5,15,Champions
13081,2011-12-08,2,44,59205.15,877.0,5,5,5,15,Champions
18109,2011-12-08,2,45,9833.16,139.3,5,5,5,15,Champions
12437,2011-12-08,2,47,12683.4,288.55,5,5,5,15,Champions
13599,2011-12-08,2,52,10163.88,377.29,5,5,5,15,Champions
18223,2011-12-08,2,52,14000.85,503.27,5,5,5,15,Champions
16161,2011-12-08,2,57,12744.26,382.84,5,5,5,15,Champions
15189,2011-12-08,2,58,17524.38,423.25,5,5,5,15,Champions
17757,2011-12-08,2,60,9366.5,79.61,5,5,5,15,Champions
17243,2011-12-08,2,80,20460.48,180.65,5,5,5,15,Champions
13468,2011-12-08,2,87,13375.51,298.9,5,5,5,15,Champions
17675,2011-12-08,2,90,38259.6,653.76,5,5,5,15,Champions
17677,2011-12-08,2,91,36675.06,826.28,5,5,5,15,Champions
13078,2011-12-08,2,95,29532.45,648.62,5,5,5,15,Champions
13798,2011-12-08,2,125,75836.87,2261.95,5,5,5,15,Champions
13408,2011-12-08,2,135,51733.46,880.61,5,5,5,15,Champions
17949,2011-12-08,2,138,118628.08,19732.49,5,5,5,15,Champions
14646,2011-12-08,2,164,528602.52,5260.45,5,5,5,15,Champions
14606,2011-12-08,2,259,30558.25,766.68,5,5,5,15,Champions
17841,2011-12-08,2,289,70081.86,1367.88,5,5,5,15,Champions
14911,2011-12-08,2,510,295832.39,25662.9,5,5,5,15,Champions
12713,2011-12-09,1,1,848.55,0.0,5,2,3,10,Promising / new
12985,2011-12-09,1,3,1239.38,23.76,5,3,4,12,Loyal
12526,2011-12-09,1,3,1316.66,0.0,5,3,4,12,Loyal
12680,2011-12-09,1,4,880.81,0.0,5,3,3,11,Loyal
16446,2011-12-09,1,4,168472.5,168478.6,5,3,5,13,Loyal
15344,2011-12-09,1,5,563.94,87.36,5,3,2,10,Loyal
14446,2011-12-09,1,5,1200.28,0.0,5,4,3,12,Loyal
12518,2011-12-09,1,5,2056.89,0.0,5,4,4,13,Champions
12423,2011-12-09,1,11,2622.39,10.2,5,5,4,14,Champions
12433,2011-12-09,1,11,20581.26,152.4,5,5,5,15,Champions
17490,2011-12-09,1,13,2750.5,165.44,5,5,4,14,Champions
15910,2011-12-09,1,15,2661.17,0.0,5,5,4,14,Champions
17754,2011-12-09,1,16,4451.22,68.14,5,5,5,15,Champions
15804,2011-12-09,1,19,4206.39,357.84,5,5,5,15,Champions
14441,2011-12-09,1,19,4611.69,250.1,5,5,5,15,Champions
17001,2011-12-09,1,19,6640.8,0.0,5,5,5,15,Champions
16626,2011-12-09,1,20,4413.1,33.45,5,5,5,15,Champions
16954,2011-12-09,1,21,6081.88,44.55,5,5,5,15,Champions
14422,2011-12-09,1,21,10271.52,70.6,5,5,5,15,Champions
12662,2011-12-09,1,22,6988.02,38.85,5,5,5,15,Champions
14397,2011-12-09,1,23,2612.96,56.28,5,5,4,14,Champions
13426,2011-12-09,1,24,8167.38,90.62,5,5,5,15,Champions
15694,2011-12-09,1,29,10810.81,244.35,5,5,5,15,Champions
17364,2011-12-09,1,31,11972.92,385.87,5,5,5,15,Champions
13069,2011-12-09,1,42,9616.95,935.66,5,5,5,15,Champions
14051,2011-12-09,1,42,22394.4,329.5,5,5,5,15,Champions
16558,2011-12-09,1,47,13873.51,154.55,5,5,5,15,Champions
17315,2011-12-09,1,49,9599.58,92.05,5,5,5,15,Champions
17428,2011-12-09,1,51,31819.76,581.7,5,5,5,15,Champions
17581,2011-12-09,1,53,18737.95,510.28,5,5,5,15,Champions
15498,2011-12-09,1,55,25949.58,2178.77,5,5,5,15,Champions
13113,2011-12-09,1,60,18603.04,2025.48,5,5,5,15,Champions
16705,2011-12-09,1,61,43515.05,861.91,5,5,5,15,Champions
13777,2011-12-09,1,73,56478.42,461.85,5,5,5,15,Champions
17389,2011-12-09,1,77,57215.33,2637.65,5,5,5,15,Champions
18102,2011-12-09,1,153,608821.65,10606.43,5,5,5,15,Champions
15311,2011-12-09,1,270,116575.49,3258.09,5,5,5,15,Champions
12748,2011-12-09,1,365,55511.09,6614.26,5,5,5,15,Champions
