stock_code,description,sales,units,pct_of_sales,cumulative_pct,is_top80_pct
22423,REGENCY CAKESTAND 3 TIER,344069.3,27553,1.7885,1.7885,1
85123A,WHITE HANGING HEART T-LIGHT HOLDER,266760.86,100629,1.3867,3.1752,1
23843,"PAPER CRAFT , LITTLE BIRDIE",168469.6,80995,0.8757,4.0509,1
47566,PARTY BUNTING,149109.35,28410,0.7751,4.826,1
84879,ASSORTED COLOUR BIRD ORNAMENT,131817.81,81598,0.6852,5.5112,1
22086,PAPER CHAIN KIT 50'S CHRISTMAS,123002.89,36563,0.6394,6.1506,1
79321,CHILLI LIGHTS,85157.56,16910,0.4427,6.5933,1
23166,MEDIUM CERAMIC TOP STORAGE JAR,81700.92,78033,0.4247,7.018,1
22197,SMALL POPCORN HOLDER,80888.34,90354,0.4205,7.4385,1
22386,JUMBO BAG PINK POLKADOT,77049.38,39809,0.4005,7.839,1
84347,ROTATING SILVER ANGELS T-LIGHT HLDR,74380.07,32611,0.3866,8.2256,1
20725,LUNCH BAG RED RETROSPOT,72001.35,40752,0.3743,8.5999,1
85099F,JUMBO BAG STRAWBERRY,69459.81,37389,0.3611,8.961,1
21137,BLACK RECORD COVER FRAME,69295.72,19945,0.3602,9.3212,1
20685,DOORMAT RED RETROSPOT,67812.32,9975,0.3525,9.6737,1
48138,DOORMAT UNION FLAG,67629.75,10159,0.3516,10.0252,1
23084,RABBIT NIGHT LIGHT,66870.03,31673,0.3476,10.3728,1
21843,RED RETROSPOT CAKE STAND,66348.55,6265,0.3449,10.7177,1
22114,HOT WATER BOTTLE TEA AND SYMPATHY,63362.35,12709,0.3294,11.0471,1
82484,WOOD BLACK BOARD ANT WHITE FINISH,62778.72,11046,0.3263,11.3734,1
21931,JUMBO STORAGE BAG SUKI,62257.72,29490,0.3236,11.697,1
22910,PAPER CHAIN KIT VINTAGE CHRISTMAS,61671.84,20594,0.3206,12.0176,1
22502,PICNIC BASKET WICKER SMALL,61466.47,4136,0.3195,12.3371,1
15056N,EDWARDIAN PARASOL NATURAL,60663.23,11546,0.3153,12.6525,1
22112,CHOCOLATE HOT WATER BOTTLE,60644.32,11533,0.3152,12.9677,1
21621,VINTAGE UNION JACK BUNTING,60549.54,7031,0.3147,13.2825,1
85099C,JUMBO  BAG BAROQUE BLACK WHITE,60188.73,31170,0.3129,13.5953,1
22411,JUMBO SHOPPER VINTAGE RED PAISLEY,58149.35,27670,0.3023,13.8976,1
22470,HEART OF WICKER LARGE,55772.02,18519,0.2899,14.1875,1
22189,CREAM HEART CARD HOLDER,54547.38,18350,0.2835,14.4711,1
20914,SET/5 RED RETROSPOT LID GLASS BOWLS,53335.66,18954,0.2772,14.7483,1
22178,VICTORIAN GLASS HANGING T-LIGHT,53105.59,40572,0.2761,15.0244,1
22139,RETROSPOT TEA SET CERAMIC 11 PC,53085.61,10810,0.2759,15.3003,1
21212,PACK OF 72 RETROSPOT CAKE CASES,52948.8,96472,0.2752,15.5755,1
21623,VINTAGE UNION JACK MEMOBOARD,52082.93,7233,0.2707,15.8463,1
22111,SCOTTIE DOG HOT WATER BOTTLE,51936.86,10163,0.27,16.1163,1
21733,RED HANGING HEART T-LIGHT HOLDER,51441.92,17960,0.2674,16.3837,1
84946,ANTIQUE SILVER TEA GLASS ETCHED,51148.47,37919,0.2659,16.6495,1
22469,HEART OF WICKER SMALL,51088.16,29104,0.2656,16.9151,1
21181,PLEASE ONE PERSON METAL SIGN,50818.92,25452,0.2642,17.1793,1
22090,PAPER BUNTING RETROSPOT,50723.6,16822,0.2637,17.4429,1
21232,STRAWBERRY CERAMIC TRINKET BOX,50660.48,38903,0.2633,17.7063,1
21929,JUMBO BAG PINK VINTAGE PAISLEY,50300.82,25937,0.2615,17.9678,1
48194,DOORMAT HEARTS,49542.47,7847,0.2575,18.2253,1
21731,RED TOADSTOOL LED NIGHT LIGHT,49508.34,29840,0.2574,18.4826,1
15056BL,EDWARDIAN PARASOL BLACK,49411.71,9816,0.2569,18.7395,1
22457,NATURAL SLATE HEART CHALKBOARD,48423.25,15687,0.2517,18.9912,1
82494L,WOODEN FRAME ANTIQUE WHITE,48212.65,16192,0.2506,19.2418,1
21754,HOME BUILDING BLOCK WORD,47774.74,7796,0.2483,19.4902,1
84029E,RED WOOLLY HOTTIE WHITE HEART.,47479.83,11770,0.2468,19.737,1
21523,DOORMAT FANCY FONT HOME SWEET HOME,47194.58,7089,0.2453,19.9823,1
48187,DOORMAT NEW ENGLAND,47026.85,7395,0.2445,20.2267,1
21928,JUMBO BAG SCANDINAVIAN PAISLEY,47023.18,24748,0.2444,20.4712,1
22355,CHARLOTTE BAG SUKI DESIGN,46584.99,32654,0.2422,20.7133,1
71477,COLOUR GLASS. STAR T-LIGHT HOLDER,46519.13,15788,0.2418,20.9551,1
20727,LUNCH BAG  BLACK SKULL.,46283.89,27042,0.2406,21.1957,1
48185,DOORMAT FAIRY CAKE,46050.99,6857,0.2394,21.4351,1
22138,BAKING SET 9 PIECE RETROSPOT,45882.01,9383,0.2385,21.6736,1
22326,ROUND SNACK BOXES SET OF4 WOODLAND,44943.43,15670,0.2336,21.9072,1
21915,RED  HARMONICA IN BOX,44680.05,38316,0.2323,22.1395,1
21175,GIN + TONIC DIET METAL SIGN,44282.23,20856,0.2302,22.3697,1
84078A,SET/4 WHITE RETRO STORAGE CUBES,43921.51,1129,0.2283,22.598,1
22383,LUNCH BAG SUKI  DESIGN,43836.86,25404,0.2279,22.8259,1
23298,SPOTTY BUNTING,43148.18,8637,0.2243,23.0502,1
20728,LUNCH BAG CARS BLUE,42695.64,24838,0.2219,23.2721,1
82482,WOODEN PICTURE FRAME WHITE FINISH,42396.03,17141,0.2204,23.4925,1
23203,JUMBO BAG VINTAGE DOILY,42030.34,20585,0.2185,23.711,1
20713,JUMBO BAG OWLS,41332.89,23056,0.2149,23.9258,1
22083,PAPER CHAIN KIT RETROSPOT,41256.41,13961,0.2145,24.1403,1
22328,ROUND SNACK BOXES SET OF 4 FRUITS,40407.96,14603,0.21,24.3503,1
22960,JAM MAKING SET WITH JARS,39639.31,9400,0.2061,24.5564,1
85066,CREAM SWEETHEART MINI CHEST,39173.65,3132,0.2036,24.76,1
22699,ROSES REGENCY TEACUP AND SAUCER,39061.14,13315,0.203,24.9631,1
82486,WOOD S/3 CABINET ANT WHITE FINISH,39004.8,4853,0.2028,25.1658,1
20726,LUNCH BAG WOODLAND,38883.73,22304,0.2021,25.3679,1
22629,SPACEBOY LUNCH BOX,38691.7,21193,0.2011,25.5691,1
21485,RETROSPOT HEART HOT WATER BOTTLE,38585.35,7872,0.2006,25.7696,1
21166,COOK WITH WINE METAL SIGN,38428.21,20494,0.1998,25.9694,1
23284,DOORMAT KEEP CALM AND COME IN,38133.64,5500,0.1982,26.1676,1
22720,SET OF 3 CAKE TINS PANTRY DESIGN,38108.89,7497,0.1981,26.3657,1
20712,JUMBO BAG WOODLAND ANIMALS,37988.94,17936,0.1975,26.5632,1
22727,ALARM CLOCK BAKELIKE RED,37857.61,9565,0.1968,26.76,1
21524,DOORMAT SPOTTY HOME SWEET HOME,36565.22,5331,0.1901,26.95,1
84997C,BLUE 3 PIECE MINI DOTS CUTLERY SET,35927.14,9208,0.1868,27.1368,1
20724,RED RETROSPOT CHARLOTTE BAG,35558.23,32453,0.1848,27.3216,1
22379,RECYCLING BAG RETROSPOT,35362.76,16053,0.1838,27.5055,1
21755,LOVE BUILDING BLOCK WORD,35356.39,5726,0.1838,27.6892,1
21479,WHITE SKULL HOT WATER BOTTLE,34560.68,7613,0.1797,27.8689,1
22384,LUNCH BAG PINK POLKADOT,34425.81,20990,0.179,28.0479,1
22666,RECIPE BOX PANTRY YELLOW DESIGN,34421.2,10950,0.1789,28.2268,1
22382,LUNCH BAG SPACEBOY DESIGN,34317.59,20387,0.1784,28.4052,1
22630,DOLLY GIRL LUNCH BOX,33923.45,18398,0.1763,28.5815,1
22726,ALARM CLOCK BAKELIKE GREEN,33666.34,7936,0.175,28.7565,1
22865,HAND WARMER OWL DESIGN,33394.91,15522,0.1736,28.9301,1
22188,BLACK HEART CARD HOLDER,33197.05,12548,0.1726,29.1027,1
15036,ASSORTED COLOURS SILK FAN,33041.55,44485,0.1718,29.2744,1
22385,JUMBO BAG SPACEBOY DESIGN,32735.2,17233,0.1702,29.4446,1
22622,BOX OF VINTAGE ALPHABET BLOCKS,32144.04,3240,0.1671,29.6117,1
22077,6 RIBBONS RUSTIC CHARM,32142.04,17550,0.1671,29.7788,1
85152,HAND OVER THE CHOCOLATE   SIGN,31976.56,16605,0.1662,29.945,1
84029G,KNITTED UNION FLAG HOT WATER BOTTLE,31927.13,7587,0.166,30.1109,1
48184,DOORMAT ENGLISH ROSE,31551.32,4790,0.164,30.2749,1
22697,GREEN REGENCY TEACUP AND SAUCER,31431.67,10082,0.1634,30.4383,1
22659,LUNCH BOX I LOVE LONDON,31142.57,16838,0.1619,30.6002,1
23245,SET OF 3 REGENCY CAKE TINS,31118.55,6345,0.1618,30.762,1
22501,PICNIC BASKET WICKER LARGE,30768.59,2945,0.1599,30.9219,1
22752,SET 7 BABUSHKA NESTING BOXES,30736.75,9773,0.1598,31.0817,1
20679,EDWARDIAN PARASOL RED,30649.47,6256,0.1593,31.241,1
23199,JUMBO BAG APPLES,30450.69,14908,0.1583,31.3993,1
21217,RED RETROSPOT ROUND CAKE TINS,30393.48,2952,0.158,31.5573,1
22866,HAND WARMER SCOTTY DOG DESIGN,30323.64,13731,0.1576,31.7149,1
22158,3 HEARTS HANGING DECORATION RUSTIC,30197.28,9347,0.157,31.8719,1
82483,WOOD 2 DRAWER CABINET WHITE FINISH,30014.44,5090,0.156,32.0279,1
22867,HAND WARMER BIRD DESIGN,29484.32,13429,0.1533,32.1812,1
22492,MINI PAINT SET VINTAGE,28999.39,45593,0.1507,32.3319,1
20971,PINK BLUE FELT CRAFT TRINKET BOX,28966.21,22580,0.1506,32.4825,1
22467,GUMBALL COAT RACK,28919.8,12436,0.1503,32.6328,1
48188,DOORMAT WELCOME PUPPIES,28775.21,4997,0.1496,32.7824,1
23355,HOT WATER BOTTLE KEEP CALM,28718.8,5816,0.1493,32.9317,1
84978,HANGING HEART JAR T-LIGHT HOLDER,28629.82,21819,0.1488,33.0805,1
22835,HOT WATER BOTTLE I AM SO POORLY,28455.98,5524,0.1479,33.2284,1
21977,PACK OF 60 PINK PAISLEY CAKE CASES,28413.63,56625,0.1477,33.3761,1
82583,HOT BATHS METAL SIGN,28324.61,13264,0.1472,33.5234,1
20719,WOODLAND CHARLOTTE BAG,28249.92,24904,0.1468,33.6702,1
22961,JAM MAKING SET PRINTED,28218.24,18170,0.1467,33.8169,1
22624,IVORY KITCHEN SCALES,28010.17,3268,0.1456,33.9625,1
21930,JUMBO STORAGE BAG SKULLS,27888.86,13640,0.145,34.1075,1
23201,JUMBO BAG ALPHABET,27850.83,13366,0.1448,34.2522,1
72741,GRAND CHOCOLATECANDLE,27820.88,20113,0.1446,34.3969,1
20750,RED RETROSPOT MINI CASES,27523.12,3772,0.1431,34.5399,1
84991,60 TEATIME FAIRY CAKE CASES,27321.37,54537,0.142,34.6819,1
71459,HANGING JAM JAR T-LIGHT HOLDER,27090.51,33457,0.1408,34.8228,1
22734,SET OF 6 RIBBONS VINTAGE CHRISTMAS,27039.82,10229,0.1406,34.9633,1
21481,FAWN BLUE HOT WATER BOTTLE,26925.18,8538,0.14,35.1033,1
22149,FELTCRAFT 6 FLOWER FRIENDS,26783.86,12968,0.1392,35.2425,1
22507,MEMO BOARD RETROSPOT  DESIGN,26626.56,5694,0.1384,35.3809,1
48111,DOORMAT 3 SMILEY CATS,26483.99,4304,0.1377,35.5186,1
22551,PLASTERS IN TIN SPACEBOY,26420.75,15740,0.1373,35.6559,1
20711,JUMBO BAG TOYS,26183.0,12843,0.1361,35.792,1
82600,NO SINGING METAL SIGN,26168.76,12890,0.136,35.9281,1
21080,SET/20 RED RETROSPOT PAPER NAPKINS,26013.27,31803,0.1352,36.0633,1
21108,FAIRY CAKE FLANNEL ASSORTED COLOUR,25859.05,13087,0.1344,36.1977,1
22087,PAPER BUNTING WHITE LACE,25507.12,8532,0.1326,36.3303,1
21527,RED RETROSPOT TRADITIONAL TEAPOT,25493.02,3417,0.1325,36.4628,1
22084,PAPER CHAIN KIT EMPIRE,25453.83,8947,0.1323,36.5951,1
37503,TEA TIME CAKE STAND IN GIFT BOX,25428.33,2465,0.1322,36.7273,1
84755,COLOUR GLASS T-LIGHT HOLDER HANGING,25386.65,40703,0.132,36.8593,1
21314,SMALL GLASS HEART TRINKET POT,25253.85,12793,0.1313,36.9905,1
84077,WORLD WAR 2 GLIDERS ASSTD DESIGNS,25197.98,110009,0.131,37.1215,1
20972,PINK CREAM FELT CRAFT TRINKET BOX,25080.59,20704,0.1304,37.2519,1
23173,REGENCY TEAPOT ROSES,24879.13,2766,0.1293,37.3812,1
22728,ALARM CLOCK BAKELIKE PINK,24858.52,6361,0.1292,37.5104,1
84836,ZINC METAL HEART DECORATION,24563.17,20057,0.1277,37.6381,1
48173C,DOORMAT BLACK FLOCK,24555.21,4191,0.1276,37.7658,1
47590A,BLUE HAPPY BIRTHDAY BUNTING,24553.9,4827,0.1276,37.8934,1
21231,SWEETHEART CERAMIC TRINKET BOX,24499.38,19672,0.1274,38.0208,1
22722,SET OF 6 SPICE TINS PANTRY DESIGN,24459.96,5973,0.1271,38.1479,1
22698,PINK REGENCY TEACUP AND SAUCER,24377.57,8195,0.1267,38.2746,1
21258,VICTORIAN SEWING BOX LARGE,24089.84,1698,0.1252,38.3998,1
22171,3 HOOK PHOTO SHELF ANTIQUE WHITE,24081.66,3417,0.1252,38.525,1
21790,VINTAGE SNAP CARDS,24063.3,27904,0.1251,38.6501,1
21955,DOORMAT UNION JACK GUNS AND ROSES,23949.35,3945,0.1245,38.7746,1
21791,VINTAGE HEADS AND TAILS CARD GAME,23926.98,18537,0.1244,38.899,1
22625,RED KITCHEN SCALES,23851.23,2740,0.124,39.023,1
23344,JUMBO BAG 50'S CHRISTMAS,23772.07,10285,0.1236,39.1465,1
22605,WOODEN CROQUET GARDEN SET,23731.02,1846,0.1234,39.2699,1
23243,SET OF TEA COFFEE SUGAR TINS PANTRY,23489.42,4800,0.1221,39.392,1
22554,PLASTERS IN TIN WOODLAND ANIMALS,23276.56,13822,0.121,39.513,1
22113,GREY HEART HOT WATER BOTTLE,23031.27,6024,0.1197,39.6327,1
22607,WOODEN ROUNDERS GARDEN SET,23030.05,2564,0.1197,39.7524,1
84970S,HANGING HEART ZINC T-LIGHT HOLDER,22871.24,27143,0.1189,39.8713,1
22585,PACK OF 6 BIRDY GIFT TAGS,22847.67,18290,0.1188,39.9901,1
21936,RED RETROSPOT PICNIC BAG,22818.09,7823,0.1186,40.1087,1
20749,ASSORTED COLOUR MINI CASES,22703.16,3143,0.118,40.2267,1
37449,CERAMIC CAKE STAND + HANGING CAKES,22672.61,2422,0.1179,40.3446,1
22556,PLASTERS IN TIN CIRCUS PARADE,22651.23,13771,0.1177,40.4623,1
22941,CHRISTMAS LIGHTS 10 REINDEER,22619.82,2707,0.1176,40.5799,1
85014A,BLACK/BLUE POLKADOT UMBRELLA,22491.5,4697,0.1169,40.6968,1
22969,HOMEMADE JAM SCENTED CANDLES,22441.85,15075,0.1167,40.8135,1
22632,HAND WARMER RED RETROSPOT,22334.47,11171,0.1161,40.9296,1
21210,SET OF 72 RETROSPOT PAPER  DOILIES,21948.56,15243,0.1141,41.0437,1
22499,WOODEN UNION JACK BUNTING,21898.74,3607,0.1138,41.1575,1
22456,NATURAL SLATE CHALKBOARD LARGE,21859.23,4614,0.1136,41.2711,1
23202,JUMBO BAG VINTAGE LEAF,21810.43,11041,0.1134,41.3845,1
85048,15CM CHRISTMAS GLASS BALL 20 LIGHTS,21779.2,2749,0.1132,41.4977,1
21213,PACK OF 72 SKULL CAKE CASES,21661.75,40563,0.1126,41.6103,1
22570,FELTCRAFT CUSHION RABBIT,21542.29,5842,0.112,41.7223,1
23209,LUNCH BAG VINTAGE DOILY,21418.82,13270,0.1113,41.8336,1
22424,ENAMEL BREAD BIN CREAM,21267.71,1559,0.1106,41.9442,1
22356,CHARLOTTE BAG PINK POLKADOT,21243.09,20232,0.1104,42.0546,1
84997A,GREEN 3 PIECE MINI DOTS CUTLERY SET,21175.1,5441,0.1101,42.1647,1
22617,BAKING SET SPACEBOY DESIGN,21138.14,4385,0.1099,42.2746,1
21218,RED SPOTTY BISCUIT TIN,21079.56,5299,0.1096,42.3841,1
22568,FELTCRAFT CUSHION OWL,21022.75,5691,0.1093,42.4934,1
22294,HEART FILIGREE DOVE  SMALL,20962.02,16923,0.109,42.6024,1
22569,FELTCRAFT CUSHION BUTTERFLY,20872.46,5717,0.1085,42.7109,1
23206,LUNCH BAG APPLE DESIGN,20852.58,12147,0.1084,42.8193,1
48116,DOORMAT MULTICOLOUR STRIPE,20787.72,3469,0.1081,42.9273,1
85150,LADIES & GENTLEMEN METAL SIGN,20650.38,8631,0.1073,43.0347,1
20723,STRAWBERRY CHARLOTTE BAG,20640.22,18441,0.1073,43.142,1
21559,STRAWBERRY LUNCH BOX WITH CUTLERY,20612.52,8317,0.1071,43.2491,1
22693,GROW A FLYTRAP OR SUNFLOWER IN TIN,20499.08,17899,0.1066,43.3557,1
21216,"SET 3 RETROSPOT TEA,COFFEE,SUGAR",20484.03,3947,0.1065,43.4621,1
22900,SET 2 TEA TOWELS I LOVE LONDON,20459.51,6449,0.1064,43.5685,1
22273,FELTCRAFT DOLL MOLLY,20301.52,7398,0.1055,43.674,1
22558,CLOTHES PEGS RETROSPOT PACK 24,20136.65,19063,0.1047,43.7787,1
21622,VINTAGE UNION JACK CUSHION COVER,20080.49,3728,0.1044,43.8831,1
22381,TOY TIDY PINK POLKADOT,19960.07,9442,0.1038,43.9868,1
22413,METAL SIGN TAKE IT OR LEAVE IT,19937.79,7037,0.1036,44.0905,1
22169,FAMILY ALBUM WHITE PICTURE FRAME,19930.8,2325,0.1036,44.1941,1
21174,POTTERING IN THE SHED METAL SIGN,19838.71,9934,0.1031,44.2972,1
22952,60 CAKE CASES VINTAGE CHRISTMAS,19775.58,34719,0.1028,44.4,1
48129,DOORMAT TOPIARY,19752.97,3148,0.1027,44.5027,1
22561,WOODEN SCHOOL COLOURING SET,19740.54,11772,0.1026,44.6053,1
71053,WHITE METAL LANTERN,19654.86,4976,0.1022,44.7075,1
22633,HAND WARMER UNION JACK,19521.13,9498,0.1015,44.8089,1
21908,CHOCOLATE THIS WAY METAL SIGN,19479.51,9839,0.1013,44.9102,1
84949,SILVER HANGING T-LIGHT HOLDER,19479.36,12232,0.1013,45.0115,1
22427,ENAMEL FLOWER JUG CREAM,19463.56,3246,0.1012,45.1126,1
21340,CLASSIC METAL BIRDCAGE PLANT HOLDER,19398.11,1790,0.1008,45.2135,1
22041,"RECORD FRAME 7"" SINGLE SIZE",19371.46,7861,0.1007,45.3142,1
22061,LARGE CAKE STAND  HANGING STRAWBERY,19260.67,2185,0.1001,45.4143,1
22555,PLASTERS IN TIN STRONGMAN,19240.02,11882,0.1,45.5143,1
84947,ANTIQUE SILVER TEA GLASS ENGRAVED,19055.54,16089,0.0991,45.6133,1
21035,SET/2 RED RETROSPOT TEA TOWELS,18951.77,6079,0.0985,45.7119,1
21484,CHICK GREY HOT WATER BOTTLE,18949.6,4984,0.0985,45.8104,1
21121,SET/10 RED POLKADOT PARTY CANDLES,18930.58,15831,0.0984,45.9088,1
22847,BREAD BIN DINER STYLE IVORY,18890.09,1192,0.0982,46.007,1
22837,HOT WATER BOTTLE BABUSHKA,18742.17,4069,0.0974,46.1044,1
84945,MULTI COLOUR SILVER T-LIGHT HOLDER,18596.55,22639,0.0967,46.2011,1
21430,SET/3 RED GINGHAM ROSE STORAGE BOX,18514.2,4741,0.0962,46.2973,1
22147,FELTCRAFT BUTTERFLY HEARTS,18358.85,13129,0.0954,46.3927,1
22505,MEMO BOARD COTTAGE DESIGN,18318.08,3818,0.0952,46.488,1
22560,TRADITIONAL MODELLING CLAY,18270.55,15192,0.095,46.5829,1
21914,BLUE HARMONICA IN BOX,18194.35,13334,0.0946,46.6775,1
22654,DELUXE SEWING KIT,18135.92,2682,0.0943,46.7718,1
22776,SWEETHEART CAKESTAND 3 TIER,18074.68,1762,0.094,46.8657,1
22352,LUNCH BOX WITH CUTLERY RETROSPOT,18067.42,7174,0.0939,46.9596,1
79323W,WHITE CHERRY LIGHTS,18048.72,3004,0.0938,47.0535,1
22297,HEART IVORY TRELLIS SMALL,17926.6,13871,0.0932,47.1467,1
84970L,SINGLE HEART ZINC T-LIGHT HOLDER,17876.45,17808,0.0929,47.2396,1
22557,PLASTERS IN TIN VINTAGE PAISLEY,17797.96,10598,0.0925,47.3321,1
20718,RED RETROSPOT SHOPPER BAG,17730.0,13481,0.0922,47.4243,1
21136,PAINTED METAL PEARS ASSORTED,17661.15,10606,0.0918,47.5161,1
21889,WOODEN BOX OF DOMINOES,17612.57,13213,0.0916,47.6076,1
21156,RETROSPOT CHILDRENS APRON,17487.36,9391,0.0909,47.6985,1
84467,ENGLISH ROSE DESIGN QUILTED THROW,17477.66,875,0.0909,47.7894,1
84992,72 SWEETHEART FAIRY CAKE CASES,17440.21,35109,0.0907,47.88,1
22366,DOORMAT AIRMAIL,17423.17,2572,0.0906,47.9706,1
35004C,SET OF 3 COLOURED  FLYING DUCKS,17370.95,3307,0.0903,48.0609,1
22652,TRAVEL SEWING KIT,17237.23,10148,0.0896,48.1505,1
23240,SET OF 4 KNICK KNACK TINS DOILY,17000.17,4177,0.0884,48.2389,1
21535,RED RETROSPOT SMALL MILK JUG,16842.1,6779,0.0875,48.3264,1
21533,RETRO SPOT LARGE MILK JUG,16814.37,3399,0.0874,48.4138,1
21164,HOME SWEET HOME METAL SIGN,16812.3,6040,0.0874,48.5012,1
22487,WHITE WOOD GARDEN PLANT LADDER,16549.4,1647,0.086,48.5872,1
22993,SET OF 4 PANTRY JELLY MOULDS,16478.48,12649,0.0857,48.6729,1
21155,RED RETROSPOT PEG BAG,16475.41,6726,0.0856,48.7585,1
84375,SET OF 20 KIDS COOKIE CUTTERS,16463.22,7890,0.0856,48.8441,1
22191,IVORY DINER WALL CLOCK,16454.05,1995,0.0855,48.9296,1
22662,LUNCH BAG DOLLY GIRL DESIGN,16368.31,10037,0.0851,49.0147,1
23301,GARDENERS KNEELING PAD KEEP CALM,16327.35,8807,0.0849,49.0996,1
22193,RED DINER WALL CLOCK,16296.48,1932,0.0847,49.1843,1
22296,HEART IVORY TRELLIS LARGE,16260.51,9855,0.0845,49.2688,1
22634,CHILDS BREAKFAST SET SPACEBOY,16223.5,1717,0.0843,49.3532,1
22619,SET OF 6 SOLDIER SKITTLES,16212.32,4238,0.0843,49.4374,1
22759,SET OF 3 NOTEBOOKS IN PARCEL,16176.04,19236,0.0841,49.5215,1
22635,CHILDS BREAKFAST SET DOLLY GIRL,16093.99,1689,0.0837,49.6052,1
21877,HOME SWEET HOME MUG,16083.97,14154,0.0836,49.6888,1
22367,CHILDRENS APRON SPACEBOY DESIGN,16060.91,8158,0.0835,49.7723,1
22692,DOORMAT WELCOME TO OUR HOME,16024.84,2158,0.0833,49.8556,1
22940,FELTCRAFT CHRISTMAS FAIRY,16009.29,3653,0.0832,49.9388,1
22690,DOORMAT HOME SWEET HOME BLUE,15922.33,2555,0.0828,50.0216,1
22333,RETROSPOT PARTY BAG + STICKER SET,15865.82,10165,0.0825,50.104,1
22170,PICTURE FRAME WOOD TRIPLE PORTRAIT,15800.66,2406,0.0821,50.1862,1
23313,VINTAGE CHRISTMAS BUNTING,15798.66,2990,0.0821,50.2683,1
22173,METAL 4 HOOK HANGER FRENCH CHATEAU,15768.95,5164,0.082,50.3503,1
22909,SET OF 20 VINTAGE CHRISTMAS NAPKINS,15760.83,18684,0.0819,50.4322,1
22749,FELTCRAFT PRINCESS CHARLOTTE DOLL,15729.83,3855,0.0818,50.514,1
21094,SET/6 RED SPOTTY PAPER PLATES,15723.12,20160,0.0817,50.5957,1
21891,TRADITIONAL WOODEN SKIPPING ROPE,15713.0,12255,0.0817,50.6774,1
84378,SET OF 3 HEART COOKIE CUTTERS,15567.38,11761,0.0809,50.7583,1
22730,ALARM CLOCK BAKELIKE IVORY,15534.04,3868,0.0807,50.8391,1
21844,RED RETROSPOT MUG,15518.32,5430,0.0807,50.9197,1
22365,DOORMAT RESPECTABLE HOUSE,15503.93,2359,0.0806,51.0003,1
22946,WOODEN ADVENT CALENDAR CREAM,15451.32,990,0.0803,51.0806,1
82582,AREA PATROLLED METAL SIGN,15426.07,7622,0.0802,51.1608,1
84050,PINK HEART SHAPE EGG FRYING PAN,15419.17,10528,0.0802,51.241,1
21165,BEWARE OF THE CAT METAL SIGN,15351.35,9445,0.0798,51.3208,1
21975,PACK OF 60 DINOSAUR CAKE CASES,15330.25,31481,0.0797,51.4005,1
21122,SET/10 PINK POLKADOT PARTY CANDLES,15280.06,12601,0.0794,51.4799,1
35970,ZINC FOLKART SLEIGH BELLS,15177.83,8539,0.0789,51.5588,1
22179,SET 10 LIGHTS NIGHT OWL,14953.75,2093,0.0777,51.6365,1
17003,BROCADE RING PURSE,14948.75,71404,0.0777,51.7142,1
21912,VINTAGE SNAKES & LADDERS,14934.74,3794,0.0776,51.7919,1
22606,WOODEN SKITTLES GARDEN SET,14913.84,1081,0.0775,51.8694,1
21770,OPEN CLOSED METAL SIGN,14807.3,3063,0.077,51.9463,1
22150,3 STRIPEY MICE FELTCRAFT,14800.45,7948,0.0769,52.0233,1
22485,SET OF 2 WOODEN MARKET CRATES,14779.84,1109,0.0768,52.1001,1
21380,WOODEN HAPPY BIRTHDAY GARLAND,14643.48,5047,0.0761,52.1762,1
21672,WHITE SPOT RED CERAMIC DRAWER KNOB,14479.91,11172,0.0753,52.2515,1
21259,VICTORIAN SEWING BOX SMALL,14456.98,2395,0.0751,52.3266,1
21257,VICTORIAN SEWING BOX MEDIUM,14434.18,1594,0.075,52.4017,1
22804,CANDLEHOLDER PINK HANGING HEART,14414.08,5377,0.0749,52.4766,1
21169,YOU'RE CONFUSING ME METAL SIGN,14397.69,8969,0.0748,52.5514,1
22627,MINT KITCHEN SCALES,14356.68,1647,0.0746,52.6261,1
84380,SET OF 3 BUTTERFLY COOKIE CUTTERS,14329.03,10533,0.0745,52.7006,1
20748,KENSINGTON COFFEE SET,14317.98,1656,0.0744,52.775,1
22444,GROW YOUR OWN PLANT IN A CAN,14229.9,10962,0.074,52.849,1
22109,FULL ENGLISH BREAKFAST PLATE,14197.68,3433,0.0738,52.9228,1
23200,JUMBO BAG PEARS,14188.96,7167,0.0738,52.9965,1
21098,CHRISTMAS TOILET ROLL,14174.21,9166,0.0737,53.0702,1
22271,FELTCRAFT DOLL ROSIE,14156.3,4945,0.0736,53.1438,1
21888,BINGO SET,14152.84,3587,0.0736,53.2174,1
22236,CAKE STAND 3 TIER MAGIC GARDEN,14109.67,1993,0.0733,53.2907,1
22295,HEART FILIGREE DOVE LARGE,14108.2,8549,0.0733,53.364,1
22667,RECIPE BOX RETROSPOT,14014.1,4990,0.0728,53.4369,1
35400,WOODEN BOX ADVENT CALENDAR,13999.1,1477,0.0728,53.5097,1
23343,JUMBO BAG VINTAGE CHRISTMAS,13972.71,9978,0.0726,53.5823,1
21669,BLUE STRIPE CERAMIC DRAWER KNOB,13971.07,10669,0.0726,53.6549,1
21668,RED STRIPE CERAMIC DRAWER KNOB,13958.04,10391,0.0726,53.7275,1
21871,SAVE THE PLANET MUG,13900.51,11660,0.0723,53.7997,1
22621,TRADITIONAL KNITTING NANCY,13847.06,8940,0.072,53.8717,1
79323P,PINK CHERRY LIGHTS,13787.93,2281,0.0717,53.9434,1
21539,RED RETROSPOT BUTTER DISH,13769.44,2777,0.0716,54.0149,1
22636,CHILDS BREAKFAST SET CIRCUS PARADE,13761.73,1658,0.0715,54.0865,1
22846,BREAD BIN DINER STYLE RED,13750.37,856,0.0715,54.158,1
22207,FRYING PAN UNION FLAG,13715.91,3185,0.0713,54.2293,1
23077,DOUGHNUT LIP GLOSS,13695.77,10395,0.0712,54.3005,1
C2,CARRIAGE,13676.0,723,0.0711,54.3715,1
21390,FILIGRIS HEART WITH BUTTERFLY,13590.47,10967,0.0706,54.4422,1
22198,LARGE POPCORN HOLDER,13580.83,7793,0.0706,54.5128,1
22838,3 TIER CAKE TIN RED AND CREAM,13519.36,941,0.0703,54.5831,1
21673,WHITE SPOT BLUE CERAMIC DRAWER KNOB,13497.51,10248,0.0702,54.6532,1
22584,PACK OF 6 PANNETONE GIFT BOXES,13427.79,5271,0.0698,54.723,1
22553,PLASTERS IN TIN SKULLS,13405.51,8033,0.0697,54.7927,1
21935,SUKI  SHOULDER BAG,13353.81,7215,0.0694,54.8621,1
21704,BAG 250g SWIRLY MARBLES,13343.35,17299,0.0694,54.9315,1
23356,LOVE HOT WATER BOTTLE,13334.32,2359,0.0693,55.0008,1
23207,LUNCH BAG ALPHABET DESIGN,13325.55,7830,0.0693,55.0701,1
23108,SET OF 10 LED DOLLY LIGHTS,13290.52,2219,0.0691,55.1392,1
20676,RED RETROSPOT BOWL,13279.16,10621,0.069,55.2082,1
22580,ADVENT CALENDAR GINGHAM SACK,13277.72,2342,0.069,55.2772,1
23328,SET 6 SCHOOL MILK BOTTLES IN CRATE,13269.49,2841,0.069,55.3462,1
15044A,PINK PAPER PARASOL,13210.85,4964,0.0687,55.4148,1
75049L,LARGE CIRCULAR MIRROR MOBILE,13156.31,13978,0.0684,55.4832,1
22646,CERAMIC STRAWBERRY CAKE MONEY BANK,13151.21,9258,0.0684,55.5516,1
21906,PHARMACIE FIRST AID TIN,13143.55,1813,0.0683,55.6199,1
22655,VINTAGE RED KITCHEN CABINET,13140.0,113,0.0683,55.6882,1
22464,HANGING METAL HEART LANTERN,13129.58,7928,0.0682,55.7565,1
22947,WOODEN ADVENT CALENDAR RED,13111.85,1031,0.0682,55.8246,1
15056P,EDWARDIAN PARASOL PINK,13108.19,2601,0.0681,55.8928,1
22088,PAPER BUNTING COLOURED LACE,13103.44,4408,0.0681,55.9609,1
22766,PHOTO FRAME CORNICE,13094.44,4436,0.0681,56.029,1
84988,SET OF 72 PINK HEART PAPER DOILIES,13059.2,11393,0.0679,56.0968,1
22144,CHRISTMAS CRAFT LITTLE FRIENDS,12994.69,5391,0.0675,56.1644,1
22834,HAND WARMER BABUSHKA DESIGN,12879.75,7641,0.067,56.2313,1
22943,CHRISTMAS LIGHTS 10 VINTAGE BAUBLES,12783.82,2625,0.0665,56.2978,1
22616,PACK OF 12 LONDON TISSUES,12747.23,40310,0.0663,56.3641,1
22303,COFFEE MUG APPLES DESIGN,12701.63,5439,0.066,56.4301,1
22623,BOX OF VINTAGE JIGSAW BLOCKS,12665.58,2354,0.0658,56.4959,1
22082,RIBBON REEL STRIPES DESIGN,12504.77,7427,0.065,56.5609,1
62018,SOMBRERO,12456.7,9570,0.0648,56.6257,1
21671,RED SPOT CERAMIC DRAWER KNOB,12426.88,9552,0.0646,56.6903,1
22301,COFFEE MUG CAT + BIRD DESIGN,12399.66,5107,0.0645,56.7547,1
22631,CIRCUS PARADE LUNCH BOX,12368.01,6330,0.0643,56.819,1
23174,REGENCY SUGAR BOWL GREEN,12342.43,3055,0.0642,56.8832,1
20969,RED FLORAL FELTCRAFT SHOULDER BAG,12300.1,3290,0.0639,56.9471,1
22192,BLUE DINER WALL CLOCK,12274.76,1445,0.0638,57.0109,1
20975,12 PENCILS SMALL TUBE RED RETROSPOT,12255.73,18721,0.0637,57.0746,1
22729,ALARM CLOCK BAKELIKE ORANGE,12253.88,3100,0.0637,57.1383,1
21124,SET/10 BLUE SPOTTY PARTY CANDLES,12242.8,10084,0.0636,57.202,1
85042,ANTIQUE LILY FAIRY LIGHTS,12234.56,2695,0.0636,57.2656,1
22791,T-LIGHT GLASS FLUTED ANTIQUE,12211.71,9846,0.0635,57.329,1
21670,BLUE SPOT CERAMIC DRAWER KNOB,12183.79,8941,0.0633,57.3924,1
21154,RED RETROSPOT OVEN GLOVE,12100.22,8396,0.0629,57.4553,1
21937,STRAWBERRY   PICNIC BAG,12091.96,4176,0.0629,57.5181,1
22750,FELTCRAFT PRINCESS LOLA DOLL,12035.22,3214,0.0626,57.5807,1
21787,RAIN PONCHO RETROSPOT,11986.36,15187,0.0623,57.643,1
21242,RED RETROSPOT PLATE,11979.4,7120,0.0623,57.7053,1
21428,SET3 BOOK BOX GREEN GINGHAM FLOWER,11975.93,2935,0.0623,57.7675,1
84212,"ASSORTED FLOWER COLOUR ""LEIS""",11962.14,24795,0.0622,57.8297,1
22968,ROSE COTTAGE KEEPSAKE BOX,11952.26,1222,0.0621,57.8918,1
22243,5 HOOK HANGER RED MAGIC TOADSTOOL,11949.41,7731,0.0621,57.9539,1
84987,SET OF 36 TEATIME PAPER DOILIES,11890.9,8150,0.0618,58.0158,1
21326,AGED GLASS SILVER T-LIGHT HOLDER,11886.68,18224,0.0618,58.0775,1
22637,PIGGY BANK RETROSPOT,11882.33,4613,0.0618,58.1393,1
22488,NATURAL SLATE RECTANGLE CHALKBOARD,11874.22,6951,0.0617,58.201,1
22468,BABUSHKA LIGHTS STRING OF 10,11846.63,1777,0.0616,58.2626,1
22844,VINTAGE CREAM DOG FOOD CONTAINER,11788.72,1247,0.0613,58.3239,1
23300,GARDENERS KNEELING PAD CUP OF TEA,11785.99,6809,0.0613,58.3852,1
21260,FIRST AID TIN,11775.68,3577,0.0612,58.4464,1
22508,DOORSTOP RETROSPOT HEART,11750.29,2923,0.0611,58.5075,1
21429,RED GINGHAM ROSE JEWELLERY BOX,11743.53,6570,0.061,58.5685,1
22649,STRAWBERRY FAIRY CAKE TEAPOT,11698.12,2331,0.0608,58.6293,1
22795,SWEETHEART RECIPE BOOK STAND,11697.31,1661,0.0608,58.6901,1
22151,PLACE SETTING WHITE HEART,11692.69,27749,0.0608,58.7509,1
22988,SOLDIERS EGG CUP,11673.72,9698,0.0607,58.8116,1
22740,POLKADOT PEN,11670.69,13717,0.0607,58.8722,1
23581,JUMBO BAG PAISLEY PARK,11581.83,5020,0.0602,58.9324,1
82001S,VINYL RECORD FRAME SILVER,11579.85,3081,0.0602,58.9926,1
37370,RETRO COFFEE MUGS ASSORTED,11549.06,7496,0.06,59.0527,1
22694,WICKER STAR,11532.0,5115,0.0599,59.1126,1
22663,JUMBO BAG DOLLY GIRL DESIGN,11527.83,5791,0.0599,59.1725,1
21735,TWO DOOR CURIO CABINET,11503.15,887,0.0598,59.2323,1
22768,FAMILY PHOTO FRAME CORNICE,11464.16,1195,0.0596,59.2919,1
21172,PARTY METAL SIGN,11461.77,7739,0.0596,59.3515,1
22950,36 DOILIES VINTAGE CHRISTMAS,11452.64,9385,0.0595,59.411,1
21868,POTTING SHED TEA MUG,11383.72,9395,0.0592,59.4702,1
47599A,PINK PARTY BAGS,11342.28,6044,0.059,59.5292,1
22620,4 TRADITIONAL SPINNING TOPS,11325.05,8349,0.0589,59.588,1
21922,UNION STRIPE WITH FRINGE  HAMMOCK,11273.97,1451,0.0586,59.6466,1
22417,PACK OF 60 SPACEBOY CAKE CASES,11250.09,21625,0.0585,59.7051,1
22130,PARTY CONE CHRISTMAS DECORATION,11244.12,9918,0.0584,59.7636,1
21833,CAMOUFLAGE LED TORCH,11208.35,6557,0.0583,59.8218,1
22812,PACK 3 BOXES CHRISTMAS PANNETONE,11165.68,5156,0.058,59.8799,1
23170,REGENCY TEA PLATE ROSES,11097.25,6857,0.0577,59.9376,1
20828,GLITTER BUTTERFLY CLIPS,11062.76,4468,0.0575,59.9951,1
21907,I'M ON HOLIDAY METAL SIGN,11022.23,5242,0.0573,60.0524,1
21498,RED RETROSPOT WRAP,10999.92,27151,0.0572,60.1095,1
21749,LARGE RED RETROSPOT WINDMILL,10997.82,5949,0.0572,60.1667,1
22174,PHOTO CUBE,10993.4,5437,0.0571,60.2239,1
22595,GINGHAM HEART DECORATION,10964.1,13008,0.057,60.2809,1
22904,CALENDAR PAPER CUT DESIGN,10955.84,3516,0.057,60.3378,1
21558,SKULL LUNCH BOX WITH CUTLERY,10945.17,4251,0.0569,60.3947,1
21086,SET/6 RED SPOTTY PAPER CUPS,10939.75,16887,0.0569,60.4516,1
22668,PINK BABY BUNTING,10933.51,3593,0.0568,60.5084,1
22274,FELTCRAFT DOLL EMILY,10926.5,3818,0.0568,60.5652,1
22466,FAIRY TALE COTTAGE NIGHTLIGHT,10806.52,5876,0.0562,60.6214,1
22418,10 COLOUR SPACEBOY PEN,10790.32,12730,0.0561,60.6775,1
22064,PINK DOUGHNUT TRINKET POT,10737.11,6679,0.0558,60.7333,1
21624,VINTAGE UNION JACK DOORSTOP,10712.55,1783,0.0557,60.789,1
22348,TEA BAG PLATE RED RETROSPOT,10708.33,12645,0.0557,60.8446,1
21974,SET OF 36 PAISLEY FLOWER DOILIES,10656.3,7059,0.0554,60.9,1
21890,S/6 WOODEN SKITTLES IN COTTON BAG,10625.75,3539,0.0552,60.9553,1
84030E,ENGLISH ROSE HOT WATER BOTTLE,10613.17,2366,0.0552,61.0104,1
22349,DOG BOWL CHASING BALL DESIGN,10608.04,2589,0.0551,61.0656,1
20754,RETROSPOT RED WASHING UP GLOVES,10604.55,5214,0.0551,61.1207,1
22725,ALARM CLOCK BAKELIKE CHOCOLATE,10593.95,2580,0.0551,61.1758,1
22645,CERAMIC HEART FAIRY CAKE MONEY BANK,10525.49,5827,0.0547,61.2305,1
21982,PACK OF 12 SUKI TISSUES,10495.89,32838,0.0546,61.285,1
22302,COFFEE MUG PEARS  DESIGN,10492.45,4970,0.0545,61.3396,1
22966,GINGERBREAD MAN COOKIE CUTTER,10480.13,8486,0.0545,61.394,1
23208,LUNCH BAG VINTAGE LEAF DESIGN,10441.91,6308,0.0543,61.4483,1
22120,WELCOME  WOODEN BLOCK LETTERS,10404.22,1026,0.0541,61.5024,1
22180,RETROSPOT LAMP,10403.21,1016,0.0541,61.5565,1
22748,POPPY'S PLAYHOUSE KITCHEN,10396.69,4245,0.054,61.6105,1
20682,RED RETROSPOT CHILDRENS UMBRELLA,10388.78,3129,0.054,61.6645,1
22771,CLEAR DRAWER KNOB ACRYLIC EDWARDIAN,10382.19,7666,0.054,61.7185,1
22992,REVOLVER WOODEN RULER,10373.99,5233,0.0539,61.7724,1
21892,TRADITIONAL WOODEN CATCH CUP GAME,10346.57,7953,0.0538,61.8262,1
20979,36 PENCILS TUBE RED RETROSPOT,10343.06,8213,0.0538,61.88,1
22089,PAPER BUNTING VINTAGE PAISLEY,10329.91,3538,0.0537,61.9337,1
21531,RED RETROSPOT SUGAR JAM BOWL,10318.87,4142,0.0536,61.9873,1
84880,WHITE WIRE EGG HOLDER,10275.26,1802,0.0534,62.0407,1
22380,TOY TIDY SPACEBOY,10274.42,4987,0.0534,62.0941,1
21488,RED WHITE SCARF  HOT WATER BOTTLE,10266.23,2459,0.0534,62.1475,1
22840,ROUND CAKE TIN VINTAGE RED,10263.3,1348,0.0534,62.2008,1
84792,ENCHANTED BIRD COATHANGER 5 HOOK,10259.05,2325,0.0533,62.2542,1
21033,JUMBO BAG CHARLIE AND LOLA TOYS,10240.04,4722,0.0532,62.3074,1
21756,BATH BUILDING BLOCK WORD,10222.16,1655,0.0531,62.3605,1
21781,MA CAMPAGNE CUTLERY BOX,10215.42,661,0.0531,62.4136,1
23582,VINTAGE DOILY JUMBO BAG RED,10206.41,4802,0.0531,62.4667,1
22970,LONDON BUS COFFEE MUG,10140.6,4334,0.0527,62.5194,1
22300,COFFEE MUG DOG + BALL DESIGN,10095.2,4192,0.0525,62.5719,1
22429,ENAMEL MEASURING JUG CREAM,10056.39,2339,0.0523,62.6242,1
22327,ROUND SNACK BOXES SET OF 4 SKULLS,10054.49,3105,0.0523,62.6764,1
23171,REGENCY TEA PLATE GREEN,10051.99,6247,0.0523,62.7287,1
22131,FOOD CONTAINER SET 3 LOVE HEART,10045.14,5304,0.0522,62.7809,1
85049A,TRADITIONAL CHRISTMAS RIBBONS,10020.79,6827,0.0521,62.833,1
22745,POPPY'S PLAYHOUSE BEDROOM,9993.66,4073,0.0519,62.8849,1
22549,PICTURE DOMINOES,9968.06,6680,0.0518,62.9368,1
20677,PINK POLKADOT BOWL,9936.14,7889,0.0516,62.9884,1
23076,ICE CREAM SUNDAE LIP GLOSS,9935.76,8076,0.0516,63.04,1
79000,MOROCCAN TEA GLASS,9909.52,12844,0.0515,63.0916,1
22942,CHRISTMAS LIGHTS 10 SANTAS,9899.68,1271,0.0515,63.143,1
20829,GLITTER HANGING BUTTERFLY STRING,9875.44,4842,0.0513,63.1944,1
22665,RECIPE BOX BLUE SKETCHBOOK DESIGN,9843.73,3031,0.0512,63.2455,1
16014,SMALL CHINESE STYLE SCISSOR,9839.4,30370,0.0511,63.2967,1
85049E,SCANDINAVIAN REDS RIBBONS,9724.45,6809,0.0505,63.3472,1
22767,TRIPLE PHOTO FRAME CORNICE,9667.76,1022,0.0503,63.3975,1
82552,WASHROOM METAL SIGN,9645.67,7036,0.0501,63.4476,1
35961,FOLKART ZINC HEART CHRISTMAS DEC,9632.63,11521,0.0501,63.4977,1
20970,PINK FLORAL FELTCRAFT SHOULDER BAG,9617.0,2543,0.05,63.5477,1
23175,REGENCY MILK JUG PINK,9587.15,3162,0.0498,63.5975,1
22978,PANTRY ROLLING PIN,9564.98,2464,0.0497,63.6472,1
84692,BOX OF 24 COCKTAIL PARASOLS,9514.94,19457,0.0495,63.6967,1
21716,BOYS VINTAGE TIN SEASIDE BUCKET,9490.94,3734,0.0493,63.746,1
22121,NOEL WOODEN BLOCK LETTERS,9482.73,1583,0.0493,63.7953,1
22072,RED RETROSPOT TEA CUP AND SAUCER,9448.51,2464,0.0491,63.8444,1
22357,KINGS CHOICE BISCUIT TIN,9445.82,2108,0.0491,63.8935,1
21385,IVORY HANGING DECORATION  HEART,9440.95,10933,0.0491,63.9426,1
22195,LARGE HEART MEASURING SPOONS,9440.1,5269,0.0491,63.9917,1
21658,GLASS  BEURRE DISH,9434.45,2260,0.049,64.0407,1
84032A,CHARLIE+LOLA PINK HOT WATER BOTTLE,9406.97,3420,0.0489,64.0896,1
22219,LOVEBIRD HANGING DECORATION WHITE,9403.86,9906,0.0489,64.1385,1
22839,3 TIER CAKE TIN GREEN AND CREAM,9329.09,595,0.0485,64.187,1
21243,PINK  POLKADOT PLATE,9323.19,5665,0.0485,64.2355,1
21745,GAOLERS KEYS DECORATIVE GARDEN,9321.32,2732,0.0485,64.2839,1
22656,VINTAGE BLUE KITCHEN CABINET,9290.0,74,0.0483,64.3322,1
21041,RED RETROSPOT OVEN GLOVE DOUBLE,9279.59,2724,0.0482,64.3804,1
22741,FUNKY DIVA PEN,9248.69,10721,0.0481,64.4285,1
22141,CHRISTMAS CRAFT TREE TOP ANGEL,9235.81,3797,0.048,64.4765,1
20747,PICCADILLY TEA SET,9224.92,848,0.048,64.5245,1
22244,3 HOOK HANGER MAGIC GARDEN,9220.82,4814,0.0479,64.5724,1
23319,BOX OF 6 MINI 50'S CRACKERS,9219.53,3720,0.0479,64.6203,1
22110,BIRD HOUSE HOT WATER BOTTLE,9206.87,2726,0.0479,64.6682,1
51008,AFGHAN SLIPPER SOCK PAIR,9179.25,3320,0.0477,64.7159,1
22371,AIRLINE BAG VINTAGE TOKYO 78,9178.51,1884,0.0477,64.7636,1
72807C,SET/3 VANILLA SCENTED CANDLE IN BOX,9175.22,2078,0.0477,64.8113,1
21777,RECIPE BOX WITH METAL HEART,9170.91,1148,0.0477,64.859,1
23318,BOX OF 6 MINI VINTAGE CRACKERS,9162.41,3809,0.0476,64.9066,1
21933,PINK VINTAGE PAISLEY PICNIC BAG,9161.4,4139,0.0476,64.9542,1
23080,RED METAL BOX TOP SECRET,9117.62,1074,0.0474,65.0016,1
21715,GIRLS VINTAGE TIN SEASIDE BUCKET,9017.8,3564,0.0469,65.0485,1
21985,PACK OF 12 HEARTS DESIGN TISSUES,9015.56,25648,0.0469,65.0954,1
22989,SET 2 PANTRY DESIGN TEA TOWELS,8999.27,2811,0.0468,65.1422,1
ADJUST,Adjustment by john on 26/01/2010 16,8897.93,36,0.0463,65.1884,1
21042,RED RETROSPOT APRON,8884.73,1500,0.0462,65.2346,1
20974,12 PENCILS SMALL TUBE SKULL,8883.54,13541,0.0462,65.2808,1
23322,LARGE WHITE HEART OF WICKER,8878.21,3069,0.0462,65.3269,1
22215,CAKE STAND WHITE TWO TIER LACE,8869.43,1092,0.0461,65.373,1
23439,HAND WARMER RED LOVE HEART,8855.51,3986,0.046,65.4191,1
22212,FOUR HOOK  WHITE LOVEBIRDS,8839.88,4100,0.046,65.465,1
22895,SET OF 2 TEA TOWELS APPLE AND PEARS,8787.22,3986,0.0457,65.5107,1
84839,SWEETHEART KEY CABINET,8747.05,1523,0.0455,65.5562,1
21980,PACK OF 12 RED RETROSPOT TISSUES,8712.99,31546,0.0453,65.6015,1
22751,FELTCRAFT PRINCESS OLIVIA DOLL,8690.2,2325,0.0452,65.6466,1
23256,CHILDRENS CUTLERY SPACEBOY,8667.07,2113,0.0451,65.6917,1
21135,VICTORIAN  METAL POSTCARD SPRING,8656.81,6038,0.045,65.7367,1
21381,MINI WOODEN HAPPY BIRTHDAY GARLAND,8634.7,5140,0.0449,65.7816,1
22283,6 EGG HOUSE PAINTED WOOD,8628.95,1042,0.0449,65.8264,1
23534,WALL ART STOP FOR TEA,8608.9,1387,0.0448,65.8712,1
22073,RED RETROSPOT STORAGE JAR,8587.13,2165,0.0446,65.9158,1
22354,RETROSPOT PADDED SEAT CUSHION,8563.31,2257,0.0445,65.9603,1
21769,VINTAGE POST OFFICE CABINET,8562.52,134,0.0445,66.0048,1
23082,SET 6 PAPER TABLE LANTERN HEARTS,8558.76,2328,0.0445,66.0493,1
23078,ICE CREAM PEN LIP GLOSS,8553.34,6831,0.0445,66.0938,1
22358,KINGS CHOICE TEA CADDY,8541.25,2687,0.0444,66.1382,1
21932,SCANDINAVIAN PAISLEY PICNIC BAG,8539.92,3884,0.0444,66.1826,1
21186,WHITE DOVE HONEYCOMB PAPER GARLAND,8532.17,5299,0.0444,66.2269,1
22078,RIBBON REEL LACE DESIGN,8519.26,4019,0.0443,66.2712,1
22079,RIBBON REEL HEARTS DESIGN,8510.14,5054,0.0442,66.3154,1
23493,VINTAGE DOILY TRAVEL SEWING KIT,8497.98,3964,0.0442,66.3596,1
21411,GINGHAM HEART  DOORSTOP RED,8493.04,2118,0.0441,66.4038,1
48189,DOOR MAT FRIENDSHIP,8487.26,1327,0.0441,66.4479,1
79323LP,LIGHT PINK CHERRY LIGHTS,8481.19,1433,0.0441,66.492,1
22329,ROUND CONTAINER SET OF 5 RETROSPOT,8448.9,5165,0.0439,66.5359,1
21244,BLUE POLKADOT PLATE,8448.69,5164,0.0439,66.5798,1
23535,WALL ART BICYCLE SAFETY,8440.24,1324,0.0439,66.6237,1
23321,SMALL WHITE HEART OF WICKER,8438.54,4716,0.0439,66.6675,1
21874,GIN AND TONIC MUG,8424.34,6467,0.0438,66.7113,1
22628,PICNIC BOXES SET OF 3 RETROSPOT,8408.48,1748,0.0437,66.755,1
22275,WEEKEND BAG VINTAGE ROSE PAISLEY,8403.18,1016,0.0437,66.7987,1
21934,SKULL SHOULDER BAG,8394.72,4643,0.0436,66.8424,1
22689,DOORMAT MERRY CHRISTMAS RED,8382.62,1150,0.0436,66.8859,1
22738,RIBBON REEL SNOWY VILLAGE,8347.89,4615,0.0434,66.9293,1
85067,CREAM SWEETHEART WALL CABINET,8309.69,502,0.0432,66.9725,1
85064,CREAM SWEETHEART LETTER RACK,8305.21,1788,0.0432,67.0157,1
21238,RED RETROSPOT CUP,8248.68,9568,0.0429,67.0586,1
22504,CABIN BAG VINTAGE RETROSPOT,8224.63,374,0.0428,67.1013,1
22796,PHOTO FRAME 3 CLASSIC HANGING,8183.64,819,0.0425,67.1439,1
22055,MINI CAKE STAND  HANGING STRAWBERY,8179.19,4930,0.0425,67.1864,1
20675,BLUE POLKADOT BOWL,8179.16,6564,0.0425,67.2289,1
82551,LAUNDRY 15C METAL SIGN,8162.4,5691,0.0424,67.2713,1
22890,NOVELTY BISCUITS CAKE STAND 3 TIER,8143.82,832,0.0423,67.3137,1
84508A,CAMOUFLAGE DESIGN TEDDY,8096.58,3811,0.0421,67.3558,1
21116,OWL DOORSTOP,8094.27,1413,0.0421,67.3978,1
21115,ROSE CARAVAN DOORSTOP,8046.38,1257,0.0418,67.4397,1
22592,CARDHOLDER HOLLY WREATH METAL,8035.83,1999,0.0418,67.4814,1
22588,CARD HOLDER GINGHAM HEART,8025.58,2918,0.0417,67.5231,1
21870,I CAN ONLY PLEASE ONE PERSON MUG,7999.28,6377,0.0416,67.5647,1
22350,ILLUSTRATED CAT BOWL,7952.01,2864,0.0413,67.6061,1
21875,KINGS CHOICE MUG,7946.07,6854,0.0413,67.6474,1
22784,LANTERN CREAM GAZEBO,7934.57,1588,0.0412,67.6886,1
22353,LUNCH BOX WITH CUTLERY FAIRY CAKES,7917.89,3101,0.0412,67.7298,1
21976,PACK OF 60 MUSHROOM CAKE CASES,7905.88,14745,0.0411,67.7709,1
22813,PACK 3 BOXES BIRD PANNETONE,7865.43,4031,0.0409,67.8118,1
22809,SET OF 6 T-LIGHTS SANTA,7862.4,2632,0.0409,67.8526,1
21588,RETROSPOT GIANT TUBE MATCHES,7848.0,3390,0.0408,67.8934,1
22165,"DIAMANTE HEART SHAPED WALL MIRROR,",7844.22,991,0.0408,67.9342,1
20717,STRAWBERRY SHOPPER BAG,7834.73,6337,0.0407,67.9749,1
21110,LARGE CAKE TOWEL PINK SPOTS,7824.08,1651,0.0407,68.0156,1
22669,RED BABY BUNTING,7823.62,2434,0.0407,68.0563,1
84568,GIRLS ALPHABET IRON ON PATCHES,7817.91,37134,0.0406,68.0969,1
22550,HOLIDAY FUN LUDO,7813.46,2089,0.0406,68.1375,1
23238,SET OF 4 KNICK KNACK TINS LONDON,7771.61,1849,0.0404,68.1779,1
23204,CHARLOTTE BAG APPLES DESIGN,7741.94,7976,0.0402,68.2182,1
23007,SPACEBOY BABY GIFT SET,7741.75,498,0.0402,68.2584,1
22493,PAINT YOUR OWN CANVAS SET,7738.89,4810,0.0402,68.2986,1
22798,ANTIQUE GLASS DRESSING TABLE POT,7737.46,2486,0.0402,68.3388,1
84968C,SET OF 16 VINTAGE PISTACHIO CUTLERY,7731.24,644,0.0402,68.379,1
22945,CHRISTMAS METAL TAGS ASSORTED,7696.69,7827,0.04,68.419,1
22739,RIBBON REEL CHRISTMAS SOCK BAUBLE,7678.26,4159,0.0399,68.459,1
21361,LOVE LARGE WOOD LETTERS,7660.82,580,0.0398,68.4988,1
22242,"HOOK, 5 HANGER , MAGIC TOADSTOOL",7657.44,4822,0.0398,68.5386,1
22779,WOODEN OWLS LIGHT GARLAND,7649.64,2020,0.0398,68.5783,1
22199,FRYING PAN RED RETROSPOT,7638.17,1862,0.0397,68.6181,1
22224,WHITE LOVEBIRD LANTERN,7634.2,2403,0.0397,68.6577,1
22360,GLASS JAR ENGLISH CONFECTIONERY,7630.0,2632,0.0397,68.6974,1
22528,GARDENERS KNEELING PAD,7626.77,10656,0.0396,68.737,1
22489,PACK OF 12 TRADITIONAL CRAYONS,7607.1,18060,0.0395,68.7766,1
22827,RUSTIC  SEVENTEEN DRAWER SIDEBOARD,7605.0,53,0.0395,68.8161,1
22991,GIRAFFE WOODEN RULER,7604.89,3887,0.0395,68.8557,1
21463,MIRRORED DISCO BALL,7593.76,1370,0.0395,68.8951,1
72351A,SET/6 TURQUOISE BUTTERFLY T-LIGHTS,7576.11,3786,0.0394,68.9345,1
82580,BATHROOM METAL SIGN,7545.16,13376,0.0392,68.9737,1
85065,CREAM SWEETHEART TRAYS,7524.44,653,0.0391,69.0128,1
11001,ASSTD DESIGN RACING CAR PEN,7504.9,4882,0.039,69.0519,1
22465,HANGING METAL STAR LANTERN,7499.4,4641,0.039,69.0908,1
85174,S/4 CACTI CANDLES,7491.04,1521,0.0389,69.1298,1
21746,SMALL RED RETROSPOT WINDMILL,7477.12,5969,0.0389,69.1686,1
21876,POTTERING MUG,7460.09,5718,0.0388,69.2074,1
22282,12 EGG HOUSE PAINTED WOOD,7406.65,565,0.0385,69.2459,1
22644,CERAMIC CHERRY CAKE MONEY BANK,7400.99,5061,0.0385,69.2844,1
21114,LAVENDER SCENTED FABRIC HEART,7399.66,5733,0.0385,69.3229,1
22626,BLACK KITCHEN SCALES,7379.96,867,0.0384,69.3612,1
22029,SPACEBOY BIRTHDAY CARD,7365.65,17799,0.0383,69.3995,1
21737,SET 3 WICKER LOG BASKETS,7362.66,398,0.0383,69.4378,1
23382,BOX OF 6 CHRISTMAS CAKE DECORATIONS,7356.18,1875,0.0382,69.476,1
21561,DINOSAUR LUNCH BOX WITH CUTLERY,7326.82,2978,0.0381,69.5141,1
22907,PACK OF 20 NAPKINS PANTRY DESIGN,7314.69,8727,0.038,69.5521,1
22577,WOODEN HEART CHRISTMAS SCANDINAVIAN,7279.89,14160,0.0378,69.59,1
22567,20 DOLLY PEGS RETROSPOT,7277.12,5784,0.0378,69.6278,1
22781,GUMBALL MAGAZINE RACK,7251.77,889,0.0377,69.6655,1
23083,SET 6 PAPER TABLE LANTERN STARS,7250.9,1932,0.0377,69.7032,1
22414,DOORMAT NEIGHBOURHOOD WITCH,7241.85,1196,0.0376,69.7408,1
21625,VINTAGE UNION JACK APRON,7234.87,1007,0.0376,69.7784,1
22618,COOKING SET RETROSPOT,7203.25,740,0.0374,69.8159,1
21981,PACK OF 12 WOODLAND TISSUES,7200.23,26525,0.0374,69.8533,1
21700,BIG DOUGHNUT FRIDGE MAGNETS,7177.81,6447,0.0373,69.8906,1
22187,GREEN CHRISTMAS TREE CARD HOLDER,7113.5,2206,0.037,69.9276,1
37450,CERAMIC CAKE BOWL + HANGING CAKES,7105.79,2467,0.0369,69.9645,1
10002,INFLATABLE POLITICAL GLOBE,7093.65,9011,0.0369,70.0014,1
21984,PACK OF 12 PINK PAISLEY TISSUES,7070.67,25519,0.0368,70.0382,1
23236,STORAGE TIN VINTAGE DOILY,7059.97,2493,0.0367,70.0749,1
23320,GIANT 50'S CHRISTMAS CRACKER,7053.57,2661,0.0367,70.1115,1
21107,CREAM SLICE FLANNEL PINK SPOT,7042.95,2452,0.0366,70.1481,1
22810,SET OF 6 T-LIGHTS SNOWMEN,7041.93,2328,0.0366,70.1847,1
23215,JINGLE BELL HEART ANTIQUE SILVER,7038.4,3564,0.0366,70.2213,1
21992,VINTAGE PAISLEY STATIONERY SET,7014.97,3436,0.0365,70.2578,1
23543,WALL ART KEEP CALM,7010.76,1236,0.0364,70.2942,1
21497,FANCY FONTS BIRTHDAY WRAP,7009.5,17575,0.0364,70.3307,1
22938,CUPCAKE LACE PAPER SET 6,7006.3,3746,0.0364,70.3671,1
23283,DOORMAT VINTAGE LEAF,7003.38,1011,0.0364,70.4035,1
21903,MAN FLU METAL SIGN,7001.39,3468,0.0364,70.4399,1
23293,SET OF 12 FAIRY CAKE BAKING CASES,6989.54,8471,0.0363,70.4762,1
22563,HAPPY STENCIL CRAFT,6978.86,5985,0.0363,70.5125,1
22845,VINTAGE CREAM CAT FOOD CONTAINER,6955.2,1025,0.0362,70.5487,1
22780,LIGHT GARLAND BUTTERFILES PINK,6954.88,1848,0.0362,70.5848,1
22498,WOODEN REGATTA BUNTING,6939.69,1148,0.0361,70.6209,1
37448,CERAMIC CAKE DESIGN SPOTTED MUG,6931.51,4620,0.036,70.6569,1
22377,BOTTLE BAG RETROSPOT,6931.48,3621,0.036,70.6929,1
21563,RED HEART SHAPE LOVE BUCKET,6925.89,2800,0.036,70.729,1
20973,12 PENCIL SMALL TUBE WOODLAND,6918.12,10109,0.036,70.7649,1
22378,WALL TIDY RETROSPOT,6909.82,3776,0.0359,70.8008,1
22085,PAPER CHAIN KIT SKULLS,6904.52,2545,0.0359,70.8367,1
23254,CHILDRENS CUTLERY DOLLY GIRL,6903.11,1703,0.0359,70.8726,1
22311,OFFICE MUG WARMER BLACK+SILVER,6897.35,2145,0.0359,70.9085,1
22220,CAKE STAND LOVEBIRD 2 TIER WHITE,6895.39,746,0.0358,70.9443,1
85220,SMALL FAIRY CAKE FRIDGE MAGNETS,6875.0,12236,0.0357,70.98,1
37500,TEA TIME TEAPOT IN GIFT BOX,6869.72,887,0.0357,71.0158,1
22431,WATERING CAN BLUE ELEPHANT,6859.18,3413,0.0357,71.0514,1
47502,POLKADOT CUTLERY 24 PCS IN TRAY,6855.75,640,0.0356,71.087,1
23103,JINGLE BELL HEART DECORATION,6846.16,4072,0.0356,71.1226,1
23109,PACK OF SIX LED TEA LIGHTS,6835.02,2386,0.0355,71.1582,1
22746,POPPY'S PLAYHOUSE LIVINGROOM,6831.62,2966,0.0355,71.1937,1
22430,ENAMEL WATERING CAN CREAM,6831.49,1417,0.0355,71.2292,1
23541,WALL ART CLASSIC PUDDINGS,6823.91,892,0.0355,71.2647,1
22575,METAL MERRY CHRISTMAS WREATH,6816.0,3168,0.0354,71.3001,1
21989,PACK OF 20 SKULL PAPER NAPKINS,6811.83,8571,0.0354,71.3355,1
84509A,SET OF 4 ENGLISH ROSE PLACEMATS,6803.13,1647,0.0354,71.3709,1
22059,CERAMIC STRAWBERRY DESIGN MUG,6798.89,5050,0.0353,71.4062,1
23297,SET 40 HEART SHAPE PETIT FOUR CASES,6792.23,4303,0.0353,71.4415,1
22432,WATERING CAN PINK BUNNY,6784.31,7761,0.0353,71.4768,1
84884A,ANT WHITE WIRE HEART SPIRAL,6782.8,1778,0.0353,71.512,1
22898,CHILDRENS APRON APPLES DESIGN,6777.93,3399,0.0352,71.5473,1
85175,CACTI T-LIGHT CANDLES,6774.78,15862,0.0352,71.5825,1
84968A,SET OF 16 VINTAGE ROSE CUTLERY,6765.39,540,0.0352,71.6176,1
21768,WALL MOUNTED VINTAGE ORGANISER,6756.09,895,0.0351,71.6528,1
23229,VINTAGE DONKEY TAIL GAME,6739.71,1869,0.035,71.6878,1
22221,CAKE STAND LOVEBIRD 2 TIER PINK,6722.71,906,0.0349,71.7227,1
23008,DOLLY GIRL BABY GIFT SET,6719.61,433,0.0349,71.7577,1
23480,MINI LIGHTS WOODLAND MUSHROOMS,6719.14,1799,0.0349,71.7926,1
22526,WHEELBARROW FOR CHILDREN,6715.16,547,0.0349,71.8275,1
22661,CHARLOTTE BAG DOLLY GIRL DESIGN,6703.35,8287,0.0348,71.8624,1
23247,BISCUIT TIN 50'S CHRISTMAS,6681.25,2194,0.0347,71.8971,1
21592,RETROSPOT CIGAR BOX MATCHES,6671.21,5971,0.0347,71.9318,1
85047,WHITE BEADED GARLAND STRING 20LIGHT,6664.33,1055,0.0346,71.9664,1
21494,ROTATING LEAVES T-LIGHT HOLDER,6663.08,3926,0.0346,72.001,1
23169,CLASSIC GLASS COOKIE JAR,6662.84,1562,0.0346,72.0357,1
85068,CREAM SWEETHEART SHELF + HOOKS,6647.24,960,0.0346,72.0702,1
22080,RIBBON REEL SPOTS DESIGN,6619.13,4228,0.0344,72.1046,1
22142,CHRISTMAS CRAFT WHITE FAIRY,6618.19,4432,0.0344,72.139,1
16156S,WRAP PINK FAIRY CAKES,6600.62,16761,0.0343,72.1734,1
21240,BLUE POLKADOT CUP,6593.22,7634,0.0343,72.2076,1
79067,CORONA MEXICAN TRAY,6590.08,1662,0.0343,72.2419,1
22833,HALL CABINET WITH 3 DRAWERS,6567.17,194,0.0341,72.276,1
21201,TROPICAL  HONEYCOMB PAPER GARLAND,6555.37,2755,0.0341,72.3101,1
22332,SKULLS PARTY BAG + STICKER SET,6551.9,4177,0.0341,72.3442,1
22849,BREAD BIN DINER STYLE MINT,6543.13,417,0.034,72.3782,1
22364,GLASS JAR DIGESTIVE BISCUITS,6531.1,2169,0.0339,72.4121,1
22578,WOODEN STAR CHRISTMAS SCANDINAVIAN,6519.14,13410,0.0339,72.446,1
21500,PINK POLKADOT WRAP,6510.5,16125,0.0338,72.4798,1
21239,PINK  POLKADOT CUP,6509.59,7444,0.0338,72.5137,1
85062,PEARL CRYSTAL PUMPKIN T-LIGHT HLDR,6509.55,3971,0.0338,72.5475,1
23311,VINTAGE CHRISTMAS STOCKING,6488.2,2390,0.0337,72.5812,1
22148,EASTER CRAFT 4 CHICKS,6480.29,3237,0.0337,72.6149,1
22596,CHRISTMAS STAR WISH LIST CHALKBOARD,6471.2,6379,0.0336,72.6486,1
22065,CHRISTMAS PUDDING TRINKET POT,6457.96,8751,0.0336,72.6821,1
23188,VINTAGE  2 METER FOLDING RULER,6447.77,3471,0.0335,72.7157,1
23553,LANDMARK FRAME CAMDEN TOWN,6444.65,568,0.0335,72.7492,1
22783,SET 3 WICKER OVAL BASKETS W LIDS,6443.95,491,0.0335,72.7827,1
23134,LARGE ZINC HEART WALL ORGANISER,6431.11,1173,0.0334,72.8161,1
23571,TRADITIONAL NAUGHTS & CROSSES,6406.91,2841,0.0333,72.8494,1
22848,BREAD BIN DINER STYLE PINK,6392.75,401,0.0332,72.8826,1
22979,PANTRY WASHING UP BRUSH,6391.82,4090,0.0332,72.9158,1
22063,CERAMIC BOWL WITH STRAWBERRY DESIGN,6391.46,2315,0.0332,72.9491,1
22582,PACK OF 6 SWEETIE GIFT BOXES,6380.71,2540,0.0332,72.9822,1
23307,SET OF 60 PANTRY DESIGN CAKE CASES,6371.89,12049,0.0331,73.0154,1
22906,12 MESSAGE CARDS WITH ENVELOPES,6362.64,3443,0.0331,73.0484,1
22460,EMBOSSED GLASS TEALIGHT HOLDER,6356.45,4821,0.033,73.0815,1
23172,REGENCY TEA PLATE PINK,6344.41,3861,0.033,73.1145,1
22830,UTILTY CABINET WITH HOOKS,6324.05,311,0.0329,73.1473,1
22435,SET OF 9 HEART SHAPED BALLOONS,6296.49,5002,0.0327,73.1801,1
22278,OVERNIGHT BAG VINTAGE ROSE PAISLEY,6277.16,1063,0.0326,73.2127,1
22196,SMALL HEART MEASURING SPOONS,6270.2,6713,0.0326,73.2453,1
22185,SLATE TILE NATURAL HANGING,6269.33,3922,0.0326,73.2779,1
22855,FINE WICKER HEART,6257.8,5007,0.0325,73.3104,1
72802C,VANILLA SCENT CANDLE JEWELLED BOX,6251.23,2228,0.0325,73.3429,1
84832,ZINC WILLIE WINKIE  CANDLE STICK,6228.98,6895,0.0324,73.3753,1
21730,GLASS STAR FROSTED T-LIGHT HOLDER,6228.89,1272,0.0324,73.4077,1
85178,VICTORIAN SEWING KIT,6212.07,5623,0.0323,73.4399,1
22826,LOVE SEAT ANTIQUE WHITE METAL,6210.0,58,0.0323,73.4722,1
22222,CAKE PLATE LOVEBIRD WHITE,6205.39,1498,0.0323,73.5045,1
21078,SET/20 STRAWBERRY PAPER NAPKINS,6200.64,7227,0.0322,73.5367,1
21714,CITRONELLA CANDLE GARDEN POT,6188.66,4286,0.0322,73.5689,1
21584,RETROSPOT SMALL TUBE MATCHES,6187.2,3840,0.0322,73.601,1
21499,BLUE POLKADOT WRAP,6186.84,15402,0.0322,73.6332,1
21586,KINGS CHOICE GIANT TUBE MATCHES,6185.85,2753,0.0322,73.6654,1
22167,OVAL WALL MIRROR DIAMANTE,6144.36,697,0.0319,73.6973,1
21591,COSY HOUR CIGAR BOX MATCHES,6135.58,4084,0.0319,73.7292,1
22331,WOODLAND PARTY BAG + STICKER SET,6135.5,3733,0.0319,73.7611,1
21667,GLASS CAKE COVER AND PLATE,6126.25,357,0.0318,73.7929,1
23192,BUNDLE OF 3 ALPHABET EXERCISE BOOKS,6114.24,3516,0.0318,73.8247,1
22841,ROUND CAKE TIN VINTAGE GREEN,6106.33,785,0.0317,73.8565,1
20751,FUNKY WASHING UP GLOVES ASSORTED,6103.08,2875,0.0317,73.8882,1
23118,PARISIENNE JEWELLERY DRAWER,6102.18,823,0.0317,73.9199,1
22772,PINK DRAWER KNOB ACRYLIC EDWARDIAN,6097.61,4504,0.0317,73.9516,1
22737,RIBBON REEL CHRISTMAS PRESENT,6077.27,3379,0.0316,73.9832,1
21918,SET 12 KIDS COLOUR  CHALK STICKS,6077.1,14740,0.0316,74.0148,1
22361,GLASS JAR DAISY FRESH COTTON WOOL,6074.67,1963,0.0316,74.0464,1
22491,PACK OF 12 COLOURED PENCILS,6056.82,7541,0.0315,74.0778,1
85038,6 CHOCOLATE LOVE HEART T-LIGHTS,6040.84,2897,0.0314,74.1092,1
22045,SPACEBOY GIFT WRAP,6023.64,14642,0.0313,74.1406,1
23526,WALL ART DOG LICENCE,6021.4,1012,0.0313,74.1719,1
21832,CHOCOLATE CALCULATOR,6020.99,3431,0.0313,74.2032,1
21407,BROWN CHECK CAT DOORSTOP,6002.09,1314,0.0312,74.2344,1
23296,SET OF 6 TEA TIME BAKING CASES,5985.55,4979,0.0311,74.2655,1
23312,VINTAGE CHRISTMAS GIFT SACK,5964.15,1423,0.031,74.2965,1
21452,TOADSTOOL MONEY BOX,5960.76,1945,0.031,74.3275,1
22964,3 PIECE SPACEBOY COOKIE CUTTER SET,5957.85,2849,0.031,74.3584,1
23052,RECYCLED ACAPULCO MAT TURQUOISE,5949.34,654,0.0309,74.3893,1
22899,CHILDREN'S APRON DOLLY GIRL,5937.89,2841,0.0309,74.4202,1
85132C,CHARLIE AND LOLA FIGURES TINS,5927.29,2073,0.0308,74.451,1
48197,DOOR MAT BIRD ON THE WIRE,5905.64,904,0.0307,74.4817,1
21313,GLASS HEART T-LIGHT HOLDER,5903.6,6862,0.0307,74.5124,1
22660,DOORMAT I LOVE LONDON,5901.54,888,0.0307,74.5431,1
22441,GROW YOUR OWN BASIL IN ENAMEL MUG,5891.31,2718,0.0306,74.5737,1
22951,60 CAKE CASES DOLLY GIRL DESIGN,5888.4,11193,0.0306,74.6043,1
22200,FRYING PAN PINK POLKADOT,5882.61,1319,0.0306,74.6349,1
23113,PANTRY CHOPPING BOARD,5868.5,1154,0.0305,74.6654,1
22241,GARLAND WOODEN HAPPY EASTER,5864.92,4351,0.0305,74.6959,1
22971,QUEENS GUARD COFFEE MUG,5849.29,2431,0.0304,74.7263,1
21988,PACK OF 6 SKULL PAPER PLATES,5847.83,7854,0.0304,74.7567,1
23485,BOTANICAL GARDENS WALL CLOCK,5843.92,262,0.0304,74.7871,1
23154,SET OF 4 JAM JAR MAGNETS,5842.88,2701,0.0304,74.8174,1
21577,SAVE THE PLANET COTTON TOTE BAG,5825.62,2592,0.0303,74.8477,1
37495,FAIRY CAKE BIRTHDAY CANDLE SET,5807.6,1580,0.0302,74.8779,1
22687,DOORMAT CHRISTMAS VILLAGE,5784.67,940,0.0301,74.908,1
22115,METAL SIGN EMPIRE TEA,5777.77,2910,0.03,74.938,1
22070,SMALL RED RETROSPOT MUG IN BOX,5750.24,1848,0.0299,74.9679,1
21703,BAG 125g SWIRLY MARBLES,5741.47,14795,0.0298,74.9978,1
22119,PEACE WOODEN BLOCK LETTERS,5738.47,924,0.0298,75.0276,1
23205,CHARLOTTE BAG VINTAGE ALPHABET,5726.38,5857,0.0298,75.0574,1
22341,LOVE GARLAND PAINTED ZINC,5725.41,3481,0.0298,75.0871,1
21528,DAIRY MAID TRADITIONAL TEAPOT,5721.52,904,0.0297,75.1169,1
22653,BUTTON BOX,5712.74,3076,0.0297,75.1466,1
22060,LARGE CAKE STAND HANGING HEARTS,5711.31,735,0.0297,75.1762,1
22335,HEART DECORATION PAINTED ZINC,5707.36,8740,0.0297,75.2059,1
22854,CREAM SWEETHEART EGG HOLDER,5700.99,1173,0.0296,75.2355,1
82599,FANNY'S REST STOPMETAL SIGN,5677.12,2573,0.0295,75.2651,1
21207,SKULL AND CROSSBONES  GARLAND,5627.24,3617,0.0293,75.2943,1
22534,MAGIC DRAWING SLATE SPACEBOY,5623.9,13219,0.0292,75.3235,1
21900,"KEY FOB , SHED",5622.95,9980,0.0292,75.3528,1
22156,HEART DECORATION WITH PEARLS,5611.28,6237,0.0292,75.3819,1
40016,CHINESE DRAGON PAPER LANTERNS,5599.1,15682,0.0291,75.411,1
84971S,SMALL HEART FLOWERS HOOK,5595.48,6593,0.0291,75.4401,1
22670,FRENCH WC SIGN BLUE METAL,5588.11,4490,0.029,75.4692,1
22168,ORGANISER WOOD ANTIQUE WHITE,5577.93,678,0.029,75.4982,1
22801,ANTIQUE GLASS PEDESTAL BOWL,5572.25,1363,0.029,75.5271,1
22186,RED STAR CARD HOLDER,5570.16,2040,0.029,75.5561,1
22763,KEY CABINET MA CAMPAGNE,5550.47,673,0.0289,75.5849,1
22443,GROW YOUR OWN HERBS SET OF 3,5545.4,698,0.0288,75.6138,1
23531,WALL ART BIG LOVE,5538.26,976,0.0288,75.6426,1
22203,MILK PAN RED RETROSPOT,5533.74,1417,0.0288,75.6713,1
23126,FELTCRAFT GIRL AMELIE KIT,5532.04,1109,0.0288,75.7001,1
21112,"SWISS ROLL TOWEL, PINK  SPOTS",5531.5,2234,0.0288,75.7288,1
23133,LARGE IVORY HEART WALL ORGANISER,5525.4,782,0.0287,75.7576,1
22602,CHRISTMAS RETROSPOT HEART WOOD,5522.98,6496,0.0287,75.7863,1
23177,TREASURE ISLAND BOOK BOX,5521.29,2532,0.0287,75.815,1
85061W,WHITE JEWELLED HEART DECORATION,5516.01,6380,0.0287,75.8436,1
23158,SET OF 5 LUCKY CAT MAGNETS,5513.83,2633,0.0287,75.8723,1
22483,RED GINGHAM TEDDY BEAR,5511.37,1901,0.0286,75.901,1
20983,12 PENCILS TALL TUBE RED RETROSPOT,5508.18,6326,0.0286,75.9296,1
22437,SET OF 9 BLACK SKULL BALLOONS,5502.01,6584,0.0286,75.9582,1
23583,LUNCH BAG PAISLEY PARK,5497.33,3385,0.0286,75.9868,1
37446,MINI CAKE STAND WITH HANGING CAKES,5483.23,4061,0.0285,76.0153,1
21587,COSY HOUR GIANT TUBE MATCHES,5482.95,2249,0.0285,76.0438,1
20978,36 PENCILS TUBE SKULLS,5479.83,4149,0.0285,76.0722,1
22842,BISCUIT TIN VINTAGE RED,5477.33,844,0.0285,76.1007,1
21069,VINTAGE BILLBOARD TEA MUG,5474.43,5154,0.0285,76.1292,1
79029,GLASS HONEYPOT WASP CATCHER,5473.82,2946,0.0285,76.1576,1
72756,FAIRY CAKE CANDLES,5459.48,4194,0.0284,76.186,1
21363,HOME SMALL WOOD LETTERS,5455.53,1011,0.0284,76.2144,1
16161P,WRAP ENGLISH ROSE,5445.9,13253,0.0283,76.2427,1
22571,ROCKING HORSE RED CHRISTMAS,5436.08,6080,0.0283,76.2709,1
21432,SET OF 3 CASES WOODLAND DESIGN,5435.91,965,0.0283,76.2992,1
85132A,CHARLIE + LOLA BISCUITS TINS,5427.27,1371,0.0282,76.3274,1
85063,CREAM SWEETHEART MAGAZINE RACK,5426.74,308,0.0282,76.3556,1
22476,EMPIRE UNION JACK TV DINNER TRAY,5416.32,1358,0.0282,76.3838,1
23135,SMALL ZINC HEART WALL ORGANISER,5416.18,1669,0.0282,76.4119,1
84937,KASHMIR FOLKART TUMBLERS,5394.54,2545,0.028,76.44,1
21491,SET OF THREE VINTAGE GIFT WRAPS,5367.01,2879,0.0279,76.4679,1
22218,CAKE STAND LACE WHITE,5365.66,1238,0.0279,76.4958,1
22175,PINK OWL SOFT TOY,5358.02,1845,0.0279,76.5236,1
23494,VINTAGE DOILY DELUXE SEWING KIT,5354.01,809,0.0278,76.5514,1
21993,FLORAL FOLK STATIONERY SET,5350.19,2898,0.0278,76.5792,1
35832,WOOLLY HAT SOCK GLOVE ADVENT STRING,5341.85,1738,0.0278,76.607,1
22775,PURPLE DRAWERKNOB ACRYLIC EDWARDIAN,5333.81,3745,0.0277,76.6347,1
22564,ALPHABET STENCIL CRAFT,5287.65,4623,0.0275,76.6622,1
22896,PEG BAG APPLES DESIGN,5276.17,2287,0.0274,76.6897,1
21718,RED METAL BEACH SPADE,5270.32,4044,0.0274,76.7171,1
22998,TRAVEL CARD WALLET KEEP CALM,5262.82,12366,0.0274,76.7444,1
22472,TV DINNER TRAY DOLLY GIRL,5256.14,1122,0.0273,76.7717,1
22030,SWALLOWS GREETING CARD,5253.28,12867,0.0273,76.799,1
84950,ASSORTED COLOUR T-LIGHT HOLDER,5251.85,7919,0.0273,76.8263,1
22433,WATERING CAN GREEN DINOSAUR,5241.81,2803,0.0272,76.8536,1
22117,METAL SIGN HER DINNER IS SERVED,5222.49,1953,0.0271,76.8807,1
21071,VINTAGE BILLBOARD DRINK ME MUG,5221.45,4451,0.0271,76.9079,1
22894,TABLECLOTH RED APPLES DESIGN,5220.28,618,0.0271,76.935,1
22509,SEWING BOX RETROSPOT DESIGN,5207.11,392,0.0271,76.9621,1
22691,DOORMAT WELCOME SUNRISE,5206.55,760,0.0271,76.9891,1
21872,GLAMOROUS  MUG,5204.74,5118,0.0271,77.0162,1
22426,ENAMEL WASH BOWL CREAM,5195.24,1375,0.027,77.0432,1
22374,AIRLINE BAG VINTAGE JET SET RED,5180.47,1044,0.0269,77.0701,1
21713,CITRONELLA CANDLE FLOWERPOT,5179.06,2747,0.0269,77.0971,1
22412,METAL SIGN NEIGHBOURHOOD WITCH,5163.96,2408,0.0268,77.1239,1
23263,SET OF 3 WOODEN HEART DECORATIONS,5147.19,3863,0.0268,77.1507,1
22610,PENS ASSORTED FUNNY FACE,5146.44,12721,0.0268,77.1774,1
23162,REGENCY TEA STRAINER,5143.69,1412,0.0267,77.2041,1
23157,SET OF 6 NATIVITY MAGNETS,5143.06,3009,0.0267,77.2309,1
23165,LARGE CERAMIC TOP STORAGE JAR,5141.06,3114,0.0267,77.2576,1
21495,SKULLS AND CROSSBONES WRAP,5140.3,12515,0.0267,77.2843,1
20977,36 PENCILS TUBE WOODLAND,5138.74,3847,0.0267,77.311,1
23132,SMALL IVORY HEART WALL ORGANISER,5138.6,1020,0.0267,77.3377,1
21471,STRAWBERRY RAFFIA FOOD COVER,5125.63,1414,0.0266,77.3644,1
22593,CHRISTMAS GINGHAM STAR,5122.41,5757,0.0266,77.391,1
21544,SKULLS  WATER TRANSFER TATTOOS,5117.14,6128,0.0266,77.4176,1
22732,3D VINTAGE CHRISTMAS STICKERS,5112.76,3854,0.0266,77.4442,1
22956,36 FOIL HEART CAKE CASES,5110.53,2607,0.0266,77.4708,1
22075,6 RIBBONS ELEGANT CHRISTMAS,5105.33,3355,0.0265,77.4973,1
22318,FIVE HEART HANGING DECORATION,5102.01,1620,0.0265,77.5238,1
23397,FOOT STOOL HOME SWEET HOME,5097.65,489,0.0265,77.5503,1
22276,WASH BAG VINTAGE ROSE PAISLEY,5097.53,1950,0.0265,77.5768,1
21578,WOODLAND DESIGN  COTTON TOTE BAG,5088.17,2431,0.0264,77.6033,1
21706,FOLDING UMBRELLA RED/WHITE POLKADOT,5086.96,1355,0.0264,77.6297,1
85049G,CHOCOLATE BOX RIBBONS,5080.09,4005,0.0264,77.6561,1
23234,BISCUIT TIN VINTAGE CHRISTMAS,5079.78,1938,0.0264,77.6825,1
21056,DOCTOR'S BAG SOFT TOY,5077.68,558,0.0264,77.7089,1
23295,SET OF 12 MINI LOAF BAKING CASES,5073.45,6134,0.0264,77.7353,1
23198,PANTRY MAGNETIC  SHOPPING LIST,5062.6,3342,0.0263,77.7616,1
46000S,POLYESTER FILLER PAD 40x40cm,5054.7,5276,0.0263,77.7879,1
22107,PIZZA PLATE IN BOX,5037.51,1276,0.0262,77.8141,1
18098C,PORCELAIN BUTTERFLY OIL BURNER,5022.37,1603,0.0261,77.8402,1
22957,SET 3 PAPER VINTAGE CHICK PAPER EGG,5014.65,1775,0.0261,77.8662,1
23314,VINTAGE CHRISTMAS TABLECLOTH,5012.96,407,0.0261,77.8923,1
22583,PACK OF 6 HANDBAG GIFT BOXES,5004.0,1887,0.026,77.9183,1
22604,SET OF 4 NAPKIN CHARMS CUTLERY,5003.52,4595,0.026,77.9443,1
22688,DOORMAT PEACE ON EARTH BLUE,5000.6,916,0.026,77.9703,1
23310,BUBBLEGUM RING ASSORTED,4997.28,12050,0.026,77.9963,1
47568,ENGLISH ROSE DESIGN PEG BAG,4983.02,2384,0.0259,78.0222,1
21896,POTTING SHED TWINE,4975.61,2395,0.0259,78.0481,1
85184C,S/4 VALENTINE DECOUPAGE HEART BOX,4965.41,2294,0.0258,78.0739,1
23556,LANDMARK FRAME COVENT GARDEN,4937.01,436,0.0257,78.0995,1
20963,APPLE BATH SPONGE,4932.62,3642,0.0256,78.1252,1
23570,TRADITIONAL PICK UP STICKS GAME,4931.87,2772,0.0256,78.1508,1
22574,HEART WOODEN CHRISTMAS DECORATION,4926.61,5382,0.0256,78.1764,1
84968E,SET OF 16 VINTAGE BLACK CUTLERY,4920.1,406,0.0256,78.202,1
22800,ANTIQUE TALL SWIRLGLASS TRINKET POT,4905.87,1206,0.0255,78.2275,1
20961,STRAWBERRY BATH SPONGE,4886.57,3672,0.0254,78.2529,1
23010,CIRCUS PARADE BABY GIFT SET,4879.6,315,0.0254,78.2783,1
23351,ROLL WRAP 50'S CHRISTMAS,4875.65,3535,0.0253,78.3036,1
22128,PARTY CONES CANDY ASSORTED,4864.59,4007,0.0253,78.3289,1
23503,PLAYING CARDS KEEP CALM & CARRY ON,4860.55,3643,0.0253,78.3542,1
20681,PINK SPOTTY CHILDS UMBRELLA,4859.79,1429,0.0253,78.3794,1
22027,TEA PARTY BIRTHDAY CARD,4846.87,11387,0.0252,78.4046,1
21249,WOODLAND  HEIGHT CHART STICKERS,4841.39,1679,0.0252,78.4298,1
22442,GROW YOUR OWN FLOWERS SET OF 3,4836.87,875,0.0251,78.4549,1
22474,SPACEBOY TV DINNER TRAY,4830.21,987,0.0251,78.48,1
84270,ASSTD DESIGN BUBBLE GUM RING,4827.87,22967,0.0251,78.5051,1
21328,BALLOONS  WRITING SET,4816.33,2523,0.025,78.5302,1
21986,PACK OF 12 PINK POLKADOT TISSUES,4806.25,13528,0.025,78.5551,1
23554,LANDMARK FRAME OXFORD STREET,4805.53,422,0.025,78.5801,1
21916,SET 12 RETRO WHITE CHALK STICKS,4803.17,11124,0.025,78.6051,1
22304,COFFEE MUG BLUE PAISLEY DESIGN,4801.68,2422,0.025,78.6301,1
22434,BALLOON PUMP WITH 10 BALLOONS,4795.89,2579,0.0249,78.655,1
22399,MAGNETS PACK OF 4 CHILDHOOD MEMORY,4794.6,4090,0.0249,78.6799,1
21534,DAIRY MAID LARGE MILK JUG,4793.66,943,0.0249,78.7048,1
23555,LANDMARK FRAME NOTTING HILL,4780.57,421,0.0249,78.7297,1
22672,FRENCH BATHROOM SIGN BLUE METAL,4774.3,2869,0.0248,78.7545,1
22305,COFFEE MUG PINK PAISLEY DESIGN,4772.73,2291,0.0248,78.7793,1
23184,BULL DOG BOTTLE OPENER,4764.5,874,0.0248,78.8041,1
23389,SPACEBOY MINI BACKPACK,4751.49,1115,0.0247,78.8288,1
23286,BLUE VINTAGE SPOT BEAKER,4747.62,5048,0.0247,78.8534,1
22601,CHRISTMAS RETROSPOT ANGEL WOOD,4729.84,5422,0.0246,78.878,1
21811,HANGING HEART WITH BELL,4723.54,6473,0.0246,78.9026,1
23569,TRADTIONAL ALPHABET STAMP SET,4717.66,954,0.0245,78.9271,1
22736,RIBBON REEL MAKING SNOWMEN,4717.48,2618,0.0245,78.9516,1
84031A,CHARLIE+LOLA RED HOT WATER BOTTLE,4717.25,1152,0.0245,78.9762,1
22451,SILK PURSE BABUSHKA RED,4715.44,1413,0.0245,79.0007,1
22562,MONSTERS STENCIL CRAFT,4714.8,4004,0.0245,79.0252,1
23159,SET OF 5 PANCAKE DAY MAGNETS,4713.52,2293,0.0245,79.0497,1
23558,LANDMARK FRAME LONDON BRIDGE,4703.87,415,0.0245,79.0741,1
23176,ABC TREASURE BOOK BOX,4693.08,2165,0.0244,79.0985,1
82581,TOILET METAL SIGN,4687.85,8463,0.0244,79.1229,1
21864,UNION JACK FLAG PASSPORT COVER,4681.58,1960,0.0243,79.1472,1
22721,SET OF 3 CAKE TINS SKETCHBOOK,4671.81,1020,0.0243,79.1715,1
23241,TREASURE TIN GYMKHANA DESIGN,4669.55,2165,0.0243,79.1958,1
21506,"FANCY FONT BIRTHDAY CARD,",4662.02,11194,0.0242,79.22,1
22743,MAKE YOUR OWN FLOWERPOWER CARD KIT,4660.61,1531,0.0242,79.2442,1
10135,COLOURING PENCILS BROWN TUBE,4640.1,4271,0.0241,79.2684,1
21990,MODERN FLORAL STATIONERY SET,4635.78,2493,0.0241,79.2925,1
22926,IVORY GIANT GARDEN THERMOMETER,4632.17,758,0.0241,79.3165,1
22573,STAR WOODEN CHRISTMAS DECORATION,4627.08,5122,0.0241,79.3406,1
37447,CERAMIC CAKE DESIGN SPOTTED PLATE,4619.53,2930,0.024,79.3646,1
22594,CHRISTMAS GINGHAM TREE,4597.42,5008,0.0239,79.3885,1
22760,"TRAY, BREAKFAST IN BED",4596.11,360,0.0239,79.4124,1
21878,PACK OF 6 SANDCASTLE FLAGS ASSORTED,4591.54,5591,0.0239,79.4363,1
22747,POPPY'S PLAYHOUSE BATHROOM,4588.02,2081,0.0238,79.4601,1
21068,VINTAGE BILLBOARD LOVE/HATE MUG,4585.41,4396,0.0238,79.4839,1
51014A,"FEATHER PEN,HOT PINK",4585.2,6710,0.0238,79.5078,1
22908,PACK OF 20 NAPKINS RED APPLES,4583.75,5762,0.0238,79.5316,1
21564,PINK  HEART SHAPE LOVE BUCKET,4577.62,1967,0.0238,79.5554,1
23285,PINK VINTAGE SPOT BEAKER,4572.41,4807,0.0238,79.5792,1
23404,HOME SWEET HOME BLACKBOARD,4561.76,1052,0.0237,79.6029,1
23168,CLASSIC CAFE SUGAR DISPENSER,4558.67,3291,0.0237,79.6266,1
21064,BOOM BOX SPEAKER BOYS,4557.84,904,0.0237,79.6503,1
21109,"LARGE CAKE TOWEL, CHOCOLATE SPOTS",4550.95,1181,0.0237,79.6739,1
72807A,SET/3 ROSE CANDLE IN JEWELLED BOX,4547.16,981,0.0236,79.6976,1
22733,3D TRADITIONAL CHRISTMAS STICKERS,4539.77,3523,0.0236,79.7212,1
22449,SILK PURSE BABUSHKA PINK,4538.74,1371,0.0236,79.7448,1
21614,SET OF 12 ROSE BOTANICAL T-LIGHTS,4538.17,1684,0.0236,79.7684,1
21537,RED RETROSPOT PUDDING BOWL,4526.59,1050,0.0235,79.7919,1
84279P,CHERRY BLOSSOM  DECORATIVE FLASK,4525.55,1237,0.0235,79.8154,1
23275,SET OF 3 HANGING OWLS OLLIE BEAK,4521.72,3720,0.0235,79.8389,1
22312,OFFICE MUG WARMER POLKADOT,4516.7,1312,0.0235,79.8624,1
23163,REGENCY SUGAR TONGS,4515.22,1832,0.0235,79.8859,1
23112,PARISIENNE CURIO CABINET,4507.08,546,0.0234,79.9093,1
22299,PIG KEYRING WITH LIGHT & SOUND,4505.88,3966,0.0234,79.9327,1
20966,SANDWICH BATH SPONGE,4500.68,3152,0.0234,79.9561,1
23309,SET OF 60 I LOVE LONDON CAKE CASES,4495.85,8275,0.0234,79.9795,1
21143,ANTIQUE GLASS HEART DECORATION,4483.88,2269,0.0233,80.0028,0
21967,PACK OF 12 SKULL TISSUES,4478.9,15903,0.0233,80.0261,0
23167,SMALL CERAMIC TOP STORAGE JAR,4476.01,5847,0.0233,80.0493,0
22548,HEADS AND TAILS SPORTING FUN,4475.6,3583,0.0233,80.0726,0
21810,CHRISTMAS HANGING STAR WITH BELL,4455.81,7009,0.0232,80.0958,0
21012,ANTIQUE ALL GLASS CANDLESTICK,4450.7,2362,0.0231,80.1189,0
84969,BOX OF 6 ASSORTED COLOUR TEASPOONS,4445.38,999,0.0231,80.142,0
23288,GREEN VINTAGE SPOT BEAKER,4444.23,4625,0.0231,80.1651,0
23530,WALL ART ONLY ONE PERSON,4436.27,1056,0.0231,80.1882,0
22227,HANGING HEART MIRROR DECORATION,4427.11,6136,0.023,80.2112,0
79341,WILLOW BRANCH LIGHTS.,4423.69,725,0.023,80.2342,0
21913,VINTAGE SEASIDE JIGSAW PUZZLES,4423.2,1155,0.023,80.2572,0
22071,SMALL WHITE RETROSPOT MUG IN BOX,4419.75,1546,0.023,80.2801,0
22291,"SPRING DEC , HANGING CHICK CREAM",4412.93,3193,0.0229,80.3031,0
22425,ENAMEL COLANDER CREAM,4401.8,869,0.0229,80.326,0
22202,MILK PAN PINK RETROSPOT,4400.12,1102,0.0229,80.3488,0
21899,"KEY FOB , GARAGE DESIGN",4398.08,6785,0.0229,80.3717,0
47580,TEA TIME DES TEA COSY,4395.26,1693,0.0228,80.3945,0
22744,MAKE YOUR OWN MONSOON CARD KIT,4392.75,1557,0.0228,80.4174,0
20674,GREEN POLKADOT BOWL,4383.55,3437,0.0228,80.4402,0
85053,FRENCH ENAMEL CANDLEHOLDER,4382.22,2042,0.0228,80.4629,0
22797,CHEST OF DRAWERS GINGHAM HEART,4375.26,250,0.0227,80.4857,0
20665,RED RETROSPOT PURSE,4371.47,1387,0.0227,80.5084,0
22892,SET OF SALT AND PEPPER TOADSTOOLS,4367.06,3556,0.0227,80.5311,0
84598,BOYS ALPHABET IRON ON PATCHES,4360.46,20799,0.0227,80.5538,0
15039,SANDALWOOD FAN,4360.03,5117,0.0227,80.5764,0
79320,FLAMINGO LIGHTS,4357.38,1015,0.0227,80.5991,0
22611,VINTAGE UNION JACK SHOPPING BAG,4348.8,908,0.0226,80.6217,0
22497,SET OF 2 TINS VINTAGE BATHROOM,4345.08,946,0.0226,80.6443,0
22530,MAGIC DRAWING SLATE DOLLY GIRL,4343.16,10270,0.0226,80.6669,0
23349,ROLL WRAP VINTAGE CHRISTMAS,4342.6,3221,0.0226,80.6894,0
20967,GREY FLORAL FELTCRAFT SHOULDER BAG,4320.08,1140,0.0225,80.7119,0
22600,CHRISTMAS RETROSPOT STAR WOOD,4317.5,4958,0.0224,80.7343,0
21355,TOAST ITS - I LOVE YOU,4308.08,3611,0.0224,80.7567,0
21556,CERAMIC STRAWBERRY MONEY BOX,4305.45,1630,0.0224,80.7791,0
20982,12 PENCILS TALL TUBE SKULLS,4298.2,4915,0.0223,80.8015,0
21153,RED SPOTTY TABLECLOTH,4294.69,393,0.0223,80.8238,0
23050,RECYCLED ACAPULCO MAT GREEN,4286.55,497,0.0223,80.8461,0
21245,GREEN POLKADOT PLATE,4285.26,2577,0.0223,80.8683,0
22285,"DECORATION HEN ON NEST, HANGING",4274.53,2807,0.0222,80.8906,0
23237,SET OF 4 KNICK KNACK TINS LEAF,4274.39,1053,0.0222,80.9128,0
22723,SET OF 6 HERB TINS SKETCHBOOK,4262.82,1164,0.0222,80.9349,0
21470,FLOWER VINE RAFFIA FOOD COVER,4258.67,1118,0.0221,80.9571,0
22454,MEASURING TAPE BABUSHKA RED,4237.09,1515,0.022,80.9791,0
21609,SET 12 LAVENDER  BOTANICAL T-LIGHTS,4230.55,1551,0.022,81.0011,0
70006,LOVE HEART POCKET WARMER,4229.62,4476,0.022,81.0231,0
22851,SET 20 NAPKINS FAIRY CAKES DESIGN,4228.01,5195,0.022,81.0451,0
23089,GLASS BON BON JAR,4215.78,2354,0.0219,81.067,0
22807,SET OF 6 T-LIGHTS TOADSTOOLS,4213.47,1412,0.0219,81.0889,0
23144,ZINC T-LIGHT HOLDER STARS SMALL,4197.83,5089,0.0218,81.1107,0
21743,STAR PORTABLE TABLE LIGHT,4197.77,1443,0.0218,81.1325,0
23012,GLASS APOTHECARY BOTTLE PERFUME,4197.11,1071,0.0218,81.1543,0
21474,SWEETHEART CREAM STEEL FOLDIN BENCH,4189.5,210,0.0218,81.1761,0
21707,FOLDING UMBRELLA BLACKBLUE POLKADOT,4184.95,1005,0.0218,81.1979,0
22127,PARTY CONES CARNIVAL ASSORTED,4183.11,3492,0.0217,81.2196,0
84580,MOUSE TOY WITH PINK T-SHIRT,4148.45,1082,0.0216,81.2412,0
23110,PARISIENNE KEY CABINET,4147.18,700,0.0216,81.2627,0
23486,ANTIQUE HEART SHELF UNIT,4145.47,275,0.0215,81.2843,0
21901,"KEY FOB , BACK DOOR",4141.96,6275,0.0215,81.3058,0
21590,KINGS CHOICE CIGAR BOX MATCHES,4141.28,3457,0.0215,81.3273,0
21349,IVY HEART WREATH,4125.83,571,0.0214,81.3488,0
23306,SET OF 36 DOILIES PANTRY DESIGN,4123.38,3538,0.0214,81.3702,0
21911,GARDEN METAL SIGN,4120.69,2568,0.0214,81.3916,0
22778,GLASS CLOCHE SMALL,4119.49,1047,0.0214,81.413,0
20981,12 PENCILS TALL TUBE WOODLAND,4118.34,4773,0.0214,81.4345,0
21472,LADYBIRD + BEE RAFFIA FOOD COVER,4111.57,1066,0.0214,81.4558,0
16161U,WRAP SUKI AND FRIENDS,4105.92,10076,0.0213,81.4772,0
22359,GLASS JAR KINGS CHOICE,4099.42,1397,0.0213,81.4985,0
23255,CHILDRENS CUTLERY CIRCUS PARADE,4097.22,1014,0.0213,81.5198,0
22731,3D CHRISTMAS STAMPS STICKERS,4090.66,3054,0.0213,81.541,0
22125,UNION JACK HOT WATER BOTTLE,4089.09,687,0.0213,81.5623,0
21679,SKULLS  STICKERS,4088.75,4931,0.0213,81.5836,0
22314,OFFICE MUG WARMER CHOC+BLUE,4085.88,1162,0.0212,81.6048,0
23009,I LOVE LONDON BABY GIFT SET,4082.52,263,0.0212,81.626,0
22639,SET OF 4 NAPKIN CHARMS HEARTS,4082.24,4233,0.0212,81.6472,0
23193,BUFFALO BILL TREASURE BOOK BOX,4079.28,1922,0.0212,81.6684,0
23194,GYMKHANA TREASURE BOOK BOX,4077.37,1835,0.0212,81.6896,0
21812,GARLAND WITH HEARTS AND BELLS,4076.97,833,0.0212,81.7108,0
22777,GLASS CLOCHE LARGE,4075.06,485,0.0212,81.732,0
22788,BROCANTE COAT RACK,4073.41,486,0.0212,81.7532,0
35924,HANGING FAIRY CAKE DECORATION,4062.02,2168,0.0211,81.7743,0
18097C,WHITE TALL PORCELAIN T-LIGHT HOLDER,4049.83,1811,0.0211,81.7953,0
22245,"HOOK, 1 HANGER ,MAGIC GARDEN",4046.49,4697,0.021,81.8164,0
21717,EASTER TIN BUCKET,4044.69,1560,0.021,81.8374,0
21648,ASSORTED TUTTI FRUTTI SMALL PURSE,4044.21,2987,0.021,81.8584,0
22284,HEN HOUSE DECORATION,4040.9,2478,0.021,81.8794,0
21192,WHITE BELL HONEYCOMB PAPER,4040.59,2283,0.021,81.9004,0
23081,GREEN METAL BOX ARMY SUPPLIES,4038.25,483,0.021,81.9214,0
22057,CERAMIC PLATE STRAWBERRY DESIGN,4035.57,3076,0.021,81.9424,0
23340,VINTAGE CHRISTMAS CAKE FRILL,4034.08,2500,0.021,81.9634,0
21055,TOOL BOX SOFT TOY,4032.31,404,0.021,81.9843,0
22445,PENCIL CASE LIFE IS BEAUTIFUL,4025.57,1312,0.0209,82.0053,0
85206A,CREAM FELT EASTER EGG BASKET,4022.51,2355,0.0209,82.0262,0
22053,EMPIRE DESIGN ROSETTE,4020.89,4551,0.0209,82.0471,0
23129,HEART SHAPED HOLLY WREATH,3999.5,950,0.0208,82.0679,0
21987,PACK OF 6 SKULL PAPER CUPS,3999.11,6434,0.0208,82.0887,0
23130,MISTLETOE HEART WREATH GREEN,3988.98,962,0.0207,82.1094,0
22959,WRAP CHRISTMAS VILLAGE,3987.42,9789,0.0207,82.1301,0
22612,TEA COSY VINTAGE UNION JACK,3984.99,1001,0.0207,82.1508,0
72802A,ROSE SCENT CANDLE IN JEWELLED BOX,3979.62,1004,0.0207,82.1715,0
22536,MAGIC DRAWING SLATE PURDEY,3977.35,10210,0.0207,82.1922,0
21813,GARLAND WITH STARS AND BELLS,3957.7,842,0.0206,82.2128,0
22118,JOY WOODEN BLOCK LETTERS,3953.9,816,0.0206,82.2333,0
22965,3 TRADITIONAl BISCUIT CUTTERS  SET,3932.75,1888,0.0204,82.2538,0
23557,LANDMARK FRAME BAKER STREET,3930.27,350,0.0204,82.2742,0
22272,FELTCRAFT DOLL MARIA,3928.01,1441,0.0204,82.2946,0
37340,MULTICOLOUR SPRING FLOWER MUG,3927.08,13674,0.0204,82.315,0
22475,SKULL DESIGN TV DINNER TRAY,3925.63,786,0.0204,82.3354,0
84558A,3D DOG PICTURE PLAYING CARDS,3924.42,1334,0.0204,82.3558,0
22579,WOODEN TREE CHRISTMAS SCANDINAVIAN,3920.9,7301,0.0204,82.3762,0
21351,CINAMMON & ORANGE WREATH,3911.1,1132,0.0203,82.3965,0
22980,PANTRY SCRUBBING BRUSH,3910.01,2363,0.0203,82.4169,0
21846,PINK DIAMANTE PEN IN GIFT BOX,3907.4,1625,0.0203,82.4372,0
22843,BISCUIT TIN VINTAGE GREEN,3899.01,603,0.0203,82.4574,0
23049,RECYCLED ACAPULCO MAT RED,3896.84,456,0.0203,82.4777,0
22790,"MIRROR, ARCHED GEORGIAN",3884.0,200,0.0202,82.4979,0
23552,BICYCLE PUNCTURE REPAIR KIT,3881.91,1863,0.0202,82.5181,0
21034,REX CASH+CARRY JUMBO SHOPPER,3876.0,4082,0.0201,82.5382,0
21067,VINTAGE RED TEATIME MUG,3873.22,4824,0.0201,82.5584,0
22962,JAM JAR WITH PINK LID,3872.05,4730,0.0201,82.5785,0
21627,ELEPHANT CARNIVAL POUFFE,3870.78,200,0.0201,82.5986,0
21447,12 IVORY ROSE PEG PLACE SETTINGS,3868.89,2796,0.0201,82.6187,0
22162,HEART GARLAND RUSTIC PADDED,3868.61,1260,0.0201,82.6388,0
22591,CARDHOLDER GINGHAM CHRISTMAS TREE,3864.35,1387,0.0201,82.6589,0
22478,BIRDHOUSE GARDEN MARKER,3859.69,2778,0.0201,82.679,0
22494,EMERGENCY FIRST AID TIN,3855.98,2859,0.02,82.699,0
23032,DRAWER KNOB CRACKLE GLAZE IVORY,3853.68,2328,0.02,82.719,0
23253,16 PIECE CUTLERY SET PANTRY DESIGN,3848.86,258,0.02,82.7391,0
21329,DINOSAURS  WRITING SET,3845.65,2119,0.02,82.759,0
23111,PARISIENNE SEWING BOX,3839.24,312,0.02,82.779,0
23131,MISTLETOE HEART WREATH CREAM,3835.98,990,0.0199,82.7989,0
22589,CARDHOLDER GINGHAM STAR,3835.32,1385,0.0199,82.8189,0
22544,MINI JIGSAW SPACEBOY,3825.3,9541,0.0199,82.8388,0
22765,NEWSPAPER STAND,3825.25,338,0.0199,82.8586,0
71038,WHITE HANGING BEADS CANDLE HOLDER,3821.95,890,0.0199,82.8785,0
85040A,S/4 PINK FLOWER CANDLES IN BOWL,3816.36,2118,0.0198,82.8984,0
22458,CAST IRON HOOK GARDEN FORK,3815.85,1538,0.0198,82.9182,0
21100,CHARLIE AND LOLA CHARLOTTE BAG,3812.58,2546,0.0198,82.938,0
21845,DAIRY MAID STRIPE MUG,3811.51,2539,0.0198,82.9578,0
22774,RED DRAWER KNOB ACRYLIC EDWARDIAN,3811.28,2945,0.0198,82.9776,0
23542,WALL ART 70'S ALPHABET,3800.16,506,0.0198,82.9974,0
85049C,ROMANTIC PINKS RIBBONS,3796.26,3020,0.0197,83.0171,0
22769,CHALKBOARD KITCHEN ORGANISER,3795.68,179,0.0197,83.0369,0
84016,FLAG OF ST GEORGE CAR FLAG,3791.67,19000,0.0197,83.0566,0
22398,MAGNETS PACK OF 4 SWALLOWS,3791.26,4320,0.0197,83.0763,0
21486,PINK HEART DOTS HOT WATER BOTTLE,3786.55,1152,0.0197,83.096,0
22292,HANGING CHICK  YELLOW DECORATION,3783.97,2785,0.0197,83.1156,0
84356,POMPOM CURTAIN,3777.99,751,0.0196,83.1353,0
23299,FOOD COVER WITH BEADS SET 2,3772.88,1012,0.0196,83.1549,0
23127,FELTCRAFT GIRL NICOLE KIT,3759.0,736,0.0195,83.1744,0
23092,LARGE ANTIQUE WHITE PHOTO FRAME,3757.78,523,0.0195,83.1939,0
21795,SET OF 3 BLUE STRIPE BASKET,3734.94,447,0.0194,83.2134,0
22461,SAVOY ART DECO CLOCK,3722.53,416,0.0194,83.2327,0
23064,CINDERELLA CHANDELIER,3717.56,221,0.0193,83.252,0
22782,SET 3 WICKER STORAGE BASKETS,3712.3,254,0.0193,83.2713,0
22166,WALL MIRROR RECTANGLE DIAMANTE PINK,3697.54,453,0.0192,83.2906,0
21246,RED RETROSPOT BIG BOWL,3695.53,751,0.0192,83.3098,0
23182,TOILET SIGN OCCUPIED OR VACANT,3688.21,3741,0.0192,83.3289,0
84352,SILVER CHRISTMAS TREE BAUBLE STAND,3684.13,216,0.0192,83.3481,0
20692,FLORAL ELEPHANT SOFT TOY,3682.76,909,0.0191,83.3672,0
21866,UNION JACK FLAG LUGGAGE TAG,3681.14,2209,0.0191,83.3864,0
23013,GLASS APOTHECARY BOTTLE TONIC,3674.16,924,0.0191,83.4055,0
84968F,SET OF 16 VINTAGE SKY BLUE CUTLERY,3673.74,303,0.0191,83.4246,0
20785,FUSCHIA RETRO BAR STOOL,3672.35,140,0.0191,83.4436,0
23091,ZINC HERB GARDEN CONTAINER,3656.32,582,0.019,83.4627,0
23497,CLASSIC CHROME BICYCLE BELL,3656.02,2558,0.019,83.4817,0
22823,CHEST NATURAL WOOD 20 DRAWERS,3655.0,54,0.019,83.5007,0
22902,TOTE BAG I LOVE LONDON,3643.08,1979,0.0189,83.5196,0
22603,CHRISTMAS RETROSPOT TREE WOOD,3633.86,4223,0.0189,83.5385,0
21509,COWBOYS AND INDIANS BIRTHDAY CARD,3631.99,8805,0.0189,83.5574,0
22944,CHRISTMAS METAL POSTCARD WITH BELLS,3631.62,4901,0.0189,83.5762,0
23191,BUNDLE OF 3 RETRO NOTE BOOKS,3628.89,2201,0.0189,83.5951,0
22095,LADS ONLY TISSUE BOX,3628.17,3368,0.0189,83.614,0
21784,SHOE SHINE BOX,3617.88,306,0.0188,83.6328,0
22704,WRAP RED APPLES,3617.26,8803,0.0188,83.6516,0
21191,LARGE WHITE HONEYCOMB PAPER BELL,3610.52,1544,0.0188,83.6703,0
21054,NURSE'S BAG SOFT TOY,3609.6,391,0.0188,83.6891,0
23294,SET OF 6 SNACK LOAF BAKING CASES,3607.81,4392,0.0188,83.7079,0
22176,BLUE OWL SOFT TOY,3592.9,1200,0.0187,83.7265,0
22531,MAGIC DRAWING SLATE CIRCUS PARADE,3586.94,8302,0.0186,83.7452,0
21794,CLASSIC FRENCH STYLE BASKET NATURAL,3585.98,726,0.0186,83.7638,0
23085,ANTIQUE SILVER BAUBLE LAMP,3583.23,376,0.0186,83.7825,0
22334,DINOSAUR PARTY BAG + STICKER SET,3578.76,2248,0.0186,83.8011,0
20886,BOX OF 9 PEBBLE CANDLES,3577.8,1797,0.0186,83.8197,0
20784,RED RETRO BAR STOOL,3570.87,107,0.0186,83.8382,0
22320,BIRDS MOBILE VINTAGE DESIGN,3562.87,601,0.0185,83.8567,0
84797A,PINK HAWAIIAN PICNIC HAMPER FOR 4,3560.09,499,0.0185,83.8752,0
21179,NO JUNK MAIL METAL SIGN,3559.23,4312,0.0185,83.8937,0
22452,MEASURING TAPE BABUSHKA PINK,3558.3,1347,0.0185,83.9122,0
23210,WHITE ROCKING HORSE HAND PAINTED,3551.53,2849,0.0185,83.9307,0
22939,APRON APPLE DELIGHT,3545.5,755,0.0184,83.9491,0
23332,IVORY WICKER HEART LARGE,3542.71,2059,0.0184,83.9675,0
22076,6 RIBBONS EMPIRE,3535.83,2388,0.0184,83.9859,0
20786,BLACK RETRO BAR STOOL,3533.9,105,0.0184,84.0043,0
22428,ENAMEL FIRE BUCKET CREAM,3533.63,502,0.0184,84.0227,0
47505,MINATURE COLOURED GARDENING SET,3527.42,746,0.0183,84.041,0
22822,CREAM WALL PLANTER HEART SHAPED,3522.87,606,0.0183,84.0593,0
21466,RED FLOWER CROCHET FOOD COVER,3517.29,937,0.0183,84.0776,0
21469,POLKA DOT RAFFIA FOOD COVER,3512.01,1173,0.0183,84.0959,0
23353,6 GIFT TAGS VINTAGE CHRISTMAS,3510.05,4007,0.0182,84.1141,0
22309,TEA COSY RED  STRIPE,3509.68,1341,0.0182,84.1323,0
23189,SET OF 12 FORK CANDLES,3507.51,1249,0.0182,84.1506,0
22862,LOVE HEART NAPKIN BOX,3500.51,781,0.0182,84.1688,0
21507,"ELEPHANT, BIRTHDAY CARD,",3490.36,8310,0.0181,84.1869,0
84510A,SET OF 4 ENGLISH ROSE COASTERS,3487.42,2507,0.0181,84.205,0
21327,SKULLS WRITING SET,3468.69,1962,0.018,84.2231,0
22762,CUPBOARD 3 DRAWER MA CAMPAGNE,3468.1,216,0.018,84.2411,0
22183,CAKE STAND VICTORIAN FILIGREE MED,3465.22,613,0.018,84.2591,0
22764,"RUSTIC WOODEN CABINET, GLASS DOORS",3462.49,186,0.018,84.2771,0
21902,"KEY FOB , FRONT  DOOR",3461.69,5440,0.018,84.2951,0
37501,TEA TIME TEA SET IN GIFT BOX,3457.81,815,0.018,84.3131,0
22172,METAL SHELF WITH RAIL,3451.82,378,0.0179,84.331,0
22503,CABIN BAG VINTAGE PAISLEY,3447.2,149,0.0179,84.3489,0
21039,RED RETROSPOT SHOPPING BAG,3445.67,1319,0.0179,84.3669,0
23350,ROLL WRAP VINTAGE SPOT,3445.08,2712,0.0179,84.3848,0
23426,METAL SIGN DROP YOUR PANTS,3444.43,1275,0.0179,84.4027,0
23536,WALL ART VILLAGE SHOW,3442.13,626,0.0179,84.4206,0
21364,PEACE SMALL WOOD LETTERS,3441.47,473,0.0179,84.4384,0
23232,WRAP VINTAGE LEAF DESIGN,3436.92,8526,0.0179,84.4563,0
23388,WOODLAND MINI BACKPACK,3432.09,821,0.0178,84.4742,0
21123,SET/10 IVORY POLKADOT PARTY CANDLES,3430.56,2781,0.0178,84.492,0
23354,6 GIFT TAGS 50'S CHRISTMAS,3429.4,3740,0.0178,84.5098,0
23065,LARGE DECO JEWELLERY STAND,3427.44,273,0.0178,84.5276,0
22440,BALLOON WATER BOMB PACK OF 35,3425.87,8586,0.0178,84.5454,0
23156,SET OF 5 MINI GROCERY MAGNETS,3423.29,1665,0.0178,84.5632,0
22972,CHILDREN'S SPACEBOY MUG,3421.76,1992,0.0178,84.581,0
22459,CAST IRON HOOK GARDEN TROWEL,3420.18,1459,0.0178,84.5988,0
23014,GLASS APOTHECARY BOTTLE ELIXIR,3419.58,856,0.0178,84.6166,0
84472,PINK AND LILAC QUILTED THROW,3402.32,87,0.0177,84.6343,0
22794,SWEETHEART WIRE MAGAZINE RACK,3399.24,402,0.0177,84.6519,0
22154,ANGEL DECORATION 3 BUTTONS,3396.63,7881,0.0177,84.6696,0
21211,SET OF 72 SKULL PAPER  DOILIES,3385.94,2419,0.0176,84.6872,0
22477,WATERING CAN GARDEN MARKER,3385.53,2433,0.0176,84.7048,0
44230,SQUARE MIRROR CURTAIN,3381.62,347,0.0176,84.7224,0
22419,LIPSTICK PEN RED,3370.77,7058,0.0175,84.7399,0
22223,CAKE PLATE LOVEBIRD PINK,3369.83,727,0.0175,84.7574,0
84813,SET OF 4 DIAMOND NAPKIN RINGS,3364.5,426,0.0175,84.7749,0
22891,TEA FOR ONE POLKADOT,3353.94,686,0.0174,84.7923,0
23239,SET OF 4 KNICK KNACK TINS POPPIES,3353.84,842,0.0174,84.8098,0
20702,PINK PADDED MOBILE,3351.95,806,0.0174,84.8272,0
22047,EMPIRE GIFT WRAP,3351.0,8250,0.0174,84.8446,0
22792,FLUTED ANTIQUE CANDLE HOLDER,3349.9,3596,0.0174,84.862,0
84828,JUNGLE POPSICLES ICE LOLLY HOLDERS,3346.55,2516,0.0174,84.8794,0
21917,SET 12 KIDS  WHITE CHALK STICKS,3345.73,8052,0.0174,84.8968,0
21352,EUCALYPTUS & PINECONE  WREATH,3340.71,917,0.0174,84.9142,0
22136,LOVE HEART SOCK HANGER,3340.67,1995,0.0174,84.9315,0
21830,ASSORTED CREEPY CRAWLIES,3320.46,8407,0.0173,84.9488,0
22572,ROCKING HORSE GREEN CHRISTMAS,3311.47,3668,0.0172,84.966,0
22773,GREEN DRAWER KNOB ACRYLIC EDWARDIAN,3306.28,2483,0.0172,84.9832,0
22963,JAM JAR WITH GREEN LID,3303.81,4056,0.0172,85.0004,0
21111,"SWISS ROLL TOWEL, CHOCOLATE  SPOTS",3299.35,1408,0.0172,85.0175,0
22863,SOAP DISH BROCANTE,3293.47,1149,0.0171,85.0346,0
22122,SET OF 2 FANCY FONT TEA TOWELS,3290.08,1159,0.0171,85.0517,0
37410,BLACK AND WHITE PAISLEY FLOWER MUG,3288.65,25743,0.0171,85.0688,0
22281,EASTER TREE YELLOW BIRDS,3285.86,511,0.0171,85.0859,0
21467,CHERRY CROCHET FOOD COVER,3278.75,1029,0.017,85.103,0
84975,HEART SHAPED MIRROR,3274.85,2185,0.017,85.12,0
23308,SET OF 60 VINTAGE LEAF CAKE CASES,3272.61,6139,0.017,85.137,0
22967,SET 3 SONG BIRD PAPER EGGS ASSORTED,3271.41,1171,0.017,85.154,0
22310,IVORY KNITTED MUG COSY,3270.96,1801,0.017,85.171,0
21829,DINOSAUR KEYRINGS ASSORTED,3270.2,15149,0.017,85.188,0
21820,GLITTER HEART GARLAND WITH BELLS,3267.75,828,0.017,85.205,0
21333,CLASSIC WHITE FRAME,3262.9,1080,0.017,85.222,0
20992,JAZZ HEARTS PURSE NOTEBOOK,3262.7,6196,0.017,85.2389,0
23395,BELLE JARDINIERE CUSHION COVER,3257.08,748,0.0169,85.2558,0
84596F,SMALL MARSHMALLOWS PINK BOWL,3255.86,4745,0.0169,85.2728,0
22313,OFFICE MUG WARMER PINK,3255.22,1022,0.0169,85.2897,0
23053,RECYCLED ACAPULCO MAT PINK,3254.32,364,0.0169,85.3066,0
21557,SET OF 6 FUNKY BEAKERS,3251.04,953,0.0169,85.3235,0
21477,STRING OF 20 ROSE LIGHTS,3248.94,288,0.0169,85.3404,0
22194,BLACK DINER WALL CLOCK,3246.1,379,0.0169,85.3573,0
79164,BLACK WINE GLASS,3235.61,3762,0.0168,85.3741,0
84944,SET OF 6 KASHMIR FOLKART BAUBLES,3234.63,1879,0.0168,85.3909,0
21949,SET OF 6 STRAWBERRY CHOPSTICKS,3224.28,2636,0.0168,85.4077,0
23051,RECYCLED ACAPULCO MAT BLUE,3223.49,365,0.0168,85.4244,0
22927,GREEN GIANT GARDEN THERMOMETER,3221.91,503,0.0167,85.4412,0
23230,WRAP ALPHABET DESIGN,3217.92,7976,0.0167,85.4579,0
21628,TRIANGULAR POUFFE VINTAGE,3215.18,166,0.0167,85.4746,0
21732,RED HANGING METAL STAR TLIGHT HLDR,3214.57,925,0.0167,85.4913,0
21473,SWEETHEART CREAM STEEL TABLE RECT,3212.16,157,0.0167,85.508,0
21705,BAG 500g SWIRLY MARBLES,3210.66,2563,0.0167,85.5247,0
22473,TV DINNER TRAY VINTAGE PAISLEY,3210.17,836,0.0167,85.5414,0
84837,WHITE SWEETHEARTS CABINET 4 DRAWERS,3210.04,252,0.0167,85.5581,0
79323GR,GREEN CHERRY LIGHTS,3209.36,532,0.0167,85.5748,0
23393,HOME SWEET HOME CUSHION COVER,3207.91,801,0.0167,85.5914,0
23035,DRAWER KNOB CERAMIC IVORY,3199.99,2191,0.0166,85.6081,0
21519,GIN & TONIC DIET GREETING CARD,3195.35,7458,0.0166,85.6247,0
21786,POLKADOT RAIN HAT,3186.87,7929,0.0166,85.6412,0
22700,BLACK AND WHITE DOG BOWL,3181.96,1392,0.0165,85.6578,0
22816,CARD MOTORBIKE SANTA,3180.75,7350,0.0165,85.6743,0
23342,MINT DINER WALL CLOCK,3176.41,373,0.0165,85.6908,0
22406,MONEY BOX KINGS CHOICE DESIGN,3175.61,2507,0.0165,85.7073,0
85227,SET OF 6 3D KIT CARDS FOR KIDS,3169.02,3520,0.0165,85.7238,0
22325,MOBILE VINTAGE HEARTS,3168.68,702,0.0165,85.7403,0
22805,BLUE DRAWER KNOB ACRYLIC EDWARDIAN,3165.23,2316,0.0165,85.7567,0
22702,BLACK AND WHITE CAT BOWL,3160.52,1591,0.0164,85.7732,0
20956,PORCELAIN T-LIGHT HOLDERS ASSORTED,3160.25,2957,0.0164,85.7896,0
82578,KITCHEN METAL SIGN,3154.89,5635,0.0164,85.806,0
15058A,BLUE POLKADOT GARDEN PARASOL,3153.73,496,0.0164,85.8224,0
21272,SALLE DE BAIN HOOK,3153.65,2394,0.0164,85.8388,0
22372,AIRLINE BAG VINTAGE WORLD CHAMPION,3149.75,624,0.0164,85.8551,0
23323,WHITE WICKER STAR,3146.78,1469,0.0164,85.8715,0
47504K,ENGLISH ROSE GARDEN SECATEURS,3135.75,2743,0.0163,85.8878,0
21408,SPOTTY PINK DUCK DOORSTOP,3134.29,715,0.0163,85.9041,0
22347,PIZZA SLICE DISH,3119.18,2762,0.0162,85.9203,0
22757,LARGE RED BABUSHKA NOTEBOOK,3116.58,7718,0.0162,85.9365,0
23346,SPACEBOY BEAKER,3112.34,2628,0.0162,85.9527,0
22754,SMALL RED BABUSHKA NOTEBOOK,3111.09,8980,0.0162,85.9689,0
22208,WOOD STAMP SET THANK YOU,3103.55,2396,0.0161,85.985,0
22925,BLUE GIANT GARDEN THERMOMETER,3102.51,507,0.0161,86.0011,0
22177,5 HOOK BLACKBOARD ORGANISER,3101.46,325,0.0161,86.0172,0
22129,PARTY CONES CANDY TREE DECORATION,3100.22,3252,0.0161,86.0334,0
21206,STRAWBERRY HONEYCOMB  GARLAND,3089.35,2168,0.0161,86.0494,0
79072,TEATIME CAKE TIN WITH HANDLE,3083.2,284,0.016,86.0654,0
22375,AIRLINE BAG VINTAGE JET SET BROWN,3079.58,615,0.016,86.0815,0
21765,HANGING METAL BIRD BATH,3076.39,376,0.016,86.0974,0
22037,ROBOT BIRTHDAY CARD,3076.08,7194,0.016,86.1134,0
22067,CHOC TRUFFLE GOLD TRINKET POT,3075.54,1887,0.016,86.1294,0
20985,HEART CALCULATOR,3070.51,2386,0.016,86.1454,0
35001W,HAND OPEN SHAPE DECO.WHITE,3064.71,969,0.0159,86.1613,0
21626,VINTAGE UNION JACK PENNANT,3053.1,1511,0.0159,86.1772,0
21354,TOAST ITS - BEST MUM,3048.32,2532,0.0158,86.193,0
22755,SMALL PURPLE BABUSHKA NOTEBOOK,3048.19,8825,0.0158,86.2089,0
22930,BAKING MOULD HEART MILK CHOCOLATE,3046.45,1199,0.0158,86.2247,0
15044C,PURPLE PAPER PARASOL,3042.03,970,0.0158,86.2405,0
22576,SWALLOW WOODEN CHRISTMAS DECORATION,3041.84,3360,0.0158,86.2563,0
23461,SWEETHEART BIRD HOUSE,3041.21,847,0.0158,86.2721,0
23329,DECORATIVE WICKER HEART LARGE,3038.19,1767,0.0158,86.2879,0
22712,CARD DOLLY GIRL,3037.29,7375,0.0158,86.3037,0
22402,MAGNETS PACK OF 4 VINTAGE COLLAGE,3032.8,3445,0.0158,86.3195,0
23390,DOLLY GIRL MINI BACKPACK,3025.59,747,0.0157,86.3352,0
23242,TREASURE TIN BUFFALO BILL,3024.63,1470,0.0157,86.3509,0
22277,COSMETIC BAG VINTAGE ROSE PAISLEY,3024.14,1441,0.0157,86.3667,0
84912A,PINK ROSE WASHBAG,3023.25,1171,0.0157,86.3824,0
22519,CHILDS GARDEN BRUSH PINK,3019.23,1449,0.0157,86.3981,0
23231,WRAP DOILEY DESIGN,3008.34,7277,0.0156,86.4137,0
22132,RED LOVE HEART SHAPE CUP,3008.11,3357,0.0156,86.4293,0
22664,TOY TIDY DOLLY GIRL DESIGN,3006.78,1445,0.0156,86.445,0
22905,CALENDAR IN SEASON DESIGN,2995.53,1089,0.0156,86.4606,0
22184,CAKE STAND VICTORIAN FILIGREE LARGE,2988.71,401,0.0155,86.4761,0
22674,FRENCH TOILET SIGN BLUE METAL,2978.84,2394,0.0155,86.4916,0
22811,SET OF 6 T-LIGHTS CACTI,2978.66,1040,0.0155,86.5071,0
22974,CHILDRENS DOLLY GIRL MUG,2977.79,1738,0.0155,86.5225,0
21688,SILVER PLATE CANDLE BOWL SMALL,2975.46,955,0.0155,86.538,0
85114C,RED ENCHANTED FOREST PLACEMAT,2958.5,1469,0.0154,86.5534,0
22955,36 FOIL STAR CAKE CASES,2952.47,1623,0.0153,86.5687,0
21948,SET OF 6 CAKE CHOPSTICKS,2950.19,2308,0.0153,86.5841,0
22518,CHILDS GARDEN BRUSH BLUE,2939.75,1416,0.0153,86.5993,0
20752,BLUE POLKADOT WASHING UP GLOVES,2939.68,1526,0.0153,86.6146,0
22581,WOOD STOCKING CHRISTMAS SCANDISPOT,2937.52,3642,0.0153,86.6299,0
21821,GLITTER STAR GARLAND WITH BELLS,2935.06,723,0.0153,86.6452,0
23211,RED ROCKING HORSE HAND PAINTED,2930.57,2329,0.0152,86.6604,0
22983,CARD BILLBOARD FONT,2928.44,6892,0.0152,86.6756,0
22450,SILK PURSE BABUSHKA BLUE,2925.72,870,0.0152,86.6908,0
22480,RED TEA TOWEL CLASSIC DESIGN,2925.58,2416,0.0152,86.706,0
22803,IVORY EMBROIDERED QUILT,2925.49,78,0.0152,86.7212,0
22897,OVEN MITT APPLES DESIGN,2921.01,2172,0.0152,86.7364,0
21214,SET OF 72 IVORY PAPER DOILIES,2920.82,2010,0.0152,86.7516,0
22696,WICKER WREATH LARGE,2918.82,1482,0.0152,86.7668,0
22990,COTTON APRON PANTRY DESIGN,2917.43,633,0.0152,86.7819,0
23056,FLOWERS CHANDELIER T-LIGHT HOLDER,2898.12,963,0.0151,86.797,0
23290,SPACEBOY CHILDRENS BOWL,2890.35,2430,0.015,86.812,0
21709,FOLDING UMBRELLA CHOCOLATE POLKADOT,2886.62,698,0.015,86.827,0
23345,DOLLY GIRL BEAKER,2886.25,2451,0.015,86.842,0
22818,CARD CHRISTMAS VILLAGE,2884.26,6634,0.015,86.857,0
21465,PINK FLOWER CROCHET FOOD COVER,2883.14,795,0.015,86.872,0
21439,BASKET OF TOADSTOOLS,2880.09,2288,0.015,86.887,0
21324,HANGING MEDINA LANTERN SMALL,2875.22,1030,0.0149,86.9019,0
22949,36 DOILIES DOLLY GIRL,2871.48,2016,0.0149,86.9169,0
22914,BLUE COAT RACK PARIS FASHION,2871.4,598,0.0149,86.9318,0
21682,LARGE MEDINA STAMPED METAL BOWL,2866.59,723,0.0149,86.9467,0
22293,HANGING CHICK GREEN DECORATION,2866.16,2036,0.0149,86.9616,0
21424,WOODLAND STORAGE BOX LARGE,2861.64,955,0.0149,86.9765,0
23212,HEART WREATH DECORATION WITH BELL,2860.89,2296,0.0149,86.9913,0
23427,STOOL HOME SWEET HOME,2860.58,237,0.0149,87.0062,0
22671,FRENCH LAUNDRY SIGN BLUE METAL,2859.25,1716,0.0149,87.0211,0
47480,HANGING PHOTO CLIP ROPE LADDER,2854.83,1735,0.0148,87.0359,0
85199S,SMALL HANGING IVORY/RED WOOD BIRD,2849.99,6143,0.0148,87.0507,0
23504,PLAYING CARDS JUBILEE UNION JACK,2848.89,1927,0.0148,87.0655,0
22101,MIRROR MOSAIC VOTIVE HOLDER,2847.28,1934,0.0148,87.0803,0
23196,VINTAGE LEAF MAGNETIC NOTEPAD,2842.24,1884,0.0148,87.0951,0
22217,T-LIGHT HOLDER HANGING LACE,2839.85,2390,0.0148,87.1099,0
51014C,"FEATHER PEN,COAL BLACK",2837.25,4382,0.0147,87.1246,0
21683,MEDIUM MEDINA STAMPED METAL BOWL,2837.13,962,0.0147,87.1394,0
21508,VINTAGE KID DOLLY CARD,2834.08,6778,0.0147,87.1541,0
22710,WRAP I LOVE LONDON,2831.78,7209,0.0147,87.1688,0
22161,HEART DECORATION RUSTIC HANGING,2824.35,6837,0.0147,87.1835,0
22315,200 RED + WHITE BENDY STRAWS,2820.77,2193,0.0147,87.1982,0
22145,CHRISTMAS CRAFT HEART STOCKING,2815.66,1399,0.0146,87.2128,0
84519A,TOMATO CHARLIE+LOLA COASTER SET,2812.06,1207,0.0146,87.2274,0
22155,STAR DECORATION RUSTIC,2810.7,6226,0.0146,87.242,0
21360,JOY LARGE WOOD LETTERS,2810.31,443,0.0146,87.2566,0
22597,MUSICAL ZINC HEART DECORATION,2808.99,4653,0.0146,87.2712,0
84754,S/15 SILVER GLASS BAUBLES IN BAG,2808.45,2211,0.0146,87.2858,0
21188,3D HEARTS  HONEYCOMB PAPER GARLAND,2806.8,918,0.0146,87.3004,0
22651,GENTLEMAN SHIRT REPAIR KIT,2806.44,3249,0.0146,87.315,0
22081,RIBBON REEL FLORA + FAUNA,2805.51,1573,0.0146,87.3296,0
22525,CHILDRENS GARDEN GLOVES PINK,2803.66,1975,0.0146,87.3442,0
22650,CERAMIC PIRATE CHEST MONEY BANK,2802.37,1840,0.0146,87.3587,0
84909A,PINK PAISLEY QUILT,2797.55,209,0.0145,87.3733,0
22482,BLUE TEA TOWEL CLASSIC DESIGN,2796.93,2365,0.0145,87.3878,0
85015,SET OF 12  VINTAGE POSTCARD SET,2787.89,2923,0.0145,87.4023,0
21744,SNOWFLAKE PORTABLE TABLE LIGHT,2782.75,923,0.0145,87.4168,0
21796,SET OF 3 RED STRIPE BASKETS,2782.19,352,0.0145,87.4312,0
22675,FRENCH KITCHEN SIGN BLUE METAL,2775.03,2235,0.0144,87.4457,0
21728,METAL MEDINA LANTERN,2773.11,299,0.0144,87.4601,0
22416,SET OF 36 DOILIES SPACEBOY DESIGN,2767.79,1972,0.0144,87.4745,0
85035C,ROSE 3 WICK MORRIS BOX CANDLE,2765.95,1368,0.0144,87.4888,0
21808,"CHRISTMAS GARLAND STARS,TREES",2764.28,1019,0.0144,87.5032,0
23190,BUNDLE OF 3 SCHOOL EXERCISE BOOKS,2761.9,1702,0.0144,87.5176,0
21693,SMALL HAMMERED SILVER CANDLEPOT,2757.8,905,0.0143,87.5319,0
15058C,ICE CREAM DESIGN GARDEN PARASOL,2753.72,470,0.0143,87.5462,0
22231,JIGSAW TREE WITH BIRDHOUSE,2753.08,2163,0.0143,87.5605,0
84795C,OCEAN STRIPE HAMMOCK,2752.59,344,0.0143,87.5748,0
23147,SINGLE ANTIQUE ROSE HOOK IVORY,2752.2,1868,0.0143,87.5891,0
23396,LE JARDIN BOTANIQUE CUSHION COVER,2750.53,654,0.0143,87.6034,0
21788,KIDS RAIN MAC BLUE,2745.49,3399,0.0143,87.6177,0
23266,SET OF 3 WOODEN STOCKING DECORATION,2743.82,2053,0.0143,87.632,0
47503J,SET/3 FLORAL GARDEN TOOLS IN BAG,2743.23,347,0.0143,87.6462,0
23341,PINK DINER WALL CLOCK,2741.35,307,0.0143,87.6605,0
21224,SET/4 SKULL BADGES,2739.45,2205,0.0142,87.6747,0
23100,SILVER BELLS TABLE DECORATION,2739.38,2166,0.0142,87.689,0
22524,CHILDRENS GARDEN GLOVES BLUE,2736.2,1970,0.0142,87.7032,0
72800E,4 IVORY DINNER CANDLES SILVER FLOCK,2734.87,1436,0.0142,87.7174,0
22828,REGENCY MIRROR WITH SHUTTERS,2730.0,18,0.0142,87.7316,0
22495,SET OF 2 ROUND TINS CAMEMBERT,2729.54,954,0.0142,87.7458,0
22066,LOVE HEART TRINKET POT,2729.16,3436,0.0142,87.76,0
22436,12 COLOURED PARTY BALLOONS,2724.75,4274,0.0142,87.7741,0
22376,AIRLINE BAG VINTAGE JET SET WHITE,2721.22,546,0.0141,87.7883,0
23164,REGENCY CAKE SLICE,2718.65,578,0.0141,87.8024,0
21818,GLITTER CHRISTMAS HEART,2714.35,4390,0.0141,87.8165,0
21096,SET/6 FRUIT SALAD  PAPER PLATES,2711.71,15919,0.0141,87.8306,0
23407,SET OF 2 TRAYS HOME SWEET HOME,2709.43,267,0.0141,87.8447,0
23489,VINTAGE BELLS GARLAND,2709.23,913,0.0141,87.8588,0
23292,SPACEBOY CHILDRENS CUP,2703.33,2181,0.0141,87.8728,0
22479,DAISY GARDEN MARKER,2699.96,1944,0.014,87.8869,0
23333,IVORY WICKER HEART MEDIUM,2695.45,2089,0.014,87.9009,0
22094,RED RETROSPOT TISSUE BOX,2695.32,3592,0.014,87.9149,0
23264,SET OF 3 WOODEN SLEIGH DECORATIONS,2690.81,1963,0.014,87.9289,0
22937,BAKING MOULD CHOCOLATE CUPCAKES,2690.74,1022,0.014,87.9429,0
22152,PLACE SETTING WHITE STAR,2687.52,6331,0.014,87.9568,0
22500,SET OF 2 TINS JARDIN DE PROVENCE,2686.91,588,0.014,87.9708,0
21204,DAISIES  HONEYCOMB GARLAND,2686.35,1609,0.014,87.9848,0
84872A,TEATIME FUNKY FLOWER BACKPACK FOR 2,2686.13,245,0.014,87.9987,0
22028,PENNY FARTHING BIRTHDAY CARD,2683.65,6384,0.014,88.0127,0
72799E,IVORY PILLAR CANDLE SILVER FLOCK,2678.57,1258,0.0139,88.0266,0
22471,TV DINNER TRAY AIR HOSTESS,2678.31,643,0.0139,88.0405,0
90057,DIAMANTE RING ASSORTED IN BOX.,2675.88,1804,0.0139,88.0544,0
21742,LARGE ROUND WICKER PLATTER,2665.95,439,0.0139,88.0683,0
85049F,BABY BOOM RIBBONS,2662.75,2133,0.0138,88.0821,0
21923,RED/CREAM STRIPE FRINGE HAMMOCK,2662.64,378,0.0138,88.096,0
22190,LOCAL CAFE MUG,2660.31,1428,0.0138,88.1098,0
22758,LARGE PURPLE BABUSHKA NOTEBOOK,2655.93,7459,0.0138,88.1236,0
21422,PORCELAIN ROSE SMALL,2655.72,3203,0.0138,88.1374,0
22713,CARD I LOVE LONDON,2655.65,6173,0.0138,88.1512,0
22735,RIBBON REEL SOCKS AND MITTENS,2646.1,1484,0.0138,88.165,0
23146,TRIPLE HOOK ANTIQUE IVORY ROSE,2645.26,798,0.0138,88.1787,0
22439,6 ROCKET BALLOONS,2641.89,3956,0.0137,88.1925,0
21897,POTTING SHED CANDLE CITRONELLA,2641.36,926,0.0137,88.2062,0
22270,HAPPY EASTER HANGING DECORATION,2638.67,685,0.0137,88.2199,0
85034C,3 ROSE MORRIS BOXED CANDLES,2638.12,1321,0.0137,88.2336,0
84012,MAGIC SHEEP WOOL GROWING FROM PAPER,2633.53,1839,0.0137,88.2473,0
22146,EASTER CRAFT IVY WREATH WITH CHICK,2633.13,1489,0.0137,88.261,0
90062,CARNIVAL BRACELET,2629.67,207,0.0137,88.2747,0
22933,BAKING MOULD EASTER EGG MILK CHOC,2621.32,952,0.0136,88.2883,0
22046,TEA PARTY  WRAPPING PAPER,2613.5,6375,0.0136,88.3019,0
47585A,PINK FAIRY CAKE CUSHION COVER,2612.88,1084,0.0136,88.3155,0
23054,RECYCLED ACAPULCO MAT LAVENDER,2604.93,295,0.0135,88.329,0
21215,IVORY PAPER CUP CAKE CASES,2603.45,4497,0.0135,88.3425,0
37502,TEA TIME MUG IN GIFT BOX,2599.79,1213,0.0135,88.356,0
21171,BATHROOM METAL SIGN,2599.03,1858,0.0135,88.3696,0
22415,WHITE TISSUE REAM,2591.7,326,0.0135,88.383,0
21288,STRIPEY CHOCOLATE NESTING BOXES,2586.99,990,0.0134,88.3965,0
21642,ASSORTED TUTTI FRUTTI PEN,2584.37,4420,0.0134,88.4099,0
21589,SWALLOW GIANT TUBE MATCHES,2583.45,1119,0.0134,88.4233,0
21262,WHITE GOOSE FEATHER CHRISTMAS TREE,2574.22,637,0.0134,88.4367,0
20960,WATERMELON BATH SPONGE,2570.92,1910,0.0134,88.4501,0
82597,BOMBS AWAY METAL SIGN,2569.66,1431,0.0134,88.4634,0
21653,GLASS ETCHED T-LIGHT HOLDER LARGE,2565.67,1246,0.0133,88.4768,0
82567,"AIRLINE LOUNGE,METAL SIGN",2553.63,1228,0.0133,88.4901,0
20668,DISCO BALL CHRISTMAS DECORATION,2550.65,22103,0.0133,88.5033,0
22829,SWEETHEART WIRE WALL TIDY,2548.17,254,0.0132,88.5166,0
21680,WOODLAND  STICKERS,2543.95,2929,0.0132,88.5298,0
21898,POTTING SHED ROSE CANDLE,2538.81,893,0.0132,88.543,0
20787,BLUE RETRO BAR STOOL,2535.1,76,0.0132,88.5562,0
21792,CLASSIC FRENCH STYLE BASKET GREEN,2531.45,495,0.0132,88.5693,0
22342,HOME GARLAND PAINTED ZINC,2531.33,1820,0.0132,88.5825,0
85114A,BLACK ENCHANTED FOREST PLACEMAT,2527.48,1466,0.0131,88.5956,0
21203,BUTTERFLIES  HONEYCOMB GARLAND,2527.0,1539,0.0131,88.6087,0
23681,LUNCH BAG RED VINTAGE DOILY,2525.04,1576,0.0131,88.6219,0
22742,MAKE YOUR OWN PLAYTIME CARD KIT,2516.63,1013,0.0131,88.635,0
22153,ANGEL DECORATION STARS ON DRESS,2512.57,5793,0.0131,88.648,0
21431,GREEN GINGHAM FLOWER JEWELLERY BOX,2511.36,1483,0.0131,88.6611,0
23424,GINGHAM RECIPE BOOK BOX,2509.62,462,0.013,88.6741,0
22091,EMPIRE TISSUE BOX,2508.42,3191,0.013,88.6872,0
21323,HANGING MEDINA LANTERN LARGE,2506.89,759,0.013,88.7002,0
85054,FRENCH ENAMEL POT W LID,2506.83,946,0.013,88.7132,0
22911,PAPER CHAIN KIT LONDON,2504.5,870,0.013,88.7262,0
23316,RED REFECTORY CLOCK,2501.64,250,0.013,88.7392,0
21686,MEDINA STAMPED METAL STOOL,2500.09,68,0.013,88.7522,0
21616,4 PEAR BOTANICAL DINNER CANDLES,2499.83,1163,0.013,88.7652,0
23367,SET 12 COLOUR PENCILS SPACEBOY,2491.2,3278,0.0129,88.7782,0
85041,SET/4 PINK ORCHID CANDLES IN BOWL,2489.87,1865,0.0129,88.7911,0
22676,FRENCH BLUE METAL DOOR SIGN 1,2488.77,1874,0.0129,88.8041,0
21924,BLUE/CREAM STRIPE FRINGE HAMMOCK,2486.66,344,0.0129,88.817,0
84840,SWEETHEART CARRY-ALL BASKET,2481.76,288,0.0129,88.8299,0
85116,BLACK CANDELABRA T-LIGHT HOLDER,2480.9,2040,0.0129,88.8428,0
21809,CHRISTMAS HANGING TREE WITH BELL,2479.25,3117,0.0129,88.8557,0
21823,PAINTED METAL HEART WITH HOLLY BELL,2474.14,2492,0.0129,88.8685,0
22021,BLUE FELT EASTER EGG BASKET,2469.91,1437,0.0128,88.8814,0
22852,DOG BOWL VINTAGE CREAM,2467.11,565,0.0128,88.8942,0
21462,"NURSERY A,B,C PAINTED LETTERS",2465.91,419,0.0128,88.907,0
22540,MINI JIGSAW CIRCUS PARADE,2464.09,6286,0.0128,88.9198,0
21789,KIDS RAIN MAC PINK,2461.64,2947,0.0128,88.9326,0
22362,GLASS JAR PEACOCK BATH SALTS,2460.68,874,0.0128,88.9454,0
23352,ROLL WRAP 50'S RED CHRISTMAS,2459.2,1800,0.0128,88.9582,0
84509F,SET OF 4 NEW ENGLAND PLACEMATS,2456.1,2781,0.0128,88.971,0
21106,CREAM SLICE FLANNEL CHOCOLATE SPOT,2455.09,801,0.0128,88.9837,0
21330,WOODLAND ANIMAL  WRITING SET,2454.07,1547,0.0128,88.9965,0
21747,SMALL SKULL WINDMILL,2452.35,2049,0.0127,89.0092,0
22789,T-LIGHT HOLDER SWEETHEART HANGING,2451.36,1252,0.0127,89.022,0
22306,SILVER MUG BONE CHINA TREE OF LIFE,2450.37,1692,0.0127,89.0347,0
85035A,GARDENIA 3 WICK MORRIS BOXED CANDLE,2446.69,663,0.0127,89.0474,0
22448,PIN CUSHION BABUSHKA RED,2440.13,757,0.0127,89.0601,0
22537,MAGIC DRAWING SLATE DINOSAUR,2437.32,5945,0.0127,89.0728,0
85034A,3 GARDENIA MORRIS BOXED CANDLES,2432.19,883,0.0126,89.0854,0
21873,IF YOU CAN'T STAND THE HEAT MUG,2430.87,2065,0.0126,89.0981,0
22613,PACK OF 20 SPACEBOY NAPKINS,2429.07,3061,0.0126,89.1107,0
21973,SET OF 36 MUSHROOM PAPER DOILIES,2428.73,1816,0.0126,89.1233,0
22609,PENS ASSORTED SPACEBALL,2424.5,7093,0.0126,89.1359,0
22973,CHILDREN'S CIRCUS PARADE MUG,2423.53,1422,0.0126,89.1485,0
23406,HOME SWEET HOME KEY HOLDER,2422.66,471,0.0126,89.1611,0
22566,FELTCRAFT HAIRBAND PINK AND PURPLE,2422.15,2890,0.0126,89.1737,0
21274,EMBOSSED HEART 3 DRAWER SHELF,2420.69,175,0.0126,89.1863,0
85036A,GARDENIA 1 WICK MORRIS BOXED CANDLE,2418.54,624,0.0126,89.1988,0
22986,GINGHAM ROSE WRAP,2410.9,5845,0.0125,89.2114,0
23400,SHELF WITH 4 HOOKS HOME SWEET HOME,2409.34,462,0.0125,89.2239,0
35001G,HAND OPEN SHAPE GOLD,2406.1,758,0.0125,89.2364,0
23265,SET OF 3 WOODEN TREE DECORATIONS,2404.79,1769,0.0125,89.2489,0
85059,FRENCH ENAMEL WATER BASIN,2403.64,702,0.0125,89.2614,0
10133,COLOURING PENCILS BROWN TUBE,2402.97,3871,0.0125,89.2739,0
21187,WHITE BELL HONEYCOMB PAPER GARLAND,2399.42,1440,0.0125,89.2864,0
22421,LIPSTICK PEN FUSCHIA,2397.37,4816,0.0125,89.2988,0
21540,DAIRY MAID CERAMIC BUTTER DISH,2394.95,1323,0.0124,89.3113,0
21741,COSY SLIPPER SHOES LARGE GREEN,2394.07,733,0.0124,89.3237,0
22321,BIRD DECORATION RED RETROSPOT,2393.22,2584,0.0124,89.3362,0
22453,MEASURING TAPE BABUSHKA BLUE,2390.27,866,0.0124,89.3486,0
22246,MAGIC GARDEN FELT GARLAND,2387.13,1111,0.0124,89.361,0
84818,DANISH ROSE PHOTO FRAME,2384.8,1789,0.0124,89.3734,0
21824,PAINTED METAL STAR WITH HOLLY BELLS,2379.09,2800,0.0124,89.3858,0
23028,DRAWER KNOB CRACKLE GLAZE BLUE,2377.13,1369,0.0124,89.3981,0
23437,50'S CHRISTMAS GIFT BAG LARGE,2373.63,1939,0.0123,89.4105,0
21826,EIGHT PIECE DINOSAUR SET,2373.24,1829,0.0123,89.4228,0
47570,ENGLISH ROSE TABLE CLOTH,2373.01,233,0.0123,89.4351,0
23498,CLASSIC BICYCLE CLIPS,2372.68,1640,0.0123,89.4475,0
21464,DISCO BALL ROTATOR BATTERY OPERATED,2371.75,559,0.0123,89.4598,0
21468,BUTTERFLY CROCHET FOOD COVER,2368.89,671,0.0123,89.4721,0
23048,SET OF 10 LANTERNS FAIRY LIGHT STAR,2368.37,577,0.0123,89.4844,0
21126,SET OF 6 GIRLS CELEBRATION CANDLES,2367.98,2339,0.0123,89.4967,0
23436,VINTAGE CHRISTMAS GIFT BAG LARGE,2367.39,1979,0.0123,89.509,0
22642,SET OF 4 NAPKIN CHARMS STARS,2366.32,3556,0.0123,89.5213,0
84536A,ENGLISH ROSE NOTEBOOK A7 SIZE,2366.19,5215,0.0123,89.5336,0
23401,RUSTIC MIRROR WITH LACE HEART,2354.87,459,0.0122,89.5459,0
23412,HEART MIRROR ANTIQUE WHITE,2354.8,362,0.0122,89.5581,0
21437,24 HANGING EASTER EGGS FLORAL TUB,2350.92,677,0.0122,89.5703,0
85172,HYACINTH BULB T-LIGHT CANDLES,2348.48,4447,0.0122,89.5825,0
85199L,LARGE HANGING IVORY & RED WOOD BIRD,2344.15,3545,0.0122,89.5947,0
21708,FOLDING UMBRELLA CREAM POLKADOT,2341.43,612,0.0122,89.6069,0
16237,SLEEPING CAT ERASERS,2337.03,10935,0.0121,89.619,0
22251,BIRDHOUSE DECORATION MAGIC GARDEN,2335.15,1884,0.0121,89.6312,0
85176,SEWING SUSAN 21 NEEDLE SET,2331.38,2776,0.0121,89.6433,0
21615,4 LAVENDER BOTANICAL DINNER CANDLES,2331.17,1174,0.0121,89.6554,0
21947,SET OF 6 HEART CHOPSTICKS,2326.59,1691,0.0121,89.6675,0
22409,MONEY BOX BISCUITS DESIGN,2325.48,1712,0.0121,89.6796,0
22785,SQUARECUSHION COVER PINK UNION FLAG,2318.59,427,0.0121,89.6917,0
85106,CUT GLASS HEXAGON T-LIGHT HOLDER,2318.44,1222,0.0121,89.7037,0
22539,MINI JIGSAW DOLLY GIRL,2313.24,5744,0.012,89.7157,0
21696,SMALL SILVER TRELLIS CANDLEPOT,2310.15,768,0.012,89.7277,0
22363,GLASS JAR MARMALADE,2309.3,886,0.012,89.7397,0
21804,WHITE CHRISTMAS GARLAND STARS TREES,2308.85,706,0.012,89.7517,0
84796A,PINK HAWAIIAN PICNIC HAMPER FOR 2,2307.23,312,0.012,89.7637,0
85107,CUT GLASS T-LIGHT HOLDER OCTAGON,2305.39,1654,0.012,89.7757,0
23371,SET 36 COLOUR PENCILS SPACEBOY,2304.78,1705,0.012,89.7877,0
22133,PINK LOVE HEART SHAPE CUP,2304.11,2508,0.012,89.7997,0
22831,WHITE BROCANTE SOAP DISH,2304.0,780,0.012,89.8117,0
23029,DRAWER KNOB CRACKLE GLAZE GREEN,2303.92,1352,0.012,89.8236,0
23197,SKETCHBOOK MAGNETIC SHOPPING LIST,2303.5,1478,0.012,89.8356,0
17091J,VANILLA INCENSE IN TIN,2297.99,4086,0.0119,89.8476,0
21482,MUSHROOM BLUE HOT WATER BOTTLE,2296.76,807,0.0119,89.8595,0
20658,RED SPOTTY LUGGAGE TAG,2296.43,1613,0.0119,89.8714,0
22336,DOVE DECORATION PAINTED ZINC,2296.27,4734,0.0119,89.8834,0
22935,BAKING MOULD ROSE MILK CHOCOLATE,2294.07,771,0.0119,89.8953,0
22948,METAL DECORATION NAUGHTY CHILDREN,2292.77,2243,0.0119,89.9072,0
22163,HEART STRING MEMO HOLDER HANGING,2291.91,1287,0.0119,89.9191,0
21819,GLITTER CHRISTMAS STAR,2289.6,3896,0.0119,89.931,0
84913A,SOFT PINK ROSE TOWEL,2287.26,629,0.0119,89.9429,0
23330,DECORATIVE WICKER HEART MEDIUM,2286.97,1794,0.0119,89.9548,0
23360,SET 8 CANDLES VINTAGE DOILY,2286.4,1182,0.0119,89.9667,0
22024,RAINY LADIES BIRTHDAY CARD,2284.75,5454,0.0119,89.9786,0
21655,HANGING RIDGE GLASS T-LIGHT HOLDER,2277.5,1415,0.0118,89.9904,0
85183A,CHARLIE & LOLA WASTEPAPER BIN BLUE,2275.75,1512,0.0118,90.0022,0
21638,ASSORTED TUTTI FRUTTI NOTEBOOK,2275.61,1039,0.0118,90.0141,0
85014C,BLUE/BROWN DOTS RUFFLED UMBRELLA,2270.73,550,0.0118,90.0259,0
21651,HANGING GLASS ETCHED TEALIGHT,2266.48,1539,0.0118,90.0376,0
21710,FOLDING UMBRELLA PINKWHITE POLKADOT,2265.25,730,0.0118,90.0494,0
85045,GREEN CHRISTMAS TREE STRING 20LIGHT,2264.09,498,0.0118,90.0612,0
23252,VINTAGE RED ENAMEL TRIM JUG,2261.61,603,0.0118,90.0729,0
20931,BLUE POT PLANT CANDLE,2260.93,676,0.0118,90.0847,0
21125,SET 6 FOOTBALL CELEBRATION CANDLES,2260.14,2161,0.0117,90.0965,0
23128,FELTCRAFT BOY JEAN-PAUL KIT,2258.66,448,0.0117,90.1082,0
22716,CARD CIRCUS PARADE,2254.7,5318,0.0117,90.1199,0
84469,ROSE DES PADDED FLOOR CUSHION,2249.41,682,0.0117,90.1316,0
21398,RED POLKADOT COFFEE  MUG,2242.41,2299,0.0117,90.1433,0
23093,SMALL PARISIENNE HEART PHOTO FRAME,2239.24,939,0.0116,90.1549,0
23326,HANGING MINI COLOURED BOTTLES,2237.08,3442,0.0116,90.1665,0
21681,GIANT MEDINA STAMPED METAL BOWL,2234.81,233,0.0116,90.1781,0
22920,HERB MARKER BASIL,2234.21,3521,0.0116,90.1898,0
51014L,"FEATHER PEN,LIGHT PINK",2232.55,3457,0.0116,90.2014,0
22824,3 TIER SWEETHEART GARDEN SHELF,2225.85,63,0.0116,90.2129,0
84691,PACK 20 DOLLY PEGS,2225.5,2832,0.0116,90.2245,0
23079,TOADSTOOL BEDSIDE LIGHT,2225.45,251,0.0116,90.2361,0
22074,6 RIBBONS SHIMMERING PINKS,2224.59,2161,0.0116,90.2476,0
22514,CHILDS GARDEN SPADE BLUE,2223.92,1101,0.0116,90.2592,0
22069,BROWN  PIRATE TREASURE CHEST,2221.78,984,0.0115,90.2707,0
21476,STEEL SWEETHEART ROUND TABLE CREAM,2219.51,142,0.0115,90.2823,0
23501,KEY RING BASEBALL BOOT UNION JACK,2217.87,1821,0.0115,90.2938,0
20770,ABSTRACT CIRCLE JOURNAL,2215.81,1055,0.0115,90.3053,0
21620,SET OF 4 ROSE BOTANICAL CANDLES,2210.48,1094,0.0115,90.3168,0
22711,WRAP CIRCUS PARADE,2210.34,5377,0.0115,90.3283,0
23438,RED SPOT GIFT BAG LARGE,2209.92,1809,0.0115,90.3398,0
22853,CAT BOWL VINTAGE CREAM,2208.82,646,0.0115,90.3513,0
23403,LETTER HOLDER HOME SWEET HOME,2204.11,625,0.0115,90.3627,0
22286,"DECORATION , WOBBLY RABBIT , METAL",2200.75,1937,0.0114,90.3742,0
17084R,ASSORTED INCENSE PACK,2198.85,12065,0.0114,90.3856,0
22338,STAR DECORATION PAINTED ZINC,2197.35,6150,0.0114,90.397,0
21774,DECORATIVE CATS BATHROOM BOTTLE,2196.26,1744,0.0114,90.4084,0
21617,4 LILY  BOTANICAL DINNER CANDLES,2195.01,850,0.0114,90.4199,0
21195,PINK  HONEYCOMB PAPER BALL,2194.2,1017,0.0114,90.4313,0
23020,GLASS  SONGBIRD STORAGE JAR,2191.84,180,0.0114,90.4427,0
22182,CAKE STAND VICTORIAN FILIGREE SMALL,2190.13,569,0.0114,90.454,0
21611,SET OF 12 LILY BOTANICAL T-LIGHTS,2182.19,750,0.0113,90.4654,0
23302,KNEELING MAT HOUSEWORK  DESIGN,2181.42,1536,0.0113,90.4767,0
22913,RED COAT RACK PARIS FASHION,2179.39,462,0.0113,90.4881,0
22714,CARD BIRTHDAY COWBOY,2174.73,5315,0.0113,90.4994,0
22932,BAKING MOULD TOFFEE CUP CHOCOLATE,2169.93,963,0.0113,90.5106,0
21421,PORCELAIN ROSE LARGE,2163.23,2053,0.0112,90.5219,0
85216,ASSORTED CAKES FRIDGE MAGNETS,2162.02,2941,0.0112,90.5331,0
21643,ASSORTED TUTTI FRUTTI MIRROR,2161.81,1536,0.0112,90.5444,0
22708,WRAP DOLLY GIRL,2161.5,5375,0.0112,90.5556,0
23445,ICE CREAM BUBBLES,2161.24,2668,0.0112,90.5668,0
21291,SMALL POLKADOT CHOCOLATE GIFT BAG,2161.11,2506,0.0112,90.5781,0
22515,CHILDS GARDEN SPADE PINK,2159.18,1062,0.0112,90.5893,0
22677,FRENCH BLUE METAL DOOR SIGN 2,2158.09,1606,0.0112,90.6005,0
21905,MORE BUTTER METAL SIGN,2157.87,1623,0.0112,90.6117,0
20764,ABSTRACT CIRCLES SKETCHBOOK,2153.51,690,0.0112,90.6229,0
85103,SILVER T-LIGHT SETTING,2153.43,317,0.0112,90.6341,0
22802,FAUX FUR CHOCOLATE THROW,2153.1,120,0.0112,90.6453,0
22931,BAKING MOULD HEART WHITE CHOCOLATE,2152.75,900,0.0112,90.6565,0
23031,DRAWER KNOB CRACKLE GLAZE PINK,2152.3,1278,0.0112,90.6677,0
23370,SET 36 COLOURING PENCILS DOILY,2151.6,1550,0.0112,90.6789,0
21359,RELAX LARGE WOOD LETTERS,2150.48,210,0.0112,90.69,0
22695,WICKER WREATH SMALL,2145.87,1500,0.0112,90.7012,0
23161,REGENCY CAKE FORK,2145.3,1715,0.0112,90.7123,0
23213,STAR WREATH DECORATION WITH BELL,2138.42,1682,0.0111,90.7235,0
23066,SMALL DECO JEWELLERY STAND,2137.81,259,0.0111,90.7346,0
84670,JAPANESE CROCHETED ANIMAL,2128.72,8128,0.0111,90.7456,0
23005,TRAVEL CARD WALLET I LOVE LONDON,2126.55,4733,0.0111,90.7567,0
22308,TEA COSY BLUE STRIPE,2115.41,683,0.011,90.7677,0
23046,PAPER LANTERN 9 POINT DELUXE STAR,2111.49,349,0.011,90.7787,0
72799F,IVORY PILLAR CANDLE GOLD FLOCK,2110.11,1134,0.011,90.7896,0
21070,VINTAGE BILLBOARD MUG,2108.5,2050,0.011,90.8006,0
22279,POCKET BAG BLUE PAISLEY RED SPOT,2108.37,1443,0.011,90.8116,0
23251,VINTAGE RED ENAMEL TRIM MUG,2105.75,1712,0.0109,90.8225,0
22859,EASTER TIN BUNNY BOUQUET,2105.67,1260,0.0109,90.8334,0
23233,WRAP POPPIES  DESIGN,2105.5,5175,0.0109,90.8444,0
84854,GIRLY PINK TOOL SET,2104.22,526,0.0109,90.8553,0
21865,PINK UNION JACK  PASSPORT COVER,2102.46,902,0.0109,90.8663,0
84676,BATH DUCK WATERING CAN,2102.46,848,0.0109,90.8772,0
22023,EMPIRE BIRTHDAY CARD,2101.18,5028,0.0109,90.8881,0
40018F,CHERRY DESIGN PAPERLANTERNS,2100.33,1092,0.0109,90.899,0
22832,BROCANTE SHELF WITH HOOKS,2097.65,191,0.0109,90.9099,0
22996,TRAVEL CARD WALLET VINTAGE TICKET,2094.93,4801,0.0109,90.9208,0
23315,IVORY REFECTORY CLOCK,2094.24,213,0.0109,90.9317,0
79323S,SILVER CHERRY LIGHTS,2084.32,334,0.0108,90.9425,0
23152,IVORY SWEETHEART WIRE LETTER RACK,2080.65,554,0.0108,90.9534,0
85049H,URBAN BLACK RIBBONS,2079.69,2075,0.0108,90.9642,0
22928,YELLOW GIANT GARDEN THERMOMETER,2077.02,301,0.0108,90.975,0
21619,4 VANILLA BOTANICAL CANDLES,2076.64,1132,0.0108,90.9858,0
84509G,SET OF 4 FAIRY CAKE PLACEMATS,2075.37,808,0.0108,90.9966,0
21803,CHRISTMAS TREE STAR DECORATION,2074.56,4800,0.0108,91.0073,0
21058,PARTY INVITES WOODLAND,2070.85,2413,0.0108,91.0181,0
21356,TOAST ITS - FAIRY FLOWER,2070.55,1623,0.0108,91.0289,0
21200,MULTICOLOUR HONEYCOMB PAPER GARLAND,2070.11,1424,0.0108,91.0396,0
23227,FILIGREE HEART BUTTERFLY WHITE,2070.06,1642,0.0108,91.0504,0
35953,FOLKART STAR CHRISTMAS DECORATIONS,2068.47,3917,0.0108,91.0611,0
21802,CHRISTMAS TREE HEART DECORATION,2067.58,4731,0.0107,91.0719,0
37476,CONDIMENT TRAY 4 BOWLS AND 4 SPOONS,2066.64,212,0.0107,91.0826,0
21657,MILK BOTTLE WITH GLASS STOPPER,2065.21,270,0.0107,91.0934,0
22400,MAGNETS PACK OF 4 HOME SWEET HOME,2064.56,2462,0.0107,91.1041,0
22903,CALENDAR FAMILY FAVOURITES,2062.82,747,0.0107,91.1148,0
84990,60 GOLD AND SILVER FAIRY CAKE CASES,2062.19,4732,0.0107,91.1255,0
84459A,PINK METAL CHICKEN HEART,2061.85,1269,0.0107,91.1363,0
20686,DOLLY MIXTURE CHILDREN'S UMBRELLA,2059.44,602,0.0107,91.147,0
23291,DOLLY GIRL CHILDRENS CUP,2059.03,1634,0.0107,91.1577,0
21077,SET/20 WOODLAND PAPER NAPKINS,2058.1,2915,0.0107,91.1684,0
85016,SET OF 6 VINTAGE NOTELETS KIT,2056.16,1693,0.0107,91.179,0
22719,GUMBALL MONOCHROME COAT RACK,2056.1,3353,0.0107,91.1897,0
21640,ASSORTED TUTTI FRUTTI  FOB NOTEBOOK,2053.57,2228,0.0107,91.2004,0
22201,FRYING PAN BLUE POLKADOT,2042.87,513,0.0106,91.211,0
84763,ZINC FINISH 15CM PLANTER POTS,2039.79,1638,0.0106,91.2216,0
21397,BLUE  SPOTTY EGG CUP,2039.46,2171,0.0106,91.2322,0
23500,KEY RING BASEBALL BOOT ASSORTED,2038.33,1626,0.0106,91.2428,0
21630,FLOOR CUSHION ELEPHANT CARNIVAL,2037.6,167,0.0106,91.2534,0
22261,FELT EGG COSY WHITE RABBIT,2035.16,2112,0.0106,91.264,0
22405,MONEY BOX POCKET MONEY DESIGN,2033.4,1672,0.0106,91.2746,0
23490,T-LIGHT HOLDER HANGING LOVE BIRD,2032.77,542,0.0106,91.2851,0
21348,PINK SPOTS CHOCOLATE NESTING BOXES,2030.84,850,0.0106,91.2957,0
21504,SKULLS GREETING CARD,2030.22,4973,0.0106,91.3062,0
22799,SWEETHEART WIRE FRUIT BOWL,2029.34,254,0.0105,91.3168,0
47591C,BLUE FAIRY CAKE CHILD'S APRON,2029.27,1101,0.0105,91.3273,0
22211,WOOD STAMP SET FLOWERS,2028.95,1535,0.0105,91.3379,0
21612,SET 12 WILDFLOWER BOTANICAL T-LIGHT,2025.77,698,0.0105,91.3484,0
23268,SET OF 2 CERAMIC CHRISTMAS REINDEER,2018.14,1839,0.0105,91.3589,0
22068,BLACK PIRATE TREASURE CHEST,2015.86,1124,0.0105,91.3694,0
23289,DOLLY GIRL CHILDRENS BOWL,2013.7,1622,0.0105,91.3799,0
23529,WALL ART DOLLY GIRL,2011.99,637,0.0105,91.3903,0
21389,IVORY HANGING DECORATION  BIRD,2011.41,2301,0.0105,91.4008,0
22520,CHILDS GARDEN TROWEL BLUE,2011.28,2298,0.0105,91.4112,0
23358,HOT STUFF HOT WATER BOTTLE,2008.38,594,0.0104,91.4217,0
79323G,GOLD  CHERRY LIGHTS,2007.88,1268,0.0104,91.4321,0
23274,STAR T-LIGHT HOLDER WILLIE WINKIE,2005.0,1180,0.0104,91.4425,0
79160,HEART SHAPE WIRELESS DOORBELL,2004.57,959,0.0104,91.4529,0
22614,PACK OF 12 SPACEBOY TISSUES,2002.26,5878,0.0104,91.4634,0
20846,ZINC HEART LATTICE T-LIGHT HOLDER,1999.48,1470,0.0104,91.4738,0
22496,SET OF 2 ROUND TINS DUTCH CHEESE,1999.04,732,0.0104,91.4841,0
22098,BOUDOIR SQUARE TISSUE BOX,1998.37,2894,0.0104,91.4945,0
22343,PARTY PIZZA DISH RED RETROSPOT,1995.94,3309,0.0104,91.5049,0
35971,ROSE FOLKART HEART DECORATIONS,1994.02,1997,0.0104,91.5153,0
20703,BLUE PADDED SOFT MOBILE,1993.47,471,0.0104,91.5256,0
22521,CHILDS GARDEN TROWEL PINK,1992.1,2292,0.0104,91.536,0
22599,CHRISTMAS MUSICAL ZINC STAR,1991.29,3135,0.0104,91.5463,0
22559,SEASIDE FLYING DISC,1990.63,1589,0.0103,91.5567,0
21695,SMALL SILVER FLOWER CANDLE POT,1987.58,642,0.0103,91.567,0
23357,HOT WATER BOTTLE SEX BOMB,1982.05,450,0.0103,91.5773,0
85217,ASSORTED ICE CREAM FRIDGE MAGNETS,1981.85,2884,0.0103,91.5876,0
23145,ZINC T-LIGHT HOLDER STAR LARGE,1979.48,2084,0.0103,91.5979,0
20871,OPULENT VELVET SET/3 CANDLES,1978.05,1273,0.0103,91.6082,0
21629,SQUARE FLOOR CUSHION VINTAGE RED,1977.27,179,0.0103,91.6185,0
22262,FELT EGG COSY CHICKEN,1975.31,2045,0.0103,91.6287,0
22204,MILK PAN BLUE POLKADOT,1974.29,537,0.0103,91.639,0
23068,ALUMINIUM STAMPED HEART,1966.93,809,0.0102,91.6492,0
21991,BOHEMIAN COLLAGE STATIONERY SET,1966.07,1118,0.0102,91.6594,0
23374,RED SPOT PAPER GIFT BAG,1962.83,2456,0.0102,91.6697,0
21082,SET/20 FRUIT SALAD PAPER NAPKINS,1960.45,7187,0.0102,91.6798,0
23075,PARLOUR CERAMIC WALL HOOK,1960.3,472,0.0102,91.69,0
23228,FILIGREE HEART BIRD WHITE,1960.0,1492,0.0102,91.7002,0
23235,STORAGE TIN VINTAGE LEAF,1950.66,736,0.0101,91.7104,0
22753,SMALL YELLOW BABUSHKA NOTEBOOK,1950.55,7365,0.0101,91.7205,0
22438,BALLOON ART MAKE YOUR OWN FLOWERS,1950.27,1478,0.0101,91.7306,0
22210,WOOD STAMP SET BEST WISHES,1949.69,1615,0.0101,91.7408,0
20984,12 PENCILS TALL TUBE POSY,1947.76,6053,0.0101,91.7509,0
21538,DAIRY MAID  PUDDING BOWL,1943.26,1327,0.0101,91.761,0
84581,DOG TOY WITH PINK CROCHET SKIRT,1940.15,511,0.0101,91.7711,0
21773,DECORATIVE ROSE BATHROOM BOTTLE,1936.99,1663,0.0101,91.7812,0
22565,FELTCRAFT HAIRBANDS PINK AND WHITE,1936.96,2125,0.0101,91.7912,0
21692,SILVER LATTICE VANILLA CANDLE POT,1936.62,510,0.0101,91.8013,0
21581,SKULLS  DESIGN  COTTON TOTE BAG,1935.17,1188,0.0101,91.8113,0
20716,PARTY FOOD SHOPPER BAG,1933.81,1542,0.0101,91.8214,0
20684,STRAWBERRY DREAM CHILDS UMBRELLA,1933.62,585,0.0101,91.8315,0
22307,GOLD MUG BONE CHINA TREE OF LIFE,1930.48,1266,0.01,91.8415,0
23094,LE GRAND TRAY CHIC SET,1924.92,152,0.01,91.8515,0
21983,PACK OF 12 BLUE PAISLEY TISSUES,1924.72,6272,0.01,91.8615,0
21043,APRON MODERN VINTAGE COTTON,1921.03,677,0.01,91.8715,0
40001,WHITE BAMBOO RIBS LAMPSHADE,1920.88,2492,0.01,91.8815,0
22513,DOORSTOP FOOTBALL DESIGN,1917.32,592,0.01,91.8914,0
22985,"WRAP, BILLBOARD FONTS DESIGN",1916.24,4772,0.01,91.9014,0
85039A,SET/4 RED MINI ROSE CANDLE IN BOWL,1910.46,1531,0.0099,91.9113,0
85232A,SET/3 POLKA DOT STACKING TINS,1910.22,377,0.0099,91.9213,0
21677,HEARTS  STICKERS,1909.21,2176,0.0099,91.9312,0
21445,12 PINK ROSE PEG PLACE SETTINGS,1907.23,1538,0.0099,91.9411,0
22522,CHILDS GARDEN FORK BLUE,1905.81,2240,0.0099,91.951,0
23155,KNICKERBOCKERGLORY MAGNET ASSORTED,1904.77,2221,0.0099,91.9609,0
21647,ASSORTED TUTTI FRUTTI LARGE PURSE,1903.48,850,0.0099,91.9708,0
22587,FELTCRAFT HAIRBAND RED AND BLUE,1899.68,2177,0.0099,91.9807,0
23491,VINTAGE JINGLE BELLS HEART,1897.76,228,0.0099,91.9905,0
22678,FRENCH BLUE METAL DOOR SIGN 3,1895.59,1431,0.0099,92.0004,0
21287,SCENTED VELVET LOUNGE CANDLE,1893.75,4134,0.0098,92.0102,0
16169E,WRAP 50'S  CHRISTMAS,1892.46,4563,0.0098,92.0201,0
21659,GLASS CAKE STAND,1891.7,121,0.0098,92.0299,0
16016,LARGE CHINESE STYLE SCISSOR,1891.1,2338,0.0098,92.0397,0
22523,CHILDS GARDEN FORK PINK,1884.8,2186,0.0098,92.0495,0
23434,3 RAFFIA RIBBONS 50'S CHRISTMAS,1884.17,2095,0.0098,92.0593,0
21547,CERAMIC BIRDHOUSE CRESTED TIT SMALL,1877.98,728,0.0098,92.0691,0
23394,POSTE FRANCE CUSHION COVER,1877.65,435,0.0098,92.0788,0
21894,POTTING SHED SEED ENVELOPES,1877.47,1345,0.0098,92.0886,0
22858,EASTER TIN KEEPSAKE,1877.34,1135,0.0098,92.0984,0
84856S,SMALL TAHITI BEACH BAG,1877.21,476,0.0098,92.1081,0
21761,WOOD AND GLASS MEDICINE CABINET,1874.65,67,0.0097,92.1179,0
21613,S/12 VANILLA  BOTANICAL T-LIGHTS,1873.25,636,0.0097,92.1276,0
21085,SET/6 WOODLAND PAPER CUPS,1872.68,13731,0.0097,92.1373,0
21687,SILVER PLATE CANDLE BOWL LARGE,1871.23,478,0.0097,92.1471,0
23090,VINTAGE GLASS T-LIGHT HOLDER,1870.03,2237,0.0097,92.1568,0
21241,GREEN SPOTTY CUP,1869.07,2213,0.0097,92.1665,0
21091,SET/6 WOODLAND PAPER PLATES,1868.7,13700,0.0097,92.1762,0
23359,SET OF 12 T-LIGHTS VINTAGE DOILY,1866.46,990,0.0097,92.1859,0
22535,MAGIC DRAWING SLATE BUNNIES,1865.86,4509,0.0097,92.1956,0
22686,FRENCH BLUE METAL DOOR SIGN No,1864.91,1438,0.0097,92.2053,0
21394,RED POLKADOT BEAKER,1864.63,4048,0.0097,92.215,0
20772,GARDEN PATH JOURNAL,1863.95,974,0.0097,92.2247,0
23525,WALL ART BUFFALO BILL,1863.82,582,0.0097,92.2344,0
21841,BABY MOUSE RED GINGHAM DRESS,1857.47,518,0.0097,92.244,0
22586,FELTCRAFT HAIRBAND PINK AND BLUE,1848.94,2122,0.0096,92.2537,0
70007,HI TEC ALPINE HAND WARMER,1848.62,1365,0.0096,92.2633,0
22680,FRENCH BLUE METAL DOOR SIGN 5,1847.95,1391,0.0096,92.2729,0
22533,MAGIC DRAWING SLATE BAKE A CAKE,1844.76,4730,0.0096,92.2825,0
21161,KEEP OUT BOYS DOOR HANGER,1843.22,2383,0.0096,92.292,0
84006,MAGIC TREE -PAPER FLOWERS,1842.75,1962,0.0096,92.3016,0
21618,4 WILDFLOWER BOTANICAL CANDLES,1842.61,702,0.0096,92.3112,0
85162C,WHITE RETRODISC LAMPSHADE,1841.7,904,0.0096,92.3208,0
22324,BLUE POLKADOT KIDS BAG,1841.51,681,0.0096,92.3303,0
85173,SET/6 FROG PRINCE T-LIGHT CANDLES,1841.25,1021,0.0096,92.3399,0
23378,PACK OF 12 50'S CHRISTMAS TISSUES,1840.08,3997,0.0096,92.3495,0
22317,FIVE CATS HANGING DECORATION,1839.46,589,0.0096,92.359,0
21357,TOAST ITS - DINOSAUR,1832.76,1892,0.0095,92.3686,0
22770,MIRROR CORNICE,1829.52,114,0.0095,92.3781,0
21391,FRENCH LAVENDER SCENT HEART,1828.73,1421,0.0095,92.3876,0
21158,MOODY GIRL DOOR HANGER,1827.85,2606,0.0095,92.3971,0
72816,SET/3 CHRISTMAS DECOUPAGE CANDLES,1823.84,1454,0.0095,92.4066,0
84327A,PINK JUMPER LARRY THE LAMB,1820.27,959,0.0095,92.416,0
22922,FRIDGE MAGNETS US DINER ASSORTED,1819.8,2109,0.0095,92.4255,0
21088,SET/6 FRUIT SALAD PAPER CUPS,1816.73,16615,0.0094,92.4349,0
23148,MINIATURE ANTIQUE ROSE HOOK IVORY,1816.31,2139,0.0094,92.4444,0
21384,IVORY HANGING DECORATION  BUTTERFLY,1810.19,2019,0.0094,92.4538,0
90167,BEADED LOVE HEART JEWELLERY SET,1809.67,2227,0.0094,92.4632,0
22254,FELT TOADSTOOL LARGE,1807.21,1410,0.0094,92.4726,0
22422,TOOTHPASTE TUBE PEN,1803.99,2785,0.0094,92.482,0
21280,VINTAGE KITCHEN PRINT VEGETABLES,1800.44,3338,0.0094,92.4913,0
23160,REGENCY TEA SPOON,1794.48,1450,0.0093,92.5006,0
21529,RETRO SPOT CERAMIC TOASTRACK,1790.44,504,0.0093,92.51,0
22975,SPACEBOY CHILDRENS EGG CUP,1788.51,1322,0.0093,92.5193,0
21163,DO NOT TOUCH MY STUFF DOOR HANGER,1788.3,2817,0.0093,92.5285,0
85127,SMALL SQUARE CUT GLASS CANDLESTICK,1785.46,295,0.0093,92.5378,0
37343,SPOTS DESIGN MUG W PINK INSIDE,1782.2,1123,0.0093,92.5471,0
84748,FOLK FELT HANGING MULTICOL GARLAND,1781.12,1170,0.0093,92.5564,0
20729,RED SPOTTY CANDY BAG,1778.12,5271,0.0092,92.5656,0
23317,BLUE REFECTORY CLOCK,1777.46,173,0.0092,92.5748,0
22209,WOOD STAMP SET HAPPY BIRTHDAY,1777.1,1428,0.0092,92.5841,0
21662,VINTAGE GLASS COFFEE CADDY,1776.61,275,0.0092,92.5933,0
21548,CERAMIC BIRDHOUSE FINCH BLUE ROOF,1776.12,682,0.0092,92.6025,0
21294,ETCHED GLASS COASTER,1773.75,2442,0.0092,92.6118,0
21205,MULTICOLOUR 3D BALLS GARLAND,1772.39,677,0.0092,92.621,0
22446,PIN CUSHION BABUSHKA PINK,1772.03,625,0.0092,92.6302,0
23057,BEADED CHANDELIER T-LIGHT HOLDER,1768.67,773,0.0092,92.6394,0
22546,MINI JIGSAW PURDEY,1765.9,4381,0.0092,92.6486,0
21000,ROSE DU SUD COSMETICS BAG,1762.67,695,0.0092,92.6577,0
22103,MIRROR MOSAIC T-LIGHT HOLDER ROUND,1760.64,1746,0.0092,92.6669,0
21927,BLUE/CREAM STRIPE CUSHION COVER,1758.24,1292,0.0091,92.676,0
10125,MINI FUNKY DESIGN TAPES,1755.65,2148,0.0091,92.6851,0
21189,WHITE HONEYCOMB PAPER GARLAND,1752.64,813,0.0091,92.6942,0
23372,SET 36 COLOUR PENCILS DOLLY GIRL,1750.29,1389,0.0091,92.7033,0
21652,GLASS ETCHED T-LIGHT HOLDER MEDIUM,1747.94,896,0.0091,92.7124,0
21281,VINTAGE KITCHEN PRINT SEAFOOD,1747.28,3689,0.0091,92.7215,0
20767,BLUE PAISLEY JOURNAL,1746.71,814,0.0091,92.7306,0
21780,MA CAMPAGNE 4 DRAWER WALL SHELF,1745.85,203,0.0091,92.7397,0
85060,WOOD FAN WITH FLOWER DESIGN,1745.62,1448,0.0091,92.7487,0
23399,HOME SWEET HOME HANGING HEART,1745.55,1914,0.0091,92.7578,0
84843,WHITE SOAP RACK WITH 2 BOTTLES,1742.96,282,0.0091,92.7669,0
21637,ASSORTED SANSKRIT MINI NOTEBOOK,1741.72,1358,0.0091,92.7759,0
21760,FRENCH STYLE WALL DRESSER,1740.0,15,0.009,92.785,0
23101,SILVER STARS TABLE DECORATION,1739.63,2031,0.009,92.794,0
22035,VINTAGE CARAVAN GREETING CARD,1737.98,4153,0.009,92.8031,0
23096,PETIT TRAY CHIC,1736.69,1033,0.009,92.8121,0
23244,ROUND STORAGE TIN VINTAGE LEAF,1733.98,936,0.009,92.8211,0
23181,BULL DOG BOTTLE TOP WALL CLOCK,1733.57,201,0.009,92.8301,0
21275,ZINC TOP  2 DOOR WOODEN SHELF,1731.43,253,0.009,92.8391,0
37342,POLKADOT COFFEE CUP & SAUCER PINK,1731.4,1630,0.009,92.8481,0
21895,POTTING SHED SOW 'N' GROW SET,1731.35,557,0.009,92.8571,0
21090,SET/6 COLLAGE PAPER PLATES,1730.79,3109,0.009,92.8661,0
72817,SET OF 2 CHRISTMAS DECOUPAGE CANDLE,1729.1,1633,0.009,92.8751,0
22123,PING MICROWAVE APRON,1729.0,660,0.009,92.8841,0
22026,BANQUET BIRTHDAY  CARD,1728.4,4054,0.009,92.8931,0
23122,PARTY CHARMS 50 PIECES,1726.09,2251,0.009,92.902,0
35809A,ENAMEL PINK TEA CONTAINER,1716.74,1149,0.0089,92.911,0
22706,WRAP COWBOYS,1714.24,4272,0.0089,92.9199,0
21576,LETS GO SHOPPING COTTON TOTE BAG,1711.5,742,0.0089,92.9288,0
22516,CHILDS GARDEN RAKE BLUE,1711.12,844,0.0089,92.9377,0
22934,BAKING MOULD EASTER EGG WHITE CHOC,1707.47,589,0.0089,92.9465,0
23073,GEORGIAN TRINKET BOX,1706.5,143,0.0089,92.9554,0
20990,SPRING FLOWER CHOPSTICKS SET/5,1706.14,982,0.0089,92.9643,0
22319,HAIRCLIPS FORTIES FABRIC ASSORTED,1705.84,2999,0.0089,92.9731,0
20996,JAZZ HEARTS ADDRESS BOOK,1705.28,6337,0.0089,92.982,0
46776F,WOVEN ROSE GARDEN CUSHION COVER,1704.64,494,0.0089,92.9909,0
22673,FRENCH GARDEN SIGN BLUE METAL,1703.77,1347,0.0089,92.9997,0
21251,DINOSAUR HEIGHT CHART STICKER SET,1701.66,598,0.0088,93.0086,0
22679,FRENCH BLUE METAL DOOR SIGN 4,1699.44,1291,0.0088,93.0174,0
84795A,PASTEL STRIPE HAMMOCK,1696.02,273,0.0088,93.0262,0
82615,PINK MARSHMALLOW SCARF KNITTING KIT,1695.77,714,0.0088,93.035,0
23214,JINGLE BELL HEART ANTIQUE GOLD,1695.04,789,0.0088,93.0438,0
21284,RETROSPOT CANDLE  SMALL,1692.36,1560,0.0088,93.0526,0
17129F,BLUE GLASS GEMS IN BAG,1691.22,1584,0.0088,93.0614,0
21157,RED SPOTTY WASHBAG,1688.45,713,0.0088,93.0702,0
85131A,BEADED PEARL HEART WHITE ON STICK,1686.88,2082,0.0088,93.079,0
85221,ASSORTED COLOUR SILK COIN PURSE,1685.46,3558,0.0088,93.0877,0
21446,12 RED ROSE PEG PLACE SETTINGS,1683.61,1266,0.0088,93.0965,0
22323,PINK POLKADOT KIDS BAG,1683.31,636,0.0088,93.1052,0
23368,SET 12 COLOUR PENCILS DOLLY GIRL,1679.55,2379,0.0087,93.114,0
21382,SET/4 SPRING FLOWER DECORATION,1674.51,1241,0.0087,93.1227,0
23366,SET 12 COLOURING PENCILS DOILY,1667.95,2249,0.0087,93.1314,0
22410,MONEY BOX HOUSEKEEPING DESIGN,1667.46,1363,0.0087,93.14,0
21694,SMALL REGAL  SILVER CANDLEPOT,1663.96,580,0.0086,93.1487,0
21633,SUNFLOWER DECORATIVE PARASOL,1663.11,175,0.0086,93.1573,0
21162,TOXIC AREA  DOOR HANGER,1660.69,2404,0.0086,93.1659,0
21278,VINTAGE KITCHEN PRINT PUDDINGS,1654.45,2775,0.0086,93.1745,0
35241,ENAMEL BLUE RIM BISCUIT BIN,1651.49,312,0.0086,93.1831,0
23505,PLAYING CARDS I LOVE LONDON,1651.29,1200,0.0086,93.1917,0
22025,RING OF ROSES BIRTHDAY CARD,1650.93,3987,0.0086,93.2003,0
21426,WOODLAND STORAGE BOX SMALL,1649.17,1029,0.0086,93.2089,0
23273,HEART T-LIGHT HOLDER WILLIE WINKIE,1649.05,969,0.0086,93.2174,0
21448,12 DAISY PEGS IN WOOD BOX,1648.48,959,0.0086,93.226,0
23270,SET OF 2 CERAMIC PAINTED HEARTS,1646.32,1270,0.0086,93.2346,0
84509C,SET OF 4 POLKADOT PLACEMATS,1644.56,351,0.0085,93.2431,0
21332,MOROCCAN BEATEN METAL MIRROR,1644.17,270,0.0085,93.2517,0
21645,ASSORTED TUTTI FRUTTI ROUND BOX,1642.65,969,0.0085,93.2602,0
85036C,ROSE 1 WICK MORRIS BOXED CANDLE,1641.77,881,0.0085,93.2687,0
21545,CERAMIC BIRDHOUSE BUTTERFLY SMALL,1640.12,701,0.0085,93.2773,0
37441,ASSORTED WHITE EMBOSSED CHINA MUGS,1639.8,778,0.0085,93.2858,0
21286,RETROSPOT CANDLE  LARGE,1638.19,1009,0.0085,93.2943,0
21279,VINTAGE KITCHEN PRINT FRUITS,1637.01,3544,0.0085,93.3028,0
85180A,RED HEARTS LIGHT CHAIN,1636.42,629,0.0085,93.3113,0
23483,HANGING  BUTTERFLY T-LIGHT HOLDER,1636.36,1328,0.0085,93.3198,0
21541,DINOSAURS WATER TRANSFER TATTOOS,1636.24,1907,0.0085,93.3283,0
23348,CHILDRENS TOY COOKING UTENSIL SET,1633.81,1545,0.0085,93.3368,0
20802,SMALL GLASS SUNDAE DISH CLEAR,1630.05,1067,0.0085,93.3453,0
21593,SWALLOW CIGAR BOX MATCHES,1629.31,1391,0.0085,93.3538,0
21283,NATURAL BARK CANDLE SMALL,1629.2,512,0.0085,93.3622,0
23391,I LOVE LONDON MINI BACKPACK,1628.17,389,0.0085,93.3707,0
48195,DOOR MAT GREEN PAISLEY,1627.99,276,0.0085,93.3792,0
21656,RIDGED GLASS POSY VASE,1627.98,989,0.0085,93.3876,0
21793,CLASSIC FRENCH STYLE BASKET BROWN,1627.36,353,0.0085,93.3961,0
84619,BLUE GINGHAM ROSE QUILT,1622.96,72,0.0084,93.4045,0
85160A,WHITE BIRD GARDEN DESIGN MUG,1622.79,9063,0.0084,93.413,0
21837,CROSS STITCH ALPHABET CUSHION COVER,1622.64,253,0.0084,93.4214,0
22705,WRAP GREEN PEARS,1620.36,3858,0.0084,93.4298,0
22106,MIRROR MOSAIC HURRICANE LAMP,1620.34,515,0.0084,93.4382,0
84919,BLUE CUSHION COVER WITH FLOWER,1619.84,291,0.0084,93.4467,0
21801,CHRISTMAS TREE DECORATION WITH BELL,1618.71,3758,0.0084,93.4551,0
22099,CARAVAN SQUARE TISSUE BOX,1614.23,2144,0.0084,93.4635,0
23280,FOLDING BUTTERFLY MIRROR HOT PINK,1614.16,2023,0.0084,93.4718,0
22260,FELT EGG COSY BLUE RABBIT,1613.96,1571,0.0084,93.4802,0
23217,LAUREL HEART ANTIQUE SILVER,1613.82,1309,0.0084,93.4886,0
21675,BUTTERFLIES STICKERS,1610.64,1817,0.0084,93.497,0
23462,ROCOCO WALL MIRROR WHITE,1607.04,80,0.0084,93.5054,0
22912,YELLOW COAT RACK PARIS FASHION,1606.98,338,0.0084,93.5137,0
35810A,ENAMEL PINK COFFEE CONTAINER,1604.74,1205,0.0083,93.522,0
23287,RED VINTAGE SPOT BEAKER,1603.39,1879,0.0083,93.5304,0
21849,SILVER DIAMANTE PEN IN GIFT BOX,1602.08,658,0.0083,93.5387,0
21542,WOODLAND WATER TRANSFER TATTOOS,1600.75,1879,0.0083,93.547,0
21383,PACK OF 12 STICKY BUNNIES,1599.53,2218,0.0083,93.5553,0
22517,CHILDS GARDEN RAKE PINK,1597.83,808,0.0083,93.5637,0
23226,FILIGREE HEART DAISY WHITE,1596.67,1247,0.0083,93.572,0
22786,CUSHION COVER PINK UNION JACK,1594.98,254,0.0083,93.5802,0
21867,PINK UNION JACK  LUGGAGE TAG,1591.63,1166,0.0083,93.5885,0
35160,BUDDHA INCENSE HOLDER ASSORTED,1590.64,2182,0.0083,93.5968,0
20735,BLACK MINI TAPE MEASURE,1589.03,1546,0.0083,93.605,0
20902,VINTAGE KEEPSAKE BOX PARIS DAYS,1588.8,212,0.0083,93.6133,0
85170A,SET/6 IVORY BIRD T-LIGHT CANDLES,1587.16,851,0.0083,93.6216,0
20986,BLUE CALCULATOR RULER,1584.84,1246,0.0082,93.6298,0
21579,LOLITA  DESIGN  COTTON TOTE BAG,1583.91,1038,0.0082,93.638,0
23369,SET 36 COLOUR PENCILS LOVE LONDON,1581.06,1105,0.0082,93.6462,0
85222,ASSORTED COLOUR SILK COSMETIC PURSE,1579.68,1407,0.0082,93.6545,0
21925,UNION STRIPE CUSHION COVER,1577.33,1213,0.0082,93.6627,0
22976,CIRCUS PARADE CHILDRENS EGG CUP,1576.57,1210,0.0082,93.6709,0
22608,PENS ASSORTED FUNKY JEWELED,1575.47,5736,0.0082,93.679,0
72803A,ROSE SCENT CANDLE JEWELLED DRAWER,1574.75,846,0.0082,93.6872,0
21289,LARGE STRIPES CHOCOLATE GIFT BAG,1573.06,1432,0.0082,93.6954,0
21631,HIPPY CHIC DECORATIVE PARASOL,1571.75,221,0.0082,93.7036,0
21092,SET/6 STRAWBERRY PAPER PLATES,1571.5,12846,0.0082,93.7117,0
20766,GARDEN PATH SKETCHBOOK,1571.09,523,0.0082,93.7199,0
21711,FOLDING UMBRELLA WHITE/RED POLKADOT,1570.78,384,0.0082,93.7281,0
22915,ASSORTED BOTTLE TOP  MAGNETS,1570.76,3461,0.0082,93.7362,0
15059A,ENGLISH ROSE EDWARDIAN PARASOL,1567.0,509,0.0081,93.7444,0
84789,ENCHANTED BIRD PLANT CAGE,1566.01,447,0.0081,93.7525,0
21550,CERAMIC BIRDHOUSE CRESTED TIT LARGE,1565.51,295,0.0081,93.7607,0
22681,FRENCH BLUE METAL DOOR SIGN 6,1563.28,1189,0.0081,93.7688,0
21972,SET OF 36 DINOSAUR PAPER DOILIES,1560.82,1055,0.0081,93.7769,0
85194L,HANGING SPRING FLOWER EGG LARGE,1560.63,1818,0.0081,93.785,0
21276,TWO EMBOSSED HEART MINI DRAWERS,1558.94,677,0.0081,93.7931,0
23524,WALL ART HORSE & PONY,1557.63,481,0.0081,93.8012,0
21399,BLUE POLKADOT COFFEE MUG,1554.64,2380,0.0081,93.8093,0
22337,ANGEL DECORATION PAINTED ZINC,1550.96,2509,0.0081,93.8174,0
75131,METAL TUBE CHIME ON BAMBOO,1549.77,1220,0.0081,93.8254,0
21002,ROSE DU SUD DRAWSTRING BAG,1547.54,429,0.008,93.8335,0
21851,LILAC DIAMANTE PEN IN GIFT BOX,1544.62,644,0.008,93.8415,0
16033,MINI HIGHLIGHTER PENS,1544.52,15241,0.008,93.8495,0
22982,PANTRY PASTRY BRUSH,1543.77,1154,0.008,93.8575,0
21610,SET 12 PEAR BOTANICAL T-LIGHTS,1543.67,635,0.008,93.8656,0
20768,GREEN FERN JOURNAL,1541.84,770,0.008,93.8736,0
22322,BIRD DECORATION GREEN POLKADOT,1536.51,1622,0.008,93.8816,0
22288,HANGING METAL RABBIT DECORATION,1536.03,1314,0.008,93.8896,0
20893,HANGING BAUBLE T-LIGHT HOLDER SMALL,1535.39,667,0.008,93.8975,0
85177,BASKET OF FLOWERS SEWING KIT,1533.28,1837,0.008,93.9055,0
85136C,RED SHARK HELICOPTER,1533.27,189,0.008,93.9135,0
23267,SET OF 4 SANTA PLACE SETTINGS,1531.95,1202,0.008,93.9214,0
72008,FROSTED BOX 9 WHITE T-LIGHT CANDLES,1531.4,6820,0.008,93.9294,0
23250,VINTAGE RED TRIM ENAMEL BOWL,1531.03,1179,0.008,93.9374,0
22682,FRENCH BLUE METAL DOOR SIGN 7,1526.88,1181,0.0079,93.9453,0
21282,NATURAL BARK CANDLE LARGE,1522.28,356,0.0079,93.9532,0
84659A,WHITE TRAVEL ALARM CLOCK,1522.22,628,0.0079,93.9611,0
85125,SMALL ROUND CUT GLASS CANDLESTICK,1520.19,316,0.0079,93.969,0
21785,RAIN PONCHO,1517.99,2008,0.0079,93.9769,0
21099,SET/6 STRAWBERRY PAPER CUPS,1516.64,13290,0.0079,93.9848,0
22340,NOEL GARLAND PAINTED ZINC,1514.41,1800,0.0079,93.9927,0
21146,ANTIQUE GLASS RIDGED HANGING BALL,1513.67,789,0.0079,94.0005,0
21634,ASSORTED MINI MADRAS NOTEBOOK,1512.76,1773,0.0079,94.0084,0
21661,VINTAGE GLASS TEA CADDY,1511.31,243,0.0079,94.0163,0
22137,BATHROOM SET LOVE HEART DESIGN,1511.23,607,0.0079,94.0241,0
22683,FRENCH BLUE METAL DOOR SIGN 8,1509.18,1157,0.0078,94.032,0
23528,WALL ART SPACEBOY,1504.49,479,0.0078,94.0398,0
84856L,LARGE TAHITI BEACH BAG,1504.15,239,0.0078,94.0476,0
84526,GIANT BLACK SUNGLASSES,1503.64,576,0.0078,94.0554,0
21190,PINK HEARTS PAPER GARLAND,1500.39,966,0.0078,94.0632,0
21066,VINTAGE RED MUG,1499.69,2286,0.0078,94.071,0
21051,RIBBONS PURSE,1498.78,998,0.0078,94.0788,0
23271,CHRISTMAS TABLE SILVER CANDLE SPIKE,1496.89,1731,0.0078,94.0866,0
22815,CARD PSYCHEDELIC APPLES,1496.28,3496,0.0078,94.0944,0
21739,COSY SLIPPER SHOES SMALL GREEN,1496.1,509,0.0078,94.1021,0
21199,PINK  HEART CONFETTI IN TUBE,1495.7,1305,0.0078,94.1099,0
21807,WHITE CHRISTMAS STAR DECORATION,1495.57,3395,0.0078,94.1177,0
21009,ETCHED GLASS STAR TREE DECORATION,1494.99,1053,0.0078,94.1255,0
22052,VINTAGE CARAVAN GIFT WRAP,1492.0,3600,0.0078,94.1332,0
23334,IVORY WICKER HEART SMALL,1491.75,2271,0.0078,94.141,0
20734,SILVER MINI TAPE MEASURE,1485.68,1683,0.0077,94.1487,0
22393,PAPERWEIGHT VINTAGE COLLAGE,1484.67,839,0.0077,94.1564,0
21392,RED SPOTTY PUDDING BOWL,1484.43,7548,0.0077,94.1641,0
85055,FRENCH ENAMEL UTENSIL HOLDER,1484.31,369,0.0077,94.1718,0
23559,WOODLAND BUNNIES LOLLY MAKERS,1482.41,649,0.0077,94.1795,0
79030G,"TUMBLER, NEW ENGLAND",1478.97,1754,0.0077,94.1872,0
20733,GOLD MINI TAPE MEASURE,1477.7,1957,0.0077,94.1949,0
23392,SPACEBOY ROCKET LOLLY MAKERS,1475.03,662,0.0077,94.2026,0
22157,ANGEL DECORATION WITH LACE PADDED,1474.35,1756,0.0077,94.2102,0
21065,BOOM BOX SPEAKER GIRLS,1473.18,610,0.0077,94.2179,0
84616,SILVER ROCCOCO CHANDELIER,1472.62,72,0.0077,94.2256,0
21198,WHITE HEART CONFETTI IN TUBE,1472.3,1282,0.0077,94.2332,0
35965,FOLKART HEART NAPKIN RINGS,1470.26,738,0.0076,94.2409,0
21869,POTTING SHED COFFEE MUG,1469.58,1265,0.0076,94.2485,0
85198,ASSORTED FARMYARD ANIMALS IN BUCKET,1469.5,3859,0.0076,94.2561,0
84637,KITCHEN FLOWER POTS WALL PLAQUE,1467.21,586,0.0076,94.2638,0
21410,COUNTRY COTTAGE  DOORSTOP GREEN,1466.75,313,0.0076,94.2714,0
35637A,IVORY STRING CURTAIN WITH POLE,1464.58,552,0.0076,94.279,0
21317,GLASS SPHERE CANDLE STAND MEDIUM,1464.42,358,0.0076,94.2866,0
21644,ASSORTED TUTTI FRUTTI HEART BOX,1463.97,1260,0.0076,94.2942,0
22390,PAPERWEIGHT CHILDHOOD MEMORIES,1463.82,834,0.0076,94.3018,0
23365,SET 12 COLOUR PENCILS LOVE LONDON,1463.08,1857,0.0076,94.3094,0
21159,MOODY BOY  DOOR HANGER,1462.77,2117,0.0076,94.317,0
23470,CARD HOLDER LOVE BIRD LARGE,1460.5,232,0.0076,94.3246,0
84596G,SMALL CHOCOLATES PINK BOWL,1460.23,2524,0.0076,94.3322,0
20761,BLUE PAISLEY SKETCHBOOK,1460.2,466,0.0076,94.3398,0
85135C,RED DRAGONFLY HELICOPTER,1459.83,215,0.0076,94.3474,0
22929,SCHOOL DESK AND CHAIR,1459.75,23,0.0076,94.355,0
22093,MOTORING TISSUE BOX,1457.38,2367,0.0076,94.3626,0
22228,BUNNY WOODEN PAINTED WITH BIRD,1456.6,1727,0.0076,94.3701,0
23086,ZINC  STAR T-LIGHT HOLDER,1451.43,1225,0.0075,94.3777,0
21292,SMALL STRIPES CHOCOLATE GIFT BAG,1450.91,2477,0.0075,94.3852,0
22316,200 BENDY SKULL STRAWS,1450.32,1271,0.0075,94.3928,0
23034,DRAWER KNOB CERAMIC BLACK,1448.67,979,0.0075,94.4003,0
22396,MAGNETS PACK OF 4 RETRO PHOTO,1448.35,1910,0.0075,94.4078,0
35004G,SET OF 3 GOLD FLYING DUCKS,1444.91,363,0.0075,94.4153,0
22817,CARD SUKI BIRTHDAY,1442.49,3407,0.0075,94.4228,0
84313C,ORANGE TV TRAY TABLE,1442.39,554,0.0075,94.4303,0
22287,"DECORATION , WOBBLY CHICKEN, METAL",1435.75,1340,0.0075,94.4378,0
22249,DECORATION WHITE CHICK MAGIC GARDEN,1434.66,1636,0.0075,94.4452,0
22545,MINI JIGSAW BUNNIES,1433.95,3480,0.0075,94.4527,0
85071A,BLUE CHARLIE+LOLA PERSONAL DOORSIGN,1433.39,1913,0.0075,94.4601,0
20801,LARGE PINK GLASS SUNDAE DISH,1432.12,1100,0.0074,94.4676,0
22819,"BIRTHDAY CARD, RETRO SPOT",1431.6,3379,0.0074,94.475,0
23527,WALL ART ANIMALS AND NATURE,1428.56,420,0.0074,94.4825,0
20840,FRENCH FLORAL CUSHION COVER,1428.41,886,0.0074,94.4899,0
23249,VINTAGE RED ENAMEL TRIM PLATE,1426.1,842,0.0074,94.4973,0
85169A,IVORY LOVE BIRD CANDLE,1423.33,1281,0.0074,94.5047,0
15034,PAPER POCKET TRAVELING FAN,1422.45,10182,0.0074,94.5121,0
21358,TOAST ITS - HAPPY BIRTHDAY,1421.22,1146,0.0074,94.5195,0
21822,GLITTER CHRISTMAS TREE WITH BELLS,1420.06,1048,0.0074,94.5269,0
21532,DAIRY MAID SUGAR JAM BOWL,1419.71,1388,0.0074,94.5342,0
22917,HERB MARKER ROSEMARY,1418.42,2034,0.0074,94.5416,0
20780,BLACK EAR MUFF HEADPHONES,1417.25,247,0.0074,94.549,0
21828,EIGHT PIECE SNAKE  SET,1414.18,1113,0.0074,94.5563,0
22756,LARGE YELLOW BABUSHKA NOTEBOOK,1409.72,6215,0.0073,94.5637,0
22924,FRIDGE MAGNETS LA VIE EN ROSE,1407.48,1563,0.0073,94.571,0
22339,CHRISTMAS TREE PAINTED ZINC,1406.85,3551,0.0073,94.5783,0
22685,FRENCH BLUE METAL DOOR SIGN 0,1405.87,1096,0.0073,94.5856,0
47503A,ASS FLORAL PRINT MULTI SCREWDRIVER,1405.51,5625,0.0073,94.5929,0
23104,IVORY CAFE HANGING LAMP,1405.42,118,0.0073,94.6002,0
23119,PACK OF 6 LARGE FRUIT STRAWS,1401.7,2282,0.0073,94.6075,0
21395,BLUE POLKADOT BEAKER,1401.6,2968,0.0073,94.6148,0
85087,CANDY SPOT CUSHION COVER,1401.11,421,0.0073,94.6221,0
21011,GLITTER SNOW PEAR TREE DECORATION,1399.9,1858,0.0073,94.6293,0
21910,WAY OUT METAL SIGN,1399.83,1067,0.0073,94.6366,0
22977,DOLLY GIRL CHILDRENS EGG CUP,1396.41,1060,0.0073,94.6439,0
22916,HERB MARKER THYME,1396.09,2003,0.0073,94.6511,0
21684,SMALL MEDINA STAMPED METAL BOWL,1395.74,1735,0.0073,94.6584,0
23055,IVORY CHANDELIER T-LIGHT HOLDER,1395.18,657,0.0073,94.6656,0
23040,PAPER LANTERN 9 POINT SNOW STAR,1394.03,253,0.0072,94.6729,0
22923,FRIDGE MAGNETS LES ENFANTS ASSORTED,1392.21,1668,0.0072,94.6801,0
21738,COSY SLIPPER SHOES SMALL  RED,1390.51,534,0.0072,94.6874,0
84819,DANISH ROSE ROUND SEWING BOX,1389.51,913,0.0072,94.6946,0
47503K,ASSORTED FLORAL SECATEURS,1389.44,3177,0.0072,94.7018,0
84665,SQUARE CHERRY BLOSSOM CABINET,1388.5,230,0.0072,94.709,0
22250,DECORATION  BUTTERFLY  MAGIC GARDEN,1387.94,1524,0.0072,94.7162,0
35957,SMALLFOLKART BAUBLE CHRISTMAS DEC,1387.74,3810,0.0072,94.7234,0
84562A,PINK/WHITE RIBBED MELAMINE JUG,1386.21,171,0.0072,94.7307,0
84685,BEACH HUT KEY CABINET,1385.16,452,0.0072,94.7379,0
23376,PACK OF 12 VINTAGE CHRISTMAS TISSUE,1384.91,3039,0.0072,94.7451,0
21285,RETROSPOT CANDLE  MEDIUM,1383.67,1012,0.0072,94.7522,0
22984,CARD GINGHAM ROSE,1381.66,3374,0.0072,94.7594,0
20762,GREEN FERN SKETCHBOOK,1381.53,466,0.0072,94.7666,0
84396,6 HOOK JEWELLERY STAND BLACK DRESS,1380.52,552,0.0072,94.7738,0
21530,DAIRY MAID TOASTRACK,1379.28,965,0.0072,94.781,0
23414,ZINC BOX SIGN HOME,1378.75,141,0.0072,94.7881,0
20866,BLUE ROSE FABRIC MIRROR,1377.69,1284,0.0072,94.7953,0
20704,MR ROBOT SOFT TOY,1371.42,361,0.0071,94.8024,0
21209,MULTICOLOUR HONEYCOMB FAN,1369.69,1477,0.0071,94.8095,0
21059,PARTY INVITES DINOSAURS,1368.96,1620,0.0071,94.8166,0
23000,TRAVEL CARD WALLET TRANSPORT,1368.28,3169,0.0071,94.8238,0
84873A,FUNKY FLOWER PICNIC BAG FOR 4,1367.51,135,0.0071,94.8309,0
23546,WRAP PAISLEY PARK,1365.0,3250,0.0071,94.838,0
22050,PINK PAISLEY ROSE GIFT WRAP,1364.5,3350,0.0071,94.8451,0
23221,REINDEER HEART DECORATION SILVER,1363.04,1536,0.0071,94.8521,0
35649,VINTAGE BEAD COSMETIC BAG,1362.9,1826,0.0071,94.8592,0
22269,EGG CUP NATURAL CHICKEN,1360.21,1522,0.0071,94.8663,0
22918,HERB MARKER PARSLEY,1356.87,1968,0.0071,94.8733,0
23469,CARD HOLDER LOVE BIRD SMALL,1355.24,332,0.007,94.8804,0
16235,RECYCLED PENCIL WITH RABBIT ERASER,1354.5,5906,0.007,94.8874,0
35962,12 ASS ZINC CHRISTMAS DECORATIONS,1351.78,592,0.007,94.8945,0
22684,FRENCH BLUE METAL DOOR SIGN 9,1351.21,1025,0.007,94.9015,0
84466,TOP SECRET PEN SET,1348.36,1256,0.007,94.9085,0
21580,RABBIT  DESIGN  COTTON TOTE BAG,1347.63,550,0.007,94.9155,0
21775,DECORATIVE FLORE BATHROOM BOTTLE,1346.37,882,0.007,94.9225,0
22481,BLACK TEA TOWEL CLASSIC DESIGN,1346.06,1301,0.007,94.9295,0
21945,STRAWBERRIES  DESIGN FLANNEL,1345.52,1891,0.007,94.9365,0
20798,CLEAR MILKSHAKE GLASS,1337.55,570,0.007,94.9434,0
85032A,ROMANTIC IMAGES GIFT WRAP SET,1336.11,1447,0.0069,94.9504,0
20993,JAZZ HEARTS MEMO PAD,1334.11,10967,0.0069,94.9573,0
23061,VINTAGE EMBOSSED HEART,1332.68,1015,0.0069,94.9643,0
21277,FRENCH STYLE EMBOSSED HEART CABINET,1331.34,55,0.0069,94.9712,0
22893,MINI CAKE STAND T-LIGHT HOLDER,1330.5,2774,0.0069,94.9781,0
23538,WALL ART VINTAGE HEART,1329.54,331,0.0069,94.985,0
20933,YELLOW POT PLANT CANDLE,1329.49,505,0.0069,94.9919,0
22701,PINK DOG BOWL,1329.43,677,0.0069,94.9988,0
21219,SET/4 BADGES BALLOON GIRL,1328.32,1028,0.0069,95.0057,0
22051,BLUE SCANDINAVIAN PAISLEY WRAP,1328.0,3200,0.0069,95.0126,0
21926,RED/CREAM STRIPE CUSHION COVER,1325.27,1009,0.0069,95.0195,0
84559A,3D SHEET OF DOG STICKERS,1324.04,1415,0.0069,95.0264,0
72818,CHRISTMAS DECOUPAGE CANDLE,1323.0,2440,0.0069,95.0333,0
22761,CHEST 7 DRAWER MA CAMPAGNE,1320.48,54,0.0069,95.0401,0
85200,BUNNY EGG BOX,1319.09,1051,0.0069,95.047,0
22232,JIGSAW TOADSTOOLS 3 PIECE,1318.99,1109,0.0069,95.0539,0
35648,VINTAGE BEAD PINK PURSE,1318.15,1055,0.0069,95.0607,0
22181,SNOWSTORM PHOTO FRAME FRIDGE MAGNET,1317.65,1567,0.0068,95.0676,0
20760,GARDEN PATH POCKET BOOK,1317.06,5585,0.0068,95.0744,0
21880,RED RETROSPOT TAPE,1314.24,2519,0.0068,95.0812,0
85231G,ORANGE SCENTED SET/9 T-LIGHTS,1313.84,1503,0.0068,95.0881,0
84688,BEACH HUT DESIGN BLACKBOARD,1313.52,476,0.0068,95.0949,0
23373,VINTAGE CHRISTMAS PAPER GIFT BAG,1313.39,1608,0.0068,95.1017,0
46776A,WOVEN BUBBLE GUM CUSHION COVER,1312.3,413,0.0068,95.1085,0
23405,HOME SWEET HOME 2 DRAWER CABINET,1311.48,252,0.0068,95.1154,0
21842,PINK HEART CANDY BUTTON CALCULATOR,1308.74,551,0.0068,95.1222,0
84609,TALL ROCOCO CANDLE HOLDER,1306.22,144,0.0068,95.1289,0
22097,SWALLOW SQUARE TISSUE BOX,1304.26,2081,0.0068,95.1357,0
22543,MINI JIGSAW BAKE A CAKE,1303.77,3298,0.0068,95.1425,0
85025C,PINK HEART SHAPE PHOTO FRAME,1302.53,872,0.0068,95.1493,0
20738,GREEN MINI TAPE MEASURE,1301.72,1610,0.0068,95.156,0
21248,DOOR HANGER  MUM + DADS ROOM,1299.55,1043,0.0068,95.1628,0
22105,MIRROR MOSAIC GOBLET CANDLE HOLDER,1298.91,693,0.0068,95.1696,0
79191C,RETRO PLASTIC ELEPHANT TRAY,1295.46,1621,0.0067,95.1763,0
16225,RATTLE SNAKE EGGS,1295.18,1527,0.0067,95.183,0
17091A,LAVENDER INCENSE IN TIN,1294.64,2344,0.0067,95.1897,0
22267,EASTER DECORATION EGG BUNNY,1291.47,1472,0.0067,95.1965,0
22258,FELT FARM ANIMAL RABBIT,1291.05,1342,0.0067,95.2032,0
85006,SET 4 NURSERY DES ROUND BOXES,1289.31,3049,0.0067,95.2099,0
20765,CHRYSANTHEMUM SKETCHBOOK,1287.56,448,0.0067,95.2166,0
84625A,PINK NEW BAROQUECANDLESTICK CANDLE,1287.49,861,0.0067,95.2233,0
21063,PARTY INVITES JAZZ HEARTS,1286.87,1492,0.0067,95.2299,0
85141,JARDIN ETCHED GLASS FRUITBOWL,1286.44,185,0.0067,95.2366,0
79066K,RETRO MOD TRAY,1284.49,1449,0.0067,95.2433,0
46775E,CANDY POP CHUNKY KNITTED THROW,1282.9,104,0.0067,95.25,0
20777,CHRYSANTHEMUM NOTEBOOK,1280.97,3669,0.0067,95.2566,0
22214,CANDLE PLATE LACE WHITE,1279.79,549,0.0067,95.2633,0
22919,HERB MARKER MINT,1279.34,1829,0.0067,95.2699,0
84816,DANISH ROSE BEDSIDE CABINET,1278.35,33,0.0066,95.2766,0
22389,PAPERWEIGHT SAVE THE PLANET,1276.12,659,0.0066,95.2832,0
84658,WHITE STITCHED CUSHION COVER,1276.11,225,0.0066,95.2899,0
21425,SKULLS STORAGE BOX LARGE,1274.93,505,0.0066,95.2965,0
21759,METAL WALL SHELF UNIT WITH HOOKS,1274.47,31,0.0066,95.3031,0
23072,MARIE ANTOINETTE TRINKET BOX SILVER,1273.76,334,0.0066,95.3097,0
21689,SILVER VANILLA  FLOWER CANDLE POT,1271.87,343,0.0066,95.3163,0
22268,EASTER DECORATION SITTING BUNNY,1271.29,2554,0.0066,95.3229,0
21549,CERAMIC BIRDHOUSE RED ROOF SMALL,1270.39,547,0.0066,95.3296,0
22808,SET OF 6 T-LIGHTS EASTER CHICKS,1264.53,427,0.0066,95.3361,0
85159A,"BLACK TEA,COFFEE,SUGAR JARS",1261.68,494,0.0066,95.3427,0
85136A,YELLOW SHARK HELICOPTER,1261.11,155,0.0066,95.3492,0
77101A,UNION FLAG WINDSOCK,1260.97,1090,0.0066,95.3558,0
79163,BLACK CHAMPAGNE GLASS,1260.63,3860,0.0066,95.3623,0
21253,SET OF PICTURE FRAME  STICKERS,1260.6,341,0.0066,95.3689,0
40003,WHITE BAMBOO RIBS LAMPSHADE,1258.27,1151,0.0065,95.3754,0
21145,ANTIQUE GLASS PLACE SETTING,1256.21,1452,0.0065,95.382,0
20825,GOLD WINE GLASS,1255.08,361,0.0065,95.3885,0
20731,POSY CANDY BAG,1254.17,4265,0.0065,95.395,0
22921,HERB MARKER CHIVES,1253.29,1801,0.0065,95.4015,0
22999,TRAVEL CARD WALLET VINTAGE LEAF,1252.59,2894,0.0065,95.408,0
22280,POCKET BAG PINK PAISELY BROWN SPOT,1252.49,880,0.0065,95.4146,0
84660C,PINK STITCHED WALL CLOCK,1252.44,761,0.0065,95.4211,0
23511,EMBROIDERED RIBBON REEL EMILY,1252.01,571,0.0065,95.4276,0
22062,CERAMIC BOWL WITH LOVE HEART DESIGN,1248.15,834,0.0065,95.4341,0
20707,CRAZY DAISY HEART DECORATION,1247.44,1615,0.0065,95.4405,0
84989A,75 GREEN FAIRY CAKE CASES,1246.12,2196,0.0065,95.447,0
21752,GLASS CAKE STAND MIRRORED BASE,1244.81,80,0.0065,95.4535,0
21883,STARS GIFT TAPE,1243.75,2413,0.0065,95.46,0
84910A,PINK PAISLEY CUSHION COVER,1242.29,434,0.0065,95.4664,0
23067,HANGING ENGRAVED METAL HEART,1236.66,294,0.0064,95.4728,0
85162A,SILVER RETRODISC LAMPSHADE,1234.27,607,0.0064,95.4793,0
84596E,SMALL LICORICE DES PINK BOWL,1233.2,1172,0.0064,95.4857,0
22216,T-LIGHT HOLDER WHITE LACE,1232.43,1406,0.0064,95.4921,0
23138,SINGLE WIRE HOOK IVORY HEART,1231.51,879,0.0064,95.4985,0
21438,TUB 24 HANGING EASTER EGGS SPOTTY,1229.82,373,0.0064,95.5049,0
23539,WALL ART LOVES' SECRET,1227.95,247,0.0064,95.5113,0
16046,TEATIME PEN CASE & PENS,1224.35,10078,0.0064,95.5176,0
22290,STANDING METAL RABBIT WITH EGG,1223.02,671,0.0064,95.524,0
85130A,BEADED PEARL HEART WHITE LARGE,1220.84,712,0.0063,95.5303,0
23142,IVORY WIRE KITCHEN ORGANISER,1220.82,121,0.0063,95.5367,0
72819,CUPID DESIGN SCENTED CANDLES,1217.28,709,0.0063,95.543,0
22403,MAGNETS PACK OF 4 VINTAGE LABELS,1217.16,1730,0.0063,95.5493,0
23598,PAPER BUNTING VINTAGE PARTY,1215.53,427,0.0063,95.5556,0
22233,JIGSAW RABBIT AND BIRDHOUSE,1215.06,952,0.0063,95.562,0
21261,GREEN GOOSE FEATHER CHRISTMAS TREE,1214.7,292,0.0063,95.5683,0
21904,HOUSE WRECKING METAL SIGN,1212.02,765,0.0063,95.5746,0
72232,FENG SHUI PILLAR CANDLE,1211.82,6378,0.0063,95.5809,0
22265,EASTER DECORATION NATURAL CHICK,1211.66,1847,0.0063,95.5872,0
21490,SET OF THREE 50'S GIFT WRAPS,1210.6,652,0.0063,95.5935,0
84823,DANISH ROSE FOLDING CHAIR,1210.0,121,0.0063,95.5997,0
20771,CHRYSANTHEMUM  JOURNAL,1209.33,609,0.0063,95.606,0
84687,BEACH HUT SHELF W 3 DRAWERS,1208.06,314,0.0063,95.6123,0
22256,FELT FARM ANIMAL CHICKEN,1206.33,937,0.0063,95.6186,0
21396,RED SPOTTY EGG CUP,1205.25,1236,0.0063,95.6249,0
23071,MARIE ANTOINETTE TRINKET BOX GOLD,1205.1,315,0.0063,95.6311,0
21366,MIRRORED WALL ART PHOTO FRAMES,1203.57,247,0.0063,95.6374,0
21130,COLOURFUL STANDING GNOME,1200.93,721,0.0062,95.6436,0
85124C,GREEN JUICY FRUIT PHOTO FRAME,1200.23,452,0.0062,95.6499,0
23444,Next Day Carriage,1200.0,279,0.0062,95.6561,0
84674,FLYING PIG WATERING CAN,1199.54,467,0.0062,95.6623,0
23026,DRAWER KNOB VINTAGE GLASS STAR,1198.96,556,0.0062,95.6686,0
84830,LARGE ENGLISH ARBORETUM,1195.15,117,0.0062,95.6748,0
21393,BLUE  SPOTTY PUDDING BOWL,1191.71,5256,0.0062,95.681,0
22102,MIRROR MOSAIC T-LIGHT HOLDER,1191.69,1842,0.0062,95.6872,0
22252,BIRDCAGE DECORATION TEALIGHT HOLDER,1190.56,968,0.0062,95.6934,0
84750A,PINK SMALL GLASS CAKE STAND,1189.23,547,0.0062,95.6995,0
84678,CLASSICAL ROSE SMALL VASE,1188.64,620,0.0062,95.7057,0
22615,PACK OF 12 CIRCUS PARADE TISSUES,1188.49,3863,0.0062,95.7119,0
47503E,ASS FLORAL PRINT SCISSORS,1186.9,6842,0.0062,95.7181,0
20934,SET/3 POT PLANT CANDLES,1185.07,293,0.0062,95.7242,0
22806,SET OF 6 T-LIGHTS WEDDING CAKE,1184.42,442,0.0062,95.7304,0
84815,SET OF 3 DANISH ROSE PLANTERS,1183.82,926,0.0062,95.7365,0
21806,WHITE CHRISTMAS HEART DECORATION,1179.43,2767,0.0061,95.7427,0
85118,HEART T-LIGHT HOLDER,1179.42,2124,0.0061,95.7488,0
21312,LARGE CHUNKY GLASS ROMAN BOWL,1179.17,300,0.0061,95.7549,0
23041,PAPER LANTERN 9 POINT SNOW STAR,1178.48,272,0.0061,95.761,0
22048,BIRTHDAY BANQUET GIFT WRAP,1176.8,2840,0.0061,95.7672,0
23225,CHERUB HEART DECORATION SILVER,1176.17,1355,0.0061,95.7733,0
72598,SET/12 TAPER CANDLES,1175.15,1270,0.0061,95.7794,0
23523,WALL ART TREASURE AHOY,1173.81,360,0.0061,95.7855,0
23431,NATURAL HANGING QUILTED HEARTS,1171.23,1449,0.0061,95.7916,0
21650,ASSORTED TUTTI FRUTTI BRACELET,1171.02,3212,0.0061,95.7977,0
22814,CARD PARTY GAMES,1168.84,2771,0.0061,95.8037,0
21815,STAR  T-LIGHT HOLDER,1167.37,736,0.0061,95.8098,0
23418,LAVENDER TOILETTE BOTTLE,1166.0,557,0.0061,95.8159,0
23515,EMBROIDERED RIBBON REEL DAISY,1164.98,579,0.0061,95.8219,0
21942,SKULLS DESIGN FLANNEL,1164.5,1689,0.0061,95.828,0
22264,FELT FARM ANIMAL WHITE BUNNY,1164.08,2027,0.0061,95.834,0
23508,MINI PLAYING CARDS DOLLY GIRL,1163.45,2627,0.006,95.8401,0
22718,CARD CAT AND TREE,1163.22,2655,0.006,95.8461,0
21649,ASSORTED TUTTI FRUTTI PHOTO FRAME,1162.89,421,0.006,95.8522,0
37475,SET/4 COLOURFUL MIXING BOWLS,1160.56,116,0.006,95.8582,0
20892,SET/3 TALL GLASS CANDLE HOLDER PINK,1159.08,105,0.006,95.8642,0
22253,6 CROCHET STRAWBERRIES,1158.28,964,0.006,95.8702,0
21763,VINTAGE WOODEN BAR STOOL,1157.9,44,0.006,95.8763,0
23566,EGG CUP MILKMAID HEIDI,1156.93,881,0.006,95.8823,0
23507,MINI PLAYING CARDS BUFFALO BILL,1155.67,2882,0.006,95.8883,0
22255,FELT TOADSTOOL  SMALL,1155.08,1216,0.006,95.8943,0
20867,PINK ROSE FABRIC MIRROR,1153.2,1140,0.006,95.9003,0
23269,SET OF 2 CERAMIC CHRISTMAS TREES,1152.98,779,0.006,95.9063,0
21413,PERIWINKLE T-LIGHT HOLDER,1152.47,3171,0.006,95.9123,0
21316,SMALL CHUNKY GLASS ROMAN  BOWL,1152.02,694,0.006,95.9183,0
84847,FLORAL BATHROOM SET,1149.73,2333,0.006,95.9242,0
23402,HOME SWEET HOME 3 PEG HANGER,1147.28,296,0.006,95.9302,0
21555,CERAMIC STRAWBERRY TRINKET TRAY,1146.67,663,0.006,95.9362,0
20669,RED HEART LUGGAGE TAG,1145.7,818,0.006,95.9421,0
22116,METAL SIGN HIS DINNER IS SERVED,1145.2,835,0.006,95.9481,0
20622,VIPPASSPORT COVER,1144.43,586,0.0059,95.954,0
22040,BOTANICAL ROSE GIFT WRAP,1144.3,2815,0.0059,95.96,0
20932,PINK POT PLANT CANDLE,1143.97,333,0.0059,95.9659,0
21817,GLITTER CHRISTMAS TREE,1139.24,1760,0.0059,95.9718,0
85110,BLACK SILVER FLOWER T-LIGHT HOLDER,1138.04,11520,0.0059,95.9777,0
84360,TABLE LAMP WHITE SHADE WOOD BASE,1136.19,217,0.0059,95.9837,0
22598,CHRISTMAS MUSICAL ZINC TREE,1136.1,1795,0.0059,95.9896,0
22715,CARD WEDDING DAY,1135.63,2719,0.0059,95.9955,0
20700,GREEN CAT FLORAL CUSHION COVER,1135.22,421,0.0059,96.0014,0
37424,WHITE WITH BLACK CATS MUG,1134.68,5249,0.0059,96.0073,0
22230,JIGSAW TREE WITH WATERING CAN,1134.64,1657,0.0059,96.0132,0
20832,RED FLOCK LOVE HEART PHOTO FRAME,1134.35,1800,0.0059,96.0191,0
84625C,BLUE NEW BAROQUE CANDLESTICK CANDLE,1130.37,804,0.0059,96.0249,0
23506,MINI PLAYING CARDS SPACEBOY,1129.12,2723,0.0059,96.0308,0
17021,NAMASTE SWAGAT INCENSE,1128.84,4322,0.0059,96.0367,0
21040,MODERN VINTAGE COTTON SHOPPING BAG,1128.4,895,0.0059,96.0425,0
21850,BLUE  DIAMANTE PEN IN GIFT BOX,1127.2,459,0.0059,96.0484,0
22532,MAGIC DRAWING SLATE LEAP FROG,1125.47,2919,0.0059,96.0542,0
85224,ASSORTED COLOUR SILK GLASSES CASE,1120.96,2015,0.0058,96.0601,0
21944,KITTENS DESIGN FLANNEL,1119.29,1797,0.0058,96.0659,0
47504H,ENGLISH ROSE SPIRIT LEVEL,1118.92,1031,0.0058,96.0717,0
23510,MINI PLAYING CARDS GYMKHANA,1118.8,2521,0.0058,96.0775,0
23411,TRELLIS COAT RACK,1118.61,227,0.0058,96.0833,0
17096,ASSORTED LAQUERED INCENSE HOLDERS,1117.52,6241,0.0058,96.0891,0
21010,ETCHED GLASS BIRD TREE DECORATION,1114.76,851,0.0058,96.0949,0
23513,EMBROIDERED RIBBON REEL SUSIE,1114.26,566,0.0058,96.1007,0
20615,BLUE POLKADOT PASSPORT COVER,1111.47,652,0.0058,96.1065,0
23433,HANGING QUILTED PATCHWORK APPLES,1108.58,1258,0.0058,96.1123,0
21758,VINTAGE SHELLS PRINT,1107.92,138,0.0058,96.118,0
84358,FLOOR LAMP SHADE WOOD BASE,1107.43,122,0.0058,96.1238,0
21666,RIDGED GLASS T-LIGHT HOLDER,1106.81,1761,0.0058,96.1295,0
84631,FRUIT TREE AND BIRDS WALL PLAQUE,1106.16,288,0.0058,96.1353,0
21202,DOLLY HONEYCOMB GARLAND,1105.13,855,0.0057,96.141,0
20755,BLUE PAISLEY POCKET BOOK,1104.95,5161,0.0057,96.1468,0
85212,MINI PAINTED GARDEN DECORATION,1103.2,2835,0.0057,96.1525,0
21632,VINTAGE PINK DECORATIVE PARASOL,1101.71,141,0.0057,96.1582,0
84638,SMALL KITCHEN FLOWER POTS PLAQUE,1101.55,400,0.0057,96.164,0
23375,50'S CHRISTMAS PAPER GIFT BAG,1100.69,1342,0.0057,96.1697,0
47587A,PINK FAIRY CAKE COASTER,1099.88,3907,0.0057,96.1754,0
22709,WRAP WEDDING DAY,1099.58,2799,0.0057,96.1811,0
21131,GOLD STANDING GNOME,1098.86,276,0.0057,96.1868,0
21779,MA CAMPAGNE MINI WOODEN CHEST,1097.8,302,0.0057,96.1925,0
22997,TRAVEL CARD WALLET UNION JACK,1094.93,2545,0.0057,96.1982,0
20782,CAMOUFLAGE EAR MUFF HEADPHONES,1094.46,169,0.0057,96.2039,0
85093,CANDY SPOT EGG WARMER HARE,1093.72,1362,0.0057,96.2096,0
72815,3 WICK CHRISTMAS BRIAR CANDLE,1091.83,283,0.0057,96.2153,0
23087,ZINC  HEART T-LIGHT HOLDER,1090.66,868,0.0057,96.221,0
23432,PRETTY HANGING QUILTED HEARTS,1088.36,1276,0.0057,96.2266,0
85124A,PINK JUICY FRUIT PHOTO FRAME,1087.73,389,0.0057,96.2323,0
84791,GINGHAM HEART DECORATION,1086.13,356,0.0056,96.2379,0
84707A,SILVER JEWELLED MIRROR TRINKET TRAY,1085.68,129,0.0056,96.2436,0
21839,MUMMY MOUSE RED GINGHAM RIBBON,1085.59,201,0.0056,96.2492,0
85008,SET OF 3 CONEY ISLAND OVAL BOXES,1083.74,274,0.0056,96.2548,0
85078,SCANDINAVIAN 3 HEARTS NAPKIN RING,1079.44,4584,0.0056,96.2604,0
23347,I LOVE LONDON BEAKER,1077.3,860,0.0056,96.266,0
21061,PARTY INVITES FOOTBALL,1077.16,1432,0.0056,96.2716,0
22511,RETROSPOT BABUSHKA DOORSTOP,1076.66,407,0.0056,96.2772,0
21827,EIGHT PIECE CREEPY CRAWLIE SET,1075.14,840,0.0056,96.2828,0
23102,SILVER HEARTS TABLE DECORATION,1075.03,1274,0.0056,96.2884,0
35651,VINTAGE BEAD PINK SCARF,1073.75,460,0.0056,96.294,0
84247E,PACK/12 XMAS FUN CARD,1072.9,667,0.0056,96.2996,0
22821,GIFT BAG PSYCHEDELIC APPLES,1072.8,1699,0.0056,96.3052,0
84923,PINK BUTTERFLY HANDBAG W BOBBLES,1072.37,247,0.0056,96.3107,0
85126,LARGE ROUND CUTGLASS CANDLESTICK,1069.16,156,0.0056,96.3163,0
35646,VINTAGE BEAD PINK EVENING BAG,1068.91,647,0.0056,96.3218,0
21664,RIDGED GLASS STORAGE JAR CREAM LID,1064.82,287,0.0055,96.3274,0
22860,EASTER TIN CHICKS PINK DAISY,1064.15,614,0.0055,96.3329,0
20839,FRENCH PAISLEY CUSHION COVER,1063.77,642,0.0055,96.3384,0
21725,SWEETIES  STICKERS,1062.42,1157,0.0055,96.344,0
23331,DECORATIVE WICKER HEART SMALL,1062.28,1596,0.0055,96.3495,0
37327,ASSTD MULTICOLOUR CIRCLES MUG,1061.83,1751,0.0055,96.355,0
72800F,4 IVORY DINNER CANDLES GOLD FLOCK,1060.19,822,0.0055,96.3605,0
22856,ASSORTED EASTER DECORATIONS  BELLS,1059.85,877,0.0055,96.366,0
84985A,SET OF 72 GREEN PAPER DOILIES,1059.53,662,0.0055,96.3715,0
23033,DRAWER KNOB CERAMIC RED,1058.9,714,0.0055,96.377,0
22995,TRAVEL CARD WALLET SUKI,1058.64,2381,0.0055,96.3825,0
23516,EMBROIDERED RIBBON REEL SOPHIE,1058.6,296,0.0055,96.388,0
21690,SILVER  CANDLEPOT JARDIN,1058.34,410,0.0055,96.3935,0
85163A,WHITE BAROQUE WALL CLOCK,1058.17,103,0.0055,96.399,0
22134,MINI LADLE LOVE HEART RED,1057.15,2373,0.0055,96.4045,0
16047,POP ART PEN CASE & PENS,1054.7,10612,0.0055,96.41,0
85144,JARDIN ETCHED GLASS CHEESE DISH,1054.1,288,0.0055,96.4155,0
21269,ANTIQUE CREAM CUTLERY SHELF,1053.82,128,0.0055,96.421,0
21825,PAINTED METAL TREE WITH HOLLY BELLS,1053.19,733,0.0055,96.4264,0
20783,HEART EAR MUFF HEADPHONES,1051.4,166,0.0055,96.4319,0
20671,BLUE TEATIME PRINT BOWL,1051.22,796,0.0055,96.4374,0
23327,HANGING CLEAR MINI BOTTLE,1051.14,1734,0.0055,96.4428,0
84965A,PINK KASHMIRI COFFEE TABLE,1050.0,20,0.0055,96.4483,0
22953,BIRTHDAY PARTY CORDON BARRIER TAPE,1049.8,841,0.0055,96.4538,0
18007,ESSENTIAL BALM 3.5g TIN IN ENVELOPE,1048.58,11423,0.0055,96.4592,0
22857,ASSORTED EASTER GIFT TAGS,1048.28,1230,0.0054,96.4647,0
85104,SILVER GLASS T-LIGHT SET,1048.09,359,0.0054,96.4701,0
22049,WRAP CHRISTMAS SCREEN PRINT,1047.25,3575,0.0054,96.4756,0
84908A,PINK 5 PATCH FLOWER CUSHION COVER,1045.16,432,0.0054,96.481,0
46775A,BUBBLE GUM CHUNKY KNITTED THROW,1044.23,84,0.0054,96.4864,0
23419,HOME SWEET HOME BOTTLE,1043.72,473,0.0054,96.4918,0
84405A,S/3 PINK COL METAL BASKET W HANDLE,1042.16,129,0.0054,96.4973,0
21721,CANDY SHOP  STICKER SHEET,1041.87,1139,0.0054,96.5027,0
22266,EASTER DECORATION HANGING BUNNY,1040.11,2542,0.0054,96.5081,0
82616C,MIDNIGHT GLAMOUR SCARF KNITTING KIT,1040.04,638,0.0054,96.5135,0
21814,HEART T-LIGHT HOLDER,1039.81,685,0.0054,96.5189,0
21014,SWISS CHALET TREE DECORATION,1038.66,1973,0.0054,96.5243,0
20652,BLUE POLKADOT LUGGAGE TAG,1034.81,1525,0.0054,96.5297,0
23088,ZINC HEART FLOWER T-LIGHT HOLDER,1033.28,795,0.0054,96.535,0
22717,CARD DOG AND BALL,1031.05,2432,0.0054,96.5404,0
21417,COCKLE SHELL DISH,1030.21,504,0.0054,96.5458,0
84686,BEACH HUT MIRROR,1027.79,423,0.0053,96.5511,0
23545,WRAP RED VINTAGE DOILY,1025.6,2480,0.0053,96.5564,0
35923,CANDY HEART HANGING DECORATION,1023.77,1545,0.0053,96.5617,0
21427,SKULLS STORAGE BOX SMALL,1023.02,517,0.0053,96.5671,0
21836,GINGHAM OVEN GLOVE RED HEART,1022.88,252,0.0053,96.5724,0
22247,BUNNY DECORATION MAGIC GARDEN,1022.79,1184,0.0053,96.5777,0
84596L,BISCUITS SMALL BOWL LIGHT BLUE,1022.68,1541,0.0053,96.583,0
23452,HEART MINI PORTRAIT FRAME,1021.76,518,0.0053,96.5883,0
35653,VINTAGE BEAD NOTEBOOK,1020.92,353,0.0053,96.5936,0
23153,ZINC SWEETHEART WIRE LETTER RACK,1020.69,263,0.0053,96.5989,0
22420,LIPSTICK PEN BABY PINK,1019.85,2117,0.0053,96.6042,0
20619,TROPICAL PASSPORT COVER,1018.63,583,0.0053,96.6095,0
85031C,CURIOUS IMAGES SCRAP BOOK SET,1017.48,486,0.0053,96.6148,0
22643,SET OF 4 NAPKIN CHARMS LEAVES,1016.44,3028,0.0053,96.6201,0
23544,WALL ART MID CENTURY MODERN,1015.78,164,0.0053,96.6254,0
72586,SET OF 6 HALLOWEEN GHOST T-LIGHTS,1013.5,2307,0.0053,96.6307,0
20730,STRAWBERRY CANDY BAG,1011.7,2218,0.0053,96.6359,0
85170C,SET/6 EAU DE NIL BIRD T-LIGHTS,1009.85,549,0.0052,96.6412,0
23107,WHITE HEARTS WIRE PLANT POT HOLDER,1009.51,359,0.0052,96.6464,0
21084,SET/6 COLLAGE PAPER CUPS,1008.81,2929,0.0052,96.6517,0
47589,CONGRATULATIONS BUNTING,1008.73,185,0.0052,96.6569,0
84905,PINK BUTTERFLY CUSHION COVER,1007.91,269,0.0052,96.6621,0
84929,ASSTD FRUIT+FLOWERS FRIDGE MAGNETS,1007.52,3696,0.0052,96.6674,0
23460,SWEETHEART WALL TIDY,1007.08,108,0.0052,96.6726,0
21250,SET OF SKULL WALL STICKERS,1003.45,404,0.0052,96.6778,0
22108,PING! MICROWAVE PLATE,1002.26,320,0.0052,96.683,0
23281,FOLDING BUTTERFLY MIRROR RED,1000.82,1280,0.0052,96.6882,0
23121,PACK OF 6 COCKTAIL PARASOL STRAWS,1000.44,2501,0.0052,96.6934,0
84907,PINK YELLOW PATCH CUSHION COVER,999.17,391,0.0052,96.6986,0
23533,WALL ART GARDEN HAVEN,998.64,215,0.0052,96.7038,0
21127,COLOURFUL FISHING GNOME,998.03,297,0.0052,96.709,0
20617,FIRST CLASS PASSPORT COVER,997.2,499,0.0052,96.7142,0
23517,EMBROIDERED RIBBON REEL REBECCA,996.38,334,0.0052,96.7194,0
20705,MRS ROBOT SOFT TOY,996.19,273,0.0052,96.7246,0
71279,PINK GLASS CANDLEHOLDER,995.72,320,0.0052,96.7297,0
22529,MAGIC DRAWING SLATE GO TO THE FAIR,995.61,2468,0.0052,96.7349,0
84918,CREAM CUSHION COVER WITH FLOWERS,995.12,217,0.0052,96.7401,0
35958,FOLKART ZINC STAR CHRISTMAS DEC,994.83,1165,0.0052,96.7453,0
20773,BLUE PAISLEY NOTEBOOK,992.03,3356,0.0052,96.7504,0
72484,ROSES IN WHITE HEART CANDLE,991.38,1823,0.0052,96.7556,0
21335,LIBRARY LAMP,989.62,42,0.0051,96.7607,0
78124,MAGAZINE RACK GEBRA ASSORTED,986.11,736,0.0051,96.7658,0
21636,MADRAS NOTEBOOK MEDIUM,985.74,1014,0.0051,96.771,0
21303,FILIGREE WALL MIRROR  ANTIQUE WHITE,985.54,96,0.0051,96.7761,0
23380,PACK OF 12 VINTAGE DOILY TISSUES,983.5,2344,0.0051,96.7812,0
20661,BLUE SPOTTY PURSE,983.01,899,0.0051,96.7863,0
20878,SET/9 CHRISTMAS T-LIGHTS SCENTED,982.51,765,0.0051,96.7914,0
23518,EMBROIDERED RIBBON REEL RACHEL,980.41,361,0.0051,96.7965,0
21208,PASTEL COLOUR HONEYCOMB FAN,980.27,1084,0.0051,96.8016,0
23514,EMBROIDERED RIBBON REEL SALLY,977.39,478,0.0051,96.8067,0
20774,GREEN FERN NOTEBOOK,975.68,3534,0.0051,96.8118,0
23512,EMBROIDERED RIBBON REEL ROSIE,975.24,500,0.0051,96.8168,0
22104,MIRROR MOSAIC CANDLE PLATE,974.72,1191,0.0051,96.8219,0
90175A,WHITE GLASS CHUNKY CHARM BRACELET,973.4,108,0.0051,96.8269,0
84800L,LARGE WHITE/PINK ROSE ART FLOWER,970.79,650,0.005,96.832,0
21562,HAWAIIAN GRASS SKIRT,970.28,678,0.005,96.837,0
20998,ROSE DU SUD OVEN GLOVE,969.23,332,0.005,96.8421,0
85111,SILVER GLITTER FLOWER VOTIVE HOLDER,969.15,2919,0.005,96.8471,0
85189,HANGING BUTTERFLY  EGG,967.95,1192,0.005,96.8521,0
72814,SET OF 3 CHRISTMAS BRIAR CANDLES,967.92,278,0.005,96.8572,0
23183,MOTHER'S KITCHEN SPOON REST,967.17,226,0.005,96.8622,0
21299,EDWARDIAN TOILET ROLL UNIT,966.35,166,0.005,96.8672,0
20830,SILVER PHOTO FRAME,964.61,407,0.005,96.8722,0
20758,ABSTRACT CIRCLES POCKET BOOK,964.47,5438,0.005,96.8773,0
22512,DOORSTOP RACING CAR DESIGN,963.79,387,0.005,96.8823,0
17012C,ORIGAMI LAVENDER INCENSE/CANDL SET,962.95,861,0.005,96.8873,0
21060,PARTY INVITES BALLOON GIRL,962.75,1288,0.005,96.8923,0
21691,SILVER VANILLA FLOWER CANDLE POT,960.99,249,0.005,96.8973,0
21641,ASSORTED TUTTI FRUTTI KEYRING BALL,959.59,1674,0.005,96.9023,0
85197,SET OF 12 MINI BUNNIES IN A BUCKET,959.46,1698,0.005,96.9072,0
85032C,CURIOUS IMAGES GIFT WRAP SET,959.19,892,0.005,96.9122,0
21805,WHITE CHRISTMAS TREE DECORATION,957.63,2221,0.005,96.9172,0
22994,TRAVEL CARD WALLET RETROSPOT,956.94,2194,0.005,96.9222,0
21726,MULTI HEARTS  STICKERS,956.41,1105,0.005,96.9272,0
84664,CHERRY BLOSSOM BATHROOM CABINET,955.35,193,0.005,96.9321,0
20778,GARDEN PATH NOTEBOOK,950.96,3617,0.0049,96.9371,0
21129,SILVER FISHING GNOME,949.44,124,0.0049,96.942,0
23540,WALL ART THE MAGIC FOREST,947.06,150,0.0049,96.9469,0
21331,MOROCCAN BEATEN METAL DISH LARGE,946.68,110,0.0049,96.9518,0
22096,PINK PAISLEY SQUARE TISSUE BOX,946.38,1671,0.0049,96.9568,0
37482P,CUBIC MUG PINK POLKADOT,943.56,670,0.0049,96.9617,0
85031A,ROMANTIC IMAGES SCRAP BOOK SET,943.44,477,0.0049,96.9666,0
22143,CHRISTMAS CRAFT HEART DECORATIONS,942.88,482,0.0049,96.9715,0
21720,CAKE SHOP  STICKER SHEET,940.86,1081,0.0049,96.9764,0
90147,CHUNKY SILVER NECKLACE PASTEL FLOWE,937.45,93,0.0049,96.9812,0
84817,DANISH ROSE DECORATIVE PLATE,937.44,1059,0.0049,96.9861,0
23178,JAM CLOCK MAGNET,936.89,327,0.0049,96.991,0
84963A,PINK PAINTED KASHMIRI CHAIR,935.15,27,0.0049,96.9958,0
85226A,WHITE/BLUE PULL BACK RACING CAR,933.07,1716,0.0049,97.0007,0
20903,VINTAGE KEEPSAKE BOX TRAVELOGUE,932.5,189,0.0048,97.0055,0
85019A,ROMANTIC IMAGES NOTEBOOK SET,932.04,651,0.0048,97.0104,0
47504E,ENGLISH ROSE SCISSORS,931.86,4387,0.0048,97.0152,0
20775,DAISY NOTEBOOK,931.55,3666,0.0048,97.0201,0
35954,SMALL FOLKART STAR CHRISTMAS DEC,931.55,2349,0.0048,97.0249,0
23179,CLOCK MAGNET MUM'S KITCHEN,930.48,324,0.0048,97.0298,0
20831,GOLD PHOTO FRAME,927.96,474,0.0048,97.0346,0
37330,SPOTS MUG,927.46,517,0.0048,97.0394,0
21724,PANDA AND BUNNIES STICKER SHEET,926.47,1038,0.0048,97.0442,0
23099,FRENCH CARRIAGE LANTERN,925.35,137,0.0048,97.049,0
22936,BAKING MOULD ROSE WHITE CHOCOLATE,925.22,288,0.0048,97.0538,0
72800C,4 PINK DINNER CANDLE SILVER FLOCK,924.84,660,0.0048,97.0586,0
22703,PINK CAT BOWL,923.91,514,0.0048,97.0634,0
21264,WHITE GOOSE FEATHER TREE 60CM,923.76,392,0.0048,97.0682,0
82607A,GLASS BONBON JAR PARFUME AUX FLEURE,923.72,664,0.0048,97.073,0
72529W,WHITE ADVENT CANDLE,923.05,495,0.0048,97.0778,0
22647,CERAMIC LOVE HEART MONEY BANK,922.99,1060,0.0048,97.0826,0
84826,ASSTD DESIGN 3D PAPER STICKERS,920.08,14334,0.0048,97.0874,0
85121C,RETRO LAUNDRY TUB PISTACHIO,918.91,98,0.0048,97.0922,0
21702,SET 5 MINI GATEAUX  FRIDGE MAGNETS,918.68,2636,0.0048,97.097,0
84600,NEW BAROQUE JEWELLERY BOX,918.27,108,0.0048,97.1017,0
23338,EGG FRYING PAN RED,915.4,431,0.0048,97.1065,0
21007,ETCHED GLASS DROPLET DECORATION,914.67,1932,0.0048,97.1113,0
23002,TRAVEL CARD WALLET SKULLS,914.37,2119,0.0048,97.116,0
85214,TUB 24 PINK FLOWER PEGS,914.28,697,0.0048,97.1208,0
46000P,POLYESTER FILLER PAD 65CMx65CM,913.75,240,0.0047,97.1255,0
46776C,WOVEN FROST CUSHION COVER,913.52,260,0.0047,97.1303,0
21320,GLASS CHALICE GREEN  LARGE,913.34,398,0.0047,97.135,0
21676,FLOWERS  STICKERS,909.87,1212,0.0047,97.1397,0
23413,VINTAGE COFFEE GRINDER BOX,909.31,173,0.0047,97.1445,0
84660A,WHITE STITCHED WALL CLOCK,907.96,882,0.0047,97.1492,0
22164,STRING OF STARS CARD HOLDER,906.83,322,0.0047,97.1539,0
22707,WRAP MONSTER FUN,905.94,2157,0.0047,97.1586,0
22248,DECORATION  PINK CHICK MAGIC GARDEN,903.16,1014,0.0047,97.1633,0
23004,TRAVEL CARD WALLET PANTRY,903.16,2002,0.0047,97.168,0
21444,BLUE CHALET BIRDFEEDER,902.03,291,0.0047,97.1727,0
20757,RED DAISY POCKET BOOK,901.75,5360,0.0047,97.1774,0
84086C,PINK/PURPLE RETRO RADIO,901.59,301,0.0047,97.1821,0
23532,WALL ART WORK REST AND PLAY,901.58,210,0.0047,97.1868,0
21318,GLASS CHALICE BLUE SMALL,900.42,972,0.0047,97.1914,0
21480,PINK STRIPE HOT WATER BOTTLE,899.52,285,0.0047,97.1961,0
84820,DANISH ROSE TRINKET TRAYS,899.37,323,0.0047,97.2008,0
20941,FROG CANDLE,898.79,1019,0.0047,97.2055,0
20913,SET/5 BLUE SPOTTY LID GLASS BOWLS,898.72,322,0.0047,97.2101,0
21220,SET/4 BADGES DOGS,898.72,663,0.0047,97.2148,0
21147,JINGLE BELLS TREE DECORATION,896.86,660,0.0047,97.2195,0
23502,PLAYING CARDS VINTAGE DOILY,896.41,714,0.0047,97.2241,0
21062,PARTY INVITES SPACEMAN,896.27,1077,0.0047,97.2288,0
84760L,LARGE HANGING GLASS+ZINC LANTERN,896.0,560,0.0047,97.2334,0
90200C,BLUE SWEETHEART BRACELET,895.84,215,0.0047,97.2381,0
20759,CHRYSANTHEMUM POCKET BOOK,895.38,5782,0.0047,97.2427,0
23472,NINE DRAWER OFFICE TIDY,894.42,58,0.0046,97.2474,0
84666,SQUARE CHERRY BLOSSOM CABINET,892.7,226,0.0046,97.252,0
20803,SMALL PINK GLASS SUNDAE DISH,891.26,1154,0.0046,97.2567,0
90200E,GREEN SWEETHEART BRACELET,890.95,213,0.0046,97.2613,0
85194S,HANGING SPRING FLOWER EGG SMALL,889.46,1760,0.0046,97.2659,0
20991,JAZZ HEARTS MAGNETIC MEMO PAD,884.56,7084,0.0046,97.2705,0
22486,PLASMATRONIC LAMP,881.9,106,0.0046,97.2751,0
84974,S/2 ZINC HEART DESIGN PLANTERS,879.55,89,0.0046,97.2797,0
72799A,BLACK PILLAR CANDLE SILVER FLOCK,877.8,639,0.0046,97.2842,0
23423,PANTRY 3 HOOK ROLLING PIN HANGER,876.9,219,0.0046,97.2888,0
21185,HOME SWEET HOME  BLACKBOARD,876.29,133,0.0046,97.2934,0
84925F,PSYCHEDELIC WALL THERMOMETER,875.66,730,0.0046,97.2979,0
21270,ANTIQUE CREAM CUTLERY CUPBOARD,874.43,76,0.0045,97.3025,0
21635,MADRAS NOTEBOOK LARGE,873.99,404,0.0045,97.307,0
21338,MARAKESH LANTERN SMALL,873.25,202,0.0045,97.3115,0
85165,CANDY PINK FRENCH BOUDOIR CLOCK,872.76,90,0.0045,97.3161,0
23479,WIRE EGG BASKET,872.38,113,0.0045,97.3206,0
21293,MIRRORED DOVE WALL DECORATION,872.34,343,0.0045,97.3251,0
20897,VINTAGE NOTEBOOK PARIS DAYS,872.31,358,0.0045,97.3297,0
21414,SCALLOP SHELL SOAP DISH,870.89,1637,0.0045,97.3342,0
22547,MINI JIGSAW DINOSAUR,869.95,2032,0.0045,97.3387,0
23220,REINDEER HEART DECORATION GOLD,869.15,993,0.0045,97.3432,0
21128,GOLD FISHING GNOME,868.25,129,0.0045,97.3478,0
17033,"BROCADE PURSE,SMALL ARCH BUTTON",867.84,3292,0.0045,97.3523,0
20936,FORKED CACTUS CANDLE,867.0,340,0.0045,97.3568,0
82613C,"METAL SIGN,CUPCAKE SINGLE HOOK",865.04,788,0.0045,97.3613,0
85161,ACRYLIC GEOMETRIC LAMP,863.85,51,0.0045,97.3658,0
21255,"FRENCH BOTTLE , LAVENDER",860.08,523,0.0045,97.3702,0
84632,DECORATIVE HANGING SHELVING UNIT,859.25,15,0.0045,97.3747,0
84849A,HELLO SAILOR BLUE SOAP HOLDER,855.54,483,0.0044,97.3791,0
21376,LARGE  TALL CAMPHOR WOOD TOADSTOOL,855.36,184,0.0044,97.3836,0
84578,ELEPHANT TOY WITH BLUE T-SHIRT,854.91,222,0.0044,97.388,0
21478,SILVER SKULL HOT WATER BOTTLE,854.23,450,0.0044,97.3925,0
22820,GIFT BAG BIRTHDAY,852.93,1365,0.0044,97.3969,0
85071C,"CHARLIE+LOLA""EXTREMELY BUSY"" SIGN",852.53,1291,0.0044,97.4013,0
47563A,RETRO LONGBOARD IRONING BOARD COVER,852.19,346,0.0044,97.4058,0
22510,GINGHAM BABUSHKA DOORSTOP,851.57,324,0.0044,97.4102,0
20756,GREEN FERN POCKET BOOK,851.56,5728,0.0044,97.4146,0
21458,2 PICTURE BOOK EGGS EASTER BUNNY,849.24,768,0.0044,97.419,0
90161C,ANT COPPER LIME BOUDICCA BRACELET,849.0,170,0.0044,97.4235,0
84951A,SET OF 4 PISTACHIO LOVEBIRD COASTER,848.76,622,0.0044,97.4279,0
85208,SET/12 FUNKY FELT FLOWER PEG IN BAG,845.34,424,0.0044,97.4323,0
22229,BUNNY WOODEN PAINTED WITH FLOWER,845.3,1007,0.0044,97.4367,0
21375,LARGE CAMPHOR WOOD FIELD MUSHROOM,845.09,137,0.0044,97.441,0
37423,WHITE WITH BLACK CATS PLATE,843.88,6168,0.0044,97.4454,0
21719,LOVELY BONBON STICKER SHEET,841.96,938,0.0044,97.4498,0
21300,ANTIQUE EDWARDIAN DRESSER,841.7,53,0.0044,97.4542,0
23564,EGG CUP MILKMAID INGRID,841.31,644,0.0044,97.4586,0
84782A,PINK 3 TIER GLASS PLATE STAND,840.45,119,0.0044,97.4629,0
23551,PACK OF 12 PAISLEY PARK TISSUES,839.84,1840,0.0044,97.4673,0
20894,HANGING BAUBLE T-LIGHT HOLDER LARGE,839.1,271,0.0044,97.4717,0
85231L,LAVENDER SCENTED SET/9 T-LIGHTS,838.35,1075,0.0044,97.476,0
17039,INLAID WOOD INCENSE HOLDER,837.88,3707,0.0044,97.4804,0
21552,CERAMIC BIRDHOUSE BLACK ROSE  LARGE,837.6,177,0.0044,97.4847,0
40018E,TEA TIME PAPER LANTERNS,837.02,413,0.0044,97.4891,0
20776,ABSTRACT CIRCLES NOTEBOOK,832.66,3265,0.0043,97.4934,0
85196,EASTER BUNNIES ON A STICK,831.04,1575,0.0043,97.4977,0
85213,MINI  ZINC GARDEN DECORATIONS,830.66,1481,0.0043,97.502,0
22135,MINI LADLE LOVE HEART PINK,829.43,1661,0.0043,97.5064,0
21654,RIDGED GLASS FINGER BOWL,828.91,1189,0.0043,97.5107,0
23017,APOTHECARY MEASURING JAR,826.28,67,0.0043,97.515,0
20699,MOUSEY LONG LEGS SOFT TOY,825.81,300,0.0043,97.5192,0
85188A,GREEN METAL SWINGING BUNNY,824.97,944,0.0043,97.5235,0
21551,CERAMIC BIRDHOUSE BUTTERFLY LARGE,824.95,171,0.0043,97.5278,0
21374,MIRRORED WALL ART SKULLS,824.67,474,0.0043,97.5321,0
84920,PINK FLOWER FABRIC PONY,824.13,206,0.0043,97.5364,0
72801G,4 BURGUNDY WINE DINNER CANDLES,823.72,1382,0.0043,97.5407,0
22825,DECORATIVE PLANT POT WITH FRIEZE,822.87,103,0.0043,97.545,0
23186,FRENCH STYLE STORAGE JAR CAFE,819.46,1982,0.0043,97.5492,0
22344,PARTY PIZZA DISH PINK POLKADOT,819.18,1593,0.0043,97.5535,0
20769,DAISY JOURNAL,819.01,442,0.0043,97.5577,0
17012A,ORIGAMI VANILLA INCENSE/CANDLE SET,818.71,791,0.0043,97.562,0
85187,S/12 MINI RABBIT EASTER,818.13,480,0.0043,97.5662,0
37494A,FAIRY CAKE CERAMIC BUTTER DISH,817.6,241,0.0043,97.5705,0
22289,"DECORATION , HANGING METAL CHICKEN",817.48,764,0.0042,97.5747,0
23324,RUSTIC STRAWBERRY JAM POT LARGE,816.04,399,0.0042,97.579,0
23106,ZINC HEARTS PLANT POT HOLDER,815.59,291,0.0042,97.5832,0
37333,"RETRO ""TEA FOR ONE""",815.0,152,0.0042,97.5875,0
22408,MONEY BOX CONFECTIONERY DESIGN,813.67,662,0.0042,97.5917,0
22447,PIN CUSHION BABUSHKA BLUE,813.16,252,0.0042,97.5959,0
20833,SHAKER THROW  QUILTED,811.8,52,0.0042,97.6001,0
21222,SET/4 BADGES BEETLES,809.67,623,0.0042,97.6043,0
85145,JARDIN ETCHED GLASS LARGE BELL JAR,809.05,100,0.0042,97.6085,0
16011,ANIMAL STICKERS,808.98,3858,0.0042,97.6128,0
84922,PINK BUTTERFLY WASHBAG,808.22,733,0.0042,97.617,0
23022,SMALL BONNE JAM JAR  T-LIGHT HOLDER,808.16,422,0.0042,97.6212,0
21454,PAINTED PINK RABBIT,807.6,937,0.0042,97.6254,0
20901,VINTAGE KEEPSAKE BOX PINK FLOWER,806.58,91,0.0042,97.6295,0
84767,ZINC POLICE BOX LANTERN,806.22,196,0.0042,97.6337,0
47574A,ENGLISH ROSE SCENTED HANGING FLOWER,805.48,576,0.0042,97.6379,0
23409,PHOTO FRAME LINEN AND LACE LARGE,801.68,215,0.0042,97.6421,0
85044,RED REINDEER STRING OF 20 LIGHTS,801.4,153,0.0042,97.6463,0
85017A,ENVELOPE 50 ROMANTIC IMAGES,799.8,1166,0.0042,97.6504,0
21015,DARK BIRD HOUSE TREE DECORATION,797.33,1720,0.0041,97.6546,0
21455,PAINTED YELLOW WOODEN DAISY,797.27,901,0.0041,97.6587,0
20997,ROSE DU SUD CUSHION COVER,796.74,170,0.0041,97.6628,0
21723,ALPHABET HEARTS STICKER SHEET,796.21,895,0.0041,97.667,0
22058,CERAMIC LOVE HEARTS DESIGN MUG,795.72,714,0.0041,97.6711,0
23487,SWEET HEART CAKE CARRIER,795.58,80,0.0041,97.6753,0
23521,WALL ART CAT AND BIRD,793.37,413,0.0041,97.6794,0
35915C,PEACH KNITTED HEN,793.32,692,0.0041,97.6835,0
23519,EMBROIDERED RIBBON REEL CLAIRE,792.31,224,0.0041,97.6876,0
45008C,DECORATIVE NET CANOPY CREAM,792.07,83,0.0041,97.6917,0
23335,EGG FRYING PAN IVORY,790.78,377,0.0041,97.6958,0
23568,EGG CUP HENRIETTA HEN CREAM,787.52,630,0.0041,97.6999,0
72799C,PINK PILLAR CANDLE SILVER FLOCK,783.1,471,0.0041,97.704,0
20989,URBAN CHIC CHOPSTICKS SET/5,782.18,410,0.0041,97.7081,0
20910,VINTAGE PHOTO ALBUM PARIS DAYS,781.82,108,0.0041,97.7121,0
37461,FUNKY MONKEY MUG,779.89,895,0.0041,97.7162,0
21456,2 PICTURE BOOK EGGS EASTER CHICKS,776.05,738,0.004,97.7202,0
84029C,BROWN FURRY HOT WATER BOTTLE,773.97,205,0.004,97.7243,0
90200A,PURPLE SWEETHEART BRACELET,770.91,182,0.004,97.7283,0
22640,SET OF 4 NAPKIN CHARMS 3 KEYS,770.49,2925,0.004,97.7323,0
23115,RED APPLES CHOPPING BOARD,770.32,152,0.004,97.7363,0
84761,IVORY HANGING BIRD PLANTER,768.85,276,0.004,97.7403,0
21554,CERAMIC BIRDHOUSE RED ROOF LARGE,767.75,170,0.004,97.7443,0
72755C,FLOWER FAIRY OIL BURNER SET ROSE,767.0,592,0.004,97.7482,0
72750A,FLOWER FAIRY SET OF 3 LILY CANDLES,766.85,383,0.004,97.7522,0
23140,TRIPLE WIRE HOOK IVORY HEART,766.1,182,0.004,97.7562,0
16259,PIECE OF CAMO STATIONERY SET,766.09,5473,0.004,97.7602,0
84952C,MIRROR LOVE BIRD T-LIGHT HOLDER,765.13,451,0.004,97.7642,0
23550,WRAP ALPHABET POSTER,763.1,1855,0.004,97.7681,0
35811A,ENAMEL PINK SUGAR CONTAINER,762.97,439,0.004,97.7721,0
23006,TRAVEL CARD WALLET FLOWER MEADOW,762.75,1758,0.004,97.7761,0
23458,DOLLY CABINET 3 DRAWERS,762.45,51,0.004,97.78,0
22124,SET OF 2 TEA TOWELS PING MICROWAVE,761.97,302,0.004,97.784,0
84762C,GREEN PICNIC BARBECUE BUCKET,761.25,105,0.004,97.788,0
21377,SMALL CAMPHOR WOOD FIELD  MUSHROOM,760.83,527,0.004,97.7919,0
23025,DRAWER KNOB VINTAGE GLASS BALL,760.8,350,0.004,97.7959,0
90209C,PINK ENAMEL+GLASS HAIR COMB,760.79,406,0.004,97.7998,0
23123,COCKTAIL SWORDS 50 PIECES,759.57,935,0.0039,97.8038,0
84663A,GRASS HOPPER WOODEN WALL CLOCK,758.21,406,0.0039,97.8077,0
22638,SET OF 4 NAPKIN CHARMS CROWNS,758.18,2974,0.0039,97.8116,0
23282,FOLDING BUTTERFLY MIRROR IVORY,757.86,812,0.0039,97.8156,0
21298,EDWARDIAN 2 DRAWER WALL CABINET,755.8,52,0.0039,97.8195,0
85135A,YELLOW DRAGONFLY HELICOPTER,754.59,110,0.0039,97.8234,0
21194,PINK  HONEYCOMB PAPER FAN,751.5,578,0.0039,97.8273,0
23124,18PC WOODEN CUTLERY SET DISPOSABLE,751.38,567,0.0039,97.8312,0
84653,GREEN ROSE QUILT,750.48,14,0.0039,97.8352,0
21319,GLASS CHALICE GREEN  SMALL,750.33,513,0.0039,97.8391,0
23223,CHRISTMAS TREE HANGING SILVER,750.19,801,0.0039,97.843,0
21344,MOROCCAN BEATEN METAL DISH,749.82,166,0.0039,97.8468,0
21001,ROSE DU SUD WASHBAG,749.01,148,0.0039,97.8507,0
84615,PINK ROUND BUTTERFLY MIRROR,748.48,240,0.0039,97.8546,0
35647,VINTAGE BEAD PINK SHADE,748.24,563,0.0039,97.8585,0
84620,BLUE GINGHAM ROSE CUSHION COVER,746.61,161,0.0039,97.8624,0
84842,HELLO SAILOR BATHROOM SET,744.15,1505,0.0039,97.8663,0
72800A,S/4 BLACK DINNER CANDLE SILVER FLOC,743.26,675,0.0039,97.8701,0
84689,S/2 BEACH HUT TREASURE CHESTS,742.9,317,0.0039,97.874,0
20854,BLUE PATCH PURSE PINK HEART,742.78,459,0.0039,97.8779,0
84821,DANISH ROSE DELUXE COASTER,742.5,1318,0.0039,97.8817,0
23325,RUSTIC STRAWBERRY JAM POT SMALL,740.94,462,0.0039,97.8856,0
21503,TOYBOX  WRAP,740.42,1801,0.0038,97.8894,0
23114,VINTAGE LEAF CHOPPING BOARD,737.95,149,0.0038,97.8933,0
85130C,BEADED CRYSTAL HEART BLUE  LARGE,737.89,659,0.0038,97.8971,0
84033,FLAG OF ST GEORGE,735.38,491,0.0038,97.9009,0
84715,SET OF 6 ICE CREAM SKITTLES,734.89,241,0.0038,97.9047,0
21415,CLAM SHELL SMALL,734.57,351,0.0038,97.9086,0
23454,THREE MINI HANGING FRAMES,733.2,174,0.0038,97.9124,0
85230F,JASMINE VOTIVE CANDLE,732.66,2970,0.0038,97.9162,0
23435,3 RAFFIA RIBBONS VINTAGE CHRISTMAS,732.42,824,0.0038,97.92,0
21365,MIRRORED WALL ART STARS,731.53,476,0.0038,97.9238,0
ADJUST2,Adjustment by Peter on Jun 25 2010,731.05,3,0.0038,97.9276,0
47503F,ASS FLORAL PRINT TORCH,729.95,5139,0.0038,97.9314,0
22100,SKULLS SQUARE TISSUE BOX,729.55,1016,0.0038,97.9352,0
21378,SMALL TALL CAMPHOR WOOD TOADSTOOL,728.97,560,0.0038,97.939,0
35095A,BLUE VICTORIAN FABRIC OVAL BOX,728.92,1813,0.0038,97.9427,0
21221,SET/4 BADGES CUTE CREATURES,728.44,547,0.0038,97.9465,0
84971L,LARGE HEART FLOWERS HOOK,728.43,590,0.0038,97.9503,0
21443,OLIVE CHALET BIRDFEEDER,727.93,257,0.0038,97.9541,0
20657,TROPICAL LUGGAGE TAG,727.72,1882,0.0038,97.9579,0
23522,WALL ART DOG AND BALL,727.44,354,0.0038,97.9617,0
84976,RECTANGULAR SHAPED MIRROR,726.12,675,0.0038,97.9654,0
23562,SET OF 6 RIBBONS PERFECTLY PRETTY,724.59,251,0.0038,97.9692,0
21026,SPACE OWL,724.25,553,0.0038,97.973,0
22345,PARTY PIZZA DISH BLUE POLKADOT,724.12,1480,0.0038,97.9767,0
85017C,ENVELOPE 50 CURIOUS IMAGES,723.92,1106,0.0038,97.9805,0
85088,CANDY SPOT HAND BAG,723.85,347,0.0038,97.9843,0
84595E,LARGE TORTILLA DESIGN RED BOWL,723.57,377,0.0038,97.988,0
84569A,PACK 3 IRON ON DOG PATCHES,722.44,576,0.0038,97.9918,0
20701,PINK CAT FLORAL CUSHION COVER,721.49,353,0.0038,97.9955,0
10134,COLOURING PENCILS BROWN TUBE,721.13,625,0.0037,97.9993,0
84684,BEACH HUT PHOTO FRAME,720.7,640,0.0037,98.003,0
21379,CAMPHOR WOOD PORTOBELLO MUSHROOM,719.23,650,0.0037,98.0068,0
23222,CHRISTMAS TREE HANGING GOLD,718.53,799,0.0037,98.0105,0
35951,FOLKART BAUBLE CHRISTMAS DECORATION,717.99,1466,0.0037,98.0142,0
72131,COLUMBIAN CANDLE RECTANGLE,717.63,761,0.0037,98.018,0
21265,PINK GOOSE FEATHER TREE 60CM,717.41,323,0.0037,98.0217,0
21457,2 PICTURE BOOK EGGS EASTER DUCKS,716.0,685,0.0037,98.0254,0
22641,SET OF 4 NAPKIN CHARMS INSTRUMENT,715.06,2863,0.0037,98.0291,0
21076,SET/20 COLLAGE PAPER NAPKIN,714.55,843,0.0037,98.0328,0
20763,DAISY SKETCHBOOK,714.23,269,0.0037,98.0366,0
20850,ZINC HEART LATTICE PLANTER BOWL,713.8,820,0.0037,98.0403,0
21133,PAINTED BIRD ASSORTED CHRISTMAS,712.91,706,0.0037,98.044,0
16015,MEDIUM CHINESE STYLE SCISSOR,711.88,1973,0.0037,98.0477,0
23042,PAPER LANTERN 7 POINT SNOW STAR,711.51,103,0.0037,98.0514,0
23070,EDWARDIAN HEART PHOTO FRAME,709.54,160,0.0037,98.0551,0
21442,GREEN BIRDHOUSE DECORATION,706.63,974,0.0037,98.0587,0
21308,LOUVRE VANITY MIRROR,705.9,132,0.0037,98.0624,0
22981,PANTRY APPLE CORER,704.13,471,0.0037,98.0661,0
84869,CANDY BUTTON PHOTO ALBUM,703.54,302,0.0037,98.0697,0
84993A,75 GREEN PETIT FOUR CASES,703.5,1549,0.0037,98.0734,0
84563A,PINK & WHITE BREAKFAST TRAY,703.0,142,0.0037,98.077,0
72801C,4 ROSE PINK DINNER CANDLES,700.03,782,0.0036,98.0807,0
84917,WHITE HAND TOWEL WITH BUTTERFLY,698.66,233,0.0036,98.0843,0
21740,COSY SLIPPER SHOES LARGE RED,698.01,202,0.0036,98.0879,0
85231E,STRAWBERRY SCENTED SET/9 T-LIGHTS,696.89,839,0.0036,98.0916,0
84584,PINK GINGHAM CAT WITH SCARF,696.75,282,0.0036,98.0952,0
22036,DINOSAUR BIRTHDAY CARD,695.11,1649,0.0036,98.0988,0
23187,FRENCH STYLE STORAGE JAR BONBONS,695.06,2338,0.0036,98.1024,0
20898,VINTAGE NOTEBOOK TRAVELOGUE,693.92,327,0.0036,98.106,0
17012F,ORIGAMI SANDLEWOOD INCENSE/CAND SET,693.2,605,0.0036,98.1096,0
35964,FOLKART CLIP ON STARS,693.08,1189,0.0036,98.1132,0
85096,HILDA CANDY SPOT RABBIT,692.16,214,0.0036,98.1168,0
20862,PINK PATCH PENCIL CASE BLUE HEART,691.14,406,0.0036,98.1204,0
72753A,S/3 FLWR FAIRY LILLY CANDLES,690.24,315,0.0036,98.124,0
20856,DENIM PATCH PURSE PINK BUTTERFLY,688.94,417,0.0036,98.1276,0
47594A,CAROUSEL DESIGN WASHBAG,688.67,347,0.0036,98.1312,0
37444C,PINK BREAKFAST CUP AND SAUCER,688.49,1679,0.0036,98.1347,0
85186A,EASTER BUNNY GARLAND OF FLOWERS,688.42,1476,0.0036,98.1383,0
90160C,TURQ+RED BOUDICCA LARGE BRACELET,684.22,98,0.0036,98.1419,0
21197,MULTICOLOUR  CONFETTI IN TUBE,683.26,466,0.0036,98.1454,0
23120,PACK OF 6 SMALL FRUIT STRAWS,682.39,1685,0.0035,98.149,0
22033,BOTANICAL ROSE GREETING CARD,681.93,1603,0.0035,98.1525,0
84865,NEW BAROQUE BLACK PHOTO ALBUM,681.9,81,0.0035,98.1561,0
85084,HOLLY TOP CHRISTMAS STOCKING,681.4,707,0.0035,98.1596,0
21674,RIDGED GLASS PENDANT LAMPSHADE,680.85,43,0.0035,98.1631,0
21386,IVORY HANGING DECORATION  EGG,680.78,1148,0.0035,98.1667,0
21847,GREEN  DIAMANTE PEN IN GIFT BOX,679.58,348,0.0035,98.1702,0
23597,PAPER BUNTING PAISLEY PARK,679.07,249,0.0035,98.1737,0
84916,HAND TOWEL PALE BLUE W FLOWERS,676.91,267,0.0035,98.1773,0
21750,LARGE SKULL WINDMILL,676.48,312,0.0035,98.1808,0
84824,DANISH ROSE UMBRELLA STAND,676.45,38,0.0035,98.1843,0
21263,GREEN GOOSE FEATHER TREE 60CM,676.02,302,0.0035,98.1878,0
23428,IVORY RETRO KITCHEN WALL CLOCK,675.91,77,0.0035,98.1913,0
82613A,"METAL SIGN,CUPCAKE SINGLE HOOK",674.95,664,0.0035,98.1948,0
22034,ROBIN CHRISTMAS CARD,674.75,1632,0.0035,98.1983,0
46776E,WOVEN CANDY CUSHION COVER,674.65,208,0.0035,98.2018,0
21879,HEARTS GIFT TAPE,672.71,1576,0.0035,98.2053,0
21884,CAKES AND BOWS GIFT  TAPE,672.56,1454,0.0035,98.2088,0
90184C,BLACK CHUNKY BEAD BRACELET W STRAP,670.38,74,0.0035,98.2123,0
72023F,RED ORGANIC CANDLE IN GLASS,669.62,640,0.0035,98.2158,0
85203,HANGING WOOD AND FELT BUTTERFLY,669.27,1467,0.0035,98.2193,0
16169K,WRAP FOLK ART,669.25,2100,0.0035,98.2228,0
23024,LARGE BONNE JAM JAR  T-LIGHT HOLDER,667.85,255,0.0035,98.2262,0
21441,BLUE BIRDHOUSE DECORATION,667.32,941,0.0035,98.2297,0
21247,SET OF RED SALAD SERVERS,664.73,422,0.0035,98.2332,0
85019C,CURIOUS  IMAGES NOTEBOOK SET,663.94,426,0.0035,98.2366,0
71403,"PINK/WHITE ""KEEP CLEAN"" BULLET BIN",661.95,178,0.0034,98.24,0
23547,WRAP FLOWER SHOP,661.5,1575,0.0034,98.2435,0
17109C,FLOWER FAIRY INCENSE ROSE,661.23,3124,0.0034,98.2469,0
23482,PEARLISED IVORY HEART LARGE,661.02,418,0.0034,98.2504,0
37474,SET/4 2 TONE EGG SHAPE MIXING BOWLS,661.0,66,0.0034,98.2538,0
21764,VINTAGE WOODEN PLATE RACK,659.15,17,0.0034,98.2572,0
85186C,BUNNY EGG GARLAND,658.19,1400,0.0034,98.2606,0
22056,CERAMIC PLATE LOVE HEART DESIGN,656.87,607,0.0034,98.2641,0
85028S,FRENCH CHATEAU SMALL FRUITBOWL,656.82,459,0.0034,98.2675,0
22042,CHRISTMAS CARD SINGING ANGEL,655.52,1805,0.0034,98.2709,0
22054,MINI CAKE STAND HANGING HEARTS,655.01,361,0.0034,98.2743,0
21307,SET/4 BUTTERFLY MIRROR MAGNETS,654.27,751,0.0034,98.2777,0
85028L,FRENCH CHATEAU LARGE FRUIT BOWL,654.01,286,0.0034,98.2811,0
35004P,SET OF 3 PINK FLYING DUCKS,651.69,128,0.0034,98.2845,0
20618,QUEEN OF THE SKIES PASSPORT COVER,650.64,298,0.0034,98.2879,0
20714,POSY SHOPPER BAG,649.82,1600,0.0034,98.2912,0
23224,CHERUB HEART DECORATION GOLD,649.02,738,0.0034,98.2946,0
85215,ASSORTED CHEESE FRIDGE MAGNETS,648.44,1078,0.0034,98.298,0
21003,ROSE DU SUD CUSHION COVER,647.75,109,0.0034,98.3013,0
21350,GINGHAM HEART WREATH,647.75,457,0.0034,98.3047,0
17084N,FAIRY DREAMS INCENSE,647.66,2798,0.0034,98.3081,0
21134,VICTORIAN METAL POSTCARD CHRISTMAS,646.44,379,0.0034,98.3114,0
47597,NEW ENGLAND TEATOWELS,644.88,322,0.0034,98.3148,0
23408,PHOTO FRAME LINEN AND LACE SMALL,644.8,310,0.0034,98.3181,0
17181,CIRCLE OF FRIENDS CANDLE HOLDER,642.66,353,0.0033,98.3215,0
21816,CHRISTMAS TREE T-LIGHT HOLDER,640.24,424,0.0033,98.3248,0
84507C,BLUE CIRCLES DESIGN MONKEY DOLL,639.74,439,0.0033,98.3281,0
21665,TRIANGULAR RIDGED GLASS POSY HOLDER,638.8,879,0.0033,98.3315,0
84601A,NEW BAROQUE IVORY CUSHION COVER,638.34,260,0.0033,98.3348,0
84766,SILVER ROCOCO CANDLE STICK,638.0,200,0.0033,98.3381,0
47592A,CAROUSEL DES CHILD'S OVERALL,637.37,331,0.0033,98.3414,0
16169N,WRAP BLUE RUSSIAN FOLKART,636.75,2050,0.0033,98.3447,0
23492,VINTAGE JINGLE BELLS WREATH,635.38,76,0.0033,98.348,0
20819,SILVER TEDDY BEAR,635.24,229,0.0033,98.3513,0
22391,PAPERWEIGHT HOME SWEET HOME,635.19,323,0.0033,98.3546,0
23456,MEDIUM PARLOUR PICTURE FRAME,634.1,158,0.0033,98.3579,0
84247G,"DECOUPAGE,GREETING CARD,",633.76,1487,0.0033,98.3612,0
20696,FLORAL SOFT CAR TOY,633.18,153,0.0033,98.3645,0
84596J,MIXED NUTS LIGHT GREEN BOWL,633.03,885,0.0033,98.3678,0
23216,LAUREL HEART ANTIQUE GOLD,630.73,525,0.0033,98.3711,0
84964A,UNKNOWN ITEM,630.0,12,0.0033,98.3743,0
90195A,PURPLE GEMSTONE BRACELET,629.95,75,0.0033,98.3776,0
22043,CHRISTMAS CARD SCREEN PRINT,629.88,2228,0.0033,98.3809,0
23019,SMALL APOTHECARY MEASURING JAR,629.05,81,0.0033,98.3842,0
85230E,STRAWBRY SCENTED VOTIVE CANDLE,628.41,2445,0.0033,98.3874,0
23027,DRAWER KNOB VINTAGE GLASS HEXAGON,627.95,295,0.0033,98.3907,0
22263,FELT EGG COSY LADYBIRD,627.38,836,0.0033,98.394,0
71101E,STANDING FAIRY POLE SUPPORT,626.13,777,0.0033,98.3972,0
22092,BLUE PAISLEY TISSUE BOX,625.41,959,0.0033,98.4005,0
85218,S/5 MINI ICE CREAM FRIDGE MAGNETS,625.2,1992,0.0032,98.4037,0
21004,ROSE DU SUD CHILDS APRON,625.07,137,0.0032,98.407,0
82616A,BUBBLE GUM SCARF KNITTING KIT,624.21,316,0.0032,98.4102,0
90199C,5 STRAND GLASS NECKLACE CRYSTAL,623.39,105,0.0032,98.4134,0
22346,PARTY PIZZA DISH GREEN POLKADOT,622.81,1312,0.0032,98.4167,0
85092,CANDY SPOT TEA COSY,622.57,391,0.0032,98.4199,0
20694,FLORAL PINK MONSTER,622.33,166,0.0032,98.4232,0
23425,STORAGE TIN HOME SWEET HOME,621.44,275,0.0032,98.4264,0
23180,MUM'S KITCHEN CLOCK,621.09,122,0.0032,98.4296,0
16156N,"WRAP, FRIENDSHIP ON GREEN",619.5,1572,0.0032,98.4328,0
20655,QUEEN OF SKIES LUGGAGE TAG,618.5,420,0.0032,98.436,0
18094C,WHITE AND BLUE CERAMIC OIL BURNER,616.91,446,0.0032,98.4393,0
23471,SIX DRAWER OFFICE TIDY,616.79,65,0.0032,98.4425,0
23453,OVAL  MINI PORTRAIT FRAME,615.98,316,0.0032,98.4457,0
72772,SET/4 SCENTED CANDLES IN RAMEKINS,615.84,457,0.0032,98.4489,0
84932C,SMALL ORIENTAL BLUE FOLDING STOOL,615.4,282,0.0032,98.4521,0
90143,SILVER BRACELET W PASTEL FLOWER,614.7,81,0.0032,98.4553,0
20689,RETRO SISTERS EXPRESSO CUPS,614.1,468,0.0032,98.4585,0
90198A,VINTAGE ROSE BEAD BRACELET RASPBERR,613.67,145,0.0032,98.4616,0
84859A,SILVER DISCO HANDBAG,613.53,293,0.0032,98.4648,0
16012,FOOD/DRINK SPONGE STICKERS,613.05,2925,0.0032,98.468,0
47583A,SET OF 3 WICKER BASKET ROSE,612.82,71,0.0032,98.4712,0
37351,ORANGE FLOWER MUG,612.51,5404,0.0032,98.4744,0
23018,LARGE APOTHECARY MEASURING JAR,612.16,51,0.0032,98.4776,0
22538,MINI JIGSAW GO TO THE FAIR,612.13,1445,0.0032,98.4807,0
79315W,FLYING SAUCER TABLE LIGHT IN WHITE,611.51,199,0.0032,98.4839,0
35972,DAISY FOLKART HEART DECORATION,611.38,440,0.0032,98.4871,0
84051,ASS COLOUR GLOWING TIARAS,611.38,750,0.0032,98.4903,0
84858C,PINK RIVIERA HANDBAG,611.07,393,0.0032,98.4935,0
20695,FLORAL BLUE MONSTER,608.83,143,0.0032,98.4966,0
21173,LOO ROLL  METAL SIGN,607.96,341,0.0032,98.4998,0
62096A,PINK/YELLOW FLOWERS HANDBAG,607.79,395,0.0032,98.5029,0
21416,CLAM SHELL LARGE,606.81,752,0.0032,98.5061,0
82011C,BATHROOM SCALES FOOTPRINTS IN SAND,602.68,133,0.0031,98.5092,0
84932A,SMALL GREEN PEONY FOLDING STOOL,602.6,264,0.0031,98.5124,0
20863,BLUE PATCH PENCIL CASE PINK HEART,601.53,310,0.0031,98.5155,0
82095,HEART BUTTONS JEWELLERY BOX,600.91,100,0.0031,98.5186,0
23520,EMBROIDERED RIBBON REEL RUBY,600.55,167,0.0031,98.5217,0
21167,WHITE SAGE INCENSE,600.17,2495,0.0031,98.5249,0
85146,JARDIN ETCHED GLASS SMALL BELL JAR,599.38,126,0.0031,98.528,0
16236,KITTY PENCIL ERASERS,599.31,2666,0.0031,98.5311,0
21440,12 MINI TOADSTOOL PEGS,597.56,472,0.0031,98.5342,0
84846A,SCENTED CANDLE IN DIGITALIS TIN,596.97,263,0.0031,98.5373,0
84682,CLASSICAL ROSE DISH,596.94,295,0.0031,98.5404,0
20781,GOLD EAR MUFF HEADPHONES,596.4,106,0.0031,98.5435,0
20794,BLUE  TILE HOOK,596.08,213,0.0031,98.5466,0
82605,OLD DOC RUSSEL METAL SIGN,595.07,270,0.0031,98.5497,0
85117,NIGHTINGALE COATHOOK WHITE,594.32,347,0.0031,98.5528,0
47469,ASSORTED SHAPES PHOTO CLIP SILVER,594.28,1220,0.0031,98.5559,0
72122,COFFEE SCENT PILLAR CANDLE,594.28,587,0.0031,98.559,0
84924A,WAKE UP COCKEREL CALENDAR SIGN,593.5,139,0.0031,98.562,0
20849,ZINC HEART LATTICE DOUBLE PLANTER,593.03,696,0.0031,98.5651,0
23377,PACK OF 12 DOLLY GIRL TISSUES,592.45,1351,0.0031,98.5682,0
85113,POLKA DOT PISTACHIO PAIL,591.66,289,0.0031,98.5713,0
21304,ARCHED GREY MIRROR,591.58,86,0.0031,98.5744,0
21322,GLASS SPHERE CANDLE STAND LARGE,590.45,303,0.0031,98.5774,0
21256,"FRENCH BOTTLE, BRASSERIE DES ARTIST",588.64,328,0.0031,98.5805,0
21893,POTTING SHED SEED TIN,587.8,177,0.0031,98.5835,0
21223,SET/4 BADGES WOODLAND ANIMAL,587.08,492,0.0031,98.5866,0
37444A,YELLOW BREAKFAST CUP AND SAUCER,587.06,2720,0.0031,98.5896,0
84934,ASSTD DESIGN POP ART SLIM PEN,586.5,687,0.003,98.5927,0
23565,EGG CUP MILKMAID HELGA,586.31,410,0.003,98.5957,0
23499,SET 12 VINTAGE DOILY CHALK,586.23,1312,0.003,98.5988,0
84569C,PACK 4 FLOWER/BUTTERFLY PATCHES,584.93,415,0.003,98.6018,0
21016,LIGHT BIRD HOUSE TREE DECORATION,582.85,989,0.003,98.6049,0
47421,ASSORTED COLOUR LIZARD SUCTION HOOK,582.78,1487,0.003,98.6079,0
21553,CERAMIC BIRDHOUSE FINCH BLUE  LARGE,581.27,114,0.003,98.6109,0
23537,WALL ART I LOVE LONDON,581.13,111,0.003,98.6139,0
16238,PARTY TIME PENCIL ERASERS,579.68,2523,0.003,98.6169,0
20804,GLASS CHICKEN BUTTER DISH,579.31,356,0.003,98.62,0
21419,CONCH SHELL,577.69,1259,0.003,98.623,0
85202,HANGING WOOD AND FELT HEART,577.65,1217,0.003,98.626,0
35922,EASTER BUNNY WREATH,575.99,97,0.003,98.629,0
22044,CHRISTMAS CARD STACK OF PRESENTS,575.48,2006,0.003,98.6319,0
23016,GLASS TWIST BON BON JAR,575.25,74,0.003,98.6349,0
23125,6PC WOOD PLATE SET DISPOSABLE,574.88,459,0.003,98.6379,0
20935,ROUND CACTUS CANDLE,574.48,300,0.003,98.6409,0
84675,FROG KING WATERING CAN,571.71,208,0.003,98.6439,0
85119,WATERING CAN SINGLE HOOK PISTACHIO,570.84,414,0.003,98.6469,0
16162L,THE KING GIFT BAG,570.43,8254,0.003,98.6498,0
23455,SMALL PARLOUR PICTURE FRAME,569.43,207,0.003,98.6528,0
84773,RED ROSE AND LACE C/COVER,569.35,199,0.003,98.6557,0
85169C,EAU DE NIL LOVE BIRD CANDLE,569.33,506,0.003,98.6587,0
85129A,"WHITE PEARL BEADED HEART, SMALL",569.16,448,0.003,98.6617,0
85086A,CANDY SPOT HEART DECORATION,568.73,593,0.003,98.6646,0
23219,LAUREL STAR ANTIQUE SILVER,568.6,430,0.003,98.6676,0
16169C,WRAP BLUE REINDEER,567.0,1350,0.0029,98.6705,0
20838,FRENCH LATTICE CUSHION COVER,565.8,446,0.0029,98.6735,0
21881,CUTE CATS TAPE,563.4,1345,0.0029,98.6764,0
23381,PACK OF 12 VINTAGE LEAF TISSUES,562.88,1496,0.0029,98.6793,0
23272,TREE T-LIGHT HOLDER WILLIE WINKIE,562.22,364,0.0029,98.6822,0
37345,ASSTD HEARTS DESIGN MUGS,561.05,321,0.0029,98.6851,0
16049,TEATIME GEL PENS ASST,560.48,3243,0.0029,98.6881,0
85090,CANDY SPOT APRON,559.28,106,0.0029,98.691,0
85020,ROUND PINK HEART MIRROR,558.69,251,0.0029,98.6939,0
21160,KEEP OUT GIRLS DOOR HANGER,557.49,794,0.0029,98.6968,0
84306,S/3 PINK SQUARE PLANTERS ROSES,557.48,51,0.0029,98.6997,0
23069,EDWARDIAN PHOTO FRAME,556.21,88,0.0029,98.7026,0
23451,SQUARE MINI PORTRAIT FRAME,556.17,277,0.0029,98.7055,0
21371,MIRRORED WALL ART POPPIES,556.01,404,0.0029,98.7083,0
84859C,PINK DISCO HANDBAG,552.72,304,0.0029,98.7112,0
21311,SET/4 BIRD MIRROR MAGNETS,552.27,803,0.0029,98.7141,0
23473,WOODLAND SMALL RED FELT HEART,552.02,678,0.0029,98.717,0
84510C,SET OF 4 POLKADOT COASTERS,550.49,334,0.0029,98.7198,0
23457,LARGE PARLOUR PICTURE FRAME,549.88,112,0.0029,98.7227,0
47021G,SET/6 BEAD COASTERS GAUZE BAG GOLD,549.52,1004,0.0029,98.7255,0
84683,CLASSICAL ROSE CANDLESTAND,549.36,562,0.0029,98.7284,0
22394,PAPERWEIGHT KINGS CHOICE,549.35,347,0.0029,98.7312,0
21373,MIRRORED WALL ART SNOWFLAKES,548.89,636,0.0029,98.7341,0
85091,CANDY SPOT BREAD BASKETS,548.81,343,0.0029,98.7369,0
23549,WRAP BIRD GARDEN,548.1,1305,0.0028,98.7398,0
20888,SET 3 JARDIN DE FEMME SCENT CANDLES,547.74,367,0.0028,98.7426,0
23484,HEART TRELLIS TRIPLE T-LIGHT HOLDER,547.35,185,0.0028,98.7455,0
23074,EMBOSSED HEART TRINKET BOX,547.27,246,0.0028,98.7483,0
85027L,FRENCH CHATEAU LARGE PLATTER,546.45,199,0.0028,98.7512,0
85179A,GREEN BITTY LIGHT CHAIN,546.12,223,0.0028,98.754,0
85129C,BEADED CRYSTAL HEART BLUE SMALL,545.24,417,0.0028,98.7568,0
21339,MARAKESH LANTERN LARGE,544.5,30,0.0028,98.7597,0
23043,PAPER LANTERN 9 POINT HOLLY STAR L,543.51,81,0.0028,98.7625,0
84596K,JELLY BABIES YELLOW SMALL BOWL,543.41,623,0.0028,98.7653,0
35969,FOLKART CROWN TABLE DECORATIONS,542.47,523,0.0028,98.7681,0
20943,SET/6 GINGERBREAD STAR T-LIGHTS,540.21,414,0.0028,98.771,0
90010E,AMBER GLASS/SILVER BRACELET,539.01,60,0.0028,98.7738,0
16048,TEATIME ROUND PENCIL SHARPENER,537.06,3461,0.0028,98.7766,0
84592,CROCHET ROSE PURSE WITH SUEDE BACK,536.4,173,0.0028,98.7793,0
21017,RED BIRD HOUSE TREE DECORATION,535.89,659,0.0028,98.7821,0
23398,HANGING HEART BONHEUR,535.35,606,0.0028,98.7849,0
20659,ECONOMY LUGGAGE TAG,534.76,370,0.0028,98.7877,0
23660,HENRIETTA HEN MUG,534.66,306,0.0028,98.7905,0
90203,SILVER CHARM NECKLACE 70CM,534.27,72,0.0028,98.7932,0
21418,STARFISH SOAP DISH,533.84,194,0.0028,98.796,0
20653,CHERRY BLOSSOM LUGGAGE TAG,533.79,2006,0.0028,98.7988,0
16169P,WRAP GREEN RUSSIAN FOLKART,533.75,1750,0.0028,98.8016,0
20823,GOLD WINE GOBLET,533.71,253,0.0028,98.8043,0
21943,CAKES AND RABBITS DESIGN FLANNEL,532.48,593,0.0028,98.8071,0
71143,SILVER BOOK MARK WITH BEADS,532.02,356,0.0028,98.8099,0
71270,PHOTO CLIP LINE,531.65,375,0.0028,98.8126,0
85030,FRENCH CHATEAU OVAL PLATTER,531.45,211,0.0028,98.8154,0
85039C,S/4 BLACK MINI ROSE CANDLE IN BOWL,531.21,545,0.0028,98.8182,0
21336,GOLD WASHBAG,530.51,1824,0.0028,98.8209,0
72267,PREMIUM CHURCH CANDLE,530.16,337,0.0028,98.8237,0
84827,ASS DES PHONE SPONGE CRAFT STICKER,530.09,1089,0.0028,98.8264,0
21734,SMALL MARAKESH LANTERN ON STICK,529.49,97,0.0028,98.8292,0
21403,BLUE EGG  SPOON,529.02,2326,0.0027,98.8319,0
84799,SPRIG LAVENDER ARTIFICIAL FLOWER,528.78,678,0.0027,98.8347,0
23139,SINGLE WIRE HOOK PINK HEART,528.7,414,0.0027,98.8374,0
23060,HEART BEADED TRELLIS DECORATION,528.17,249,0.0027,98.8402,0
72728,ROSE SCENT CANDLES IN GLASS,523.15,990,0.0027,98.8429,0
22861,EASTER TIN CHICKS IN GARDEN,522.93,305,0.0027,98.8456,0
85226C,BLUE PULL BACK RACING CAR,522.31,1005,0.0027,98.8483,0
46118,FUNKY MONKEY CUSHION COVER,522.05,374,0.0027,98.851,0
22407,MONEY BOX FIRST ADE DESIGN,521.12,438,0.0027,98.8538,0
21459,YELLOW EASTER EGG HUNT START POST,520.55,263,0.0027,98.8565,0
23336,EGG FRYING PAN PINK,519.25,225,0.0027,98.8592,0
90114,SUMMER DAISIES BAG CHARM,519.2,207,0.0027,98.8619,0
20793,BLUE TILED TRAY,518.5,281,0.0027,98.8646,0
35004S,SET OF 3 SILVER FLYING DUCKS,518.4,146,0.0027,98.8672,0
20868,SILVER FABRIC MIRROR,518.07,882,0.0027,98.8699,0
84657,GREEN ROSE CUSHION COVER,517.48,246,0.0027,98.8726,0
84762A,WHITE PICNIC BARBECUE BUCKET,517.43,66,0.0027,98.8753,0
84931A,PINK SCOTTIE DOG W FLOWER PATTERN,513.69,204,0.0027,98.878,0
79337,BLUE FLOCK GLASS CANDLEHOLDER,511.93,1201,0.0027,98.8807,0
23136,IVORY WIRE SWEETHEART LETTER TRAY,511.89,135,0.0027,98.8833,0
84782C,GREEN 3 TIER GLASS PLATE STAND,509.9,74,0.0027,98.886,0
20753,RETRO PINK SPOT WASHING UP GLOVES,509.0,218,0.0026,98.8886,0
84915,HAND TOWEL PINK FLOWER AND DAISY,507.83,241,0.0026,98.8912,0
35967,FOLK ART METAL STAR T-LIGHT HOLDER,507.59,966,0.0026,98.8939,0
21882,SKULLS TAPE,505.65,1060,0.0026,98.8965,0
20654,FIRST CLASS LUGGAGE TAG,505.41,398,0.0026,98.8991,0
22541,MINI JIGSAW LEAP FROG,504.77,1246,0.0026,98.9018,0
37352,BIRD IN TREE MUG,504.55,4648,0.0026,98.9044,0
84218,BOX/12 CHICK & EGG IN BASKET,503.51,261,0.0026,98.907,0
84247L,FAWN AND MUSHROOM GREETING CARD,503.25,1157,0.0026,98.9096,0
85142,JARDIN ETCHED GLASS GINGER JAR,502.58,57,0.0026,98.9122,0
20845,ZINC HEART LATTICE 2 WALL PLANTER,502.27,100,0.0026,98.9148,0
21117,BLOND DOLL DOORSTOP,502.08,328,0.0026,98.9175,0
90014A,SILVER/MOP ORBIT NECKLACE,502.01,55,0.0026,98.9201,0
16219,HOUSE SHAPE PENCIL SHARPENER,501.25,3358,0.0026,98.9227,0
23117,POPPY FIELDS CHOPPING BOARD,501.23,93,0.0026,98.9253,0
23021,GLASS BONNE JAM JAR,500.82,120,0.0026,98.9279,0
20865,PATCHWORK PENCIL CASE BUTTERFLY,500.49,251,0.0026,98.9305,0
84809A,WHITE CHRYSANTHEMUMS ART FLOWER,500.04,288,0.0026,98.9331,0
35471A,SET OF 3 BIRD L.BLUE FEATHER,499.31,421,0.0026,98.9357,0
23560,SET OF 6 RIBBONS COUNTRY STYLE,499.18,172,0.0026,98.9383,0
22031,BOTANICAL LAVENDER BIRTHDAY CARD,499.03,1137,0.0026,98.9409,0
20864,DENIM PATCH PENCIL CASE BUTTERFLY,498.14,252,0.0026,98.9435,0
23466,TUSCAN VILLA DOVECOTE BIRD FEEDER,498.03,55,0.0026,98.946,0
23045,PAPER LANTERN 5 POINT STAR MOON,497.98,118,0.0026,98.9486,0
85230A,OPIUM SCENTED VOTIVE CANDLE,497.04,1992,0.0026,98.9512,0
21132,SILVER STANDING GNOME,493.61,97,0.0026,98.9538,0
16239,BALLERINA HEART DECORATION.,492.17,347,0.0026,98.9563,0
21663,VINTAGE GLASS SUGAR CADDY,488.16,78,0.0025,98.9589,0
72132,COLUMBIAN CUBE CANDLE,485.55,561,0.0025,98.9614,0
90192,JADE DROP EARRINGS W FILIGREE,484.31,97,0.0025,98.9639,0
23218,LAUREL STAR ANTIQUE GOLD,483.03,379,0.0025,98.9664,0
22259,FELT FARM ANIMAL HEN,482.95,590,0.0025,98.9689,0
23691,WRAP KEEP CALM BIRTHDAY,481.5,1175,0.0025,98.9714,0
22038,BOTANICAL LAVENDER GIFT WRAP,481.0,1150,0.0025,98.9739,0
72127,COLUMBIAN CANDLE ROUND,479.69,417,0.0025,98.9764,0
16244A,MAXWELL 2 TONE PINK 60 PAGE PHOTO A,479.41,193,0.0025,98.9789,0
23422,PANTRY HOOK BALLOON WHISK,477.89,213,0.0025,98.9814,0
37492C,GREEN BLUE FLOWER PIGGY BANK,477.3,266,0.0025,98.9839,0
72750C,"F.FAIRY S/3 CANDLE/GLASS, ROSE",476.4,242,0.0025,98.9864,0
20662,FIRST CLASS HOLIDAY PURSE,476.35,730,0.0025,98.9888,0
23561,SET OF 6 RIBBONS PARTY,476.0,170,0.0025,98.9913,0
85109,PINK BOUDOIR T-LIGHT HOLDER,475.43,4211,0.0025,98.9938,0
21536,DAIRY MAID  SMALL  MILK JUG,474.74,221,0.0025,98.9963,0
21518,BANK ACCOUNT  GREETING  CARD,474.32,1119,0.0025,98.9987,0
40046A,RED DAISY PAPER LAMPSHADE,472.07,375,0.0025,99.0012,0
84926E,FLOWERS TILE COASTER,471.57,1081,0.0025,99.0036,0
84901,BLACK FACE LAMB WITH PANTS,471.13,123,0.0024,99.0061,0
90120C,GREEN MURANO TWIST BRACELET,470.8,111,0.0024,99.0085,0
84952A,CLEAR LOVE BIRD T-LIGHT HOLDER,467.65,167,0.0024,99.011,0
85211,S/4 GROOVY CAT MAGNETS,467.4,309,0.0024,99.0134,0
35911A,MULTICOLOUR RABBIT EGG WARMER,466.69,408,0.0024,99.0158,0
72225C,LAVENDER SCENT CAKE CANDLE,466.38,1926,0.0024,99.0182,0
23379,PACK OF 12 RED APPLE TISSUES,465.36,1220,0.0024,99.0207,0
51020A,SUMMER FUN DESIGN SHOWER CAP,464.56,1345,0.0024,99.0231,0
84972L,GIANT PINK HEART MEMO HOLDER,462.15,238,0.0024,99.0255,0
84984A,GREEN PEONY CUSHION COVER,462.12,266,0.0024,99.0279,0
20616,CHERRY BLOSSOM PASSPORT COVER,461.88,287,0.0024,99.0303,0
90145,SILVER HOOP EARRINGS WITH FLOWER,461.81,76,0.0024,99.0327,0
85204,HANGING WOOD AND FELT FLOWER,461.74,2354,0.0024,99.0351,0
72789,BASKET/8 SCENTED LOVE TOKEN CANDLES,461.53,250,0.0024,99.0375,0
84948,SILVER HANGING T-LIGHT HOLDER DOME,459.21,273,0.0024,99.0399,0
47422,ASSORTED MONKEY SUCTION CUP HOOK,458.76,1178,0.0024,99.0422,0
16218,CARTOON  PENCIL SHARPENERS,454.52,4632,0.0024,99.0446,0
21757,LIGHTHOUSE PRINTED METAL SIGN,454.3,92,0.0024,99.047,0
90010A,MIDNIGHT BLUE GLASS/SILVER BRACELET,452.8,75,0.0024,99.0493,0
84597C,RETRO PINK BALL ASHTRAY,452.23,365,0.0024,99.0517,0
20621,ECONOMY PASSPORT COVER,451.67,371,0.0023,99.054,0
23548,WRAP MAGIC FOREST,451.5,1075,0.0023,99.0564,0
23509,MINI PLAYING CARDS FUN FAIR,451.46,1062,0.0023,99.0587,0
82081,PINK HEARTS PHOTO ALBUM,451.35,174,0.0023,99.0611,0
72128,COLUMBIAN CANDLE ROUND,450.74,724,0.0023,99.0634,0
90013A,MIDNIGHT BLUE VINTAGE EARRINGS,445.7,118,0.0023,99.0657,0
84857C,PINK MONTE CARLO HANDBAG,445.03,221,0.0023,99.068,0
85230G,ORANGE VOTIVE CANDLE,439.68,1728,0.0023,99.0703,0
90154,LAZER CUT NECKLACE W PASTEL BEADS,439.65,59,0.0023,99.0726,0
79030A,"TUMBLER, ENGLISH ROSE",438.25,363,0.0023,99.0749,0
23023,RIDGED BONNE JAM JAR T-LIGHT HOLDER,437.82,274,0.0023,99.0772,0
21027,NINJA RABBIT PINK,437.37,411,0.0023,99.0794,0
84510F,SET OF 4 NEW ENGLAND COASTERS,432.75,1099,0.0022,99.0817,0
84798A,PINK FOXGLOVE ARTIIFCIAL FLOWER,432.45,195,0.0022,99.0839,0
37464,ROBOT MUG IN DISPLAY BOX,432.43,317,0.0022,99.0862,0
23058,CHRISTMAS HANGING SNOWFLAKE,430.86,490,0.0022,99.0884,0
21678,PAISLEY PATTERN  STICKERS,430.61,580,0.0022,99.0907,0
84422,PINK/BLUE DISC/MIRROR STRING,429.61,783,0.0022,99.0929,0
20851,ZINC HEART LATTICE TRAY OVAL,429.57,336,0.0022,99.0951,0
16045,POPART WOODEN PENCILS ASST,429.44,9312,0.0022,99.0974,0
22395,PAPERWEIGHT VINTAGE PAISLEY,428.94,237,0.0022,99.0996,0
21520,BOOZE & WOMEN GREETING CARD,428.45,995,0.0022,99.1018,0
84801A,PINK HYDRANGEA ART FLOWER,427.44,272,0.0022,99.104,0
21028,NINJA RABBIT BLACK,426.41,324,0.0022,99.1063,0
90184A,AMBER CHUNKY BEAD BRACELET W STRAP,425.57,47,0.0022,99.1085,0
20715,LITTLE FLOWER SHOPPER BAG,424.0,400,0.0022,99.1107,0
45016,DECORATIVE NET CANOPY LEOPARD,423.73,101,0.0022,99.1129,0
16207A,PINK STRAWBERRY HANDBAG,423.53,276,0.0022,99.1151,0
16008,SMALL FOLDING SCISSOR(POINTED EDGE),423.46,3143,0.0022,99.1173,0
23044,PAPER LANTERN 9 POINT HOLLY STAR S,423.29,101,0.0022,99.1195,0
47579,TEA TIME BREAKFAST BASKET,422.97,186,0.0022,99.1217,0
21729,SMALL MARAKESH METAL  LANTERN,422.9,295,0.0022,99.1239,0
72801E,S/4 FESTIVE GREEN DINNER CANDLES,422.32,776,0.0022,99.1261,0
20857,BLUE ROSE PATCH PURSE PINK BUTTERFL,420.75,255,0.0022,99.1283,0
46126A,ELVIS WALLHANGING / CURTAIN,419.99,317,0.0022,99.1304,0
84967C,GREEN KASHMIRI OCCASIONAL TABLE,419.85,9,0.0022,99.1326,0
84770,ROUND GEORGIAN SILVER MIRROR,419.25,135,0.0022,99.1348,0
72780,BLACK SILOUETTE CANDLE PLATE,418.18,514,0.0022,99.137,0
22032,BOTANICAL LILY GREETING CARD,418.12,980,0.0022,99.1391,0
35240,ENAMEL BLUE RIM OVAL TRAY SET/2,416.01,98,0.0022,99.1413,0
21025,SPACE FROG,414.89,313,0.0022,99.1435,0
84529C,YELLOW KNITTED KIDS RUCKSACK,414.74,78,0.0022,99.1456,0
84007,MAGIC GARDEN MOUNT FUJI,413.12,157,0.0021,99.1478,0
85112,S/3 TEAR DROP CUT GLASS DECORATION,412.77,465,0.0021,99.1499,0
23459,DOLLY CABINET 2 DRAWERS,412.5,33,0.0021,99.1521,0
20666,ECONOMY HOLIDAY PURSE,412.45,911,0.0021,99.1542,0
23415,HOME SWEET HOME HOOK,412.18,328,0.0021,99.1563,0
84711A,SILVER OVAL SHAPE TRINKET BOX,410.85,44,0.0021,99.1585,0
21341,KASBAH LANTERN WITH GLASS,410.64,84,0.0021,99.1606,0
90149,SILVER FLOWR PINK SHELL NECKLACE,410.26,62,0.0021,99.1627,0
16169F,WRAP BLIZZARD,409.5,975,0.0021,99.1649,0
21698,MOCK LOBSTER FRIDGE MAGNET,408.97,1016,0.0021,99.167,0
21252,SET OF MEADOW  FLOWER STICKERS,408.66,169,0.0021,99.1691,0
90206C,CRYSTAL DIAMANTE STAR BROOCH,407.7,81,0.0021,99.1712,0
90180A,BLACK+WHITE NECKLACE W TASSEL,406.59,45,0.0021,99.1734,0
82076,BEECH WOOD PHOTO FRAME,403.64,290,0.0021,99.1755,0
84984C,ORIENTAL BLUE C/COVER,401.16,232,0.0021,99.1775,0
23339,EGG FRYING PAN BLUE,400.84,173,0.0021,99.1796,0
23576,SNACK TRAY RED VINTAGE DOILY,400.04,198,0.0021,99.1817,0
23429,RED RETRO KITCHEN WALL CLOCK,400.01,47,0.0021,99.1838,0
90120A,PINK MURANO TWIST BRACELET,399.92,94,0.0021,99.1859,0
23039,T-LIGHT HOLDER SILVER HEART HANDLE,399.71,199,0.0021,99.1879,0
85007,SET OF 3 VINTAGE TEA TIME BOXES,399.62,143,0.0021,99.19,0
16156L,"WRAP, CAROUSEL",399.0,950,0.0021,99.1921,0
84497,BUTTONS AND STRIPES NOTEBOOK,398.38,287,0.0021,99.1942,0
20889,JARDIN DE FEMME SCENTED CANDLE,398.04,657,0.0021,99.1962,0
85167A,WHITE GRAND BAROQUE PHOTO FRAME,396.8,178,0.0021,99.1983,0
90158,ST TROPEZ NECKLACE,396.5,79,0.0021,99.2004,0
84804A,CREAM DELPHINIUM ARTIFICIAL FLOWER,396.38,218,0.0021,99.2024,0
84726,LILLIES CANVAS PICTURE,394.85,233,0.0021,99.2045,0
21736,GOLD SCROLL GLASS T-LIGHT HOLDER,393.69,351,0.002,99.2065,0
22869,NUMBER TILE COTTAGE GARDEN 1,393.63,167,0.002,99.2086,0
23661,MILK MAIDS MUG,393.59,219,0.002,99.2106,0
90208,PAIR OF PINK FLOWER CLUSTER SLIDE,391.91,161,0.002,99.2126,0
23150,IVORY SWEETHEART SOAP DISH,390.75,148,0.002,99.2147,0
47562,ENGLISH ROSE IRONING BOARD COVER,390.0,184,0.002,99.2167,0
84081,WHITE CERAMIC PARTY SET (5PCS),389.3,102,0.002,99.2187,0
16044,POP-ART FLUORESCENT PENS,389.22,6289,0.002,99.2208,0
79051A,SMOKEY GREY COLOUR D.O.F. GLASS,388.98,943,0.002,99.2228,0
23337,EGG FRYING PAN MINT,388.75,180,0.002,99.2248,0
84292,ROSE PINK METAL FOLDING CHAIR,385.98,75,0.002,99.2268,0
90082A,DIAMANTE BOW BROOCH GREEN COLOUR,385.46,60,0.002,99.2288,0
90070,RUBY GLASS CLUSTER BRACELET,385.15,63,0.002,99.2308,0
84429A,MEDIUM PINK BUDDHA HEAD,383.6,111,0.002,99.2328,0
90201A,PURPLE ENAMEL FLOWER RING,382.84,130,0.002,99.2348,0
23116,VEGETABLE GARDEN CHOPPING BOARD,382.44,76,0.002,99.2368,0
16258A,SWIRLY CIRCULAR RUBBERS IN BAG,379.29,1068,0.002,99.2388,0
20670,VIP HOLIDAY PURSE,378.85,694,0.002,99.2407,0
84760S,SMALL HANGING GLASS+ZINC LANTERN,377.61,236,0.002,99.2427,0
20976,12 PENCILS SMALL TUBE POSY,376.34,554,0.002,99.2446,0
85033G,SET/6 GOLD REINDEER T-LIGHT CANDLES,376.05,236,0.002,99.2466,0
20663,QUEEN OF THE SKIES HOLIDAY PURSE,374.43,1076,0.0019,99.2485,0
90134,OLD ROSE COMBO BEAD NECKLACE,373.88,127,0.0019,99.2505,0
79190A,RETRO PLASTIC 70'S TRAY,372.67,808,0.0019,99.2524,0
35968,FOLK ART METAL HEART T-LIGHT HOLDER,372.46,857,0.0019,99.2544,0
84680,CLASSICAL ROSE URN,372.3,98,0.0019,99.2563,0
22870,NUMBER TILE COTTAGE GARDEN 2,372.18,156,0.0019,99.2582,0
84741C,CITRUS GARLAND FELT FLOWERS,372.14,193,0.0019,99.2602,0
16216,LETTER SHAPE PENCIL SHARPENER,371.64,4158,0.0019,99.2621,0
20906,VINTAGE NOTEBOOK BEAUTY GIRL,371.19,102,0.0019,99.264,0
78033,FLAG OF ST GEORGE CHAIR,370.6,156,0.0019,99.2659,0
90013C,GREEN VINTAGE EARRINGS,370.51,92,0.0019,99.2679,0
79336,LIGHT PINK FLOCK GLASS CANDLEHOLDER,369.78,924,0.0019,99.2698,0
84898F,YELLOW FLOWERS FELT HANDBAG KIT,367.45,172,0.0019,99.2717,0
47503G,ASS FLORAL PRINT TAPE MEASURE,367.36,284,0.0019,99.2736,0
23575,SNACK TRAY PAISLEY PARK,367.35,179,0.0019,99.2755,0
21038,SET/4 MODERN VINTAGE COTTON NAPKINS,367.28,170,0.0019,99.2774,0
47504G,ENGLISH ROSE TAPE MEASURE,366.81,291,0.0019,99.2793,0
35915A,CREAM KNITTED HEN,365.76,288,0.0019,99.2812,0
90019A,SILVER M.O.P ORBIT BRACELET,365.61,70,0.0019,99.2831,0
90161A,ANT COPPER RED BOUDICCA BRACELET,365.23,73,0.0019,99.285,0
85094,CANDY SPOT EGG WARMER RABBIT,363.5,761,0.0019,99.2869,0
90160A,PURPLE BOUDICCA LARGE BRACELET,362.51,52,0.0019,99.2888,0
46000R,POLYESTER FILLER PAD 45x30cm,361.05,309,0.0019,99.2907,0
21946,PARTY TIME DESIGN FLANNEL,358.97,625,0.0019,99.2926,0
90036E,"FLOWER GLASS GARLD NECKL36""AMETHYST",358.87,45,0.0019,99.2944,0
23579,SNACK TRAY I LOVE LONDON,358.75,177,0.0019,99.2963,0
84881,BLUE WIRE SPIRAL CANDLE HOLDER,355.64,54,0.0018,99.2981,0
20799,PINK MILKSHAKE GLASS,355.33,201,0.0018,99.3,0
72487,ROSES WHITE ROUND CANDLE,355.05,828,0.0018,99.3018,0
20950,SET/6  ANGEL T-LIGHTS WHITE/GOLD,353.39,689,0.0018,99.3037,0
22039,BOTANICAL LILY GIFT WRAP,353.0,850,0.0018,99.3055,0
84870C,GREEN GEISHA GIRL,352.86,99,0.0018,99.3073,0
23420,PANTRY HOOK TEA STRAINER,351.37,164,0.0018,99.3092,0
90201C,RED ENAMEL FLOWER RING,350.94,119,0.0018,99.311,0
90175C,BLUE GLASS CHUNKY CHARM BRACELET,350.85,39,0.0018,99.3128,0
21306,SET/4 DAISY MIRROR MAGNETS,350.36,684,0.0018,99.3146,0
35833P,4 PINK FLOCK CHRISTMAS BALLS,350.14,213,0.0018,99.3165,0
23421,PANTRY HOOK SPATULA,349.2,160,0.0018,99.3183,0
84535A,ENGLISH ROSE NOTEBOOK A6 SIZE,346.93,1071,0.0018,99.3201,0
90178A,AMBER CHUNKY GLASS+BEAD NECKLACE,346.31,29,0.0018,99.3219,0
22257,FELT FARM ANIMAL SHEEP,345.48,419,0.0018,99.3237,0
35914,PINK CHICK EGG WARMER + EGG CUP,345.0,259,0.0018,99.3255,0
90148,LONG SILVER NECKLACE PASTEL FLOWER,343.98,27,0.0018,99.3272,0
21722,SWEET PUDDING STICKER SHEET,343.78,363,0.0018,99.329,0
20940,SET/6 GARDEN GNOME T-LIGHT CANDLES,342.75,120,0.0018,99.3308,0
90191,SILVER LARIAT 40CM,342.6,40,0.0018,99.3326,0
20847,ZINC HEART LATTICE CHARGER LARGE,341.97,81,0.0018,99.3344,0
72130,COLUMBIAN CANDLE ROUND,341.68,814,0.0018,99.3362,0
72811,SMALL ZINC/GLASS CANDLEHOLDER,340.45,445,0.0018,99.3379,0
17011F,ORIGAMI SANDLEWOOD INCENSE+FLOWER,340.41,386,0.0018,99.3397,0
75149N,STRING CRYSTALS NATURAL,340.0,275,0.0018,99.3415,0
18096C,WHITE ROUND PORCELAIN TLIGHT HOLDER,339.84,127,0.0018,99.3432,0
84925A,WAKE UP COCKEREL WALL THERMOMETER,339.29,195,0.0018,99.345,0
84509E,SET OF 4 CAROUSEL PLACEMATS,338.6,163,0.0018,99.3468,0
23015,CORDIAL GLASS JUG,338.38,40,0.0018,99.3485,0
84576,BLUE CAT BISCUIT BARREL PINK HEART,337.04,96,0.0018,99.3503,0
37467,PIG MUG IN TWO COLOUR DESIGNS,336.93,426,0.0018,99.352,0
90173,PAIR BUTTERFLY HAIR CLIPS,336.88,89,0.0018,99.3538,0
17109A,FLOWER FAIRY INCENSE LILY,333.61,770,0.0017,99.3555,0
23047,PAPER LANTERN 5 POINT SEQUIN STAR,333.5,58,0.0017,99.3572,0
21402,RED  EGG  SPOON,333.42,1698,0.0017,99.359,0
20688,BEAUTY SPEED EXPRESSO CUPS,332.9,884,0.0017,99.3607,0
21420,OYSTER TRINKET BOX,332.16,120,0.0017,99.3624,0
22889,NUMBER TILE VINTAGE FONT No,331.33,197,0.0017,99.3641,0
35637C,PINK STRING CURTAIN WITH POLE,331.14,100,0.0017,99.3659,0
84030C,KNITTED RAINBOW HOT WATER BOTTLE,330.78,58,0.0017,99.3676,0
35921,EASTER BUNNY HANGING GARLAND,330.32,183,0.0017,99.3693,0
22878,NUMBER TILE COTTAGE GARDEN No,330.26,128,0.0017,99.371,0
84902,PINK KNITTED COW STUFFED TOY,326.33,84,0.0017,99.3727,0
85131C,BEADED CRYSTAL HEART BLUE ON STICK,326.1,446,0.0017,99.3744,0
84706A,ENGLISH ROSE TABLE CLOCK,325.88,138,0.0017,99.3761,0
21309,LOUVRE CHALKBOARD,325.6,50,0.0017,99.3778,0
90209A,PURPLE ENAMEL+GLASS HAIR COMB,325.5,173,0.0017,99.3795,0
90018A,SILVER M.O.P ORBIT DROP EARRINGS,325.47,77,0.0017,99.3812,0
23037,CANDLE HOLDER SILVER MADELINE,325.16,196,0.0017,99.3829,0
23478,WOODLAND LARGE PINK FELT HEART,324.4,285,0.0017,99.3846,0
85070,ANT WHITE SWEETHEART TABLE W 3 DRAW,320.0,6,0.0017,99.3862,0
21401,BLUE PUDDING SPOON,319.07,1444,0.0017,99.3879,0
84661A,WHITE SQUARE TABLE CLOCK,319.01,224,0.0017,99.3895,0
85089,CANDY SPOT BUNNY,317.54,99,0.0017,99.3912,0
85033S,SET/6 SILVER REINDEER T-LIGHTS,317.35,259,0.0016,99.3928,0
84933C,LARGE BLUE ORIENTAL FOLDING STOOL,317.0,140,0.0016,99.3945,0
84673A,PINK FLY SWAT,314.84,500,0.0016,99.3961,0
17012E,ORIGAMI OPIUM INCENSE/CANDLE SET,314.36,270,0.0016,99.3978,0
84933A,LARGE GREEN PEONY FOLDING STOOL,314.35,131,0.0016,99.3994,0
84522,PINK PARTY SUNGLASSES,313.81,187,0.0016,99.401,0
46000U,POLYESTER FILLER PAD 30CMx30CM,313.75,281,0.0016,99.4027,0
84906,PINK B'FLY C/COVER W BOBBLES,313.42,74,0.0016,99.4043,0
23695,DOILY THANK YOU CARD,313.24,741,0.0016,99.4059,0
84802A,WHITE ANEMONE ARTIFICIAL FLOWER,312.65,189,0.0016,99.4075,0
84838,ANT WHITE HIGH RISE BIRD BOX,312.5,50,0.0016,99.4092,0
22872,NUMBER TILE COTTAGE GARDEN 4,311.3,136,0.0016,99.4108,0
35979,SIX STRING SCANDINAVIAN HEART DECS,311.03,94,0.0016,99.4124,0
84623,PINK GINGHAM ROSE FLOOR CUSHION,310.44,56,0.0016,99.414,0
47593A,CAROUSEL DESIGN BABY BIB,309.18,319,0.0016,99.4156,0
20795,LARGE BLUE PROVENCAL CERAMIC BALL,308.7,135,0.0016,99.4172,0
77081,FLOWER WINDMILL,308.38,456,0.0016,99.4188,0
21196,ROUND WHITE CONFETTI IN TUBE,306.89,178,0.0016,99.4204,0
23495,SET OF 3 PANTRY WOODEN SPOONS,306.66,225,0.0016,99.422,0
90196A,PURPLE GEMSTONE NECKLACE 45CM,306.0,24,0.0016,99.4236,0
44235,ASS COL CIRCLE MOBILE,305.94,821,0.0016,99.4252,0
16254,TRANSPARENT ACRYLIC TAPE DISPENSER,305.66,1011,0.0016,99.4268,0
84926A,WAKE UP COCKEREL TILE COASTER,305.59,673,0.0016,99.4284,0
20800,LARGE GLASS SUNDAE DISH CLEAR,303.96,1005,0.0016,99.43,0
84219,BOX/12 MOTHER & CHICK IN BASKET/BOW,303.86,146,0.0016,99.4315,0
90129A,PINK GLASS TASSLE BAG CHARM,303.68,156,0.0016,99.4331,0
84247N,PACK/12 BLUE FOLKART CARDS,303.38,231,0.0016,99.4347,0
85147,JARDIN ETCHED GLASS CANDLEHLDR LONG,301.95,61,0.0016,99.4363,0
23430,BLUE RETRO KITCHEN WALL CLOCK,301.88,36,0.0016,99.4378,0
35645,VINTAGE BEAD PINK JEWEL BOX,301.81,82,0.0016,99.4394,0
21321,GLASS CHALICE BLUE  LARGE,301.8,128,0.0016,99.441,0
90098,NECKLACE+BRACELET PINK BUTTERFLY,301.28,137,0.0016,99.4425,0
90035C,"PEARL & SHELL 42""NECKL. IVORY",301.0,28,0.0016,99.4441,0
23440,PAINT YOUR OWN EGGS IN CRATE,299.36,164,0.0016,99.4456,0
17001,HEAVENS SCENT FRAGRANCE OILS ASSTD,299.35,1895,0.0016,99.4472,0
90124A,PINK MURANO TWIST NECKLACE,299.28,30,0.0016,99.4488,0
47471,RAINBOW PEGS PHOTO CLIP STRING,298.51,431,0.0016,99.4503,0
35981C,WHITE SNOW SCANDINAVIAN STOCKING,297.62,711,0.0015,99.4519,0
84627,CANDY STRIPE ROSE C/COVER,297.5,79,0.0015,99.4534,0
90115,SUMMER BUTTERFLIES BAG CHARM,296.53,115,0.0015,99.4549,0
35920,FOUR RABBIT EASTER DECORATIONS,296.34,1070,0.0015,99.4565,0
DCGSSGIRL,GIRLS PARTY BAG,295.63,192,0.0015,99.458,0
20869,GOLD FABRIC MIRROR,295.12,529,0.0015,99.4596,0
21697,SET 5 MINI DOUGHNUT FRIDGE MAGNET,295.08,372,0.0015,99.4611,0
84508C,BLUE CIRCLES DESIGN TEDDY,295.08,108,0.0015,99.4626,0
21144,PINK POODLE HANGING DECORATION,294.19,545,0.0015,99.4642,0
22954,HEN PARTY CORDON BARRIER TAPE,293.89,238,0.0015,99.4657,0
21367,MIRRORED WALL ART GENTS,293.7,215,0.0015,99.4672,0
84482,BUTTONS DESIGN JEWELLERY BOX,293.02,75,0.0015,99.4687,0
72801F,S/4 FESTIVE RED DINNER CANDLES,292.5,234,0.0015,99.4703,0
21030,SPACE CADET RED,292.15,240,0.0015,99.4718,0
DCGS0076,SUNJAR LED NIGHT NIGHT LIGHT,292.09,18,0.0015,99.4733,0
37422,WHITE WITH BLACK CATS BOWL,292.08,443,0.0015,99.4748,0
84800S,SMALL WHITE/PINK ROSE ART FLOWER,292.04,388,0.0015,99.4763,0
23567,EGG CUP HENRIETTA HEN PINK,291.58,211,0.0015,99.4778,0
84529A,PINK KNITTED KIDS RUCKSACK,290.78,329,0.0015,99.4794,0
20826,SILVER APERITIF GLASS,290.72,355,0.0015,99.4809,0
16202A,PASTEL PINK PHOTO ALBUM,290.45,662,0.0015,99.4824,0
21388,IVORY HANGING DECORATION  CHICKEN,290.17,311,0.0015,99.4839,0
23410,CURIO CABINET LINEN AND LACE,290.1,36,0.0015,99.4854,0
84882,GREEN WIRE STANDING CANDLE HOLDER,289.43,66,0.0015,99.4869,0
22871,NUMBER TILE COTTAGE GARDEN 3,289.39,127,0.0015,99.4884,0
90185C,BLACK DIAMANTE EXPANDABLE RING,288.95,68,0.0015,99.4899,0
72812,LARGE ZINC GLASS CANDLEHOLDER,288.46,105,0.0015,99.4914,0
20987,GEISHA GIRL CHOPSTICKS SET/5,288.35,131,0.0015,99.4929,0
16212,FUNKY GIRLZ ASST MAGNETIC MEMO PAD,287.01,439,0.0015,99.4944,0
47578A,ENGLISH ROSE SMALL SCENTED FLOWER,286.68,315,0.0015,99.4959,0
20821,GOLDIE LOOKING MIRROR,286.42,53,0.0015,99.4974,0
84192,ASSORTED COLOUR METAL CAT,286.1,238,0.0015,99.4989,0
90014C,SILVER/BLACK ORBIT NECKLACE,284.68,29,0.0015,99.5003,0
37413,ICON MUG REVOLUTIONARY,284.49,6271,0.0015,99.5018,0
20980,36 PENCILS TUBE POSY,283.56,234,0.0015,99.5033,0
82093,HEART SHAPE BUTTON FRAME,283.49,139,0.0015,99.5048,0
16052,TEATIME PUSH DOWN RUBBER,283.0,1530,0.0015,99.5062,0
21095,SET/6 POSIES PAPER PLATES,281.37,498,0.0015,99.5077,0
84977,WIRE FLOWER T-LIGHT HOLDER,281.33,306,0.0015,99.5092,0
23481,PEARLISED IVORY HEART SMALL,281.17,228,0.0015,99.5106,0
90163A,PINK ROSEBUD & PEARL NECKLACE,280.71,37,0.0015,99.5121,0
72739C,DARK CHOCOLATE SCENTCANDLE,279.08,326,0.0015,99.5135,0
21412,VINTAGE GOLD TINSEL REEL,279.0,275,0.0015,99.515,0
90085,CRYSTAL STILETTO PHONE CHARM,278.85,313,0.0014,99.5164,0
84457,SET/3 RABBITS FLOWER SKIPPPING ROPE,278.73,291,0.0014,99.5179,0
84926F,PSYCHEDELIC TILE COASTER,277.9,484,0.0014,99.5193,0
84927F,PSYCHEDELIC TILE HOOK,277.53,336,0.0014,99.5208,0
90146,FINE SILVER NECKLACE W PASTEL FLOWE,276.49,41,0.0014,99.5222,0
84966C,GREEN KASHMIRI BOXED MIRROR,276.0,39,0.0014,99.5236,0
21372,MIRRORED WALL ART TABLE LAMP,275.87,158,0.0014,99.5251,0
23137,ZINC WIRE SWEETHEART LETTER TRAY,275.62,83,0.0014,99.5265,0
47586A,PINK FAIRY CAKE CUSHION COVER,275.53,202,0.0014,99.5279,0
84924F,PSYCHEDELIC METAL SIGN CALENDAR,274.55,975,0.0014,99.5294,0
21193,WHITE HONEYCOMB PAPER FAN,274.37,112,0.0014,99.5308,0
75178,ASSTD COL BUTTERFLY/CRYSTAL W/CHIME,273.93,497,0.0014,99.5322,0
90122A,PINK CRYSTAL+GLASS BRACELET,273.89,55,0.0014,99.5336,0
23141,TRIPLE WIRE HOOK PINK HEART,272.91,79,0.0014,99.5351,0
22875,NUMBER TILE COTTAGE GARDEN 7,272.56,124,0.0014,99.5365,0
35096A,BLUE VICTORIAN FABRIC HEART BOX,272.45,819,0.0014,99.5379,0
84499,BLACK FLOWER CANDLE PLATE,272.17,326,0.0014,99.5393,0
22874,NUMBER TILE COTTAGE GARDEN 6,272.02,126,0.0014,99.5407,0
90032,IVORY SHELL HEART NECKLACE,271.88,48,0.0014,99.5421,0
22877,NUMBER TILE COTTAGE GARDEN 9,271.64,128,0.0014,99.5435,0
23474,WOODLAND SMALL BLUE FELT HEART,270.96,312,0.0014,99.545,0
22868,NUMBER TILE COTTAGE GARDEN 0,270.38,124,0.0014,99.5464,0
90129E,PURPLE GLASS TASSLE BAG CHARM,269.78,133,0.0014,99.5478,0
47591A,CAROUSEL DES CHILD'S APRON,269.54,163,0.0014,99.5492,0
85195,HANGING HEART BASKET,269.44,245,0.0014,99.5506,0
90122C,TURQUOISE CRYSTAL+GLASS BRACELET,269.1,54,0.0014,99.552,0
72793,BLACK BOX MIRROR LANTERN,268.75,55,0.0014,99.5534,0
20818,GOLD TEDDY BEAR,268.5,87,0.0014,99.5548,0
47481,50CM METAL STRING WITH  7 CLIPS,267.53,327,0.0014,99.5561,0
22873,NUMBER TILE COTTAGE GARDEN 5,266.71,121,0.0014,99.5575,0
90096,NECKLACE+BRACELET SET BLUE BLOSSOM,266.44,113,0.0014,99.5589,0
44234,ASSORTED CIRCULAR MOBILE,264.76,1220,0.0014,99.5603,0
23476,WOODLAND LARGE RED FELT HEART,264.72,205,0.0014,99.5617,0
21370,MIRRORED WALL ART FOXY,264.67,56,0.0014,99.563,0
21950,SET OF 6 DOTS CHOPSTICKS,263.63,282,0.0014,99.5644,0
90157,RIVIERA NECKLACE,263.28,53,0.0014,99.5658,0
84613C,BLUE NEW BAROQUE FLOCK CANDLESTICK,262.71,63,0.0014,99.5672,0
22876,NUMBER TILE COTTAGE GARDEN 8,262.59,121,0.0014,99.5685,0
21268,VINTAGE BLUE TINSEL REEL,262.5,447,0.0014,99.5699,0
84806A,PINK CANDYSTUFT ARTIFICIAL FLOWER,261.91,319,0.0014,99.5712,0
90028,NEW BAROQUE LARGE NECKLACE BLK/WHIT,261.77,31,0.0014,99.5726,0
17038,PORCELAIN BUDAH INCENSE HOLDER,261.51,2659,0.0014,99.574,0
85095,THREE CANVAS LUGGAGE TAGS,261.04,175,0.0014,99.5753,0
79328,BLUE FLOCK GLASS CANDLEHOLDER,260.76,594,0.0014,99.5767,0
90073,VINTAGE ENAMEL & CRYSTAL EARRINGS,260.52,52,0.0014,99.578,0
22882,NUMBER TILE VINTAGE FONT 3,259.29,127,0.0013,99.5794,0
90035A,"PEARL & SHELL 42""NECKL. GREEN",257.55,24,0.0013,99.5807,0
85179C,PINK BITTY LIGHT CHAIN,257.15,116,0.0013,99.5821,0
84371,BIG PINK POODLE,257.1,30,0.0013,99.5834,0
90081C,LILY BROOCH OLIVE COLOUR,255.56,51,0.0013,99.5847,0
10123C,HEARTS WRAPPING TAPE,255.06,651,0.0013,99.586,0
21032,SPACE CADET WHITE,254.66,205,0.0013,99.5874,0
84461,12 PINK HEN+CHICKS IN BASKET,253.79,149,0.0013,99.5887,0
90087,CRYSTAL SEA HORSE PHONE CHARM,252.88,352,0.0013,99.59,0
21493,VINTAGE DESIGN GIFT TAGS,252.45,275,0.0013,99.5913,0
79338,DARK PINK FLOCK GLASS CANDLEHOLDER,252.29,553,0.0013,99.5926,0
47503H,ASS FLORAL PRINT SPIRIT LEVEL,252.28,276,0.0013,99.5939,0
23149,ANTIQUE IVORY WIRE BOWL SMALL,251.45,99,0.0013,99.5952,0
DCGSSBOY,BOYS PARTY BAG,251.35,177,0.0013,99.5965,0
90170,DAISY HAIR BAND,251.27,151,0.0013,99.5979,0
20836,FRENCH PAISLEY CUSHION COVER,250.0,224,0.0013,99.5992,0
21460,GREEN EASTER EGG HUNT START POST,249.65,113,0.0013,99.6005,0
90129C,GREEN GLASS TASSLE BAG CHARM,248.36,110,0.0013,99.6017,0
90081A,LILY BROOCH AMETHYST COLOUR,247.75,50,0.0013,99.603,0
23465,TUSCAN VILLA BIRD FEEDER,247.63,29,0.0013,99.6043,0
84621,BLUE GINGHAM ROSE FLOOR CUSHION,247.26,29,0.0013,99.6056,0
90036C,"FLOWER GLASS GARLAND NECKL.36""BLUE",246.83,31,0.0013,99.6069,0
82011A,"BATHROOM SCALES, TROPICAL BEACH",246.58,59,0.0013,99.6082,0
46307,ROSES BLUE BASE CUSHION COVER,246.03,108,0.0013,99.6094,0
35818P,"ACRYLIC JEWEL ICICLE, PINK",245.51,560,0.0013,99.6107,0
90119,METALIC LEAVES BAG CHARMS,243.07,97,0.0013,99.612,0
23475,WOODLAND SMALL PINK FELT HEART,242.18,286,0.0013,99.6132,0
23143,ZINC WIRE KITCHEN ORGANISER,239.97,30,0.0012,99.6145,0
84629,WHITE 3 FRAME BIRDS AND TREE,237.8,44,0.0012,99.6157,0
82553,POP'S GREASY SPOON METAL SIGN,237.73,115,0.0012,99.617,0
90185A,AMBER DIAMANTE EXPANDABLE RING,237.53,56,0.0012,99.6182,0
21369,MIRRORED WALL ART SPLODGES,236.73,135,0.0012,99.6194,0
90133,TEAL/FUSCHIA COL BEAD NECKLACE,236.46,47,0.0012,99.6207,0
84247K,"FOLK ART GREETING CARD,pack/12",236.43,123,0.0012,99.6219,0
20891,LARGE GLASS ROSE SCENTED CANDLE,236.33,684,0.0012,99.6231,0
82585,SWEET VALENCIA CANDLE+CUP,235.9,169,0.0012,99.6243,0
23580,SNACK TRAY HAPPY FOREST,234.92,116,0.0012,99.6256,0
22880,NUMBER TILE VINTAGE FONT 1,234.48,112,0.0012,99.6268,0
20855,PINK PATCH PURSE BLUE HEART,234.3,142,0.0012,99.628,0
20736,PINK MINI TAPE MEASURE,233.5,484,0.0012,99.6292,0
37483,ENGLISH ROSE MUG IN GIFT BOX,232.89,287,0.0012,99.6304,0
23036,T-LIGHT HOLDER SILVER PETIT FOUR,232.42,184,0.0012,99.6316,0
35991,SET/6 BLACK SNOWFLAKE T-LIGHTS,232.08,447,0.0012,99.6328,0
23447,PINK BUNNY EASTER EGG BASKET,231.9,158,0.0012,99.634,0
21226,POCKET MIRROR WOODLAND,231.8,248,0.0012,99.6353,0
16202C,BEIGE PHOTO ALBUM,230.59,97,0.0012,99.6364,0
90116,FRUIT SALAD BAG CHARM,230.54,108,0.0012,99.6376,0
90164A,PINK ROSEBUD PEARL BRACELET,230.39,40,0.0012,99.6388,0
23446,BLUE BUNNY EASTER EGG BASKET,230.25,157,0.0012,99.64,0
22884,NUMBER TILE VINTAGE FONT 5,229.89,113,0.0012,99.6412,0
37508,NEW ENGLAND CERAMIC CAKE SERVER,229.57,89,0.0012,99.6424,0
72781,BLACK SILOUETTE CANDLE PLATE,229.5,121,0.0012,99.6436,0
21639,ASSORTED TUTTI FRUTTI KEYRING,228.65,259,0.0012,99.6448,0
17084P,DRAGONS BLOOD INCENSE,228.43,1016,0.0012,99.646,0
90090,PINK CRYSTAL HEART PHONE CHARM,227.72,302,0.0012,99.6472,0
35833G,4 GOLD FLOCK CHRISTMAS BALLS,227.38,164,0.0012,99.6484,0
84705C,PINK FLOCK PHOTO FRAME,227.33,170,0.0012,99.6495,0
23003,TRAVEL CARD WALLET VINTAGE ROSE,226.2,542,0.0012,99.6507,0
90155,RESIN NECKLACE W PASTEL BEADS,226.16,30,0.0012,99.6519,0
84966A,PINK KASHMIRI BOXED MIRROR,225.95,13,0.0012,99.6531,0
TEST001,This is a test product.,225.0,60,0.0012,99.6542,0
90019C,SILVER BLACK ORBIT BRACELET,224.4,42,0.0012,99.6554,0
84927E,FLOWERS TILE HOOK,224.31,494,0.0012,99.6566,0
17011C,ORIGAMI LAVENDER INCENSE+FLOWER,221.4,335,0.0012,99.6577,0
90005A,JADE GREEN ENAMEL HAIR COMB,221.09,111,0.0011,99.6589,0
21102,"CANDLE IN JAR COLLAGE , VANILLA",221.08,82,0.0011,99.66,0
17090A,LAVENDER INCENSE 40 CONES IN TIN,220.75,215,0.0011,99.6612,0
84725,FREESTYLE CANVAS ART PICTURE,220.75,135,0.0011,99.6623,0
62086A,PINK RETRO BIG FLOWER BAG,220.35,113,0.0011,99.6635,0
90124C,GREEN MURANO TWIST NECKLACE,220.21,22,0.0011,99.6646,0
90056,CHUNKY CRACKED GLAZE NECKLACE IVORY,218.99,20,0.0011,99.6657,0
85168A,WHITE BAROQUE CARRIAGE CLOCK,218.9,22,0.0011,99.6669,0
90058A,CRYSTAL STUD EARRINGS CLEAR DISPLAY,218.88,576,0.0011,99.668,0
22881,NUMBER TILE VINTAGE FONT 2,218.82,112,0.0011,99.6692,0
90214A,"LETTER ""A"" BLING KEY RING",218.75,219,0.0011,99.6703,0
22883,NUMBER TILE VINTAGE FONT 4,217.26,110,0.0011,99.6714,0
35817P,"ACRYLIC JEWEL SNOWFLAKE,PINK",216.7,420,0.0011,99.6726,0
35793,S/3 PUPPIES CHRISTMAS DECORATIONS,216.33,108,0.0011,99.6737,0
37492A,YELLOW RED FLOWER PIGGY BANK,216.07,108,0.0011,99.6748,0
84807,RED POPPY ARTIFICIAL FLOWER,215.93,233,0.0011,99.6759,0
90036A,FLOWER GARLAND NECKLACE RED,215.76,27,0.0011,99.677,0
47343A,FUSCHIA FLOWER PURSE WITH BEADS,215.2,206,0.0011,99.6782,0
21543,BUTTERFLY WATER TRANSFER TATTOOS,215.0,285,0.0011,99.6793,0
84690,S/2 BEACH HUT STOOLS,214.65,28,0.0011,99.6804,0
22885,NUMBER TILE VINTAGE FONT 6,214.47,113,0.0011,99.6815,0
48179,DOOR MAT SWEET HOME,214.47,34,0.0011,99.6826,0
90123A,PINK HEART OF GLASS BRACELET,214.07,36,0.0011,99.6837,0
84744,S/6 SEW ON CROCHET FLOWERS,213.78,168,0.0011,99.6849,0
51012C,"FEATHER DUSTER, COAL BLACK",213.75,183,0.0011,99.686,0
16201A,PASTEL PINK PHOTO ALBUM,213.37,101,0.0011,99.6871,0
21400,RED PUDDING SPOON,213.07,1078,0.0011,99.6882,0
84805A,CREAM CLIMBING HYDRANGA ART FLOWER,212.85,147,0.0011,99.6893,0
84313A,PINK TV TRAY TABLE,212.42,38,0.0011,99.6904,0
84247C,PACK/12 BLUE REINDEER CARD,212.4,94,0.0011,99.6915,0
21368,MIRRORED WALL ART LADIES,212.04,201,0.0011,99.6926,0
20827,GOLD APERITIF GLASS,209.36,173,0.0011,99.6937,0
20814,SILVER FINCH DECORATION,208.89,189,0.0011,99.6948,0
90036F,"FLOWER GLASS GARLD NECKL36""TURQUOIS",208.31,26,0.0011,99.6959,0
84706F,RED PEONY TABLE CLOCK,208.3,34,0.0011,99.6969,0
90016A,SILVER/M.O.P PENDANT ORBIT NECKLACE,207.86,29,0.0011,99.698,0
37485,ENGLISH ROSE TEA SET IN GIFT BOX,207.69,126,0.0011,99.6991,0
90210A,GREY ACRYLIC FACETED BANGLE,207.34,88,0.0011,99.7002,0
90040A,MURANO STYLE GLASS BRACELET RED,207.05,53,0.0011,99.7013,0
90186A,AMETHYST HOOP EARRING FLORAL LEAF,206.68,70,0.0011,99.7023,0
21018,BIRD BOX CHRISTMAS TREE DECORATION,203.07,411,0.0011,99.7034,0
20890,SMALL GLASS ROSE SCENTED CANDLE,202.62,605,0.0011,99.7044,0
48103,DOOR MAT KISS MY.......,201.73,37,0.001,99.7055,0
84723,CHERRY BLOSSOM CANVAS ART PICTURE,201.3,61,0.001,99.7065,0
72754A,FLOWER FAIRY POTPOURRI CUSHION LILY,201.24,292,0.001,99.7076,0
20672,PINK TEATIME PRINT BOWL,201.0,140,0.001,99.7086,0
79403,FROSTED WHITE BASE,200.68,217,0.001,99.7097,0
90144,SILVER DROP EARRINGS WITH FLOWER,199.45,53,0.001,99.7107,0
90003C,MIDNIGHT BLUE PAIR HEART HAIR SLIDE,199.16,53,0.001,99.7117,0
90000A,RASPBERRY ANT COPPER FLOWER NECKLAC,198.98,33,0.001,99.7128,0
22330,72 ROUND PINK DOILIES,197.9,302,0.001,99.7138,0
37471,MULTICOLOUR DOTS PLATE,197.85,1405,0.001,99.7148,0
84855,BLOKEY SILVER TOOL SET,196.7,61,0.001,99.7158,0
47504F,ENGLISH ROSE TORCH,196.46,527,0.001,99.7169,0
90029,NEW BAROQUE SMALL NECKLACE BLACK,195.14,23,0.001,99.7179,0
23697,A PRETTY THANK YOU CARD,194.58,456,0.001,99.7189,0
90129F,RED GLASS TASSLE BAG CHARM,194.51,87,0.001,99.7199,0
72051S,BAG OF SILVER STONES,193.41,305,0.001,99.7209,0
21582,KINGS CHOICE SMALL TUBE MATCHES,193.05,117,0.001,99.7219,0
84899F,YELLOW PURPLE DAISY FELT PURSE KIT,192.17,121,0.001,99.7229,0
47518F,ICON PLACEMAT POP ART ELVIS,190.89,912,0.001,99.7239,0
37506,NEW ENGLAND MILK JUG W GIFT BOX,190.4,32,0.001,99.7249,0
90094,NECKLACE+BRACELET SET FRUIT SALAD,190.17,171,0.001,99.7259,0
84661C,PINK SQUARE TABLE CLOCK,189.87,152,0.001,99.7269,0
84926C,FAIRY CAKES TILE COASTER,189.6,142,0.001,99.7279,0
90210C,RED   ACRYLIC FACETED BANGLE,189.52,119,0.001,99.7288,0
84803A,PINK ALLIUM  ARTIFICIAL FLOWER,189.28,118,0.001,99.7298,0
85128,PLANTPOT SINGLE HOOK PISTACHIO,188.95,167,0.001,99.7308,0
90159,COTE D'AZURE NECKLACE,188.58,38,0.001,99.7318,0
20837,FRENCH FLORAL CUSHION COVER,188.07,165,0.001,99.7328,0
90214S,"LETTER ""S"" BLING KEY RING",187.64,190,0.001,99.7337,0
90086,CRYSTAL FROG PHONE CHARM,186.96,219,0.001,99.7347,0
84893,ANT WHITE IRON BASKET,186.35,33,0.001,99.7357,0
84452,METAL RABBIT LADDER EASTER,186.16,263,0.001,99.7367,0
16053,POPART COL BALLPOINT PEN ASST,185.73,4313,0.001,99.7376,0
84877A,PINK ROUND COMPACT MIRROR,185.66,74,0.001,99.7386,0
20968,GREEN FLORAL FELTCRAFT SHOULDER BAG,185.11,44,0.001,99.7395,0
23416,CHAMBRE HOOK,184.68,132,0.001,99.7405,0
20957,PORCELAIN HANGING BELL SMALL,184.61,171,0.001,99.7415,0
35838A,S/6 MULTICOLOUR ORNAMENETAL CANDLE,184.4,257,0.001,99.7424,0
90211A,DIAMOND LAS VEGAS NECKLACE 45CM,184.39,31,0.001,99.7434,0
79144C,PAINTED LIGHTBULB RAINBOW DESIGN,184.34,311,0.001,99.7443,0
90125A,PINK BERTIE GLASS BEAD BAG CHARM,183.97,149,0.001,99.7453,0
20796,SMALL BLUE PROVENCAL CERAMIC BALL,182.16,99,0.0009,99.7462,0
84531A,PINK KNITTED EGG COSY,181.06,199,0.0009,99.7472,0
21031,SPACE CADET BLACK,180.46,146,0.0009,99.7481,0
90065A,WHITE VINTAGE CRYSTAL BRACELET,180.46,26,0.0009,99.7491,0
16043,POP ART PUSH DOWN RUBBER,180.3,2145,0.0009,99.75,0
84962,SET/3 COLOUR PAINTED KASHMIRI STOOL,179.85,3,0.0009,99.7509,0
21310,CAPIZ CHANDELIER,179.7,6,0.0009,99.7519,0
17011A,ORIGAMI VANILLA INCENSE+FLOWER,179.56,261,0.0009,99.7528,0
84464,S/60 PINK FLUFFY CHICKS IN BOX,179.1,85,0.0009,99.7537,0
90151,SILVER/NATURAL SHELL NECKLACE,178.67,21,0.0009,99.7547,0
90063A,WHITE VINT ART DECO CRYSTAL NECKLAC,178.48,21,0.0009,99.7556,0
90072,RUBY DROP CHANDELIER EARRINGS,176.31,44,0.0009,99.7565,0
82607C,GLASS BONBON JAR. SUPERFINES,175.61,115,0.0009,99.7574,0
84564,6 SEGMENT COLOURED SNACK BOWL,175.48,22,0.0009,99.7583,0
84967A,PINK KASHMIRI OCCASIONAL TABLE,174.9,3,0.0009,99.7592,0
22886,NUMBER TILE VINTAGE FONT 7,174.16,98,0.0009,99.7601,0
17014A,ORIGAMI VANILLA INCENSE CONES,173.49,480,0.0009,99.761,0
90166,PINK & WHITE ROSEBUD RING,173.18,41,0.0009,99.7619,0
75011,BLUE DAISY MOBILE,172.51,181,0.0009,99.7628,0
90214C,"LETTER ""C"" BLING KEY RING",172.28,176,0.0009,99.7637,0
90060F,FIRE POLISHED GLASS NECKL GREEN,172.08,29,0.0009,99.7646,0
90204,PAIR OF ENAMEL BUTTERFLY HAIRCLIP,171.81,51,0.0009,99.7655,0
85185C,COW  SOCK PUPPET,171.1,73,0.0009,99.7664,0
21461,BLUE EASTER EGG HUNT START POST,171.04,82,0.0009,99.7673,0
35916C,PINK FELT HANGING HEART W FLOWER,170.87,159,0.0009,99.7682,0
84706C,PINK FLOCK TABLE CLOCK,170.8,84,0.0009,99.7691,0
90190C,SILVER/AMETHYST DROP EARRINGS LEAF,170.7,58,0.0009,99.77,0
90214L,"LETTER ""L"" BLING KEY RING",168.61,179,0.0009,99.7708,0
85205A,IVORY FELT EASTER RABBIT GARLAND,168.3,66,0.0009,99.7717,0
21087,SET/6 POSIES PAPER CUPS,168.08,260,0.0009,99.7726,0
37491C,GREEN/BLUE CERAMIC CANDLE HOLDER,167.52,77,0.0009,99.7735,0
90093,CLEAR CRYSTAL STAR PHONE CHARM,167.0,210,0.0009,99.7743,0
82587,TEXRIO TOMATOES CANDLE+CUP,166.78,128,0.0009,99.7752,0
90214J,"LETTER ""J"" BLING KEY RING",166.52,162,0.0009,99.7761,0
84231,EASTER BUNNY WITH BASKET ON BACK,166.21,230,0.0009,99.7769,0
10123G,ARMY CAMO WRAPPING TAPE,165.56,2334,0.0009,99.7778,0
37479P,CUBIC MUG FLOCK PINK ON BROWN,165.18,172,0.0009,99.7786,0
23694,PAISLEY PARK CARD,165.08,376,0.0009,99.7795,0
85024C,PINK SMALL JEWELLED PHOTOFRAME,165.0,100,0.0009,99.7804,0
16202E,BLACK PHOTO ALBUM,162.73,94,0.0008,99.7812,0
20693,FLORAL DINOSAUR GREEN,161.89,33,0.0008,99.782,0
84927A,WAKE UP COCKEREL TILE HOOK,161.82,227,0.0008,99.7829,0
71496A,A4 WALL TIDY BLUE OFFICE,161.77,260,0.0008,99.7837,0
90214K,"LETTER ""K"" BLING KEY RING",161.35,157,0.0008,99.7846,0
90042A,FRESHWATER PEARL BRACELET GOLD,160.79,63,0.0008,99.7854,0
90123C,GREEN HEART OF GLASS BRACELET,160.75,27,0.0008,99.7862,0
21353,SILVER SLEIGHBELL  WREATH,160.45,20,0.0008,99.7871,0
22887,NUMBER TILE VINTAGE FONT 8,160.36,92,0.0008,99.7879,0
90059A,DIAMANTE HAIR GRIP PACK/2 CRYSTAL,160.36,96,0.0008,99.7887,0
84599,CANDY STRIPE ROSE FLOOR CUSHION,160.15,15,0.0008,99.7896,0
23305,SET 4 PICNIC CUTLERY BLUEBERRY,159.9,82,0.0008,99.7904,0
81952V,ROUND PURPLE CLOCK WITH SUCKER,159.87,464,0.0008,99.7912,0
37379A,PINK CHERRY BLOSSOM CUP & SAUCER,159.2,41,0.0008,99.7921,0
16054,POPART RECT PENCIL SHARPENER ASST,159.0,1210,0.0008,99.7929,0
85166A,WHITE METAL BAROQUE PHOTO FRAME,158.9,78,0.0008,99.7937,0
90048,GREEN WITH METAL BAG CHARM,158.89,31,0.0008,99.7945,0
22864,MUG AND COASTER SET RED CIRCLES,158.76,762,0.0008,99.7954,0
90183A,AMBER DROP EARRINGS W LONG BEADS,158.61,54,0.0008,99.7962,0
90199A,5 STRAND GLASS NECKLACE BLACK,158.57,25,0.0008,99.797,0
48175,DOOR MAT CAMOUFLAGE,158.04,39,0.0008,99.7978,0
84228,HEN HOUSE W CHICK STANDING,157.75,356,0.0008,99.7987,0
21489,BLUE WHITE SCARF HOT WATER BOTTLE,157.6,29,0.0008,99.7995,0
23417,BATHROOM HOOK,157.5,146,0.0008,99.8003,0
90030C,BROWN KUKUI COCONUT SEED NECKLACE,157.24,88,0.0008,99.8011,0
23468,TUSCAN VILLA BIRD TABLE,156.75,19,0.0008,99.8019,0
72140E,BEST DAD CANDLE LETTERS,156.72,218,0.0008,99.8027,0
17178,FLAT PALM T-LIGHT HOLDER,156.65,133,0.0008,99.8036,0
84914A,PINK ROSE PICNIC RUG,155.7,14,0.0008,99.8044,0
20664,TROPICAL HOLIDAY PURSE,155.41,66,0.0008,99.8052,0
47369A,PINK GREEN EMBROIDERY COSMETIC BAG,155.16,52,0.0008,99.806,0
90099,NECKLACE+BRACELET SET BLUE HIBISCUS,155.07,49,0.0008,99.8068,0
23496,PANTRY KITCHEN THERMOMETER,154.52,112,0.0008,99.8076,0
84510E,SET OF 4 GREEN CAROUSEL COASTERS,152.86,162,0.0008,99.8084,0
79192A,RETRO PLASTIC 70'S TRAY,152.64,114,0.0008,99.8092,0
84622,PINK GINGHAM ROSE CUSHION COVER,152.6,23,0.0008,99.81,0
90022,EDWARDIAN DROP EARRINGS JET BLACK,151.1,40,0.0008,99.8108,0
20952,PORCELAIN CHERUB BELL SMALL,150.72,814,0.0008,99.8115,0
90040C,MURANO STYLE GLASS BRACELET GOLD,150.56,42,0.0008,99.8123,0
79161A,ST GEORGE SET OF 10 PARTY LIGHTS,150.45,76,0.0008,99.8131,0
90042C,FRESHWATER PEARL BRACELET IVORY,150.21,139,0.0008,99.8139,0
35980C,REDWHITE STRIPE SCANDINAVIAN HEART,147.64,777,0.0008,99.8147,0
84720,DOT MATRIX CANVAS ART PICTURE,147.05,35,0.0008,99.8154,0
84527,FLAMES SUNGLASSES PINK LENSES,146.11,77,0.0008,99.8162,0
10120,DOGGY RUBBER,145.89,679,0.0008,99.8169,0
90214E,"LETTER ""E"" BLING KEY RING",144.38,148,0.0008,99.8177,0
90016C,SILVER/BLACK PENDANT ORBIT NECKLACE,144.07,17,0.0007,99.8184,0
72740A,LARGE STRAWBERRY CHOCOLATE CANDLE,141.23,65,0.0007,99.8192,0
84617,NEW BAROQUE BLACK BOXES,140.25,11,0.0007,99.8199,0
84765,SILVER ROCOCO CANDELABRA,140.23,9,0.0007,99.8206,0
90194,SILVER LARIAT BLACK STONE EARRINGS,140.08,33,0.0007,99.8214,0
78026,SEAGRASS S/3 SQU LAUNDRY BOX,139.95,14,0.0007,99.8221,0
23463,VINTAGE ZINC WATERING CAN,139.4,13,0.0007,99.8228,0
23304,SET 4 PICNIC CUTLERY CHERRY,138.45,71,0.0007,99.8235,0
35816P,"ACRYLIC JEWEL ANGEL,PINK",137.43,297,0.0007,99.8242,0
90156,RESIN BRACELET W PASTEL BEADS,137.37,25,0.0007,99.825,0
84549,CROCHET WHITE RABBIT KEYRING,137.27,75,0.0007,99.8257,0
84709A,SILVER OVAL JEWELLED MIRROR,136.85,63,0.0007,99.8264,0
S,SAMPLES,136.85,3,0.0007,99.8271,0
84614A,PINK BAROQUE FLOCK CANDLE HOLDER,136.73,19,0.0007,99.8278,0
72134,COLUMBIAN  CUBE CANDLE,136.51,340,0.0007,99.8285,0
35824P,"HANGING FLOWERS+MIRROR,PINK",136.44,324,0.0007,99.8292,0
90023,FILIGREE DIAMANTE EARRINGS,135.98,32,0.0007,99.8299,0
90024E,NEW BAROQUE B'FLY NECKLACE MONTANA,135.98,16,0.0007,99.8306,0
90038A,GLASS AND PAINTED BEADS BRACELET TO,135.8,36,0.0007,99.8313,0
77079,DOLPHIN WINDMILL,135.68,111,0.0007,99.832,0
90002A,FLOWER BURST SILVER RING OPAL,135.0,75,0.0007,99.8327,0
16020C,CLEAR STATIONERY BOX SET,134.5,160,0.0007,99.8334,0
22879,NUMBER TILE VINTAGE FONT 0,134.4,82,0.0007,99.8341,0
35015,JACOBS LADDER SMALL,134.08,2072,0.0007,99.8348,0
84555A,YELLOW VW BEETLE CERAMIC MONEY BOX,133.85,47,0.0007,99.8355,0
90101,WHITE FRANGIPANI NECKLACE,133.7,53,0.0007,99.8362,0
35609A,PINK FEATHER CHRISTMAS DECORATION,133.23,447,0.0007,99.8369,0
90137,PINK COMBO MINI CRYSTALS NECKLACE,132.52,26,0.0007,99.8376,0
45013,FOLDING SHOE TIDY,132.0,48,0.0007,99.8383,0
35933,PINK STOCKING CHRISTMAS DECORATION,131.38,329,0.0007,99.839,0
90138,WHITE/PINK MINI CRYSTALS NECKLACE,131.15,25,0.0007,99.8397,0
84656,WHITE ROSE C/COVER,130.9,22,0.0007,99.8403,0
22888,NUMBER TILE VINTAGE FONT 9,130.83,79,0.0007,99.841,0
16119,FUNKY GIRL ADDRESS BOOK,130.71,273,0.0007,99.8417,0
72133,COLUMBIAN CANDLE RECTANGLE,130.13,115,0.0007,99.8424,0
84925E,FLOWERS WALL THERMOMETER,130.05,75,0.0007,99.8431,0
20899,VINTAGE NOTEBOOK RED ROSE,129.8,48,0.0007,99.8437,0
90190A,SILVER/CRYSTAL DROP EARRINGS W LEAF,129.59,44,0.0007,99.8444,0
10080,GROOVY CACTUS INFLATABLE,129.29,597,0.0007,99.8451,0
84858A,NATURAL RIVIERA HANDBAG,128.83,54,0.0007,99.8457,0
90174,BUTTERFLY HAIR BAND,128.66,51,0.0007,99.8464,0
90181A,AMBER GLASS/SHELL/PEARL NECKLACE,128.64,14,0.0007,99.8471,0
84251G,"GREETING CARD, OVERCROWDED POOL.",128.41,473,0.0007,99.8478,0
85018C,UNKNOWN ITEM,127.2,48,0.0007,99.8484,0
16168S,FUNKY MONKEY GIFT BAG SMALL,126.83,1312,0.0007,99.8491,0
23303,SET 4 PICNIC CUTLERY FONDANT,126.75,65,0.0007,99.8497,0
90168,2 DAISIES HAIR COMB,126.72,43,0.0007,99.8504,0
84367,LA STREGA CANVAS PICTURE,126.3,74,0.0007,99.851,0
82607E,GLASS BONBON JAR. D'AMANDES,126.25,104,0.0007,99.8517,0
90108,BLUE BLOSSOM HAIR CLIP,125.83,109,0.0007,99.8524,0
23578,SNACK TRAY RED GINGHAM,125.72,60,0.0007,99.853,0
90002C,FLOWER BURST SILVER RING MIDN'T BLU,124.38,37,0.0006,99.8537,0
90003E,GREEN PAIR HEART HAIR SLIDES,124.12,33,0.0006,99.8543,0
90162C,ANT SILVER FUSCHIA BOUDICCA RING,123.9,42,0.0006,99.8549,0
17191A,ROSE FLOWER CANDLE+INCENSE 16X16CM,123.75,33,0.0006,99.8556,0
20816,GOLD FLOWER CUSHION COVER,123.6,24,0.0006,99.8562,0
22850,BREAD BIN DINER STYLE BLACK,123.6,16,0.0006,99.8569,0
23477,WOODLAND LARGE BLUE FELT HEART,123.47,92,0.0006,99.8575,0
21228,"POCKET MIRROR ""GLAMOROUS""",122.57,97,0.0006,99.8582,0
85190,PINK FLOWER HANGING HEART,122.46,138,0.0006,99.8588,0
90205C,LARGE CRYSTAL DIAMANTE HAIRSLIDE,122.31,78,0.0006,99.8594,0
35916A,YELLOW FELT HANGING HEART W FLOWER,122.0,135,0.0006,99.8601,0
79532,MOSAIC GLASS BALL CANDLEHOLDER,121.25,193,0.0006,99.8607,0
84199,GLOW IN DARK DOLPHINS,121.08,1514,0.0006,99.8613,0
23467,VINTAGE ZINC PLANTER,120.08,32,0.0006,99.8619,0
90051,CRACKED GLAZE NECKLACE RED,119.89,17,0.0006,99.8626,0
84886,BLUE METAL WALL SHELF,119.4,24,0.0006,99.8632,0
84867A,PINK BABY GIRLS PHOTO ALBUM,119.39,17,0.0006,99.8638,0
90179C,BLACK FINE BEAD NECKLACE W TASSEL,118.73,20,0.0006,99.8644,0
90018C,SILVER BLACK ORBIT DROP EARRINGS,118.51,28,0.0006,99.865,0
35607A,PINK FLUFFY CHRISTMAS DECORATION,118.43,555,0.0006,99.8657,0
20887,BOX OF 6 PEBBLE CANDLES,118.39,33,0.0006,99.8663,0
90139,FLOWER BROOCH 4 ASSORTED COLOURS,118.24,24,0.0006,99.8669,0
90177C,DROP DIAMANTE EARRINGS CRYSTAL,117.9,40,0.0006,99.8675,0
35824C,"HANGING FLOWERS+MIRROR,CLEAR",117.05,235,0.0006,99.8681,0
72038P,PRICE'S CANDLE PEACH,116.5,1050,0.0006,99.8687,0
90071,RUBY GLASS CLUSTER EARRINGS,115.29,92,0.0006,99.8693,0
20848,ZINC HEART LATTICE CHARGER SMALL,115.05,39,0.0006,99.8699,0
20896,VINTAGE NOTEBOOK PINK FLOWER,115.05,39,0.0006,99.8705,0
84462,3 PINK HEN+CHICKS IN BASKET,114.86,100,0.0006,99.8711,0
23185,FRENCH STYLE STORAGE JAR JAM,114.85,317,0.0006,99.8717,0
20698,LITTLE PINK MONSTER SOFT TOY,114.45,107,0.0006,99.8723,0
23151,ZINC SWEETHEART SOAP DISH,114.33,61,0.0006,99.8729,0
90049,IVORY GOLD METAL BAG CHARM,114.24,20,0.0006,99.8735,0
21089,SET/6 GREEN SPRING PAPER CUPS,113.84,325,0.0006,99.8741,0
90030A,SPOTTED WHITE NATURAL SEED NECKLACE,113.76,79,0.0006,99.8747,0
84249A,"GREETING CARD,SQUARE, DOUGHNUTS",113.22,252,0.0006,99.8753,0
44236,PINK/PURPLE CIRCLE CURTAIN,112.32,64,0.0006,99.8758,0
71510,SQUARE METAL CANDLEHOLDER BASE,112.05,177,0.0006,99.8764,0
90104,PURPLE FRANGIPANI HAIRCLIP,111.43,154,0.0006,99.877,0
35966,FOLKART CHRISTMAS TREE T-LIGHT HOLD,111.34,270,0.0006,99.8776,0
10138,ASSORTED COLOUR JUMBO PEN,111.22,261,0.0006,99.8782,0
84493,BLUE/PINK NEST STRIPE BOX,111.12,1142,0.0006,99.8787,0
90103,PURPLE FRANGIPANI NECKLACE,110.85,44,0.0006,99.8793,0
90141A,GREEN PENDANT TRIPLE SHELL NECKLACE,110.46,21,0.0006,99.8799,0
82069,BEECH WOOD P/FRAME,109.85,17,0.0006,99.8805,0
85185F,LION SOCK PUPPET,109.15,88,0.0006,99.881,0
84247H,PACK/12 DECOUPAGE CARD,109.13,93,0.0006,99.8816,0
20667,CHERRY BLOSSOM PURSE,108.69,40,0.0006,99.8822,0
35610A,PINK CHRISTMAS FLOCK DROPLET,107.94,144,0.0006,99.8827,0
72753C,S/3 FLWR FAIRY ROSE CANDLES,107.68,43,0.0006,99.8833,0
90118,PINK DAISY BAG CHARM,107.39,42,0.0006,99.8838,0
84539,KNITTED RABBIT DOLL,107.25,71,0.0006,99.8844,0
35840,FLAT GLASS  BAUBLE WHITE FLOCK,107.13,45,0.0006,99.885,0
23626,SET 10 CARDS DINKY TREE 17076,107.07,43,0.0006,99.8855,0
90165A,PINK ROSEBUD PEARL EARRINGS,106.49,42,0.0006,99.8861,0
90169,DAISY HAIR COMB,106.49,42,0.0006,99.8866,0
22987,"WRAP , SUMMER ROSE DESIGN",105.84,252,0.0006,99.8872,0
84458,S/3 RABBIT FLOWER/EGG/CARROT ROPE,105.4,124,0.0005,99.8877,0
23574,PACKING CHARGE,105.0,114,0.0005,99.8883,0
84921,CREAM AND PINK FLOWERS PONY,105.0,79,0.0005,99.8888,0
90079,VINTAGE ENAMEL & CRYSTAL NECKLACE,104.77,21,0.0005,99.8894,0
21118,SHOPPING BAG DOORSTOP,104.25,69,0.0005,99.8899,0
21337,SILVER WASHBAG,103.53,33,0.0005,99.8904,0
35910A,MULTICOLOUR EASTER RABBIT,103.35,53,0.0005,99.891,0
84679,CLASSICAL ROSE TABLE LAMP,103.3,14,0.0005,99.8915,0
35594,WOODEN CHRISTMAS TREE 3 HANGING,103.06,165,0.0005,99.892,0
84613A,PINK NEW BAROQUE FLOCK CANDLESTICK,102.3,22,0.0005,99.8926,0
90024C,NEW BAROQUE B'FLY NECKLACE GREEN,101.97,12,0.0005,99.8931,0
20697,LITTLE GREEN MONSTER SOFT TOY,101.7,42,0.0005,99.8936,0
90125C,TURQUOISE BERTIE GLASS BEAD CHARM,101.35,92,0.0005,99.8942,0
72369A,PINK CLEAR GLASS CANDLE PLATE,101.29,67,0.0005,99.8947,0
17084J,LOVE POTION MASALA INCENSE,101.01,481,0.0005,99.8952,0
85050,UNKNOWN ITEM,100.8,96,0.0005,99.8957,0
72821,CUPID SCENTED CANDLE IN GLASS,100.65,61,0.0005,99.8963,0
75172,PAINTED SEA SHELL METAL WINDCHIME,100.31,97,0.0005,99.8968,0
78027,SEAGRASS S/2 CORNER LAUNDRY,100.15,6,0.0005,99.8973,0
23611,SET 10 CARDS RED RIDING HOOD 17214,99.6,40,0.0005,99.8978,0
23464,VINTAGE ZINC WATERING CAN SMALL,99.2,18,0.0005,99.8983,0
21266,VINTAGE SILVER TINSEL REEL,98.9,23,0.0005,99.8988,0
84575A,PINK DOG CANNISTER,98.8,24,0.0005,99.8994,0
20861,GOLD COSMETIC BAG PINK STAR,98.7,52,0.0005,99.8999,0
20835,FRENCH LATTICE CUSHION COVER,98.04,81,0.0005,99.9004,0
90214R,"LETTER ""R"" BLING KEY RING",97.98,96,0.0005,99.9009,0
16161G,WRAP BAD HAIR DAY,97.5,975,0.0005,99.9014,0
90150,BLUE SHELL+SILVER NECKLACE,97.5,13,0.0005,99.9019,0
90067A,PINK VINTAGE VICTORIAN EARRINGS,97.24,33,0.0005,99.9024,0
90214G,"LETTER ""G"" BLING KEY RING",96.58,104,0.0005,99.9029,0
84465,15 PINK FLUFFY CHICKS IN BOX,96.51,32,0.0005,99.9034,0
71406C,BLACK ORANGE SQUEEZER,95.38,223,0.0005,99.9039,0
90059E,DIAMANTE HAIR GRIP PACK/2 RUBY,94.95,57,0.0005,99.9044,0
72606A,BROWN ANTIQUE CUBE CANDLE,94.92,226,0.0005,99.9049,0
90202C,GREEN ENAMEL FLOWER HAIR TIE,94.42,32,0.0005,99.9054,0
21595,Dad's Cab Electronic Meter,93.89,13,0.0005,99.9059,0
90089,PINK CRYSTAL SKULL PHONE CHARM,93.56,105,0.0005,99.9064,0
90026A,GLASS BEAD HOOP NECKLACE BLACK,93.47,11,0.0005,99.9068,0
17084A,TRANQUILITY MASALA INCENSE,92.82,442,0.0005,99.9073,0
90075,MONTANA DIAMOND CLUSTER NECKLACE,92.18,10,0.0005,99.9078,0
84753A,PINK EAU DE COLOGNE BOTTLE,92.17,186,0.0005,99.9083,0
21343,GOLD JEWELERY BOX,92.0,20,0.0005,99.9088,0
90112,PINK DOLLY HAIR CLIPS,91.25,86,0.0005,99.9092,0
84437A,S/6 PINK EASTER DECS IN BOX,90.95,153,0.0005,99.9097,0
90202A,PURPLE ENAMEL FLOWER HAIR TIE,90.9,31,0.0005,99.9102,0
84388,WISE MAN STAR SHAPE EGG PAN,90.69,77,0.0005,99.9107,0
90039C,FIRE POLISHED GLASS BRACELET BLACK,90.46,24,0.0005,99.9111,0
72783,BLACK SIL'T SQU CANDLE PLATE,90.3,43,0.0005,99.9116,0
35271S,GOLD PRINT PAPER BAG,89.58,542,0.0005,99.9121,0
17013C,ORIGAMI LAVENDER INCENSE IN TUBE,89.46,213,0.0005,99.9125,0
47598,NEW ENGLAND EGG WARMER,89.12,142,0.0005,99.913,0
20660,VIP LUGGAGE TAG,88.75,75,0.0005,99.9135,0
90162A,ANT SILVER TURQUOISE BOUDICCA RING,88.5,186,0.0005,99.9139,0
35638A,PINK AND BLACK STRING CURTAIN,88.05,39,0.0005,99.9144,0
71495A,CD WALL TIDY BLUE OFFICE,87.96,225,0.0005,99.9148,0
84721,MANHATTAN CANVAS ART PICTURE,87.8,20,0.0005,99.9153,0
90092,BLUE CRYSTAL BOOT PHONE CHARM,87.51,102,0.0005,99.9157,0
90088,CRYSTAL KEY+LOCK PHONE CHARM,86.7,101,0.0005,99.9162,0
23614,SET 10 CARDS 12 DAYS WRAP  17058,86.58,26,0.0005,99.9166,0
84424A,FOUR PICTURE WHITE GLASS FRAME,86.25,48,0.0004,99.9171,0
90177E,DROP DIAMANTE EARRINGS GREEN,85.67,29,0.0004,99.9175,0
84454,WOBBLING METAL CHICKEN EASTER,85.53,93,0.0004,99.918,0
17027A,INCENSE BAZAAR CANNABIS,84.84,228,0.0004,99.9184,0
16051,TEATIME PENCIL W STAMP ASST,84.69,977,0.0004,99.9189,0
84251F,"GREETING CARD, RITA",83.97,377,0.0004,99.9193,0
90141C,TURQ PENDANT TRIPLE SHELL NECKLACE,83.69,16,0.0004,99.9197,0
22016,UNKNOWN ITEM,83.33,12,0.0004,99.9202,0
23442,12 HANGING EGGS HAND PAINTED,83.2,40,0.0004,99.9206,0
90189A,SILVER 2 STRAND NECKLACE-LEAF CHARM,82.64,11,0.0004,99.921,0
90130A,WHITE STONE/CRYSTAL EARRINGS,82.51,28,0.0004,99.9215,0
90069,RUBY GLASS CLUSTER NECKLACE,82.5,11,0.0004,99.9219,0
21699,SET 5 MINI CHOCOLATE FRIDGE MAGNETS,82.44,108,0.0004,99.9223,0
90214H,"LETTER ""H"" BLING KEY RING",81.96,88,0.0004,99.9227,0
35610C,WHITE CHRISTMAS FLOCK DROPLET,81.56,94,0.0004,99.9232,0
72779,SET/6 BLACK ROSE T-LIGHT CANDLES,81.12,48,0.0004,99.9236,0
84596I,WRAP SWEETS LIGHT PINK SMALL BOWL,80.62,144,0.0004,99.924,0
17011E,ORIGAMI OPIUM SCENT INCENSE+FLOWER,80.6,124,0.0004,99.9244,0
DCGS0069,OOH LA LA DOGS COLLAR,80.31,5,0.0004,99.9248,0
35265,COLOURFUL FLOWER FRUIT BOWL,80.0,21,0.0004,99.9253,0
90059F,DIAMANTE HAIR GRIP PACK/2 LT ROSE,79.87,48,0.0004,99.9257,0
90206A,GOLD DIAMANTE STAR BROOCH,79.6,16,0.0004,99.9261,0
84795E,RIO PINK STRIPE HAMMOCK,79.5,13,0.0004,99.9265,0
84548,CROCHET BEAR RED/BLUE  KEYRING,79.2,60,0.0004,99.9269,0
90064A,WHITE VINTAGE CRYSTAL EARRINGS,79.14,20,0.0004,99.9273,0
90214N,"LETTER ""N"" BLING KEY RING",78.95,81,0.0004,99.9277,0
72709,IVORY SCULPTED RND CANDLE,78.2,144,0.0004,99.9281,0
35931,PINK STAR CHRISTMAS DECORATION,78.12,156,0.0004,99.9285,0
84455,SET OF 3 RABBIT CARROTS EASTER,77.96,85,0.0004,99.929,0
21450,DISTRESSED CANDLE STICK WHITE,77.35,14,0.0004,99.9294,0
90050,CRACKED GLAZE NECKLACE IVORY,77.11,11,0.0004,99.9298,0
90176C,DIAMANTE NECKLACE,77.0,10,0.0004,99.9302,0
84251C,"GREETING CARD, TWO SISTERS.",76.68,519,0.0004,99.9306,0
84425A,WHITE GLASS TV TRIPLE FRAME,76.6,27,0.0004,99.931,0
90130C,GREEN STONE/CRYSTAL EARRINGS,76.58,26,0.0004,99.9313,0
37509,NEW ENGLAND MUG W GIFT BOX,76.5,75,0.0004,99.9317,0
90100,NECKLACE+BRACELET SET PINK DAISY,76.5,30,0.0004,99.9321,0
90020,FILIGREE DIAMANTE CHAIN,76.23,6,0.0004,99.9325,0
35815P,"ACRYLIC JEWEL SNOWFLAKE, PINK",75.88,208,0.0004,99.9329,0
90176A,CLASSIC DIAMANTE NECKLACE JET,75.88,10,0.0004,99.9333,0
90140,PINK SWEETIE NECKLACE,75.54,10,0.0004,99.9337,0
16161E,WRAP BOUDOIR,75.0,750,0.0004,99.9341,0
37399,"ASS RETROSPOOF MUGS,SPORTS",75.0,143,0.0004,99.9345,0
84757,ENCHANTED GARDEN WROUGHT IRON TABLE,74.75,11,0.0004,99.9349,0
21267,VINTAGE PINK TINSEL REEL,74.6,24,0.0004,99.9353,0
90012A,MIDNIGHT BLUE DROP CRYSTAL NECKLACE,74.38,13,0.0004,99.9357,0
84899E,YELLOW + BROWN BEAR FELT PURSE KIT,73.93,53,0.0004,99.936,0
90074,BLACK DIAMOND CLUSTER NECKLACE,73.86,8,0.0004,99.9364,0
84593,CROCHET ROSE DES CLOTHES HANGER,73.75,25,0.0004,99.9368,0
15030,FAN BLACK FRAME,73.66,404,0.0004,99.9372,0
79331,PINK FLOCK GLASS CANDLEHOLDER,73.6,93,0.0004,99.9376,0
16151A,FLOWERS HANDBAG blue and orange,72.5,102,0.0004,99.938,0
84447,6 RABBIT CHAIN EASTER,72.42,74,0.0004,99.9383,0
84746,PINK EASTER HENS+FLOWER,72.06,93,0.0004,99.9387,0
90031,BILI NUT AND WOOD NECKLACE,71.9,52,0.0004,99.9391,0
90038C,GLASS AND BEADS BRACELET IVORY,71.46,19,0.0004,99.9395,0
35937,CERISE+GOLD CHRISTMAS STOCKING DEC,71.44,188,0.0004,99.9398,0
84925C,FAIRY CAKES  WALL THERMOMETER,71.4,28,0.0004,99.9402,0
84415A,PINK FLOCK SUEDE CUSHION COVER,71.25,27,0.0004,99.9406,0
90179A,AMBER FINE BEAD NECKLACE W TASSEL,71.0,12,0.0004,99.9409,0
16256C,HEARTS PENCIL/RUBBER+5 MINI PENCILS,70.98,169,0.0004,99.9413,0
20958,PORCELAIN HANGING BELL LARGE,70.5,38,0.0004,99.9417,0
90205A,LARGE MINT DIAMANTE HAIRSLIDE,70.22,42,0.0004,99.942,0
90059C,DIAMANTE HAIR GRIP PACK/2 MONTANA,69.83,42,0.0004,99.9424,0
90131,PINK/AMETHYST/GOLD NECKLACE,69.62,10,0.0004,99.9428,0
20820,SILVER LOOKING MIRROR,69.3,14,0.0004,99.9431,0
72140F,HAPPY ANNIVERSARY CANDLE LETTERS,69.18,175,0.0004,99.9435,0
90214P,"LETTER ""P"" BLING KEY RING",69.14,80,0.0004,99.9438,0
71215,METAL BASE FOR CANDLES,68.52,178,0.0004,99.9442,0
47420,ASSORTED COLOUR SUCTION CUP HOOK,68.4,360,0.0004,99.9446,0
84857A,SILVER MONTE CARLO HANDBAG,68.0,14,0.0004,99.9449,0
DCGS0004,HAYNES CAMPER SHOULDER BAG,67.94,4,0.0004,99.9453,0
90026C,GLASS BEAD HOOP NECKLACE GREEN,67.82,8,0.0004,99.9456,0
20879,TREE OF NOAH FESTIVE SCENTED CANDLE,67.8,75,0.0004,99.946,0
90002E,FLOWER BURST SILVER RING GREEN,67.77,19,0.0004,99.9463,0
84864A,PINK PAISLEY PHOTO ALBUM,67.71,7,0.0004,99.9467,0
90078,PINK/WHITE GLASS DEMI CHOKER,67.64,9,0.0004,99.947,0
90024F,NEW BAROQUE B'FLY NECKLACE CRYSTAL,67.61,8,0.0004,99.9474,0
90212C,PURPLE LAS VEGAS BRACELET ROUND,67.5,28,0.0004,99.9477,0
47504J,ENGLISH ROSE SET/3 GARDEN TOOLS,67.25,5,0.0003,99.9481,0
35819P,"ACRYLIC HANGING JEWEL,PINK",66.55,203,0.0003,99.9484,0
90037A,TINY CRYSTAL BRACELET RED,66.31,26,0.0003,99.9488,0
40002,WHITE BAMBOO RIBS LAMPSHADE,66.3,78,0.0003,99.9491,0
90037C,TINY CRYSTAL BRACELET BLUE,66.08,26,0.0003,99.9495,0
85072,OCCASIONS GIFT CARD ASSORTMENT,66.0,120,0.0003,99.9498,0
79329,PINK FLOCK GLASS CANDLEHOLDER,65.94,100,0.0003,99.9501,0
84340,LARGE FIBRE OPTIC CHRISTMAS TREE,65.76,21,0.0003,99.9505,0
79406,FROSTED WHITE BASE,65.62,259,0.0003,99.9508,0
47016,LIGHT DECORATION BATTERY OPERATED,65.1,31,0.0003,99.9512,0
84705A,ENGLISH ROSE PHOTO FRAME,65.1,14,0.0003,99.9515,0
84551,CROCHET DOG KEYRING,64.35,39,0.0003,99.9518,0
90046,WHITE WITH METAL BAG CHARM,64.35,13,0.0003,99.9522,0
47348A,FUSCHIA VOILE POINTY SHOE DEC,63.96,104,0.0003,99.9525,0
79534,MULTICOLOUR GLASS PLATE,63.8,117,0.0003,99.9528,0
20791,BLUE TILED SET OF 3 DRAWERS,63.75,7,0.0003,99.9532,0
85018A,S/6 PAPER BOXES ROMANTIC IMAGES,63.75,15,0.0003,99.9535,0
20905,VINTAGE KEEPSAKE BOX BEAUTY GIRL,63.5,10,0.0003,99.9538,0
90214I,"LETTER ""I"" BLING KEY RING",62.7,64,0.0003,99.9541,0
17136A,BLUE STONES ON WIRE FOR CANDLE,61.78,746,0.0003,99.9545,0
20620,RED SPOTTY PASSPORT COVER,61.76,15,0.0003,99.9548,0
35973,GERANIUM FOLKART HEART DECORATION,61.25,49,0.0003,99.9551,0
90188,DROP EARRINGS W FLOWER & LEAF,61.04,24,0.0003,99.9554,0
90034,WHITE SILVER NECKLACE SHELL GLASS,60.67,6,0.0003,99.9557,0
84875A,PINK SQUARE COMPACT MIRROR,60.0,16,0.0003,99.9561,0
23629,SET 10 CARDS DRESSING UP 17077,59.76,24,0.0003,99.9564,0
90021,LASER CUT MULTI STRAND NECKLACE,59.75,5,0.0003,99.9567,0
90171,DAISY RING,59.65,47,0.0003,99.957,0
44241C,BLUE BUTTERFLY ON SPRING,59.5,70,0.0003,99.9573,0
84582,PINK CROCHET CAT WITH SCARF,59.5,14,0.0003,99.9576,0
35654,VINTAGE BEAD FILLED PINK CUSHION,59.4,12,0.0003,99.9579,0
35909A,RABBIT EASTER DECORATION,59.0,20,0.0003,99.9582,0
81985A,"ICON ALARM CLOCK,FUSCHIA  PIN UP",58.65,23,0.0003,99.9585,0
85023C,PINK LARGE JEWELED PHOTOFRAME,58.65,23,0.0003,99.9588,0
90033,IVORY SHELL HEART EARRINGS,58.43,23,0.0003,99.9591,0
84226,HEN HOUSE W FAMILY IN BARN & NEST,58.31,77,0.0003,99.9594,0
17129C,SKY BLUE COLOUR GLASS GEMS IN BAG,57.98,204,0.0003,99.9597,0
85023A,CRYSTAL LARGE JEWELLED PHOTO FRAME,56.1,26,0.0003,99.96,0
85080,PADDED RED HEART DECORATION,55.76,119,0.0003,99.9603,0
90182C,BLACK 3 BEAD DROP EARRINGS,55.74,19,0.0003,99.9606,0
90177A,CLASSIC DIAMANTE EARRINGS JET,55.69,19,0.0003,99.9609,0
90214T,"LETTER ""T"" BLING KEY RING",55.57,57,0.0003,99.9612,0
85151,WELCOME METAL SIGN,55.0,56,0.0003,99.9615,0
72798C,SET/4 GARDEN ROSE DINNER CANDLE,54.76,39,0.0003,99.9618,0
90135A,ORANGE/FUSCHIA STONES NECKLACE,54.62,11,0.0003,99.962,0
90043,COPPER AND BRASS BAG CHARM,54.51,10,0.0003,99.9623,0
20953,PORCELAIN CHERUB BELL LARGE,54.45,33,0.0003,99.9626,0
90084,PINK CRYSTAL GUITAR PHONE CHARM,54.4,73,0.0003,99.9629,0
84845C,CARNATION SQUARE HANDY TIN,52.5,84,0.0003,99.9632,0
20870,OPULENT VELVET CANDLE IN BOX,52.2,30,0.0003,99.9634,0
37491A,YELLOW/PINK CERAMIC CANDLE HOLDER,51.66,30,0.0003,99.9637,0
35071,ASSORTED SANTA CHRISTMAS DECORATION,51.14,50,0.0003,99.964,0
20964,POLYESTER FILLER PAD 60x40cm,51.0,22,0.0003,99.9642,0
90001C,ANTIQUE OPAL WHITE FLOWER EARRINGS,50.94,12,0.0003,99.9645,0
85069,CREAM SWEETHEART DOUBLE SHELF,50.85,3,0.0003,99.9648,0
72083A,STRAWBERY SWIRL FLARE CANDLE,50.4,24,0.0003,99.965,0
22657,HEN & 2 CHICKS IN BASKET,50.15,124,0.0003,99.9653,0
90141E,ORANGE PENDANT TRIPLE SHELL NECKLAC,50.06,10,0.0003,99.9655,0
23603,SET 10 CARD KRAFT REINDEER 17084,49.8,20,0.0003,99.9658,0
37462E,"PET MUG, GOLDFISH",49.64,225,0.0003,99.9661,0
90052,CRACKED GLAZE NECKLACE BROWN,49.58,7,0.0003,99.9663,0
72129,COLUMBIAN CANDLE ROUND,49.11,74,0.0003,99.9666,0
90128A,PINK LEAVES AND BEADS PHONE CHARM,48.72,46,0.0003,99.9668,0
37489A,YELLOW/PINK FLOWER DESIGN BIG MUG,48.51,49,0.0003,99.9671,0
35603C,SET/16 WHITE SHINY & MATT BAUBLES,48.3,83,0.0003,99.9673,0
90054,CRACKED GLAZE EARRINGS RED,48.11,19,0.0003,99.9676,0
90083,CRYSTAL CZECH CROSS PHONE CHARM,48.08,52,0.0002,99.9678,0
84608,ORNATE EDWARDIAN CANDLE HOLDER,47.7,6,0.0002,99.9681,0
21347,GOTHIC CARRIAGE LANTERN,47.6,8,0.0002,99.9683,0
20895,VINTAGE NOTEBOOK FRENCH LETTER,47.2,16,0.0002,99.9686,0
84227,HEN HOUSE W CHICK IN NEST,47.04,226,0.0002,99.9688,0
90181C,BLACK GLASS/SHELL/PEARL NECKLACE,46.93,5,0.0002,99.9691,0
20988,TRELLIS FLOWER CHOPSTICKS SET/5,46.8,24,0.0002,99.9693,0
90001A,ANTIQUE RASPBERRY FLOWER EARRINGS,46.6,11,0.0002,99.9695,0
16050,TEATIME PENCIL WITH RUBBER,46.45,151,0.0002,99.9698,0
47341A,FUSCHIA TABLE RUN FLOWER,46.25,29,0.0002,99.97,0
72024U,LILAC VOTIVE CANDLE,46.2,328,0.0002,99.9703,0
85081,PADDED HOLLY CHRISTMAS DECORATION,46.17,104,0.0002,99.9705,0
84626,CANDY STRIPE ROSE QUILT,45.95,1,0.0002,99.9707,0
18097A,PINK TALL PORCELAIN T-LIGHT HOLDER,45.9,18,0.0002,99.971,0
16161C,UNKNOWN ITEM,45.0,1016,0.0002,99.9712,0
72724,SET/6 CHRISTMAS ICICLE T-LIGHTS,45.0,81,0.0002,99.9715,0
23625,SET 6 CARDS SPARKLY REINDEER 17262,44.91,9,0.0002,99.9717,0
21685,MEDINA STAMPED METAL TRAY,44.85,3,0.0002,99.9719,0
90135,ORANGE/WHT/FUSCHIA STONES NECKLACE,44.75,9,0.0002,99.9722,0
90011A,MIDNIGHT BLUE CRYSTAL DROP EARRINGS,44.28,15,0.0002,99.9724,0
35085E,IVORY ROSE LAMPSHADE,44.25,39,0.0002,99.9726,0
84586L,"PINK ROSES/GINGHAM PATCH RABBIT 8""",44.25,15,0.0002,99.9728,0
90125E,AMBER BERTIE GLASS BEAD BAG CHARM,44.19,18,0.0002,99.9731,0
17014C,ORIGAMI LAVENDER INCENSE CONES,43.75,97,0.0002,99.9733,0
79063C,"RETRO PILL BOX KEY CHAIN,THE KING",43.65,555,0.0002,99.9735,0
35822P,"ACRYLIC BEAD CHAIN, PINK",43.32,114,0.0002,99.9738,0
23038,T-LIGHT HOLDER SILVER SAUCER,42.92,44,0.0002,99.974,0
21596,Hypochondriac Pill Stress Ball,42.64,10,0.0002,99.9742,0
90024A,NEW BAROQUE B'FLY NECKLACE BLACK,42.5,5,0.0002,99.9744,0
90126C,AMBER BERTIE MOBILE PHONE CHARM,42.1,21,0.0002,99.9746,0
72771C,BLACK FLOCK GOLD CANDLE,42.08,54,0.0002,99.9749,0
20860,GOLD COSMETICS BAG WITH BUTTERFLY,42.0,20,0.0002,99.9751,0
90060C,FIRE POLISHED GLASS NECKL SILVER,41.65,8,0.0002,99.9753,0
90152C,BLUE/NAT SHELL NECKLACE W PENDANT,41.65,7,0.0002,99.9755,0
23448,CREAM BUNNY EASTER EGG BASKET,41.25,25,0.0002,99.9757,0
90027C,GLASS BEAD HOOP EARRINGS GREEN,41.17,14,0.0002,99.9759,0
90183C,BLACK DROP EARRINGS W LONG BEADS,41.02,14,0.0002,99.9761,0
21119,Glow In The Dark Shot Glasses,41.01,3,0.0002,99.9764,0
35644,PAIR PINK/BLACK COATHANGERS,40.95,21,0.0002,99.9766,0
44228,UNKNOWN ITEM,40.8,144,0.0002,99.9768,0
84798C,WHITE FOXGLOVE ARTIIFCIAL FLOWER,40.8,18,0.0002,99.977,0
90132,LIGHT TOPAZ TEAL/AQUA COL NECKLACE,40.72,8,0.0002,99.9772,0
47013C,WINE BOTTLE DRESSING DARK BLUE,40.52,151,0.0002,99.9774,0
90136,PALE PINK/AMETHYST STONE NECKLACE,40.47,4,0.0002,99.9776,0
90152A,SILVER/NAT SHELL NECKLACE W PENDANT,40.34,7,0.0002,99.9778,0
20994,JAZZ HEARTS SPIRAL NOTEPAD,39.95,47,0.0002,99.978,0
47013A,WINE BOTTLE DRESSING LT.BLUE,39.87,141,0.0002,99.9783,0
37468,HARDMAN MUG 3 ASSORTED,39.81,133,0.0002,99.9785,0
79065A,TEATIME ROUND CAKE TINS,39.8,6,0.0002,99.9787,0
82545A,COGNAC AUX OEUFS METAL 1 HOOK,38.75,31,0.0002,99.9789,0
35963,FOLKART ZINC CLIP ON ANGEL WINGS,38.38,101,0.0002,99.9791,0
90214F,"LETTER ""F"" BLING KEY RING",37.98,46,0.0002,99.9793,0
90039A,FIRE POLISHED GLASS BRACELET RED,37.61,10,0.0002,99.9795,0
35233,PASTA ENAMEL/BRASS CONTAINER,37.5,10,0.0002,99.9797,0
37112,YELLOW BIRDS FELT DES FOODCOVER,37.5,10,0.0002,99.9799,0
79413,GLASS WINE GLASS DECORATIONS,37.5,31,0.0002,99.98,0
84705F,RED PEONY PHOTO FRAME,37.2,8,0.0002,99.9802,0
90126A,PINK BERTIE MOBILE PHONE CHARM,37.14,20,0.0002,99.9804,0
84251J,"GREETING CARD, THE BLACK CAT",37.04,130,0.0002,99.9806,0
72715,SPHERICAL IVORY CANDLE,36.96,88,0.0002,99.9808,0
17014E,ORIGAMI OPIUM INCENSE CONES,36.6,191,0.0002,99.981,0
37348,SET OF 4 PASTEL STACKING MUGS,35.7,14,0.0002,99.9812,0
90011C,GREEN CRYSTAL DROP EARRINGS,35.33,16,0.0002,99.9814,0
DCGS0058,MISO PRETTY  GUM,34.82,43,0.0002,99.9816,0
84546,CROCHET POODLE KEYRING,34.65,21,0.0002,99.9817,0
35955,SMALL FOLKART CHRISTMAS TREE DEC,34.62,135,0.0002,99.9819,0
44265,M/COLOUR POM-POM CURTAIN,34.0,11,0.0002,99.9821,0
21120,*Boombox Ipod Classic,33.96,2,0.0002,99.9823,0
90066A,PINK VINTAGE VICTORIAN CHOKER,33.75,5,0.0002,99.9825,0
84456,SET OF 3 RABBIT EGG EASTER,33.15,37,0.0002,99.9826,0
90076,MONTANA DIAMOND CLUSTER EARRINGS,33.0,12,0.0002,99.9828,0
DCGS0003,BOXED GLASS ASHTRAY,32.59,13,0.0002,99.983,0
90214O,"LETTER ""O"" BLING KEY RING",32.27,37,0.0002,99.9831,0
85079,EMBROIDERED REINDEER DECORATION,32.25,23,0.0002,99.9833,0
23632,SET 10 CARDS CHEERFUL ROBIN 17065,31.2,15,0.0002,99.9835,0
90214V,"LETTER ""V"" BLING KEY RING",31.08,40,0.0002,99.9836,0
44091C,MULTICOLOUR CRUSOE CHECK LAMPSHADE,30.66,133,0.0002,99.9838,0
21919,Electronic Talking Breath-A-Loser,30.47,6,0.0002,99.9839,0
84745A,PINK HANGING GINGHAM EASTER HEN,30.24,72,0.0002,99.9841,0
90025F,BAROQUE BUTTERFLY EARRINGS CRYSTAL,30.23,8,0.0002,99.9843,0
18010,ASSORTED FRAGRANCE BATH CONFETTI,30.16,64,0.0002,99.9844,0
90176E,DIAMANTE NECKLACE GREEN,29.98,4,0.0002,99.9846,0
21767,UNKNOWN ITEM,29.95,3,0.0002,99.9847,0
78056,CAMOUFLAGE BACKPACK ON WHEELS,29.85,5,0.0002,99.9849,0
22351,DOTCOMGIFTSHOP TEA TOWEL,29.81,15,0.0002,99.985,0
35598A,DUSTY PINK CHRISTMAS TREE 60CM,29.5,18,0.0002,99.9852,0
90027A,GLASS BEAD HOOP EARRINGS BLACK,29.48,10,0.0002,99.9853,0
44089C,LILAC GAUZE BUTTERFLY LAMPSHADE,28.56,68,0.0001,99.9855,0
37489C,GREEN/BLUE FLOWER DESIGN BIG MUG,28.01,28,0.0001,99.9856,0
90053,CRACKED GLAZE EARRINGS IVORY,27.78,11,0.0001,99.9858,0
17091F,SANDALWOOD INCENSE IN TIN,27.71,19,0.0001,99.9859,0
90128C,GREEN LEAVES AND BEADS PHONE CHARM,27.55,18,0.0001,99.9861,0
23613,SET 10 XMAS CARDS & BADGES 17070,27.39,11,0.0001,99.9862,0
23637,SET 10 CARDS OUT OF ORDER 17216,27.39,11,0.0001,99.9864,0
21097,SET/6 GREEN SPRING  PAPER PLATE,27.2,32,0.0001,99.9865,0
90187A,BLUE DROP EARRINGS W BEAD CLUSTER,27.04,8,0.0001,99.9866,0
23702,High Resolution Image,27.0,104,0.0001,99.9868,0
17013F,ORIGAMI SANDLEWOOD INCENSE IN TUBE,26.7,62,0.0001,99.9869,0
90025E,BAROQUE BUTTERFLY EARRINGS MONTANA,26.5,7,0.0001,99.987,0
84876C,SILVER HEART COMPACT MIRROR,26.25,7,0.0001,99.9872,0
23636,SET 10 CARDS WISHING TREE 17116,26.19,9,0.0001,99.9873,0
90214Y,"LETTER ""Y"" BLING KEY RING",26.19,69,0.0001,99.9875,0
90182A,AMBER 3 BEAD DROP EARRINGS,26.16,9,0.0001,99.9876,0
10124A,SPOTS ON RED BOOKCOVER TAPE,26.04,138,0.0001,99.9877,0
90041,PEARL AND CHERRY QUARTZ BRACLET,25.67,7,0.0001,99.9879,0
20954,*USB Office Mirror Ball,25.59,3,0.0001,99.988,0
90142A,GREEN PENDANT SHELL NECKLACE,25.45,5,0.0001,99.9881,0
DCGS0070,CAMOUFLAGE DOG COLLAR,25.44,2,0.0001,99.9883,0
90055,CRACKED GLAZE EARRINGS BROWN,25.28,10,0.0001,99.9884,0
21594,Dr. Jam's Arouzer Stress Ball,25.27,6,0.0001,99.9885,0
23620,SET 10 CARDS PERFECT POST 17090,24.9,10,0.0001,99.9887,0
84550,CROCHET LILAC/RED BEAR KEYRING,24.75,15,0.0001,99.9888,0
35596,WOOD XMAS TREE 9 FIG SHELVES,24.65,59,0.0001,99.9889,0
84450A,PINK RABBIT SITTING EASTER,24.18,56,0.0001,99.989,0
35591T,TURQUOISE CHRISTMAS TREE,23.75,19,0.0001,99.9892,0
17014F,ORIGAMI SANDLEWOOD INCENSE CONES,23.7,69,0.0001,99.9893,0
90011E,AMBER CRYSTAL DROP EARRINGS,23.61,8,0.0001,99.9894,0
47552A,DOTS IRONING BOARD COVER,23.4,12,0.0001,99.9895,0
23623,SET 10 CARD CHRISTMAS WELCOME 17112,23.28,8,0.0001,99.9896,0
90095,NECKLACE+BRACELET SET PINK BLOSSOM,22.91,8,0.0001,99.9898,0
90025C,BAROQUE BUTTERFLY EARRINGS GREEN,22.56,213,0.0001,99.9899,0
37477C,UNKNOWN ITEM,22.5,26,0.0001,99.99,0
85225,BLING KEY RING STAND,22.5,19,0.0001,99.9901,0
23640,SET 10 CARDS SCOTTIE DOG 17211,22.41,9,0.0001,99.9902,0
23645,SET 10 CHRISTMAS CARDS HOHOHO 16956,22.41,9,0.0001,99.9903,0
90214Z,"LETTER ""Z"" BLING KEY RING",22.34,32,0.0001,99.9905,0
35652,VINTAGE BEAD CHAISE LONG JEWEL BOX,21.5,18,0.0001,99.9906,0
84387A,UNKNOWN ITEM,21.45,22,0.0001,99.9907,0
21387,IVORY HANGING DECORATION  RABBIT,21.25,69,0.0001,99.9908,0
23692,WRAP A PRETTY THANK YOU,21.0,50,0.0001,99.9909,0
DCGS0072,CAT CAMOUFLAGUE COLLAR,20.68,4,0.0001,99.991,0
10002R,ROBOT PENCIL SHARPNER,20.57,4,0.0001,99.9911,0
90082C,DIAMANTE BOW BROOCH WHITE COLOUR,19.93,7,0.0001,99.9912,0
23601,SET 10 CARDS SNOWY SNOWDROPS  17100,19.92,8,0.0001,99.9913,0
23616,SET 10 CARDS JINGLE BELLS 17217,19.92,8,0.0001,99.9914,0
23646,SET 10 CARDS JINGLE BELLS 16957,19.92,8,0.0001,99.9915,0
90127A,PINK BEADS+HAND PHONE CHARM,19.92,14,0.0001,99.9916,0
37488A,YELLOW PINK FLOWER DESIGN BIG BOWL,19.77,41,0.0001,99.9917,0
44092C,PURPLE/COPPER HANGING LAMPSHADE,19.55,23,0.0001,99.9918,0
20680,PINK FLOWERS CHILDS UMBRELLA,19.5,6,0.0001,99.9919,0
81950V,FLOWER PURPLE CLOCK W/SUCKER,18.8,32,0.0001,99.992,0
72796A,S/3 ENGLISH LAVENDER SQU CANDLE,18.15,20,0.0001,99.9921,0
84311,CAMOFLAGE CUSHION COVER,18.15,11,0.0001,99.9922,0
71050,SMALL SINGLE FLAME CANDLE HOLDER,17.85,51,0.0001,99.9923,0
84614C,UNKNOWN ITEM,17.85,3,0.0001,99.9924,0
23627,SET 10 CARDS XMAS GRAPHIC  17218,17.43,7,0.0001,99.9925,0
90077,BLACK DIAMOND CLUSTER EARRINGS,17.36,6,0.0001,99.9926,0
DCGS0066N,NAVY CUDDLES DOG HOODIE,17.3,4,0.0001,99.9927,0
DCGS0068,DOGS NIGHT COLLAR,17.12,2,0.0001,99.9928,0
72805,VANILLA CANDLE IN EMBOSSED ZINC POT,16.9,10,0.0001,99.9929,0
21511,VINTAGE COLLAGE  GREETING  CARD,16.8,40,0.0001,99.993,0
44089A,PINK GAUZE BUTTERFLY LAMPSHADE,16.8,40,0.0001,99.993,0
72785A,S/4 CONTEMPORY PINK ROSEBUD CANDLES,16.8,30,0.0001,99.9931,0
23644,SET 10 CARDS CHRISTMAS TREE 16955,16.65,5,0.0001,99.9932,0
10124G,ARMY CAMO BOOKCOVER TAPE,16.38,38,0.0001,99.9933,0
90102,WHITE FRANGIPANI HAIR CLIP,16.11,19,0.0001,99.9934,0
84630,FLOWERS AND BIRDS WALL PLAQUE,15.9,2,0.0001,99.9935,0
35932,PINK CHRISTMAS TREE DECORATION,15.63,41,0.0001,99.9935,0
21560,TOADSTOOL  LUNCHBOX WITH CUTLERY,15.44,43,0.0001,99.9936,0
21853,GUMBALL CUSTOM CARS TOP TRUMPS GAME,15.4,3,0.0001,99.9937,0
37481,CUBIC MUG TEATIME CAKES,15.3,18,0.0001,99.9938,0
17174,ASSTD RASTA KEY-CHAINS,15.12,36,0.0001,99.9939,0
84206A,3 BLACK CATS W HEARTS BLANK CARD,15.01,79,0.0001,99.9939,0
23449,SET OF 6 EASTER RAINBOW CHICKS,15.0,12,0.0001,99.994,0
90068,"RUBY GLASS NECKLACE 42""",15.0,2,0.0001,99.9941,0
21475,SWEETHEART CREAM STEEL FOLDIN CHAIR,14.95,1,0.0001,99.9942,0
23621,SET 10 CARDS DAVID'S MADONNA 17074,14.94,6,0.0001,99.9943,0
35650,VINTAGE BEAD PINK JEWEL STAND,14.85,3,0.0001,99.9943,0
84567,FROSTED GLASS WITH SILVER SURROUND,14.85,9,0.0001,99.9944,0
SP1002,KID'S CHALKBOARD/EASEL,14.75,5,0.0001,99.9945,0
23634,SET 10 CARDS XMAS CHOIR 17068,14.55,5,0.0001,99.9946,0
21852,EMPIRE TEDDY,13.9,6,0.0001,99.9946,0
84868A,PINK BABY GIRL'S MEMORY BOX,13.9,2,0.0001,99.9947,0
16245A,PINK MINI STATIONERY SET W CASE,13.75,11,0.0001,99.9948,0
35597A,DUSTY PINK CHRISTMAS TREE 30CM,13.75,11,0.0001,99.9948,0
35936,CERISE+GOLD CHRISTMAS TREE DEC,13.68,36,0.0001,99.9949,0
35443,RASTA IN BATH W SPLIFF ASHTRAY,13.6,16,0.0001,99.995,0
21525,BEWARE OF THE CAT DOORMAT,13.5,2,0.0001,99.9951,0
23639,SET 10 CARDS MAGICAL TREE 17086,13.32,4,0.0001,99.9951,0
23607,SET 10 CARDS HATS & STOCKINGS 17081,13.28,8,0.0001,99.9952,0
16192,PINK BALLET OPENING CUBE BOX,12.9,3,0.0001,99.9953,0
84247J,PACK/12 RUSSIAN DOLL CARDS,12.78,10,0.0001,99.9953,0
20812,EMBOSSED FLOWER TRELLIS PHOTO FRAME,12.75,5,0.0001,99.9954,0
21772,UNKNOWN ITEM,12.75,1,0.0001,99.9955,0
84648,NEW BAROQUE WALL MIRROR,12.75,1,0.0001,99.9955,0
85083,KISS REINDEER SCANDINAVIAN STOCKING,12.75,12,0.0001,99.9956,0
85157,SET OF 2 CHESTS CHOCOLAT AU LAIT,12.72,1,0.0001,99.9957,0
DCGS0037,KEY-RING CORKSCREW,12.72,1,0.0001,99.9957,0
DCGS0075,CAMOUFLAGUE DOG LEAD,12.72,1,0.0001,99.9958,0
35751C,PURPLE CURRENT CANDLE RING,12.61,43,0.0001,99.9959,0
51012L,"FEATHER DUSTER, LIGHT PINK",12.5,10,0.0001,99.9959,0
23635,SET 10 CARDS CHRISTMAS HOLLY  17259,12.48,3,0.0001,99.996,0
23654,SET 10 CARD SNOWMAN 16965,12.45,5,0.0001,99.9961,0
90000C,UNKNOWN ITEM,12.32,3,0.0001,99.9961,0
44242A,LILAC FEATHERS CURTAIN,11.98,14,0.0001,99.9962,0
22206,"MUG , DOTCOMGIFTSHOP.COM",11.82,14,0.0001,99.9962,0
85185E,DUCK SOCK PUPPET,11.8,4,0.0001,99.9963,0
23605,SET 10 CARDS 12 DAYS OF XMAS 17059,11.64,4,0.0001,99.9964,0
23608,SET 10 CARDS RUDOLPHS NOSE 17097,11.64,4,0.0001,99.9964,0
84366,VENDETTA CANVAS PICTURE,11.25,3,0.0001,99.9965,0
84743C,ORANGE FELT VASE + FLOWERS,11.25,52,0.0001,99.9965,0
16169A,UNKNOWN ITEM,10.5,25,0.0001,99.9966,0
16169G,UNKNOWN ITEM,10.5,25,0.0001,99.9967,0
17084G,MOON INCENSE,10.5,50,0.0001,99.9967,0
21496,WOODLAND CREATURES  WRAP,10.5,25,0.0001,99.9968,0
21857,STAR WARS TOP TRUMPS GAME,10.23,2,0.0001,99.9968,0
21858,HIGH SCHOOL MUSICAL 3 TOP TRUMPS,10.23,2,0.0001,99.9969,0
20939,ORANGE CANDLE,10.2,12,0.0001,99.9969,0
90214W,"LETTER ""W"" BLING KEY RING",10.17,19,0.0001,99.997,0
23615,SET 10 CARDS PRINTED GRAPHIC 17219,9.96,4,0.0001,99.997,0
23619,SET 10 CARDS POINSETTIA 17093,9.96,4,0.0001,99.9971,0
23624,SET 10 CARD PERFECT NATIVITY 17089,9.96,4,0.0001,99.9971,0
23650,SET 10 CARDS FILIGREE BAUBLE 16961,9.96,4,0.0001,99.9972,0
81953P,ROUND ARTICULATED PINK CLOCK W/SUCK,9.57,33,0.0,99.9972,0
20822,SILVER WINE GOBLET,9.3,2,0.0,99.9973,0
23441,HAND PAINTED HANGING EASTER EGG,9.24,22,0.0,99.9973,0
72708,SCULPTED ROUND IVORY CANDLE,9.24,90,0.0,99.9974,0
20882,MODERN CHRISTMAS TREE CANDLE,8.85,3,0.0,99.9974,0
35598C,WHITE CHRISTMAS TREE 60CM,8.85,7,0.0,99.9975,0
62097A,PINK STRIPES SHOULDER BAG,8.85,7,0.0,99.9975,0
20739,*USB Office Glitter Lamp,8.65,1,0.0,99.9976,0
21406,SPOTTY CAT DOORSTOP,8.65,1,0.0,99.9976,0
90013E,AMBER VINTAGE EARRINGS,8.57,2,0.0,99.9976,0
84572,6 HOOK JEWEL STAND LILAC DRESS,8.49,1,0.0,99.9977,0
23612,SET 10 MINICARDS CUTE SNOWMAN 17071,8.3,5,0.0,99.9977,0
44091A,BLUE CRUSOE CHECK LAMPSHADE,7.56,41,0.0,99.9978,0
20942,SET/6 GINGERBREAD TREE T-LIGHTS,7.5,6,0.0,99.9978,0
46037A,PINK CANVAS DES CUSHION COVER,7.5,6,0.0,99.9979,0
82011E,"BATHROOM SCALES, FAG BREAK",7.5,3,0.0,99.9979,0
90025A,BAROQUE BUTTERFLY EARRINGS BLACK,7.5,2,0.0,99.9979,0
23633,SET 10 CARDS WORLD CHILDREN 17067,7.47,3,0.0,99.998,0
90111,BLUE HIBISCUS  HAIR CLIP,7.35,9,0.0,99.998,0
35001P,HAND OPEN SHAPE PINK,6.98,5,0.0,99.998,0
85230C,ROSE SCENTED VOTIVE CANDLE,6.96,48,0.0,99.9981,0
37484,ENGLISH ROSE TEA FOR ONE GIFT BOX,6.75,2,0.0,99.9981,0
48173A,DOOR MAT BLUE FLOCK,6.75,1,0.0,99.9982,0
23604,SET 10 MINI SANTA & SNOWMAN  17087,6.64,4,0.0,99.9982,0
20678,LARGE BLACK DIAMANTE HAIRSLIDE,6.6,4,0.0,99.9982,0
20858,SILVER PURSE GOLD PINK BUTTERFLY,6.6,4,0.0,99.9983,0
20884,MODERN CHRISTMAS TREE CANDLE,6.3,13,0.0,99.9983,0
79140,ASS WINDPROOF MARIJUANA LIGHTERS,6.3,15,0.0,99.9983,0
20673,STRAWBERRIES PRINT BOWL,6.25,11,0.0,99.9984,0
37408,ASSORTED DESIGN GEISHA GIRL MUGS,6.25,5,0.0,99.9984,0
82072,WHITE WOOD SINGLE P/FRAME,6.25,7,0.0,99.9984,0
23610,SET 10 CARDS CHRISTMAS ROBIN 17095,6.24,3,0.0,99.9984,0
37409,ASSORTED DESIGN FLOWER MUGS,5.95,7,0.0,99.9985,0
72751A,"F.FAIRY S/3 SML CANDLE,LILY/VALLEY",5.95,1,0.0,99.9985,0
72751C,UNKNOWN ITEM,5.95,1,0.0,99.9985,0
85077,KISSING REINDEER TABLE RUNNER,5.95,1,0.0,99.9986,0
18098A,PINK PORCELAIN B'FLY OIL BURNER,5.9,2,0.0,99.9986,0
35821P,"JEWELLED DECORATION,PINK",5.9,4,0.0,99.9986,0
35823P,"ACRYLIC BEAD GARLAND,PINK",5.9,2,0.0,99.9987,0
79303A,UNKNOWN ITEM,5.9,3,0.0,99.9987,0
23617,SET 10 CARDS SWIRLY XMAS TREE 17104,5.82,2,0.0,99.9987,0
23638,SET 10 CARDS ROBIN WATERPUMP  17096,5.82,2,0.0,99.9988,0
23652,SET 10 CARD CHRISTMAS STAMPS 16963,5.82,2,0.0,99.9988,0
23630,SET 10 CARDS HANGING BAUBLES 17080,5.48,2,0.0,99.9988,0
35537,CANDLE RING W/CLEAR BEADS,5.46,13,0.0,99.9988,0
21838,DADDY MOUSE RED GINGHAM BOW TIE,5.45,1,0.0,99.9989,0
16010,FOLDING CAMPING SCISSOR W/KNIF & S,5.28,44,0.0,99.9989,0
16215,FUNKY GIRLZ MAGNETIC TO DO LIST,5.2,8,0.0,99.9989,0
21854,EURO FOOTBALL STARS TOP TRUMPS GAME,5.17,1,0.0,99.999,0
21860,DR WHO TOP TRUMPS GAME,5.17,1,0.0,99.999,0
71101A,ANGEL ON KNEES METAL POLE 100CM H,5.1,6,0.0,99.999,0
90142C,ROSE PINK PENDANT SHELL NECKLACE,5.09,1,0.0,99.999,0
84942,KASHMIR FOLKART HEART DISHES,5.07,3,0.0,99.9991,0
DCGS0041,HAYNES MINI-COOPER PLAYING CARDS,5.06,1,0.0,99.9991,0
20877,MODERN CHRISTMAS BAUBLE CANDLE,5.04,12,0.0,99.9991,0
23649,SET 10 CARDS DECK THE HALLS 16960,4.98,2,0.0,99.9991,0
37451,CERAMIC CAKE TEAPOT WITH CHERRY,4.95,5,0.0,99.9992,0
85043,RED HEART CANDY POP LIGHTS,4.95,2,0.0,99.9992,0
85232C,UNKNOWN ITEM,4.95,3,0.0,99.9992,0
90214U,"LETTER ""U"" BLING KEY RING",4.73,13,0.0,99.9992,0
45014,FOLDING SHIRT TIDY,4.65,1,0.0,99.9993,0
37326,FAIRY DESIGN MUGS,4.61,4,0.0,99.9993,0
21409,SPOTTY COCKEREL DOORSTOP,4.25,2,0.0,99.9993,0
72752A,"F.FAIRY,CANDLE IN GLASS,LILY/VALLEY",4.25,1,0.0,99.9993,0
79157V,UBO-LIGHT TRIOBASE PURPLE,4.25,5,0.0,99.9994,0
84255A,PINK GLASS COCKTAIL LAMP,4.2,4,0.0,99.9994,0
37432,MUG PINK AND PURPLE ARABIC DESIGN,3.9,6,0.0,99.9994,0
35995,SET/6 BLACK GLITTER REINDEER CANDLE,3.78,5,0.0,99.9994,0
35974,S/6 CHRISTMAS TREE PLACE SETTING,3.75,1,0.0,99.9994,0
37438,FUNKY FLOWER COFFEE POT,3.75,1,0.0,99.9995,0
40046C,PINK BUTTERFLY PAPER LAMPSHADE,3.75,10,0.0,99.9995,0
90004A,JADE GREEN PAIR ENAMEL HAIR SLIDES,3.75,3,0.0,99.9995,0
84731,3 BIRDS CANVAS SCREEN,3.69,3,0.0,99.9995,0
35818C,"ACRYLIC JEWEL ICICLE, CLEAR",3.43,1,0.0,99.9995,0
21081,SET/20 POSIES PAPER NAPKINS,3.4,4,0.0,99.9995,0
23643,SET 10 CARDS CHRISTMAS BAUBLE 16954,3.33,1,0.0,99.9996,0
20683,UNKNOWN ITEM,3.25,2,0.0,99.9996,0
20885,BOX OF 3 PEBBLE CANDLES,2.95,1,0.0,99.9996,0
79301,FEATHER HEART LIGHTS,2.95,1,0.0,99.9996,0
23602,SET 10 CARDS 3 WISE MEN 17107,2.91,1,0.0,99.9996,0
23609,SET 10 CARDS SNOWY ROBIN 17099,2.91,1,0.0,99.9996,0
23628,SET 10 CARDS TRIANGLE ICONS  17220,2.91,1,0.0,99.9997,0
DCGS0044,HANDZ-OFF CAR FRESHENER,2.57,1,0.0,99.9997,0
20881,MODERN CHRISTMAS TREE CANDLE,2.55,3,0.0,99.9997,0
21036,SET/2 TEA TOWELS MODERN VINTAGE,2.55,1,0.0,99.9997,0
35999,S/6 SCANDINAVIAN HEART T-LIGHT,2.55,29,0.0,99.9997,0
47554,S/3 COLOURS FLOCK TEA TOWELS,2.55,1,0.0,99.9997,0
47556,SET/2 SPOTTY + ROSE TEA TOWELS,2.55,8,0.0,99.9997,0
47569,ENGLISH ROSE DESIGN SHOPPING BAG,2.55,1,0.0,99.9998,0
85171,S/2 HYACINTH BULB CANDLES,2.55,1,0.0,99.9998,0
90091,UNKNOWN ITEM,2.55,8,0.0,99.9998,0
17028J,INCENSE BAZAAR PEACH,2.52,6,0.0,99.9998,0
21008,ETCHED GLASS HEART TREE DECORATION,2.51,1,0.0,99.9998,0
DCGS0062,ROAD-RAGE CAR FRESHENER,2.51,1,0.0,99.9998,0
21225,POCKET MIRROR BUTTERFLY,2.5,2,0.0,99.9998,0
21290,LARGE SPOTTY CHOCOLATE GIFT BAG,2.5,2,0.0,99.9998,0
17061,ASSORTED SHAPED STENCIL FOR HENNA,2.08,52,0.0,99.9999,0
35945,GOLD CHRISTMAS STOCKING DECORATION,1.95,2,0.0,99.9999,0
84814A,UNKNOWN ITEM,1.95,2,0.0,99.9999,0
85192S,HANGING SPRING FLOWER HEART SMALL,1.95,3,0.0,99.9999,0
84201C,HAPPY BIRTHDAY CARD TEDDY/CAKE,1.9,10,0.0,99.9999,0
84206C,CHAMPAGNE TRAY BLANK CARD,1.9,10,0.0,99.9999,0
20737,RED MINI TAPE MEASURE,1.7,2,0.0,99.9999,0
30086C,ASSORTED FRUIT STRAWS,1.7,1,0.0,99.9999,0
35837,SET OF SIX SILVER+RED FLOCK BAUBLES,1.7,2,0.0,99.9999,0
10109,BENDY COLOUR PENCILS,1.68,4,0.0,99.9999,0
21585,UNKNOWN ITEM,1.65,2,0.0,99.9999,0
23664,FLOWER SHOP DESIGN MUG,1.65,1,0.0,100.0,0
72796C,S/3 ROSE GARDEN SCENT SQU CANDLE,1.65,1,0.0,100.0,0
85024A,CRYSTAL SMALL JEWELLED PHOTOFRAME,1.65,1,0.0,100.0,0
35950,FOLKART HEART CHRISTMAS DECORATIONS,1.25,1,0.0,100.0,0
84845A,HOLLYHOCK SQUARE HANDY TIN,1.25,1,0.0,100.0,0
TEST002,This is a test product.,1.0,2,0.0,100.0,0
20721,OWLS CHARLOTTE BAG,0.85,2,0.0,100.0,0
35930,PINK HEART CHRISTMAS DECORATION,0.38,1,0.0,100.0,0
84205C,HAPPY BIRTHDAY GINGER CAT CARD,0.38,2,0.0,100.0,0
