invoice_date,country,sales,returns_abs,invoices,customers
2009-12-01,Australia,196.10000000000002,196.10000000000002,2,1
2009-12-01,Belgium,130.0,0.0,1,1
2009-12-01,EIRE,1800.43,0.0,3,2
2009-12-01,France,1030.24,5.95,3,3
2009-12-01,Germany,929.92,0.0,1,1
2009-12-01,Portugal,2454.68,0.0,1,1
2009-12-01,USA,141.0,0.0,1,1
2009-12-01,United Kingdom,47668.86,1138.42,154,107
2009-12-02,Denmark,1008.0,0.0,1,1
2009-12-02,France,578.28,28.95,2,2
2009-12-02,Germany,0.0,20.4,1,1
2009-12-02,Japan,0.0,208.75,1,1
2009-12-02,Netherlands,5711.04,0.0,2,1
2009-12-02,Nigeria,0.0,147.05,1,0
2009-12-02,United Kingdom,55875.26,183.76999999999998,125,92
2009-12-03,EIRE,569.1800000000001,0.0,1,1
2009-12-03,France,210.55,354.45,2,2
2009-12-03,Germany,0.0,41.5,1,1
2009-12-03,Poland,371.82,0.0,1,1
2009-12-03,Spain,0.0,3.35,1,1
2009-12-03,United Kingdom,72820.9,5545.56,144,110
2009-12-04,Channel Islands,989.18,0.0,1,1
2009-12-04,France,682.65,45.75,2,2
2009-12-04,Italy,0.0,24.15,1,1
2009-12-04,Netherlands,508.26,0.0,1,1
2009-12-04,Spain,435.88,28.0,2,1
2009-12-04,United Kingdom,37966.35,288.62,100,76
2009-12-05,Cyprus,760.69,0.0,1,1
2009-12-05,United Kingdom,9042.36,0.0,31,25
2009-12-06,Belgium,309.1,0.0,1,1
2009-12-06,France,817.4399999999999,0.0,1,1
2009-12-06,Germany,283.15,0.0,1,1
2009-12-06,United Kingdom,23013.33,296.44,87,60
2009-12-07,Australia,0.0,21.0,1,1
2009-12-07,EIRE,1936.1,14.0,4,2
2009-12-07,France,74.56,5.8,2,2
2009-12-07,Germany,1461.92,0.0,3,2
2009-12-07,Greece,610.95,0.0,1,1
2009-12-07,Norway,485.31,0.0,1,1
2009-12-07,Spain,412.6,0.0,1,1
2009-12-07,United Kingdom,39934.770000000004,705.53,110,78
2009-12-08,Australia,0.0,3.75,1,1
2009-12-08,Austria,1429.83,0.0,1,1
2009-12-08,Denmark,0.0,17.2,1,1
2009-12-08,EIRE,728.0500000000001,59.85,5,2
2009-12-08,France,507.9,406.85,3,2
2009-12-08,Netherlands,104.15,0.0,1,1
2009-12-08,Portugal,366.9,0.0,1,1
2009-12-08,United Kingdom,46339.4,5286.4400000000005,157,126
2009-12-09,Germany,1746.48,60.78,4,3
2009-12-09,Sweden,285.29999999999995,25.5,2,1
2009-12-09,United Kingdom,38233.88,133.26,108,73
2009-12-10,Belgium,8.5,0.0,1,1
2009-12-10,Channel Islands,0.0,43.8,1,1
2009-12-10,EIRE,377.57,0.0,1,1
2009-12-10,France,0.0,118.9,2,1
2009-12-10,United Arab Emirates,517.7,38.160000000000004,2,1
2009-12-10,United Kingdom,43330.19,898.77,116,92
2009-12-11,EIRE,0.0,20.9,2,2
2009-12-11,Germany,0.0,30.4,2,1
2009-12-11,United Kingdom,39447.89,1183.38,117,91
2009-12-13,EIRE,411.51,0.0,1,0
2009-12-13,Finland,549.08,0.0,1,1
2009-12-13,France,1506.26,0.0,3,3
2009-12-13,Germany,147.99,0.0,1,1
2009-12-13,United Kingdom,19561.62,247.1,71,58
2009-12-14,Cyprus,1066.3600000000001,53.699999999999996,2,1
2009-12-14,EIRE,0.0,61.9,1,1
2009-12-14,Germany,3909.81,56.35,6,3
2009-12-14,United Kingdom,68198.22,257.46999999999997,113,76
2009-12-15,Denmark,429.66,36.0,2,1
2009-12-15,EIRE,2111.54,0.0,2,2
2009-12-15,United Kingdom,47721.090000000004,2667.58,119,89
2009-12-16,Cyprus,78.2,78.2,2,1
2009-12-16,EIRE,825.32,0.0,1,1
2009-12-16,Italy,422.35,0.0,1,1
2009-12-16,Netherlands,511.2,0.0,1,1
2009-12-16,United Kingdom,50708.48,32.85,101,79
2009-12-17,EIRE,803.25,803.25,2,1
2009-12-17,Germany,0.0,3.25,1,1
2009-12-17,Spain,1952.64,0.0,1,1
2009-12-17,Switzerland,589.4,0.0,1,1
2009-12-17,United Kingdom,27292.96,1115.18,157,113
2009-12-18,Australia,75.0,0.0,1,1
2009-12-18,Cyprus,1636.43,0.0,1,1
2009-12-18,EIRE,3424.11,0.0,5,2
2009-12-18,Germany,218.97,55.8,5,2
2009-12-18,Netherlands,8370.08,0.0,1,1
2009-12-18,United Kingdom,28745.7,161.21,71,49
2009-12-20,EIRE,0.0,11.9,1,1
2009-12-20,France,975.06,0.0,1,1
2009-12-20,Germany,330.6,0.0,1,1
2009-12-20,United Kingdom,10076.880000000001,103.55000000000001,37,32
2009-12-21,EIRE,7112.68,0.0,1,1
2009-12-21,France,138.75,0.0,1,1
2009-12-21,Germany,801.43,0.0,1,1
2009-12-21,United Kingdom,8270.09,1791.77,49,30
2009-12-22,Austria,568.51,0.0,1,1
2009-12-22,United Kingdom,27448.77,538.49,202,31
2009-12-23,Germany,0.0,45.75,1,1
2009-12-23,Spain,5149.06,0.0,2,1
2009-12-23,United Kingdom,5700.29,82.67,29,13
2010-01-04,EIRE,0.0,14.0,1,1
2010-01-04,Germany,0.0,16.29,1,1
2010-01-04,United Kingdom,13445.800000000001,250.36,68,27
2010-01-05,United Kingdom,19114.34,96.95,46,31
2010-01-06,United Kingdom,8736.75,0.0,14,13
2010-01-07,EIRE,46440.42,109.95,5,2
2010-01-07,France,2130.3,0.0,1,1
2010-01-07,Germany,205.75,18.0,2,2
2010-01-07,Sweden,26.05,0.0,1,1
2010-01-07,United Kingdom,24237.37,649.87,78,65
2010-01-08,Belgium,404.55,0.0,1,1
2010-01-08,EIRE,2751.5,780.52,4,2
2010-01-08,France,2890.82,0.0,3,3
2010-01-08,United Kingdom,24247.08,21.900000000000002,41,36
2010-01-10,Spain,760.24,0.0,1,1
2010-01-10,United Kingdom,22837.61,168.67999999999998,36,28
2010-01-11,Denmark,881.2,0.0,1,1
2010-01-11,EIRE,1642.5,0.0,1,1
2010-01-11,Germany,471.33,170.99999999999997,4,3
2010-01-11,Netherlands,152.88,0.0,1,1
2010-01-11,Spain,1410.99,0.0,2,1
2010-01-11,USA,558.4200000000001,0.0,2,1
2010-01-11,United Kingdom,32769.09,223.87,63,35
2010-01-12,Germany,2370.56,72.0,4,3
2010-01-12,USA,5.0,0.0,1,1
2010-01-12,United Kingdom,38411.42,93.7,60,30
2010-01-13,Belgium,0.0,9.95,1,1
2010-01-13,EIRE,546.95,1327.47,3,2
2010-01-13,France,1208.8,116.62,3,3
2010-01-13,Germany,1383.41,19.84,2,2
2010-01-13,Spain,0.0,1410.99,4,1
2010-01-13,United Kingdom,19331.02,204.26999999999998,51,33
2010-01-14,Germany,671.9300000000001,54.5,3,3
2010-01-14,Greece,859.27,0.0,1,1
2010-01-14,United Kingdom,30019.7,3074.95,83,58
2010-01-15,Belgium,1120.27,0.0,2,1
2010-01-15,Finland,738.18,0.0,1,1
2010-01-15,Germany,79.19999999999999,98.35,2,2
2010-01-15,Japan,2.95,0.0,1,1
2010-01-15,Netherlands,333.45,0.0,2,2
2010-01-15,United Kingdom,11233.85,119.0,45,34
2010-01-17,United Kingdom,17393.2,12.3,41,35
2010-01-18,Channel Islands,838.75,0.0,1,1
2010-01-18,Germany,0.0,16.35,1,1
2010-01-18,United Kingdom,20558.96,91.98,48,31
2010-01-19,EIRE,940.74,0.0,1,1
2010-01-19,France,1325.28,0.0,3,2
2010-01-19,Germany,0.0,5.59,1,1
2010-01-19,USA,1130.22,0.0,1,1
2010-01-19,United Kingdom,29625.691,359.1,44,38
2010-01-19,Unspecified,211.95,0.0,1,1
2010-01-20,EIRE,1735.02,1253.35,5,2
2010-01-20,Sweden,1352.4,0.0,1,1
2010-01-20,United Kingdom,15930.62,1147.3,74,57
2010-01-21,Denmark,6989.4,0.0,1,1
2010-01-21,EIRE,3590.07,0.0,1,1
2010-01-21,Greece,2507.06,0.0,1,1
2010-01-21,United Kingdom,14272.7,424.07,85,50
2010-01-22,EIRE,3299.38,1950.7400000000002,6,2
2010-01-22,Germany,2131.63,0.0,2,2
2010-01-22,Netherlands,10173.56,0.0,2,1
2010-01-22,Spain,1120.46,0.0,1,1
2010-01-22,United Kingdom,20061.14,168.89000000000001,66,34
2010-01-24,Germany,557.53,0.0,1,1
2010-01-24,United Kingdom,15373.31,26.39,51,47
2010-01-25,EIRE,627.4300000000001,0.0,1,1
2010-01-25,Germany,0.0,58.4,1,1
2010-01-25,Greece,1432.02,0.0,1,1
2010-01-25,United Kingdom,20934.7,183.84,69,42
2010-01-26,Belgium,109.19999999999999,0.0,1,1
2010-01-26,Cyprus,76.52000000000001,0.0,1,1
2010-01-26,EIRE,1623.37,59.1,14,4
2010-01-26,Finland,63.24,142.65,3,3
2010-01-26,France,590.17,0.0,2,2
2010-01-26,Germany,2935.03,80.38,12,6
2010-01-26,Italy,39.67,0.0,1,1
2010-01-26,Netherlands,18570.88,18.38,2,2
2010-01-26,Nigeria,27.82,0.0,1,1
2010-01-26,Portugal,117.72,13.13,2,2
2010-01-26,Spain,227.75,26.25,4,4
2010-01-26,United Kingdom,22785.62,1460.36,124,71
2010-01-26,Unspecified,0.0,36.75,1,1
2010-01-27,Spain,563.65,0.0,1,1
2010-01-27,USA,595.95,0.0,1,1
2010-01-27,United Kingdom,26685.55,223.22,82,54
2010-01-27,Unspecified,823.15,0.0,1,1
2010-01-28,Channel Islands,0.0,15.9,1,1
2010-01-28,EIRE,1034.67,0.0,1,1
2010-01-28,Germany,0.0,50.2,3,3
2010-01-28,United Kingdom,18782.2,561.41,78,52
2010-01-29,Spain,96.5,0.0,1,1
2010-01-29,United Kingdom,28261.931,10912.0,81,50
2010-01-31,EIRE,1026.3799999999999,0.0,1,1
2010-01-31,France,320.26,0.0,1,1
2010-01-31,Germany,1755.74,0.0,1,1
2010-01-31,Sweden,301.7,40.0,2,1
2010-01-31,United Kingdom,15196.27,214.54999999999998,53,44
2010-02-01,Germany,824.2,0.0,2,2
2010-02-01,Japan,159.66,0.0,1,1
2010-02-01,Malta,1636.38,818.19,3,1
2010-02-01,Portugal,403.33,0.0,2,1
2010-02-01,Spain,492.04,56.0,3,1
2010-02-01,United Kingdom,16268.621,439.09,71,45
2010-02-02,Bahrain,439.85,0.0,1,0
2010-02-02,EIRE,3289.77,608.5,5,2
2010-02-02,Germany,0.0,0.85,1,1
2010-02-02,United Kingdom,17783.4,84.36,53,38
2010-02-03,France,714.21,0.0,1,1
2010-02-03,Germany,20.4,43.199999999999996,2,1
2010-02-03,Netherlands,266.5,0.0,1,1
2010-02-03,RSA,931.43,0.0,1,1
2010-02-03,Spain,17.0,33.0,2,1
2010-02-03,United Kingdom,19465.161,65.74,143,40
2010-02-04,Austria,437.90000000000003,0.0,1,1
2010-02-04,France,51.0,0.0,1,1
2010-02-04,Germany,401.43,0.0,2,1
2010-02-04,United Kingdom,21610.38,16.62,139,49
2010-02-05,Germany,353.03,0.0,2,2
2010-02-05,United Kingdom,21491.57,1129.88,145,51
2010-02-07,Belgium,191.7,0.0,1,1
2010-02-07,EIRE,7497.64,0.0,1,1
2010-02-07,France,987.64,0.0,1,1
2010-02-07,Germany,196.20000000000002,0.0,1,1
2010-02-07,United Kingdom,8153.65,254.44,31,25
2010-02-08,EIRE,730.2,365.1,3,1
2010-02-08,Germany,1476.68,0.0,3,3
2010-02-08,United Arab Emirates,1511.7,1007.8,5,0
2010-02-08,United Kingdom,13688.42,75.8,64,43
2010-02-09,Austria,562.96,0.0,1,1
2010-02-09,France,3392.5099999999998,0.0,5,5
2010-02-09,Germany,2062.71,0.0,5,5
2010-02-09,United Kingdom,13600.64,58.45,47,41
2010-02-10,Germany,283.98,0.0,1,1
2010-02-10,Portugal,55.5,0.0,1,1
2010-02-10,Sweden,87.4,0.0,1,1
2010-02-10,United Kingdom,9115.16,488.57,35,23
2010-02-11,France,1422.3500000000001,0.0,5,5
2010-02-11,Germany,158.7,56.400000000000006,3,3
2010-02-11,Switzerland,477.68,0.0,1,1
2010-02-11,United Kingdom,13021.54,89.36,92,41
2010-02-12,France,493.66,0.0,1,1
2010-02-12,Germany,738.86,16.849999999999998,3,2
2010-02-12,United Arab Emirates,0.0,10.2,1,0
2010-02-12,United Kingdom,10147.89,42.15,70,28
2010-02-14,Australia,662.25,0.0,1,1
2010-02-14,EIRE,881.86,0.0,1,1
2010-02-14,United Kingdom,16241.47,162.95,49,39
2010-02-15,Belgium,3017.3,1508.65,3,1
2010-02-15,Cyprus,712.39,0.0,1,1
2010-02-15,Denmark,16973.1,0.0,1,1
2010-02-15,EIRE,129.34,12.75,2,1
2010-02-15,Germany,762.48,10.9,2,2
2010-02-15,United Kingdom,20874.921,161.25000000000003,46,31
2010-02-16,EIRE,454.35,5.95,2,1
2010-02-16,Germany,0.0,29.950000000000003,1,1
2010-02-16,Sweden,1677.42,0.0,1,1
2010-02-16,United Kingdom,29012.66,214.65,105,54
2010-02-17,Denmark,2836.7999999999997,3630.7999999999997,2,1
2010-02-17,EIRE,2953.54,0.0,3,2
2010-02-17,Germany,0.0,20.4,1,1
2010-02-17,United Kingdom,20722.38,262.57,58,43
2010-02-18,EIRE,0.0,19.55,2,1
2010-02-18,Germany,210.07000000000002,0.0,1,1
2010-02-18,Netherlands,14957.6,947.08,4,1
2010-02-18,United Kingdom,20582.47,615.2,84,74
2010-02-19,United Kingdom,27225.01,132.39,64,33
2010-02-21,Australia,202.56,0.0,1,1
2010-02-21,EIRE,986.8,0.0,1,1
2010-02-21,United Kingdom,10205.371000000001,2156.13,58,48
2010-02-22,Australia,164.85,0.0,1,1
2010-02-22,Austria,118.00000000000001,0.0,1,1
2010-02-22,Cyprus,38.099999999999994,0.0,1,1
2010-02-22,EIRE,881.52,0.0,1,1
2010-02-22,France,0.0,5.0,1,1
2010-02-22,Germany,0.0,7.5,1,1
2010-02-22,United Arab Emirates,1310.3000000000002,0.0,1,1
2010-02-22,United Kingdom,23840.81,127.47999999999999,79,38
2010-02-23,France,1370.74,38.15,3,3
2010-02-23,Germany,303.65000000000003,66.95,7,4
2010-02-23,Japan,34.06,37.01,3,1
2010-02-23,United Kingdom,20942.72,3.95,75,38
2010-02-24,EIRE,3733.78,17.700000000000003,4,1
2010-02-24,Netherlands,1112.2,0.0,1,1
2010-02-24,Sweden,6437.76,0.0,5,1
2010-02-24,United Kingdom,21781.351,257.3,113,48
2010-02-25,France,592.05,0.0,1,1
2010-02-25,Germany,529.61,0.0,2,2
2010-02-25,United Kingdom,45494.01,1236.1399999999999,88,66
2010-02-26,Netherlands,919.09,361.0,4,1
2010-02-26,United Kingdom,15763.861,3065.55,61,30
2010-02-28,Germany,802.25,0.0,2,2
2010-02-28,Spain,45.0,0.0,1,1
2010-02-28,United Kingdom,15894.24,111.05,55,47
2010-03-01,France,629.39,0.0,1,1
2010-03-01,Netherlands,0.0,210.0,1,1
2010-03-01,Poland,318.86,0.0,1,1
2010-03-01,Spain,438.8,0.0,1,1
2010-03-01,United Kingdom,24395.36,232.47,93,47
2010-03-02,France,2192.83,29.849999999999998,3,2
2010-03-02,Germany,344.1,35.400000000000006,2,2
2010-03-02,Netherlands,1562.94,0.0,1,1
2010-03-02,Portugal,633.68,14.850000000000001,2,2
2010-03-02,United Kingdom,21650.59,666.33,129,68
2010-03-03,Belgium,200.0,0.0,1,1
2010-03-03,EIRE,9549.49,0.0,5,2
2010-03-03,France,319.6,20.32,3,2
2010-03-03,Germany,473.09,45.2,3,3
2010-03-03,Italy,154.14,0.0,1,1
2010-03-03,United Kingdom,23362.05,159.26,71,51
2010-03-04,Australia,394.59,0.0,1,1
2010-03-04,Cyprus,0.0,25.6,1,1
2010-03-04,EIRE,1125.16,0.0,2,2
2010-03-04,France,202.35,0.0,1,1
2010-03-04,Switzerland,607.6800000000001,0.0,2,1
2010-03-04,United Kingdom,29968.61,732.0600000000001,95,70
2010-03-05,Belgium,684.52,0.0,2,2
2010-03-05,EIRE,777.64,0.0,2,1
2010-03-05,France,334.06,0.0,1,1
2010-03-05,Germany,1676.1100000000001,0.0,3,3
2010-03-05,Greece,522.73,0.0,1,1
2010-03-05,United Kingdom,23541.67,0.0,77,47
2010-03-07,Germany,2323.84,0.0,2,2
2010-03-07,United Kingdom,17481.71,189.5,65,47
2010-03-08,Austria,348.32,0.0,1,1
2010-03-08,Cyprus,337.74,0.0,1,1
2010-03-08,France,0.0,18.1,1,1
2010-03-08,Germany,1100.27,29.700000000000003,3,3
2010-03-08,Italy,580.08,0.0,1,1
2010-03-08,Netherlands,147.0,0.0,1,1
2010-03-08,Portugal,0.0,15.9,1,1
2010-03-08,United Kingdom,34740.9,362.3,100,64
2010-03-09,EIRE,0.0,95.75,2,2
2010-03-09,France,1089.65,0.0,2,2
2010-03-09,Germany,251.05,0.0,2,2
2010-03-09,Spain,364.79,0.0,1,1
2010-03-09,Sweden,357.4,0.0,1,1
2010-03-09,United Kingdom,19936.71,2553.0499999999997,97,56
2010-03-10,EIRE,551.95,1.7,2,1
2010-03-10,France,0.0,32.4,1,1
2010-03-10,Germany,384.5,0.0,2,1
2010-03-10,Sweden,656.4,0.0,2,2
2010-03-10,United Kingdom,25860.18,379.67,77,53
2010-03-11,Netherlands,3425.2599999999998,0.0,1,1
2010-03-11,United Kingdom,21070.1,111.0,75,39
2010-03-12,Denmark,728.88,0.0,1,1
2010-03-12,EIRE,917.5600000000001,0.0,1,1
2010-03-12,France,346.25,0.0,2,2
2010-03-12,Germany,0.0,1.95,1,1
2010-03-12,Netherlands,7482.62,0.0,3,1
2010-03-12,United Kingdom,12214.03,236.34,46,27
2010-03-14,Netherlands,1968.98,0.0,1,1
2010-03-14,United Kingdom,6978.92,12.75,24,21
2010-03-15,EIRE,1537.92,0.0,2,1
2010-03-15,France,1182.3500000000001,0.0,1,1
2010-03-15,Germany,92.0,12.75,2,2
2010-03-15,Japan,110.4,110.4,2,1
2010-03-15,Netherlands,165.0,0.0,1,1
2010-03-15,Sweden,0.0,34.0,1,1
2010-03-15,United Kingdom,24500.031,126.56,73,39
2010-03-16,Cyprus,500.24,0.0,1,1
2010-03-16,EIRE,0.0,15.0,1,1
2010-03-16,Germany,744.37,92.0,4,3
2010-03-16,Sweden,46.8,23.4,2,1
2010-03-16,United Kingdom,22664.47,835.89,86,73
2010-03-17,Denmark,6866.3,0.0,1,1
2010-03-17,EIRE,331.32,0.0,1,1
2010-03-17,Germany,2917.7599999999998,7.95,2,2
2010-03-17,United Kingdom,20604.16,170.33,52,39
2010-03-18,Bermuda,1253.1399999999999,0.0,1,0
2010-03-18,EIRE,874.36,0.0,2,1
2010-03-18,France,1155.48,0.0,1,1
2010-03-18,Germany,1609.06,0.0,2,2
2010-03-18,United Kingdom,36194.43,520.26,91,70
2010-03-19,Bahrain,429.8,0.0,1,0
2010-03-19,Channel Islands,0.0,934.66,1,1
2010-03-19,EIRE,1055.51,0.0,1,1
2010-03-19,Norway,13916.34,19712.21,5,1
2010-03-19,Sweden,354.0,0.0,1,0
2010-03-19,Switzerland,343.94,0.0,1,1
2010-03-19,United Kingdom,29542.02,1485.55,82,54
2010-03-21,Cyprus,917.6999999999999,0.0,1,1
2010-03-21,Netherlands,381.0,0.0,1,1
2010-03-21,United Kingdom,19223.83,276.44,62,50
2010-03-22,EIRE,782.4499999999999,0.0,1,1
2010-03-22,Germany,736.37,0.0,2,2
2010-03-22,Greece,0.0,32.45,1,1
2010-03-22,Sweden,253.58,0.0,1,1
2010-03-22,United Kingdom,23669.26,875.8399999999999,99,67
2010-03-23,Australia,34.8,0.0,1,1
2010-03-23,Bahrain,119.0,0.0,1,0
2010-03-23,Cyprus,1123.51,0.0,2,2
2010-03-23,EIRE,289.45,0.0,1,1
2010-03-23,Germany,0.0,25.900000000000002,1,1
2010-03-23,Portugal,0.0,7.5,2,1
2010-03-23,United Kingdom,54833.72,23963.36,76,58
2010-03-24,Austria,40.0,0.0,1,1
2010-03-24,EIRE,1430.46,983.28,9,2
2010-03-24,France,804.4699999999999,0.0,2,2
2010-03-24,Germany,1020.48,0.0,1,1
2010-03-24,Portugal,1885.3700000000001,0.0,1,1
2010-03-24,United Arab Emirates,1201.52,0.0,1,1
2010-03-24,United Kingdom,23736.1,2018.25,102,78
2010-03-25,Austria,536.8100000000001,0.0,3,2
2010-03-25,EIRE,1502.6200000000001,0.0,2,2
2010-03-25,France,381.36,0.0,1,1
2010-03-25,Germany,984.05,0.0,3,2
2010-03-25,Netherlands,146.67999999999998,0.0,1,1
2010-03-25,Spain,822.84,0.0,2,2
2010-03-25,United Kingdom,34452.44,6516.92,100,65
2010-03-26,EIRE,833.2,0.0,1,1
2010-03-26,France,0.0,89.3,1,1
2010-03-26,Germany,2041.03,11.3,3,3
2010-03-26,Netherlands,9168.5,278.36,7,2
2010-03-26,United Kingdom,20480.73,224.18,74,51
2010-03-28,United Kingdom,22402.0,14.3,60,56
2010-03-29,Bahrain,0.0,42.5,1,0
2010-03-29,Germany,0.0,21.0,1,1
2010-03-29,Spain,45.34,0.0,2,1
2010-03-29,United Kingdom,59818.73,729.44,94,43
2010-03-30,Channel Islands,1065.12,0.0,1,1
2010-03-30,EIRE,1430.37,27.95,3,3
2010-03-30,France,0.0,36.4,1,1
2010-03-30,United Kingdom,36010.51,929.25,103,77
2010-03-31,Germany,0.0,56.099999999999994,1,1
2010-03-31,Spain,0.0,16.7,1,1
2010-03-31,United Kingdom,29613.53,198.89,85,66
2010-04-01,Belgium,245.76,0.0,1,1
2010-04-01,France,714.0,0.0,1,1
2010-04-01,Germany,2443.71,0.0,5,5
2010-04-01,Netherlands,2831.66,0.0,1,1
2010-04-01,United Kingdom,24532.87,575.61,105,67
2010-04-06,United Kingdom,19142.35,447.09999999999997,66,47
2010-04-06,Unspecified,252.51999999999998,0.0,1,1
2010-04-07,EIRE,1015.48,0.0,1,1
2010-04-07,France,2213.2000000000003,0.0,1,1
2010-04-07,Germany,789.75,0.0,1,1
2010-04-07,Japan,0.0,2.75,1,1
2010-04-07,Sweden,5478.0,0.0,5,1
2010-04-07,United Kingdom,25045.88,78.0,63,44
2010-04-08,Australia,396.2,0.0,1,1
2010-04-08,Germany,266.82,0.0,2,1
2010-04-08,Netherlands,247.5,0.0,1,1
2010-04-08,United Kingdom,46644.32,417.05,92,69
2010-04-09,France,574.6999999999999,0.0,2,1
2010-04-09,Germany,2280.93,0.0,2,2
2010-04-09,Netherlands,728.5,0.0,1,1
2010-04-09,United Kingdom,13365.49,266.71,52,33
2010-04-11,Germany,3427.15,0.0,2,2
2010-04-11,Switzerland,728.8,0.0,1,1
2010-04-11,United Kingdom,15576.1,77.85000000000001,41,38
2010-04-12,Belgium,0.0,8.5,1,1
2010-04-12,Channel Islands,926.82,0.0,1,1
2010-04-12,Cyprus,0.0,15.8,1,1
2010-04-12,EIRE,1184.18,53.95,3,1
2010-04-12,Germany,2928.481,2.95,3,3
2010-04-12,Switzerland,0.0,4.25,1,1
2010-04-12,United Kingdom,22083.37,1137.63,76,60
2010-04-13,EIRE,9475.28,135.68,3,1
2010-04-13,Netherlands,253.7,0.0,1,1
2010-04-13,Spain,454.36,45.75,2,2
2010-04-13,United Kingdom,15783.33,863.13,86,65
2010-04-14,EIRE,1167.8799999999999,0.0,1,1
2010-04-14,France,1211.06,0.0,2,2
2010-04-14,Germany,814.89,0.0,2,1
2010-04-14,Spain,0.0,12.75,1,1
2010-04-14,United Kingdom,23870.52,587.53,58,46
2010-04-15,Germany,284.59,0.0,1,1
2010-04-15,Spain,379.62,0.0,1,1
2010-04-15,United Kingdom,28895.420000000002,10356.460000000001,87,61
2010-04-16,Belgium,1125.44,0.0,1,1
2010-04-16,France,114.48,0.0,1,1
2010-04-16,Germany,359.61,0.0,1,1
2010-04-16,Netherlands,378.6,0.0,1,1
2010-04-16,Sweden,3720.24,0.0,1,1
2010-04-16,United Kingdom,13810.08,1495.31,43,34
2010-04-18,Belgium,313.65,0.0,1,1
2010-04-18,Italy,0.0,660.86,1,1
2010-04-18,Netherlands,130.07,0.0,1,1
2010-04-18,Sweden,5814.6,0.0,5,1
2010-04-18,United Kingdom,17676.14,31.15,49,40
2010-04-19,EIRE,2091.78,0.0,3,2
2010-04-19,Germany,689.46,0.0,1,1
2010-04-19,Sweden,654.6,0.0,2,1
2010-04-19,United Arab Emirates,0.0,16.5,1,1
2010-04-19,United Kingdom,41793.03,267.32,79,43
2010-04-20,EIRE,588.98,0.0,1,1
2010-04-20,Germany,995.92,30.849999999999998,3,3
2010-04-20,Netherlands,337.4,0.0,1,1
2010-04-20,United Kingdom,27161.06,4419.14,73,54
2010-04-21,Belgium,0.0,12.75,1,1
2010-04-21,Cyprus,1151.7,0.0,2,1
2010-04-21,Finland,1255.13,0.0,3,2
2010-04-21,France,1112.06,0.0,1,1
2010-04-21,Germany,4157.74,0.0,2,2
2010-04-21,Hong Kong,2236.61,0.0,1,0
2010-04-21,Sweden,1749.68,1722.68,4,1
2010-04-21,United Kingdom,17717.69,67.95,72,46
2010-04-22,Denmark,748.0,0.0,1,1
2010-04-22,EIRE,2344.25,0.0,3,2
2010-04-22,France,0.0,13.52,1,1
2010-04-22,Germany,1104.09,65.0,4,4
2010-04-22,Netherlands,626.85,0.0,2,1
2010-04-22,United Kingdom,38656.89,7599.29,121,103
2010-04-23,France,211.15,0.0,1,1
2010-04-23,Germany,0.0,64.14,2,2
2010-04-23,Sweden,281.0,0.0,1,1
2010-04-23,United Kingdom,16090.56,1914.95,66,43
2010-04-25,EIRE,1002.95,0.0,1,1
2010-04-25,Germany,645.1,0.0,1,1
2010-04-25,United Kingdom,14926.48,355.8,48,42
2010-04-26,EIRE,2680.71,371.85,4,1
2010-04-26,Germany,1759.8899999999999,0.0,3,3
2010-04-26,United Kingdom,31645.75,62.6,113,65
2010-04-27,Australia,234.75000000000003,0.0,1,1
2010-04-27,EIRE,0.0,12.75,1,1
2010-04-27,Singapore,1252.95,0.0,1,1
2010-04-27,United Kingdom,44623.04,482.42,103,74
2010-04-28,Belgium,885.5400000000001,0.0,1,1
2010-04-28,France,1492.33,0.0,2,2
2010-04-28,Germany,339.75,0.0,1,1
2010-04-28,Greece,277.93,0.0,1,1
2010-04-28,Italy,457.33,0.0,1,1
2010-04-28,Switzerland,0.0,32.75,1,1
2010-04-28,United Kingdom,28999.81,71.14999999999999,72,58
2010-04-29,EIRE,1703.63,0.0,2,1
2010-04-29,France,0.0,26.55,1,1
2010-04-29,Germany,0.0,19.8,1,1
2010-04-29,Italy,1068.52,0.0,1,1
2010-04-29,Portugal,85.53999999999999,124.24,2,1
2010-04-29,Switzerland,1210.96,0.0,1,1
2010-04-29,United Kingdom,-24953.189000000002,1295.83,98,72
2010-04-30,Austria,1388.54,0.0,1,1
2010-04-30,EIRE,649.46,36.4,2,1
2010-04-30,Germany,395.35,0.0,1,1
2010-04-30,Netherlands,1354.5,0.0,1,1
2010-04-30,United Kingdom,25299.54,991.2,89,58
2010-05-02,EIRE,1098.27,0.0,1,1
2010-05-02,Germany,231.85000000000002,0.0,1,1
2010-05-02,Netherlands,133.79999999999998,0.0,1,1
2010-05-02,United Kingdom,10878.25,333.95,40,36
2010-05-04,EIRE,1233.34,273.28999999999996,5,1
2010-05-04,Finland,0.0,19.8,1,1
2010-05-04,Germany,0.0,75.2,2,2
2010-05-04,Italy,1008.9499999999999,0.0,1,1
2010-05-04,Spain,2129.65,0.0,3,3
2010-05-04,United Kingdom,18329.85,1126.23,89,62
2010-05-05,Belgium,0.0,13.2,1,1
2010-05-05,Channel Islands,1194.48,9.19,3,2
2010-05-05,Germany,396.3,0.0,1,1
2010-05-05,United Kingdom,26510.14,1267.58,112,78
2010-05-06,Australia,1520.07,1058.45,5,2
2010-05-06,EIRE,3432.0,0.0,2,2
2010-05-06,France,8490.9,0.0,5,5
2010-05-06,Germany,2172.49,0.0,2,2
2010-05-06,Netherlands,18002.0,0.0,3,1
2010-05-06,United Kingdom,20964.74,1090.57,111,77
2010-05-07,France,830.01,0.0,2,2
2010-05-07,United Kingdom,34914.12,826.45,86,52
2010-05-09,Belgium,98.15,0.0,1,1
2010-05-09,EIRE,4835.22,0.0,3,1
2010-05-09,United Kingdom,17918.69,53.15,60,51
2010-05-10,Bahrain,97.75,0.0,1,0
2010-05-10,EIRE,1434.77,0.0,2,1
2010-05-10,France,151.52,0.0,1,1
2010-05-10,Germany,0.0,36.550000000000004,1,1
2010-05-10,Italy,944.5,0.0,1,1
2010-05-10,Netherlands,821.6,0.0,1,1
2010-05-10,United Kingdom,29455.79,2499.82,113,81
2010-05-11,Cyprus,515.61,0.0,1,1
2010-05-11,EIRE,927.55,0.0,1,1
2010-05-11,Finland,837.11,0.0,1,1
2010-05-11,France,499.48,0.0,1,1
2010-05-11,Germany,259.74,0.0,1,1
2010-05-11,USA,324.51,0.0,1,1
2010-05-11,United Kingdom,25358.09,72.8,174,56
2010-05-12,France,344.87,0.0,1,1
2010-05-12,Germany,637.1999999999999,0.0,1,1
2010-05-12,Greece,413.56,0.0,1,1
2010-05-12,Sweden,3556.7599999999998,0.0,10,1
2010-05-12,Switzerland,535.37,0.0,1,1
2010-05-12,United Kingdom,25869.68,122.7,124,50
2010-05-13,EIRE,1466.3799999999999,0.0,1,1
2010-05-13,France,732.42,29.700000000000003,2,2
2010-05-13,Germany,755.42,0.0,1,1
2010-05-13,Spain,724.93,0.0,2,1
2010-05-13,USA,91.8,0.0,1,1
2010-05-13,United Kingdom,37270.65,12668.77,88,63
2010-05-14,EIRE,0.0,13.45,1,1
2010-05-14,France,0.0,10.85,1,1
2010-05-14,Germany,0.0,166.05,3,3
2010-05-14,United Kingdom,18873.96,6740.61,101,73
2010-05-16,France,1209.1399999999999,0.0,1,1
2010-05-16,Netherlands,1489.46,0.0,1,1
2010-05-16,United Kingdom,15671.49,346.34,45,36
2010-05-17,EIRE,966.57,0.0,1,1
2010-05-17,Germany,648.58,0.0,1,1
2010-05-17,Italy,220.0,0.0,1,1
2010-05-17,United Kingdom,23678.49,1382.44,143,58
2010-05-18,Germany,241.4,24.4,2,2
2010-05-18,Italy,200.0,0.0,1,1
2010-05-18,Switzerland,595.17,0.0,1,1
2010-05-18,United Kingdom,27874.96,1605.04,87,61
2010-05-19,Channel Islands,782.8,0.0,1,1
2010-05-19,EIRE,0.0,54.019999999999996,1,1
2010-05-19,France,0.0,15.100000000000001,1,1
2010-05-19,Germany,0.0,10.95,1,1
2010-05-19,United Kingdom,16913.38,624.26,76,57
2010-05-20,EIRE,661.4,0.0,2,2
2010-05-20,Germany,282.75,14.399999999999999,2,2
2010-05-20,Switzerland,404.44,0.0,1,1
2010-05-20,United Kingdom,24330.45,1694.97,83,63
2010-05-21,Australia,791.16,0.0,2,2
2010-05-21,Bahrain,488.21000000000004,0.0,1,1
2010-05-21,Channel Islands,0.0,12.75,1,1
2010-05-21,EIRE,1109.75,0.0,1,1
2010-05-21,France,300.59999999999997,0.0,1,1
2010-05-21,Germany,1953.4,0.0,2,2
2010-05-21,Greece,2062.66,0.0,1,1
2010-05-21,Italy,0.0,10.95,1,1
2010-05-21,United Kingdom,20569.44,507.63,115,46
2010-05-23,Germany,295.85,0.0,1,1
2010-05-23,Portugal,632.95,0.0,1,1
2010-05-23,Switzerland,6802.48,0.0,1,1
2010-05-23,United Kingdom,17395.85,418.53999999999996,50,38
2010-05-24,Australia,59.92,0.0,1,1
2010-05-24,EIRE,550.42,0.0,1,1
2010-05-24,Germany,394.32,0.0,1,1
2010-05-24,Netherlands,1195.42,0.0,1,1
2010-05-24,Portugal,124.25,124.25,2,1
2010-05-24,United Kingdom,33462.85,865.7,92,62
2010-05-25,Austria,622.04,40.0,2,1
2010-05-25,Channel Islands,1078.81,33.9,2,2
2010-05-25,EIRE,0.0,22.2,1,1
2010-05-25,Netherlands,774.25,0.0,1,1
2010-05-25,Switzerland,80.0,0.0,1,1
2010-05-25,United Kingdom,19809.27,626.46,149,60
2010-05-26,Channel Islands,2322.43,0.0,2,1
2010-05-26,EIRE,1389.26,0.0,1,1
2010-05-26,France,1308.01,0.0,2,2
2010-05-26,Germany,0.0,66.0,2,1
2010-05-26,Hong Kong,2396.61,2396.61,2,0
2010-05-26,Italy,0.0,12.75,1,1
2010-05-26,Switzerland,1407.7,0.0,1,1
2010-05-26,United Kingdom,29573.28,257.32,108,66
2010-05-27,Germany,305.2,11.9,2,2
2010-05-27,Switzerland,0.0,15.0,1,1
2010-05-27,United Kingdom,30497.54,70.77,98,77
2010-05-28,France,45.6,456.0,2,1
2010-05-28,Germany,533.86,0.0,2,2
2010-05-28,United Kingdom,21243.87,4097.12,95,68
2010-05-30,United Kingdom,10733.47,108.64999999999999,35,30
2010-06-01,France,147.4,0.0,1,1
2010-06-01,Germany,301.5,52.69,2,2
2010-06-01,United Kingdom,15185.38,35.7,51,33
2010-06-02,France,389.2,0.0,3,3
2010-06-02,United Kingdom,15783.34,103.42,51,37
2010-06-03,Belgium,489.26,0.0,1,1
2010-06-03,Channel Islands,0.0,95.85000000000001,1,1
2010-06-03,EIRE,2019.81,0.0,3,2
2010-06-03,France,801.62,18.6,4,4
2010-06-03,Netherlands,4572.62,0.0,2,1
2010-06-03,United Kingdom,21625.82,2411.21,103,72
2010-06-04,Australia,0.0,25.5,1,1
2010-06-04,France,244.88,0.0,1,1
2010-06-04,Germany,620.6,0.0,1,1
2010-06-04,Italy,12.75,0.0,1,1
2010-06-04,Portugal,0.0,22.25,1,1
2010-06-04,United Kingdom,20372.97,5.45,137,27
2010-06-06,France,573.86,0.0,1,1
2010-06-06,Germany,1081.33,0.0,1,1
2010-06-06,United Kingdom,23801.96,262.92,74,61
2010-06-07,Austria,268.1,0.0,1,1
2010-06-07,Germany,2295.68,285.75,6,2
2010-06-07,United Kingdom,46891.14,4138.3,112,82
2010-06-08,Germany,1778.35,0.0,4,1
2010-06-08,Switzerland,211.2,211.2,2,1
2010-06-08,United Kingdom,52227.44,2587.2200000000003,117,64
2010-06-09,Australia,446.54,0.0,1,1
2010-06-09,France,89.2,0.0,1,1
2010-06-09,Portugal,1590.1100000000001,0.0,1,1
2010-06-09,Sweden,206.20000000000002,0.0,1,1
2010-06-09,USA,360.0,0.0,1,1
2010-06-09,United Kingdom,35606.72,870.95,91,67
2010-06-10,EIRE,0.0,46.8,1,1
2010-06-10,France,689.95,101.39999999999999,4,4
2010-06-10,Germany,249.78,0.0,1,1
2010-06-10,United Kingdom,17368.99,2638.87,94,78
2010-06-11,Denmark,1407.3600000000001,0.0,2,1
2010-06-11,EIRE,2164.68,0.0,2,1
2010-06-11,France,851.9300000000001,0.0,1,1
2010-06-11,Spain,1708.56,0.0,1,1
2010-06-11,United Kingdom,31544.12,4503.13,97,65
2010-06-13,Finland,534.14,0.0,1,1
2010-06-13,Germany,458.88,0.0,2,2
2010-06-13,United Kingdom,20437.47,135.6,75,58
2010-06-14,EIRE,3771.31,0.0,3,1
2010-06-14,France,1203.4,0.0,2,2
2010-06-14,Italy,254.7,0.0,1,1
2010-06-14,United Kingdom,19074.86,973.26,69,57
2010-06-15,EIRE,7896.14,73.55,2,2
2010-06-15,Germany,2776.08,0.0,2,2
2010-06-15,United Kingdom,19834.64,2236.15,76,46
2010-06-16,EIRE,167.45,0.0,1,1
2010-06-16,Germany,787.17,0.0,1,1
2010-06-16,Spain,623.64,0.0,1,1
2010-06-16,United Kingdom,29681.07,127.99,90,71
2010-06-17,Belgium,346.25,0.0,1,1
2010-06-17,Denmark,617.27,0.0,1,1
2010-06-17,EIRE,783.51,0.0,3,1
2010-06-17,France,1212.4,0.0,1,1
2010-06-17,United Kingdom,55089.08,34232.33,94,69
2010-06-18,Denmark,670.88,0.0,1,1
2010-06-18,Netherlands,4521.71,0.0,2,2
2010-06-18,United Kingdom,13596.44,710.06,64,49
2010-06-20,EIRE,935.4,0.0,1,1
2010-06-20,Germany,805.74,0.0,1,1
2010-06-20,United Kingdom,7337.44,12.75,25,24
2010-06-21,Thailand,1956.84,0.0,1,1
2010-06-21,United Kingdom,19072.78,10.95,51,39
2010-06-22,Cyprus,489.8,0.0,1,1
2010-06-22,EIRE,302.0,0.0,1,1
2010-06-22,France,571.4,0.0,1,1
2010-06-22,Netherlands,98.7,68.0,2,2
2010-06-22,Portugal,421.55,0.0,1,1
2010-06-22,USA,130.0,0.0,1,1
2010-06-22,United Kingdom,12719.13,16.599999999999998,39,31
2010-06-23,Australia,441.5,0.0,1,1
2010-06-23,Belgium,367.48,0.0,1,1
2010-06-23,EIRE,2037.11,0.0,3,1
2010-06-23,Japan,375.33,0.0,1,1
2010-06-23,Portugal,426.46999999999997,0.0,1,1
2010-06-23,United Kingdom,24200.85,2.55,63,49
2010-06-24,Channel Islands,845.0,0.0,1,1
2010-06-24,Denmark,0.0,5.9,1,1
2010-06-24,EIRE,657.39,49.050000000000004,2,1
2010-06-24,France,610.26,0.0,1,1
2010-06-24,Germany,1544.87,0.0,1,1
2010-06-24,Hong Kong,1685.6499999999999,0.0,1,0
2010-06-24,Poland,556.16,0.0,1,1
2010-06-24,USA,236.07000000000002,0.0,1,1
2010-06-24,United Kingdom,20543.38,1585.82,109,62
2010-06-25,Bahrain,463.28,0.0,1,0
2010-06-25,EIRE,837.3100000000001,0.0,1,1
2010-06-25,United Kingdom,16412.78,15.25,50,37
2010-06-27,United Kingdom,18706.92,1262.5,62,52
2010-06-28,Belgium,0.0,9.95,1,1
2010-06-28,Germany,481.08,76.0,4,4
2010-06-28,Japan,219.35,0.0,1,1
2010-06-28,Netherlands,14870.38,54.5,3,1
2010-06-28,Portugal,1230.33,0.0,1,1
2010-06-28,Sweden,708.1,0.0,1,1
2010-06-28,Switzerland,2151.27,0.0,1,1
2010-06-28,USA,170.0,0.0,1,1
2010-06-28,United Kingdom,34030.22,8494.59,67,58
2010-06-29,Belgium,2597.35,240.0,4,1
2010-06-29,EIRE,142.8,0.0,1,1
2010-06-29,France,980.98,0.0,4,4
2010-06-29,Germany,1006.8,0.0,3,2
2010-06-29,Netherlands,161.1,0.0,1,1
2010-06-29,United Kingdom,30068.46,332.0,76,50
2010-06-30,Australia,2326.7400000000002,0.0,1,1
2010-06-30,Belgium,0.0,15.0,1,1
2010-06-30,EIRE,1219.43,202.18,6,2
2010-06-30,France,806.0600000000001,0.0,1,1
2010-06-30,Germany,1480.57,18.0,4,3
2010-06-30,Greece,302.4,0.0,1,1
2010-06-30,Japan,0.0,60.5,1,1
2010-06-30,United Kingdom,28476.46,3025.2,131,102
2010-07-01,Australia,0.0,27.0,1,1
2010-07-01,EIRE,914.33,0.0,1,1
2010-07-01,France,341.8,0.0,1,1
2010-07-01,Germany,986.96,0.0,2,2
2010-07-01,Israel,1950.98,0.0,1,1
2010-07-01,Netherlands,222.39999999999998,0.0,1,1
2010-07-01,Poland,374.75,0.0,1,1
2010-07-01,United Kingdom,25388.36,336.01,91,75
2010-07-02,Germany,4681.0199999999995,0.0,2,2
2010-07-02,Poland,0.0,1.45,1,1
2010-07-02,Switzerland,423.60999999999996,155.88,7,2
2010-07-02,United Kingdom,11736.54,92.55000000000001,48,35
2010-07-04,United Kingdom,10376.289999999999,7.95,22,20
2010-07-05,EIRE,524.3,0.0,1,1
2010-07-05,France,534.72,13.2,3,3
2010-07-05,Germany,724.85,14.850000000000001,3,3
2010-07-05,Japan,18.3,18.3,2,1
2010-07-05,Thailand,1113.7,0.0,1,1
2010-07-05,United Kingdom,29873.53,531.64,117,75
2010-07-06,Australia,294.88,0.0,1,1
2010-07-06,Belgium,219.89999999999998,0.0,1,1
2010-07-06,Denmark,591.6600000000001,0.0,1,1
2010-07-06,EIRE,423.90000000000003,0.0,1,1
2010-07-06,France,816.6,0.0,1,1
2010-07-06,Germany,829.25,87.95,3,3
2010-07-06,United Kingdom,20323.85,116.95,55,44
2010-07-07,EIRE,3556.3,0.0,3,3
2010-07-07,France,554.8,0.0,1,1
2010-07-07,Germany,410.56,0.0,1,1
2010-07-07,Netherlands,496.45,0.0,1,1
2010-07-07,United Kingdom,27183.41,2008.46,92,52
2010-07-08,Belgium,333.47,0.0,1,1
2010-07-08,Germany,2388.66,1447.8899999999999,8,3
2010-07-08,Portugal,288.1,0.0,1,1
2010-07-08,United Kingdom,17244.16,315.95,90,60
2010-07-09,EIRE,19398.77,0.0,3,2
2010-07-09,Germany,702.9,0.0,1,1
2010-07-09,Poland,0.0,32.3,1,1
2010-07-09,United Kingdom,17161.370000000003,3481.3600000000006,49,29
2010-07-11,United Kingdom,7784.95,2.9,29,24
2010-07-12,EIRE,1039.3899999999999,0.0,2,1
2010-07-12,Germany,664.58,0.0,1,1
2010-07-12,United Kingdom,18023.4,284.9,63,39
2010-07-13,EIRE,1479.79,0.0,2,1
2010-07-13,Finland,639.08,0.0,1,1
2010-07-13,United Kingdom,17702.94,348.54,59,38
2010-07-13,Unspecified,1189.94,0.0,1,1
2010-07-14,Australia,0.0,25.5,1,1
2010-07-14,EIRE,1999.32,1.7,4,2
2010-07-14,Germany,0.0,11.2,2,2
2010-07-14,Lithuania,1706.23,0.0,1,1
2010-07-14,United Kingdom,18880.23,1230.89,98,77
2010-07-14,Unspecified,1189.94,1189.94,2,1
2010-07-15,EIRE,794.22,0.0,1,1
2010-07-15,France,1138.99,0.0,3,3
2010-07-15,Netherlands,196.65,0.0,2,2
2010-07-15,United Kingdom,54382.11,5136.35,98,58
2010-07-16,Australia,336.24,0.0,1,1
2010-07-16,EIRE,1729.95,1004.7,5,2
2010-07-16,Germany,2903.71,39.15,2,2
2010-07-16,United Kingdom,17623.29,1076.35,123,77
2010-07-18,EIRE,567.85,0.0,1,0
2010-07-18,Germany,1511.37,0.0,1,1
2010-07-18,United Kingdom,13070.619999999999,203.74,41,36
2010-07-19,Belgium,639.38,0.0,2,1
2010-07-19,EIRE,0.0,8.5,1,1
2010-07-19,Finland,317.15,0.0,1,1
2010-07-19,Germany,124.8,46.25,2,2
2010-07-19,Netherlands,3678.86,0.0,1,1
2010-07-19,Sweden,1518.96,0.0,1,1
2010-07-19,United Kingdom,-19778.190000000002,76.95,60,52
2010-07-20,EIRE,788.4,0.0,1,1
2010-07-20,Germany,451.9,0.0,1,1
2010-07-20,Japan,617.5,0.0,1,1
2010-07-20,United Kingdom,22902.47,404.95000000000005,61,49
2010-07-21,Belgium,184.55,0.0,1,1
2010-07-21,Channel Islands,0.0,20.25,1,1
2010-07-21,EIRE,0.0,12.8,1,0
2010-07-21,France,0.0,19.2,1,1
2010-07-21,Germany,1206.61,0.0,3,2
2010-07-21,United Kingdom,20976.15,788.77,78,62
2010-07-22,France,402.15999999999997,0.0,1,1
2010-07-22,Germany,0.0,19.8,1,1
2010-07-22,Netherlands,68.8,0.0,1,1
2010-07-22,Spain,77.8,0.0,1,1
2010-07-22,United Kingdom,26260.54,683.38,101,62
2010-07-23,France,1212.0,0.0,1,1
2010-07-23,Germany,865.97,0.0,2,2
2010-07-23,Japan,617.5,617.5,2,1
2010-07-23,United Kingdom,23170.5,184.47,50,38
2010-07-25,Belgium,342.83,0.0,1,1
2010-07-25,Channel Islands,0.0,12.75,1,1
2010-07-25,EIRE,5.8,142.8,2,1
2010-07-25,France,132.28,0.0,1,1
2010-07-25,Netherlands,49.2,0.0,1,1
2010-07-25,Switzerland,320.38,0.0,1,1
2010-07-25,United Kingdom,16380.11,23.65,52,46
2010-07-26,EIRE,796.98,626.35,3,1
2010-07-26,Germany,1379.3400000000001,4.95,3,3
2010-07-26,Netherlands,622.0,0.0,1,1
2010-07-26,Switzerland,0.0,21.35,1,1
2010-07-26,United Kingdom,22294.06,1756.84,68,51
2010-07-27,EIRE,559.4200000000001,0.0,1,1
2010-07-27,France,345.44,0.0,2,1
2010-07-27,Netherlands,178.28,0.0,1,1
2010-07-27,Spain,175.78,5.0,2,2
2010-07-27,Sweden,1071.82,0.0,1,1
2010-07-27,United Kingdom,26132.13,1677.45,76,55
2010-07-28,France,1978.45,0.0,2,2
2010-07-28,Netherlands,20.0,0.0,1,1
2010-07-28,Spain,881.23,0.0,1,1
2010-07-28,United Kingdom,20428.44,382.32,82,71
2010-07-29,Belgium,194.1,0.0,1,1
2010-07-29,EIRE,0.0,29.95,1,1
2010-07-29,France,4080.4,0.0,4,3
2010-07-29,Germany,441.81,11.999999999999998,2,2
2010-07-29,United Kingdom,33584.51,4166.0,93,73
2010-07-30,Australia,55.0,0.0,1,1
2010-07-30,EIRE,1143.6000000000001,0.0,2,1
2010-07-30,Germany,0.0,5.1,1,1
2010-07-30,Sweden,0.0,100.8,1,1
2010-07-30,USA,508.1,23.85,2,1
2010-07-30,United Kingdom,14412.96,325.26,63,46
2010-08-01,United Kingdom,30637.95,299.79,39,30
2010-08-02,Belgium,251.38,0.0,1,1
2010-08-02,Germany,300.43,0.0,2,2
2010-08-02,United Kingdom,28356.97,192.97,70,47
2010-08-03,EIRE,1503.55,7.130000000000001,2,1
2010-08-03,Germany,732.61,0.0,1,1
2010-08-03,Japan,0.0,3.25,1,1
2010-08-03,Spain,125.0,0.0,1,1
2010-08-03,United Kingdom,24556.95,766.05,80,57
2010-08-04,France,220.75,0.0,1,1
2010-08-04,Germany,1108.8,0.0,1,1
2010-08-04,Netherlands,359.88,0.0,1,1
2010-08-04,United Kingdom,19696.88,800.93,61,52
2010-08-05,EIRE,921.76,0.0,1,0
2010-08-05,France,0.0,421.40000000000003,2,2
2010-08-05,Germany,541.1999999999999,0.0,1,1
2010-08-05,United Kingdom,22943.19,444.6,69,54
2010-08-06,EIRE,8.5,0.0,1,1
2010-08-06,Germany,982.05,0.0,2,2
2010-08-06,United Kingdom,14213.65,1574.3899999999999,56,39
2010-08-08,EIRE,751.6,0.0,1,1
2010-08-08,United Kingdom,13210.91,74.36,46,40
2010-08-09,Denmark,505.90999999999997,0.0,1,1
2010-08-09,EIRE,447.1,5.95,2,1
2010-08-09,France,12726.01,0.0,2,2
2010-08-09,Germany,0.0,13.6,1,1
2010-08-09,Switzerland,380.61,0.0,1,1
2010-08-09,United Kingdom,17632.64,807.21,70,43
2010-08-10,Netherlands,17195.4,0.0,3,1
2010-08-10,Switzerland,949.62,0.0,1,1
2010-08-10,United Kingdom,17604.65,960.73,52,36
2010-08-11,EIRE,0.0,83.57000000000001,2,2
2010-08-11,Germany,461.67,0.0,2,2
2010-08-11,Hong Kong,1883.65,1883.65,2,0
2010-08-11,Portugal,282.3,0.0,1,1
2010-08-11,United Kingdom,21046.95,47.15,47,34
2010-08-12,EIRE,806.4,52.5,2,2
2010-08-12,Germany,0.0,6.3999999999999995,1,1
2010-08-12,Spain,117.09,0.0,1,1
2010-08-12,United Kingdom,28099.57,2366.82,155,79
2010-08-13,EIRE,487.87,0.0,1,0
2010-08-13,Germany,0.0,20.45,1,1
2010-08-13,Spain,115.4,0.0,1,1
2010-08-13,Sweden,564.03,70.0,4,1
2010-08-13,United Kingdom,36116.65,874.26,100,42
2010-08-15,EIRE,1676.72,109.61,3,0
2010-08-15,France,283.8,0.0,1,1
2010-08-15,Netherlands,471.15,0.0,1,1
2010-08-15,United Kingdom,19729.51,228.85,59,50
2010-08-16,Germany,509.2,0.0,1,1
2010-08-16,Sweden,2138.91,0.0,2,1
2010-08-16,United Kingdom,18161.49,182.97,70,36
2010-08-17,Australia,176.0,0.0,1,1
2010-08-17,Denmark,0.0,10.0,1,1
2010-08-17,Germany,509.95,0.0,1,1
2010-08-17,Netherlands,5897.68,0.0,1,1
2010-08-17,United Kingdom,23793.5,396.62,63,53
2010-08-18,EIRE,12969.04,0.0,2,2
2010-08-18,Germany,631.3299999999999,0.0,2,1
2010-08-18,United Kingdom,23528.18,33.4,59,45
2010-08-19,Denmark,1838.32,0.0,1,1
2010-08-19,EIRE,1631.64,0.0,4,2
2010-08-19,Germany,671.25,0.0,1,1
2010-08-19,Spain,0.0,16.5,1,1
2010-08-19,Sweden,0.0,39.95,1,1
2010-08-19,United Arab Emirates,2047.28,0.0,1,1
2010-08-19,United Kingdom,26785.17,371.4,75,55
2010-08-20,Austria,1043.15,0.0,1,1
2010-08-20,Channel Islands,495.0,0.0,1,1
2010-08-20,EIRE,1245.68,0.0,4,2
2010-08-20,Germany,385.7,15.0,2,2
2010-08-20,Netherlands,180.0,0.0,1,1
2010-08-20,Nigeria,112.57,0.0,1,1
2010-08-20,Norway,152.4,152.4,2,1
2010-08-20,Switzerland,722.82,0.0,1,1
2010-08-20,United Kingdom,21199.87,287.17,53,42
2010-08-22,Belgium,325.4,0.0,1,1
2010-08-22,EIRE,908.8,0.0,1,1
2010-08-22,Germany,471.8,0.0,2,1
2010-08-22,Spain,148.42,0.0,1,1
2010-08-22,United Kingdom,20822.59,63.6,59,49
2010-08-23,EIRE,761.59,0.0,3,1
2010-08-23,France,1720.24,0.0,1,1
2010-08-23,Greece,721.7099999999999,0.0,1,1
2010-08-23,United Kingdom,18151.63,265.48,56,42
2010-08-23,West Indies,536.41,0.0,1,1
2010-08-24,EIRE,310.86,27.75,2,2
2010-08-24,Germany,881.8,23.85,3,2
2010-08-24,Netherlands,294.0,0.0,1,1
2010-08-24,United Kingdom,25963.4,1964.61,68,57
2010-08-25,France,1368.5,0.0,3,3
2010-08-25,Germany,669.73,0.0,2,2
2010-08-25,Switzerland,0.0,59.39999999999999,1,1
2010-08-25,United Kingdom,29613.75,1471.05,98,66
2010-08-26,Channel Islands,868.14,0.0,1,1
2010-08-26,EIRE,426.93,0.0,1,1
2010-08-26,Germany,724.8,15.9,3,3
2010-08-26,Netherlands,483.49,0.0,1,1
2010-08-26,Poland,527.4399999999999,0.0,1,1
2010-08-26,Portugal,180.92,0.0,1,1
2010-08-26,United Kingdom,32043.69,740.63,93,63
2010-08-27,Malta,1868.56,0.0,1,1
2010-08-27,United Kingdom,16260.43,19856.64,46,28
2010-08-29,United Kingdom,14449.3,6.35,40,36
2010-08-31,Belgium,1136.84,0.0,1,1
2010-08-31,Denmark,298.8,0.0,1,1
2010-08-31,EIRE,1147.67,0.0,2,1
2010-08-31,France,251.02,0.0,2,2
2010-08-31,Germany,360.8,75.85,3,2
2010-08-31,Malta,1868.56,1868.56,2,1
2010-08-31,Netherlands,147.09,226.2,2,2
2010-08-31,Spain,794.08,0.0,1,1
2010-08-31,United Kingdom,29907.88,190.62,61,42
2010-09-01,Cyprus,382.99,0.0,1,1
2010-09-01,EIRE,0.0,72.5,1,1
2010-09-01,France,0.0,52.1,1,1
2010-09-01,Germany,975.92,88.49,5,5
2010-09-01,Netherlands,6585.79,51.0,3,3
2010-09-01,Portugal,0.0,19.8,1,1
2010-09-01,United Arab Emirates,383.24,0.0,2,0
2010-09-01,United Kingdom,14413.31,624.36,68,58
2010-09-01,Unspecified,590.65,10.2,2,2
2010-09-02,Australia,127.0,0.0,1,1
2010-09-02,Austria,390.0,260.0,5,1
2010-09-02,EIRE,783.84,0.0,1,1
2010-09-02,France,3233.8,1055.75,6,3
2010-09-02,Germany,103.0,0.0,1,1
2010-09-02,Netherlands,5154.12,0.0,2,2
2010-09-02,Switzerland,1483.09,0.0,2,1
2010-09-02,United Kingdom,25166.22,425.44999999999993,84,69
2010-09-03,Austria,290.69,0.0,1,1
2010-09-03,Belgium,114.0,0.0,1,1
2010-09-03,France,1184.82,0.0,2,2
2010-09-03,Portugal,189.65,0.0,1,1
2010-09-03,Spain,0.0,14.850000000000001,1,1
2010-09-03,United Kingdom,35435.03,385.89,72,54
2010-09-05,Cyprus,127.05000000000001,0.0,1,1
2010-09-05,EIRE,1094.0900000000001,0.0,1,1
2010-09-05,France,170.3,0.0,1,1
2010-09-05,Germany,619.14,0.0,1,1
2010-09-05,United Kingdom,10276.13,18.95,32,31
2010-09-06,Channel Islands,750.9,0.0,1,1
2010-09-06,EIRE,559.3,0.0,1,1
2010-09-06,France,434.02,0.0,1,1
2010-09-06,Germany,468.0,0.0,1,1
2010-09-06,Poland,168.6,186.4,2,1
2010-09-06,Portugal,1095.95,0.0,1,1
2010-09-06,Singapore,2784.82,0.0,3,1
2010-09-06,Spain,781.22,0.0,1,1
2010-09-06,Sweden,2204.76,0.0,1,1
2010-09-06,United Kingdom,19522.83,52.65,60,36
2010-09-07,EIRE,812.13,0.0,1,1
2010-09-07,France,268.31,0.0,1,1
2010-09-07,Germany,256.99,0.0,1,1
2010-09-07,Netherlands,1620.0,0.0,1,1
2010-09-07,Poland,180.87,0.0,1,1
2010-09-07,United Kingdom,24349.96,16.8,50,43
2010-09-08,Austria,0.0,91.05,1,1
2010-09-08,EIRE,1389.46,0.0,2,1
2010-09-08,France,281.02,0.0,1,1
2010-09-08,Germany,620.48,0.0,2,1
2010-09-08,Italy,368.7,0.0,1,1
2010-09-08,Netherlands,25.0,0.0,1,1
2010-09-08,United Kingdom,14916.8,121.92,56,40
2010-09-09,Belgium,326.65,0.0,1,1
2010-09-09,EIRE,0.0,11.559999999999999,1,1
2010-09-09,Finland,642.52,0.0,1,1
2010-09-09,France,3703.77,0.0,4,4
2010-09-09,Germany,1270.65,34.0,4,4
2010-09-09,Japan,1895.0,0.0,1,1
2010-09-09,United Kingdom,17853.3,1860.76,90,62
2010-09-10,France,0.0,80.85,1,1
2010-09-10,Germany,675.17,0.0,1,1
2010-09-10,Netherlands,357.8,0.0,2,2
2010-09-10,United Kingdom,16571.5,1004.9,47,37
2010-09-12,EIRE,563.9,0.0,1,1
2010-09-12,United Kingdom,13577.35,7.95,47,44
2010-09-12,Unspecified,1387.5,0.0,1,1
2010-09-13,EIRE,1986.28,8.85,3,2
2010-09-13,France,0.0,22.7,1,1
2010-09-13,Germany,642.77,27.95,4,3
2010-09-13,Lebanon,211.70000000000002,0.0,1,0
2010-09-13,United Kingdom,35521.43,188.27,102,63
2010-09-14,France,971.5899999999999,0.0,2,2
2010-09-14,Germany,1456.14,9.75,4,3
2010-09-14,Netherlands,177.41,0.0,1,1
2010-09-14,Spain,105.6,0.0,1,1
2010-09-14,Sweden,417.2,0.0,1,1
2010-09-14,USA,0.0,74.2,1,1
2010-09-14,United Kingdom,18081.32,18.990000000000002,57,49
2010-09-15,Belgium,465.46,0.0,2,2
2010-09-15,EIRE,5099.44,0.0,1,1
2010-09-15,France,18.0,0.0,1,1
2010-09-15,Germany,3676.33,0.0,2,2
2010-09-15,Korea,168.69000000000003,0.0,1,1
2010-09-15,Netherlands,4422.25,0.0,1,1
2010-09-15,Spain,497.34000000000003,0.0,1,1
2010-09-15,Switzerland,358.67,0.0,1,1
2010-09-15,United Kingdom,20093.44,280.6,83,51
2010-09-16,Austria,1259.48,0.0,1,1
2010-09-16,EIRE,1982.43,0.0,2,2
2010-09-16,France,75.0,0.0,1,1
2010-09-16,Germany,177.8,49.8,3,3
2010-09-16,Norway,973.69,0.0,1,1
2010-09-16,Portugal,594.07,0.0,1,1
2010-09-16,Sweden,0.0,75.19,1,1
2010-09-16,United Kingdom,35296.351,13906.56,109,63
2010-09-17,EIRE,0.0,13.2,1,1
2010-09-17,France,0.0,4.95,1,1
2010-09-17,Germany,397.82,0.0,1,1
2010-09-17,Portugal,964.21,0.0,1,1
2010-09-17,Spain,1448.75,0.0,2,2
2010-09-17,United Kingdom,18629.14,1030.45,76,56
2010-09-19,Netherlands,2060.2599999999998,0.0,1,1
2010-09-19,United Kingdom,20835.07,14.95,59,53
2010-09-20,Australia,658.83,0.0,1,1
2010-09-20,Belgium,284.8,0.0,1,1
2010-09-20,Cyprus,483.14,0.0,1,1
2010-09-20,EIRE,2122.76,413.28,4,2
2010-09-20,France,402.83,18.0,3,2
2010-09-20,Germany,1173.6100000000001,7.5,3,2
2010-09-20,United Kingdom,38752.53,1810.72,88,55
2010-09-21,Brazil,268.27,0.0,1,1
2010-09-21,Channel Islands,2620.41,0.0,2,2
2010-09-21,EIRE,3271.24,9.7,6,2
2010-09-21,Germany,504.51,60.400000000000006,3,2
2010-09-21,Netherlands,364.41,0.0,1,1
2010-09-21,United Kingdom,55470.27,1010.4,130,96
2010-09-22,Channel Islands,885.0,885.0,4,1
2010-09-22,France,594.7,0.0,1,1
2010-09-22,Greece,780.06,0.0,1,1
2010-09-22,Italy,1011.86,0.0,1,1
2010-09-22,Spain,0.0,6.3999999999999995,1,1
2010-09-22,United Kingdom,27299.86,127.66,96,36
2010-09-23,EIRE,635.34,0.0,1,0
2010-09-23,France,2500.58,9.9,3,3
2010-09-23,Netherlands,10.0,0.0,1,1
2010-09-23,United Kingdom,33056.49,97.99,95,70
2010-09-24,Channel Islands,980.33,0.0,2,1
2010-09-24,Denmark,1046.65,0.0,2,1
2010-09-24,Netherlands,23543.0,0.0,2,1
2010-09-24,Portugal,0.0,17.3,1,1
2010-09-24,United Kingdom,24887.28,2828.49,80,45
2010-09-26,EIRE,237.85000000000002,0.0,1,1
2010-09-26,Portugal,0.0,17.3,1,1
2010-09-26,United Kingdom,21513.3,523.85,74,57
2010-09-27,Denmark,678.6,0.0,1,1
2010-09-27,EIRE,10094.37,4977.88,6,1
2010-09-27,Finland,222.16,0.0,1,1
2010-09-27,Germany,1422.78,4.95,4,2
2010-09-27,Netherlands,99.72,0.0,2,1
2010-09-27,United Kingdom,106320.84,16050.939999999999,97,67
2010-09-28,Belgium,0.0,0.85,1,1
2010-09-28,EIRE,2432.18,0.0,2,1
2010-09-28,France,0.0,11880.84,1,1
2010-09-28,Germany,1189.78,20.4,3,3
2010-09-28,Netherlands,602.38,0.0,1,1
2010-09-28,Portugal,17.3,0.0,1,1
2010-09-28,United Kingdom,42119.76,891.6800000000001,163,114
2010-09-29,EIRE,1742.25,721.0,7,2
2010-09-29,France,0.0,7.6499999999999995,1,1
2010-09-29,Germany,0.0,34.75,1,1
2010-09-29,Spain,937.54,0.0,1,1
2010-09-29,Sweden,277.6,0.0,2,2
2010-09-29,United Kingdom,35676.83,276.34,121,82
2010-09-30,Channel Islands,919.6999999999999,0.0,1,1
2010-09-30,EIRE,2151.26,2549.25,4,2
2010-09-30,France,692.59,73.75,3,3
2010-09-30,Germany,2077.79,27.25,4,3
2010-09-30,Netherlands,15.0,0.0,1,1
2010-09-30,Poland,0.0,17.700000000000003,1,1
2010-09-30,Portugal,103.4,0.0,1,1
2010-09-30,Switzerland,632.68,0.0,1,1
2010-09-30,United Kingdom,44886.34,2937.3199999999997,107,78
2010-10-01,Austria,195.6,0.0,1,1
2010-10-01,Channel Islands,1616.44,0.0,1,1
2010-10-01,Finland,534.76,0.0,1,1
2010-10-01,Germany,485.95,96.28,7,6
2010-10-01,Italy,0.0,413.4,1,1
2010-10-01,Netherlands,3272.5,0.0,2,1
2010-10-01,Spain,202.06,0.0,1,1
2010-10-01,Sweden,572.69,0.0,1,1
2010-10-01,United Kingdom,31774.61,440.9,74,55
2010-10-03,EIRE,9154.71,32.849999999999994,5,2
2010-10-03,France,987.9200000000001,0.0,2,2
2010-10-03,Germany,239.01000000000002,0.0,1,1
2010-10-03,Spain,2443.98,0.0,1,1
2010-10-03,United Kingdom,25649.09,234.04999999999998,81,64
2010-10-04,EIRE,451.4,20.4,2,1
2010-10-04,Finland,0.0,29.3,1,1
2010-10-04,France,557.46,5.0,2,2
2010-10-04,Germany,1747.26,3.75,4,2
2010-10-04,Korea,0.0,168.69000000000003,1,1
2010-10-04,Sweden,1037.28,0.0,1,1
2010-10-04,United Kingdom,35543.13,101.25,90,72
2010-10-05,Channel Islands,0.0,17.0,1,1
2010-10-05,EIRE,3030.99,2366.4,4,2
2010-10-05,France,253.54999999999998,0.0,1,1
2010-10-05,Germany,1254.55,5.8,4,4
2010-10-05,Portugal,0.0,60.6,1,1
2010-10-05,Spain,188.94,0.0,1,1
2010-10-05,United Kingdom,80097.55,28725.92,194,132
2010-10-06,Belgium,65.3,0.0,1,1
2010-10-06,EIRE,1002.91,0.0,2,2
2010-10-06,Germany,1901.15,0.0,1,1
2010-10-06,United Kingdom,27843.08,942.16,67,58
2010-10-07,Australia,303.8,0.0,1,1
2010-10-07,Denmark,0.0,50.4,1,1
2010-10-07,Germany,426.37,74.09,3,3
2010-10-07,Greece,3084.02,0.0,1,1
2010-10-07,Italy,0.0,28.85,1,1
2010-10-07,United Kingdom,50499.25,2245.56,153,109
2010-10-08,Channel Islands,0.0,25.5,1,1
2010-10-08,EIRE,530.5,0.0,2,1
2010-10-08,Germany,1012.15,45.35,2,2
2010-10-08,Netherlands,1543.6799999999998,180.0,4,1
2010-10-08,Portugal,282.95,0.0,1,1
2010-10-08,Sweden,4486.11,0.0,1,1
2010-10-08,Switzerland,449.48,0.0,1,1
2010-10-08,United Kingdom,51978.63,583.7,89,66
2010-10-10,Australia,230.0,0.0,1,1
2010-10-10,Cyprus,551.33,0.0,1,1
2010-10-10,France,876.41,0.0,1,1
2010-10-10,Sweden,683.79,0.0,1,1
2010-10-10,United Kingdom,20804.98,80.64999999999999,67,55
2010-10-11,Channel Islands,0.0,10.2,1,1
2010-10-11,Denmark,358.59999999999997,0.0,1,1
2010-10-11,EIRE,787.79,0.0,1,1
2010-10-11,France,4876.4,0.0,3,3
2010-10-11,Portugal,1820.92,0.0,3,3
2010-10-11,United Arab Emirates,433.6,0.0,1,1
2010-10-11,United Kingdom,35151.35,405.76,116,84
2010-10-12,France,953.24,0.0,3,3
2010-10-12,Germany,1637.4,25.4,5,5
2010-10-12,Sweden,704.36,0.0,1,1
2010-10-12,USA,132.8,0.0,1,1
2010-10-12,United Kingdom,46505.53,707.01,135,106
2010-10-13,Australia,1132.53,0.0,1,1
2010-10-13,Belgium,400.5,0.0,1,1
2010-10-13,EIRE,803.85,0.0,2,1
2010-10-13,Finland,631.9300000000001,0.0,1,1
2010-10-13,France,1031.28,0.0,2,2
2010-10-13,Germany,1057.8,82.95,3,3
2010-10-13,Netherlands,11337.3,0.0,2,1
2010-10-13,Spain,1340.42,0.0,1,1
2010-10-13,United Kingdom,39937.28,4741.21,90,73
2010-10-14,Austria,857.75,0.0,2,1
2010-10-14,Channel Islands,0.0,4.95,1,1
2010-10-14,EIRE,3628.3,0.0,3,1
2010-10-14,France,2033.66,504.49,4,2
2010-10-14,Japan,1533.89,0.0,1,1
2010-10-14,Netherlands,169.20000000000002,0.0,1,1
2010-10-14,Spain,4733.52,0.0,1,1
2010-10-14,United Kingdom,74461.62,939.32,109,82
2010-10-15,Australia,250.98,0.0,1,1
2010-10-15,Belgium,340.0,0.0,1,1
2010-10-15,France,581.66,0.0,2,2
2010-10-15,Germany,1348.21,0.0,2,2
2010-10-15,Netherlands,105.6,0.0,1,1
2010-10-15,Spain,301.58000000000004,0.0,1,1
2010-10-15,Switzerland,5231.06,0.0,1,1
2010-10-15,United Kingdom,46653.17,10407.69,129,77
2010-10-17,EIRE,1917.0,0.0,1,0
2010-10-17,United Kingdom,31176.14,369.56,79,63
2010-10-18,Channel Islands,1320.0,0.0,1,1
2010-10-18,EIRE,1392.0,13.0,3,2
2010-10-18,Germany,882.51,0.0,3,3
2010-10-18,Netherlands,0.0,112.84,1,1
2010-10-18,Spain,220.0,0.0,1,1
2010-10-18,Switzerland,432.55,78.14999999999999,2,2
2010-10-18,United Kingdom,37176.52,1749.68,168,107
2010-10-19,EIRE,1705.05,20.75,4,2
2010-10-19,Germany,2005.39,0.0,4,2
2010-10-19,Italy,679.15,0.0,1,1
2010-10-19,Lebanon,0.0,39.67,1,0
2010-10-19,Spain,4098.96,4733.52,2,1
2010-10-19,United Kingdom,41531.54,1146.18,87,66
2010-10-20,Australia,143.94,0.0,1,1
2010-10-20,EIRE,267.32,20.85,2,1
2010-10-20,France,841.88,3.9,3,3
2010-10-20,Germany,445.43,0.0,1,1
2010-10-20,Spain,213.76,0.0,1,1
2010-10-20,Sweden,0.0,52.46,1,1
2010-10-20,United Kingdom,4801.619999999998,1112.68,113,85
2010-10-21,Australia,215.25,0.0,2,2
2010-10-21,Channel Islands,1404.75,0.0,2,1
2010-10-21,EIRE,6197.4400000000005,76.5,8,2
2010-10-21,France,0.0,41.25,1,1
2010-10-21,Germany,0.0,98.65,2,2
2010-10-21,Greece,0.0,18.25,1,1
2010-10-21,Italy,1237.06,0.0,2,2
2010-10-21,United Kingdom,29949.58,372.97,102,79
2010-10-22,Austria,183.35,0.0,1,1
2010-10-22,EIRE,2011.32,780.25,5,2
2010-10-22,France,1082.31,19.9,3,2
2010-10-22,Germany,1087.76,0.0,1,1
2010-10-22,Netherlands,398.52,3.0,2,1
2010-10-22,Portugal,0.0,14.850000000000001,1,1
2010-10-22,Spain,322.91,0.0,1,1
2010-10-22,Switzerland,473.31,0.0,1,1
2010-10-22,United Arab Emirates,0.0,76.32000000000001,1,1
2010-10-22,United Kingdom,35493.81,1333.61,128,84
2010-10-24,France,613.68,0.0,3,2
2010-10-24,Germany,677.96,0.0,1,1
2010-10-24,United Kingdom,27347.9,107.45,82,71
2010-10-25,Belgium,344.2,0.0,1,1
2010-10-25,Denmark,90.0,0.0,1,1
2010-10-25,EIRE,1214.63,0.0,2,1
2010-10-25,France,0.0,34.699999999999996,2,2
2010-10-25,Germany,681.88,0.0,1,1
2010-10-25,Netherlands,266.93,0.0,1,1
2010-10-25,United Kingdom,26837.33,316.13,98,71
2010-10-26,Australia,712.65,0.0,2,2
2010-10-26,Canada,834.89,0.0,1,1
2010-10-26,EIRE,5176.92,0.0,4,2
2010-10-26,France,452.66999999999996,0.0,2,1
2010-10-26,Germany,1738.16,12.75,4,4
2010-10-26,Netherlands,172.12,0.0,1,1
2010-10-26,Sweden,888.3599999999999,0.0,1,1
2010-10-26,Switzerland,1571.74,0.0,1,1
2010-10-26,United Arab Emirates,76.32000000000001,0.0,1,1
2010-10-26,United Kingdom,34324.73,600.52,116,95
2010-10-27,Bahrain,317.76,0.0,1,1
2010-10-27,EIRE,5393.36,0.0,2,1
2010-10-27,Germany,54.0,15.66,3,3
2010-10-27,Italy,1889.39,0.0,3,3
2010-10-27,Sweden,996.8199999999999,0.0,2,2
2010-10-27,United Kingdom,24274.170000000002,53.25,70,58
2010-10-28,EIRE,5413.5599999999995,3922.3599999999997,7,2
2010-10-28,Germany,0.0,3.9,1,1
2010-10-28,Italy,1402.62,0.0,1,1
2010-10-28,Netherlands,0.0,28.4,1,1
2010-10-28,Portugal,874.36,0.0,1,1
2010-10-28,United Kingdom,26729.71,7213.67,103,58
2010-10-29,Belgium,325.72,0.0,1,1
2010-10-29,France,65.45,0.0,1,1
2010-10-29,Germany,2315.69,0.0,2,2
2010-10-29,RSA,1435.29,0.0,1,0
2010-10-29,Switzerland,471.55,0.0,1,1
2010-10-29,United Kingdom,42612.61,1807.9,84,60
2010-10-31,Germany,501.35,0.0,2,2
2010-10-31,Iceland,611.53,0.0,1,1
2010-10-31,United Kingdom,28847.81,78.42999999999999,85,76
2010-11-01,Channel Islands,0.0,439.83,1,1
2010-11-01,EIRE,1085.79,0.0,2,1
2010-11-01,France,0.0,7.5,1,1
2010-11-01,Germany,452.0,0.0,1,1
2010-11-01,RSA,1435.29,1435.29,2,0
2010-11-01,United Kingdom,26567.8,573.99,101,51
2010-11-02,Australia,870.3,0.0,1,1
2010-11-02,Channel Islands,0.0,617.47,2,1
2010-11-02,Denmark,193.26,0.0,1,1
2010-11-02,EIRE,0.0,189.0,1,1
2010-11-02,France,660.2,0.0,1,1
2010-11-02,Germany,1769.77,0.0,2,1
2010-11-02,Italy,0.0,27.599999999999998,1,1
2010-11-02,Portugal,0.0,5.95,1,1
2010-11-02,Spain,241.35,0.0,1,1
2010-11-02,Sweden,429.70000000000005,0.0,2,1
2010-11-02,Switzerland,462.95,0.0,1,1
2010-11-02,United Kingdom,40321.63,2907.17,165,95
2010-11-03,Belgium,0.0,10.0,1,1
2010-11-03,EIRE,1888.77,0.0,3,2
2010-11-03,Germany,619.5,0.0,1,1
2010-11-03,Italy,524.4,20.28,3,1
2010-11-03,Netherlands,12748.98,0.0,4,1
2010-11-03,Norway,1993.34,0.0,1,1
2010-11-03,Portugal,340.05,0.0,1,1
2010-11-03,United Kingdom,27237.5,1125.53,132,80
2010-11-04,Australia,10.0,22.7,2,2
2010-11-04,EIRE,1321.93,0.0,2,1
2010-11-04,Germany,3993.6400000000003,47.9,4,4
2010-11-04,Japan,0.0,102.0,1,1
2010-11-04,Lithuania,1525.39,0.0,1,1
2010-11-04,Spain,475.95,8.5,2,2
2010-11-04,United Kingdom,82258.72,1136.88,207,127
2010-11-05,Austria,329.34,0.0,1,1
2010-11-05,Denmark,1345.8600000000001,0.0,1,1
2010-11-05,EIRE,3495.15,105.58999999999999,7,1
2010-11-05,Finland,414.98,0.0,2,1
2010-11-05,Germany,4170.08,68.05,7,5
2010-11-05,Japan,0.0,102.0,1,1
2010-11-05,Norway,2292.18,0.0,1,1
2010-11-05,Spain,236.3,0.0,1,1
2010-11-05,Sweden,0.0,67.5,1,1
2010-11-05,United Kingdom,34043.42,225.93,124,56
2010-11-05,Unspecified,239.64,0.0,3,0
2010-11-07,EIRE,750.58,0.0,1,1
2010-11-07,France,535.17,0.0,2,2
2010-11-07,Germany,951.82,0.0,1,1
2010-11-07,United Kingdom,29303.53,241.54,86,71
2010-11-08,Canada,381.77000000000004,0.0,1,1
2010-11-08,Denmark,2520.84,0.0,1,1
2010-11-08,EIRE,1041.98,0.0,1,1
2010-11-08,France,0.0,46.99999999999999,2,2
2010-11-08,Germany,1493.39,208.4,6,6
2010-11-08,Netherlands,397.44,0.0,1,1
2010-11-08,United Kingdom,84991.081,6908.66,112,69
2010-11-09,EIRE,1709.28,17.88,3,2
2010-11-09,France,2477.75,0.0,5,3
2010-11-09,Germany,0.0,53.4,1,1
2010-11-09,Portugal,351.90000000000003,0.0,1,1
2010-11-09,Spain,4098.96,4098.96,2,1
2010-11-09,United Kingdom,57453.35,4067.58,140,100
2010-11-10,Belgium,978.23,0.0,1,1
2010-11-10,Cyprus,397.59999999999997,0.0,1,1
2010-11-10,EIRE,852.88,0.0,2,1
2010-11-10,France,358.25,0.0,1,1
2010-11-10,Germany,389.5,28.349999999999998,3,3
2010-11-10,Israel,1248.42,0.0,1,1
2010-11-10,Switzerland,369.95,0.0,1,1
2010-11-10,United Arab Emirates,1445.69,0.0,1,1
2010-11-10,United Kingdom,73951.89,494.56,141,103
2010-11-11,EIRE,0.0,49.75,1,1
2010-11-11,France,504.54,29.849999999999998,2,2
2010-11-11,Italy,0.0,42.7,1,1
2010-11-11,Netherlands,1092.81,0.0,1,1
2010-11-11,Portugal,2301.96,0.0,1,1
2010-11-11,United Kingdom,60214.87,2973.59,185,131
2010-11-11,Unspecified,0.0,11.8,1,0
2010-11-12,Austria,690.79,0.0,1,1
2010-11-12,Belgium,155.65,0.0,1,1
2010-11-12,EIRE,1710.74,0.0,3,1
2010-11-12,France,307.05,0.0,2,1
2010-11-12,Germany,1879.55,0.0,4,4
2010-11-12,Netherlands,115.80000000000001,0.0,1,1
2010-11-12,Norway,143.75,0.0,1,1
2010-11-12,Poland,821.14,0.0,2,2
2010-11-12,United Kingdom,44981.76,254.09,105,75
2010-11-14,Channel Islands,1343.9,0.0,1,1
2010-11-14,France,330.88,0.0,1,0
2010-11-14,Italy,201.15,0.0,1,1
2010-11-14,United Kingdom,27074.53,119.39999999999999,91,74
2010-11-15,EIRE,4827.97,52.349999999999994,5,2
2010-11-15,Germany,1772.3,19.6,4,2
2010-11-15,Switzerland,70.6,0.0,1,1
2010-11-15,USA,402.6,0.0,1,1
2010-11-15,United Kingdom,97837.49,130.04,122,80
2010-11-16,Australia,0.0,15.0,1,1
2010-11-16,Denmark,0.0,183.60000000000002,1,1
2010-11-16,EIRE,6089.84,0.0,3,2
2010-11-16,France,2359.33,6.35,4,4
2010-11-16,Germany,1216.04,28.049999999999997,4,4
2010-11-16,Netherlands,127.96,0.0,1,1
2010-11-16,Portugal,1055.0,0.0,1,1
2010-11-16,Switzerland,12079.99,0.0,2,1
2010-11-16,United Kingdom,49930.55,1223.6899999999998,137,118
2010-11-17,Belgium,464.28000000000003,0.0,1,1
2010-11-17,France,311.16,0.0,1,1
2010-11-17,Japan,8.850000000000001,8.850000000000001,4,1
2010-11-17,Netherlands,8257.82,0.0,2,1
2010-11-17,Portugal,0.0,41.85,2,1
2010-11-17,United Kingdom,42426.761,440.25,124,95
2010-11-18,EIRE,1759.03,39.8,3,1
2010-11-18,Germany,1742.6200000000001,26.5,4,3
2010-11-18,Netherlands,1046.79,0.0,2,2
2010-11-18,Poland,0.0,15.0,1,1
2010-11-18,Sweden,0.0,20.4,1,1
2010-11-18,USA,0.0,132.8,1,1
2010-11-18,United Kingdom,40357.63,316.08,110,91
2010-11-19,Belgium,1716.42,0.0,3,3
2010-11-19,Channel Islands,302.59999999999997,0.0,1,1
2010-11-19,EIRE,773.15,0.0,2,1
2010-11-19,France,5084.89,0.0,7,7
2010-11-19,Germany,573.4,19.9,3,3
2010-11-19,Italy,836.08,0.0,1,1
2010-11-19,Japan,14.75,14.75,2,1
2010-11-19,Spain,180.1,0.0,1,1
2010-11-19,Sweden,853.86,0.0,1,1
2010-11-19,United Arab Emirates,268.0,0.0,1,1
2010-11-19,United Kingdom,37211.16,799.21,128,100
2010-11-21,EIRE,672.88,0.0,3,2
2010-11-21,France,672.5,0.0,3,3
2010-11-21,Germany,828.15,0.0,2,1
2010-11-21,Italy,0.0,19.799999999999997,1,1
2010-11-21,Sweden,330.34999999999997,0.0,1,1
2010-11-21,United Kingdom,29552.170000000002,74.88,92,82
2010-11-22,Australia,513.05,0.0,1,1
2010-11-22,EIRE,225.2,0.0,1,1
2010-11-22,France,1876.51,29.700000000000003,2,2
2010-11-22,Germany,1104.44,0.0,2,2
2010-11-22,Netherlands,398.07,0.0,2,1
2010-11-22,Sweden,0.0,40.0,1,1
2010-11-22,United Kingdom,39038.64,130.4,96,76
2010-11-23,Australia,297.29,0.0,1,1
2010-11-23,Belgium,0.0,35.400000000000006,1,1
2010-11-23,EIRE,837.75,46.9,4,2
2010-11-23,France,595.04,0.0,4,3
2010-11-23,Germany,200.19,0.0,1,1
2010-11-23,Greece,761.3,0.0,1,1
2010-11-23,Netherlands,443.6,0.0,1,1
2010-11-23,Switzerland,587.24,0.0,1,1
2010-11-23,United Kingdom,54634.58,4696.16,160,110
2010-11-24,EIRE,0.0,55.9,3,1
2010-11-24,Netherlands,919.62,2383.83,2,1
2010-11-24,Portugal,769.44,0.0,2,1
2010-11-24,United Kingdom,59977.0,1377.81,181,138
2010-11-25,Austria,120.0,0.0,1,1
2010-11-25,Belgium,1938.4,29.3,3,2
2010-11-25,United Kingdom,70224.46,693.72,177,145
2010-11-26,Austria,712.09,0.0,1,1
2010-11-26,Channel Islands,632.23,0.0,1,1
2010-11-26,EIRE,1155.81,0.0,2,2
2010-11-26,France,2174.55,0.0,4,4
2010-11-26,Germany,1624.96,26.9,3,2
2010-11-26,Italy,295.20000000000005,0.0,1,1
2010-11-26,Portugal,236.1,0.0,1,1
2010-11-26,Spain,893.55,0.0,2,2
2010-11-26,Sweden,320.0,0.0,1,1
2010-11-26,United Kingdom,32359.02,337.6,86,60
2010-11-28,Germany,2707.11,0.0,3,3
2010-11-28,United Kingdom,24425.65,506.26,101,80
2010-11-29,Australia,16554.88,0.0,1,1
2010-11-29,Austria,1021.08,0.0,1,1
2010-11-29,EIRE,832.58,0.0,2,1
2010-11-29,France,933.3000000000001,0.0,2,2
2010-11-29,Germany,160.8,0.0,1,1
2010-11-29,Korea,949.82,0.0,1,1
2010-11-29,Netherlands,5551.7,0.0,3,1
2010-11-29,Norway,200.05,0.0,1,1
2010-11-29,United Kingdom,52578.82,194.29,112,81
2010-11-29,Unspecified,300.93,0.0,1,1
2010-11-30,France,407.40000000000003,0.0,2,2
2010-11-30,Germany,2591.25,86.55,6,4
2010-11-30,Italy,816.33,0.0,1,1
2010-11-30,Netherlands,4958.15,0.0,3,1
2010-11-30,Portugal,423.52,0.0,1,1
2010-11-30,United Kingdom,50682.090000000004,4402.3,157,131
2010-12-01,Australia,716.5,0.0,1,1
2010-12-01,EIRE,1110.76,0.0,2,1
2010-12-01,France,1711.72,0.0,1,1
2010-12-01,Germany,522.96,244.6,2,2
2010-12-01,Netherlands,385.20000000000005,0.0,1,1
2010-12-01,Norway,3838.28,0.0,1,1
2010-12-01,United Kingdom,109268.16,405.85999999999996,135,91
2010-12-02,EIRE,45.0,15.0,2,2
2010-12-02,Germany,310.7,34.0,2,2
2010-12-02,United Kingdom,94903.14,3033.2000000000003,163,113
2010-12-03,Belgium,692.2,0.0,1,1
2010-12-03,EIRE,5153.7,0.0,3,2
2010-12-03,France,850.76,0.0,2,2
2010-12-03,Germany,1111.06,0.0,3,3
2010-12-03,Italy,855.6,0.0,1,1
2010-12-03,Poland,496.32,0.0,1,1
2010-12-03,Portugal,263.6,0.0,1,1
2010-12-03,Spain,1240.0,0.0,1,1
2010-12-03,Switzerland,606.8,0.0,1,1
2010-12-03,United Kingdom,82527.22,2646.5,94,42
2010-12-05,France,3053.84,0.0,1,1
2010-12-05,Germany,4953.38,0.0,4,3
2010-12-05,Japan,640.16,0.0,1,1
2010-12-05,Lithuania,3196.12,0.0,3,1
2010-12-05,United Kingdom,50885.76,782.0,86,70
2010-12-06,EIRE,2365.0,0.0,3,1
2010-12-06,Germany,392.88,68.0,2,2
2010-12-06,Italy,0.0,34.0,1,1
2010-12-06,Portugal,258.8,0.0,1,1
2010-12-06,United Kingdom,106231.62,1838.56,126,85
2010-12-07,France,2897.96,0.0,2,2
2010-12-07,Germany,1193.6,0.0,1,1
2010-12-07,Iceland,1423.58,0.0,1,1
2010-12-07,United Kingdom,193592.56,109118.3,107,66
2010-12-08,Australia,517.8,0.0,1,1
2010-12-08,France,347.1,0.0,1,1
2010-12-08,Germany,1045.4,25.5,2,2
2010-12-08,Lithuania,126.0,0.0,1,1
2010-12-08,Norway,3735.96,0.0,1,1
2010-12-08,Portugal,2298.58,0.0,1,1
2010-12-08,United Kingdom,82399.88,2374.78,141,105
2010-12-09,Channel Islands,727.06,0.0,1,1
2010-12-09,Denmark,2563.0,0.0,1,1
2010-12-09,EIRE,1891.1,0.0,1,1
2010-12-09,France,3719.46,54.3,5,4
2010-12-09,Germany,1838.18,54.599999999999994,5,5
2010-12-09,Japan,7588.799999999999,0.0,1,1
2010-12-09,Portugal,508.06,0.0,1,1
2010-12-09,Spain,349.44,0.0,1,1
2010-12-09,United Kingdom,87911.28,1999.2,167,107
2010-12-10,EIRE,1156.05,0.0,1,1
2010-12-10,France,1071.9,0.0,1,1
2010-12-10,Germany,2325.0099999999998,0.0,2,1
2010-12-10,Portugal,311.95,0.0,1,1
2010-12-10,United Kingdom,54156.11,1718.01,86,50
2010-12-12,Japan,3590.59,0.0,1,1
2010-12-12,United Kingdom,13535.06,88.15,50,41
2010-12-13,Germany,12.45,24.9,3,1
2010-12-13,Spain,881.01,0.0,1,1
2010-12-13,United Kingdom,37048.91,2602.4700000000003,80,59
2010-12-14,Australia,0.0,27.75,1,1
2010-12-14,Cyprus,1587.07,0.0,1,1
2010-12-14,Portugal,0.0,59.85,2,1
2010-12-14,Sweden,1188.0,1188.0,2,1
2010-12-14,United Kingdom,42392.49,1135.84,138,100
2010-12-15,Austria,0.0,20.16,1,1
2010-12-15,France,195.89,0.0,1,1
2010-12-15,Germany,0.0,52.9,1,1
2010-12-15,Israel,0.0,227.44,1,1
2010-12-15,United Kingdom,30188.48,700.43,94,82
2010-12-16,EIRE,707.0600000000001,220.5,2,1
2010-12-16,Finland,892.8,0.0,1,1
2010-12-16,France,4.949999999999999,13.8,3,1
2010-12-16,Germany,0.0,11.549999999999999,1,1
2010-12-16,United Kingdom,47509.33,772.7,143,113
2010-12-17,Australia,348.2,0.0,1,1
2010-12-17,Austria,277.2,0.0,1,1
2010-12-17,Belgium,625.16,0.0,2,2
2010-12-17,EIRE,1424.12,0.0,2,1
2010-12-17,France,350.28000000000003,0.0,2,2
2010-12-17,Germany,4690.82,18.0,9,7
2010-12-17,Portugal,463.5,0.0,1,1
2010-12-17,Spain,168.0,0.0,1,1
2010-12-17,Sweden,2646.2999999999997,0.0,1,1
2010-12-17,United Kingdom,34344.55,1866.14,52,35
2010-12-19,EIRE,411.1,0.0,1,1
2010-12-19,Germany,469.87,0.0,1,1
2010-12-19,United Kingdom,6529.5,17.6,23,15
2010-12-20,Bahrain,205.74,0.0,1,0
2010-12-20,EIRE,0.0,760.3100000000001,2,1
2010-12-20,France,1371.19,0.0,2,2
2010-12-20,Germany,631.96,300.65,2,2
2010-12-20,Netherlands,70.96,0.0,1,1
2010-12-20,Switzerland,1001.52,0.0,1,1
2010-12-20,United Kingdom,23484.86,986.42,87,52
2010-12-21,Belgium,237.93,0.0,1,1
2010-12-21,EIRE,762.3000000000001,0.0,1,1
2010-12-21,France,221.28,0.0,2,1
2010-12-21,Italy,383.7,0.0,1,1
2010-12-21,Netherlands,8520.92,0.0,1,1
2010-12-21,United Kingdom,37153.76,206.15,60,26
2010-12-22,Belgium,600.72,0.0,1,1
2010-12-22,France,110.39999999999999,0.0,1,1
2010-12-22,United Kingdom,5488.85,65.4,20,15
2010-12-23,EIRE,289.85,15.0,2,1
2010-12-23,Germany,1391.55,56.95,3,3
2010-12-23,United Kingdom,10390.51,207.85000000000002,33,19
2011-01-04,Sweden,547.56,40.0,2,1
2011-01-04,United Kingdom,15458.17,1035.6,55,37
2011-01-05,Bahrain,0.0,205.74,1,0
2011-01-05,Belgium,0.0,2.95,1,1
2011-01-05,EIRE,0.0,232.67,1,1
2011-01-05,France,1391.18,21.9,4,4
2011-01-05,Germany,0.0,148.54,2,2
2011-01-05,Italy,0.0,7.6499999999999995,1,1
2011-01-05,Portugal,0.0,57.6,1,1
2011-01-05,United Kingdom,31239.09,33523.65,65,46
2011-01-06,Australia,7154.38,0.0,2,2
2011-01-06,Belgium,0.0,31.949999999999996,1,1
2011-01-06,France,799.02,54.0,3,2
2011-01-06,Germany,0.0,6.6,1,1
2011-01-06,Japan,0.0,109.8,1,1
2011-01-06,Spain,0.0,1126.0,1,1
2011-01-06,United Kingdom,32413.05,1661.76,69,58
2011-01-07,France,1065.09,0.0,2,2
2011-01-07,Germany,3976.13,0.0,4,4
2011-01-07,Spain,1138.67,0.0,1,1
2011-01-07,United Kingdom,22656.7,1603.45,51,42
2011-01-09,EIRE,258.0,0.0,1,1
2011-01-09,France,114.0,0.0,1,1
2011-01-09,Portugal,1100.16,0.0,2,2
2011-01-09,United Kingdom,14118.52,66.15,47,44
2011-01-10,Australia,81.6,0.0,1,1
2011-01-10,EIRE,0.0,15.0,1,0
2011-01-10,France,1238.06,0.0,1,1
2011-01-10,Germany,682.33,21.9,3,3
2011-01-10,Israel,379.84000000000003,0.0,1,0
2011-01-10,Spain,1715.8500000000001,0.0,1,1
2011-01-10,United Kingdom,20455.39,340.53000000000003,53,29
2011-01-11,Australia,462.5,0.0,1,1
2011-01-11,France,1512.6399999999999,0.0,4,4
2011-01-11,Germany,144.26,0.0,1,1
2011-01-11,Spain,4564.3,0.0,2,2
2011-01-11,United Kingdom,61946.84,838.46,76,53
2011-01-12,Belgium,651.16,0.0,1,1
2011-01-12,Cyprus,547.5,0.0,1,1
2011-01-12,France,1415.6299999999999,9.95,4,4
2011-01-12,Germany,250.65,1.25,2,2
2011-01-12,United Kingdom,21799.64,723.8000000000001,54,41
2011-01-13,Germany,753.4499999999999,0.0,1,1
2011-01-13,Italy,1608.66,0.0,1,1
2011-01-13,United Kingdom,18250.68,91.1,49,45
2011-01-14,Australia,177.00000000000003,0.0,1,1
2011-01-14,EIRE,16774.72,0.0,1,1
2011-01-14,France,1790.43,0.0,3,3
2011-01-14,Germany,534.02,0.0,3,2
2011-01-14,Netherlands,10389.06,0.0,1,1
2011-01-14,United Kingdom,17889.35,199.64000000000001,47,38
2011-01-16,United Kingdom,6976.39,125.45,29,22
2011-01-17,Australia,431.3,0.0,1,1
2011-01-17,France,732.14,0.0,1,1
2011-01-17,Germany,1316.9,0.0,2,2
2011-01-17,Poland,613.22,0.0,1,1
2011-01-17,United Kingdom,26169.16,77.02,50,43
2011-01-18,EIRE,465.58,0.0,1,1
2011-01-18,Germany,132.52,0.0,1,1
2011-01-18,Portugal,2271.62,0.0,1,1
2011-01-18,Spain,681.05,0.0,1,1
2011-01-18,United Kingdom,92396.96,77297.25,47,30
2011-01-19,Australia,238.5,0.0,1,1
2011-01-19,Belgium,0.0,11.25,1,1
2011-01-19,France,752.75,0.0,1,1
2011-01-19,Germany,63.0,0.0,1,1
2011-01-19,Netherlands,7722.04,0.0,1,1
2011-01-19,Spain,112.92,0.0,1,1
2011-01-19,Switzerland,3604.63,0.0,2,2
2011-01-19,United Kingdom,13380.73,337.51,35,27
2011-01-20,Australia,87.75,0.0,1,1
2011-01-20,Belgium,225.6,0.0,1,1
2011-01-20,EIRE,2756.84,0.0,1,1
2011-01-20,France,1516.68,43.8,2,2
2011-01-20,Netherlands,305.28000000000003,0.0,1,1
2011-01-20,Spain,0.0,65.69999999999999,1,1
2011-01-20,United Kingdom,16307.19,3141.58,47,30
2011-01-21,Finland,661.58,0.0,1,1
2011-01-21,France,0.0,5.45,1,1
2011-01-21,Germany,0.0,62.25000000000001,1,1
2011-01-21,Italy,341.0,0.0,1,1
2011-01-21,Netherlands,8060.3,0.0,1,1
2011-01-21,United Kingdom,23573.67,594.16,59,46
2011-01-23,France,514.5,0.0,1,1
2011-01-23,United Kingdom,9791.6,114.3,29,26
2011-01-24,EIRE,282.44,0.0,1,1
2011-01-24,France,190.2,0.0,1,1
2011-01-24,Germany,2364.78,0.0,3,3
2011-01-24,Greece,2661.24,0.0,1,1
2011-01-24,Hong Kong,2230.96,0.0,1,0
2011-01-24,Spain,157.45000000000002,0.0,1,1
2011-01-24,United Kingdom,17607.42,178.17000000000002,53,39
2011-01-25,Belgium,323.44,0.0,1,1
2011-01-25,Finland,227.44,0.0,1,1
2011-01-25,France,36.0,32.55,3,3
2011-01-25,Germany,2386.84,44.699999999999996,4,4
2011-01-25,Singapore,2053.07,0.0,1,1
2011-01-25,United Kingdom,23925.76,1028.7,76,61
2011-01-26,EIRE,802.56,0.0,1,1
2011-01-26,Germany,1175.76,0.0,2,2
2011-01-26,Iceland,475.39,0.0,1,1
2011-01-26,Italy,452.85,0.0,1,1
2011-01-26,Portugal,683.9300000000001,0.0,1,1
2011-01-26,United Kingdom,16265.43,428.97,65,51
2011-01-27,Channel Islands,675.58,0.0,1,1
2011-01-27,EIRE,564.05,0.0,1,1
2011-01-27,France,0.0,14.65,1,1
2011-01-27,Germany,767.99,94.46,4,4
2011-01-27,Italy,0.0,33.5,1,1
2011-01-27,Lebanon,1693.88,0.0,1,1
2011-01-27,Spain,1715.8500000000001,1715.85,2,1
2011-01-27,United Kingdom,18206.95,780.24,77,53
2011-01-28,Australia,384.68,0.0,1,1
2011-01-28,France,1079.83,0.0,3,3
2011-01-28,Germany,0.0,79.71000000000001,1,1
2011-01-28,Sweden,2938.76,0.0,1,1
2011-01-28,Switzerland,626.6,0.0,1,1
2011-01-28,United Kingdom,15034.48,1443.17,93,37
2011-01-30,United Kingdom,6542.61,159.31,25,22
2011-01-31,Channel Islands,0.0,30.5,1,1
2011-01-31,France,3591.9700000000003,54.75,3,3
2011-01-31,Germany,2332.21,0.0,4,4
2011-01-31,Netherlands,134.48,0.0,1,1
2011-01-31,United Kingdom,17570.05,1190.46,76,55
2011-02-01,Austria,364.6,0.0,1,1
2011-02-01,EIRE,797.77,0.0,1,1
2011-02-01,France,510.84999999999997,0.0,1,1
2011-02-01,Germany,314.15000000000003,49.5,3,3
2011-02-01,Netherlands,214.45,0.0,1,1
2011-02-01,Spain,288.98,0.0,1,1
2011-02-01,Sweden,509.5,0.0,1,1
2011-02-01,United Kingdom,26012.99,552.27,77,56
2011-02-02,Austria,153.76,0.0,1,1
2011-02-02,EIRE,15.0,0.0,1,0
2011-02-02,France,641.39,0.0,2,2
2011-02-02,Germany,75.60000000000001,25.5,2,1
2011-02-02,Norway,334.4,0.0,1,1
2011-02-02,United Kingdom,19941.97,142.25,67,54
2011-02-03,Belgium,213.9,0.0,1,1
2011-02-03,EIRE,788.06,0.0,1,1
2011-02-03,Germany,1712.04,69.5,4,4
2011-02-03,Netherlands,0.0,34.8,1,1
2011-02-03,Spain,617.25,0.0,1,1
2011-02-03,United Kingdom,20136.48,30.95,45,40
2011-02-04,EIRE,229.6,0.0,1,1
2011-02-04,France,1236.73,0.0,1,1
2011-02-04,Germany,0.0,71.9,1,1
2011-02-04,Japan,45.57,0.0,1,1
2011-02-04,Poland,337.2,0.0,1,1
2011-02-04,Switzerland,693.33,0.0,2,1
2011-02-04,United Kingdom,22593.41,96.11999999999999,68,36
2011-02-06,United Kingdom,3439.67,0.0,11,11
2011-02-07,Australia,259.95,67.95,4,2
2011-02-07,Cyprus,1993.96,0.0,2,2
2011-02-07,Germany,0.0,94.93,1,1
2011-02-07,United Kingdom,23669.06,266.14,46,34
2011-02-08,EIRE,0.0,25.8,1,1
2011-02-08,France,201.86,0.0,1,1
2011-02-08,Germany,0.0,125.92999999999999,3,3
2011-02-08,Netherlands,1306.28,45.0,2,1
2011-02-08,Poland,266.85,0.0,1,1
2011-02-08,United Kingdom,19160.24,25.05,50,35
2011-02-09,Belgium,84.3,0.0,1,1
2011-02-09,France,455.02,0.0,1,1
2011-02-09,Germany,168.9,0.0,1,1
2011-02-09,Japan,5735.24,0.0,1,1
2011-02-09,Spain,762.11,0.0,1,1
2011-02-09,United Kingdom,9477.06,0.0,26,17
2011-02-10,France,321.56,0.0,1,1
2011-02-10,Germany,351.95,0.0,2,2
2011-02-10,United Kingdom,14179.8,1454.07,63,55
2011-02-11,Belgium,231.51,0.0,1,1
2011-02-11,Germany,2355.95,124.8,2,2
2011-02-11,Italy,0.0,4.5,1,1
2011-02-11,Switzerland,0.0,12.25,1,1
2011-02-11,United Kingdom,20266.14,2344.27,90,65
2011-02-13,United Kingdom,5645.48,178.23,24,21
2011-02-14,EIRE,3090.71,0.0,2,1
2011-02-14,France,0.0,6.3,1,1
2011-02-14,Germany,802.49,32.75,3,2
2011-02-14,Spain,446.16,0.0,1,1
2011-02-14,United Arab Emirates,889.24,0.0,1,1
2011-02-14,United Kingdom,21440.31,416.93,47,40
2011-02-15,Australia,14022.92,0.0,1,1
2011-02-15,Channel Islands,1784.71,0.0,1,1
2011-02-15,EIRE,4347.5,0.0,2,1
2011-02-15,France,255.6,18.0,2,2
2011-02-15,United Kingdom,19430.98,3015.16,64,43
2011-02-16,Cyprus,1683.9,0.0,1,1
2011-02-16,Denmark,399.22,0.0,1,1
2011-02-16,France,919.66,18.0,2,1
2011-02-16,Israel,779.1,0.0,1,1
2011-02-16,Norway,296.5,0.0,1,1
2011-02-16,United Kingdom,20785.47,200.29000000000002,63,51
2011-02-17,Belgium,1119.2,0.0,2,2
2011-02-17,Cyprus,15.0,0.0,1,1
2011-02-17,EIRE,281.12,0.0,1,1
2011-02-17,France,250.0,0.0,1,1
2011-02-17,Germany,540.58,0.0,2,2
2011-02-17,United Kingdom,24151.62,10.8,66,44
2011-02-18,Belgium,0.0,14.850000000000001,1,1
2011-02-18,EIRE,162.7,0.0,1,1
2011-02-18,France,974.6,10.2,3,2
2011-02-18,Germany,152.4,0.0,1,1
2011-02-18,Italy,256.0,0.0,1,1
2011-02-18,Spain,0.0,20.8,1,1
2011-02-18,United Kingdom,14638.72,234.5,59,42
2011-02-20,United Kingdom,9437.8,45.8,29,26
2011-02-21,Belgium,192.31,0.0,1,1
2011-02-21,Cyprus,641.38,320.69,3,1
2011-02-21,EIRE,1011.08,0.0,2,0
2011-02-21,France,746.82,0.0,2,2
2011-02-21,Germany,1418.29,17.0,3,3
2011-02-21,Netherlands,18279.48,0.0,2,1
2011-02-21,Portugal,973.65,0.0,1,1
2011-02-21,United Kingdom,13048.39,12233.49,45,32
2011-02-22,France,0.0,24.55,2,2
2011-02-22,Netherlands,3211.7,0.0,1,1
2011-02-22,United Kingdom,29242.8,181.18,61,49
2011-02-23,EIRE,1480.2,0.0,1,1
2011-02-23,France,439.76,0.0,2,1
2011-02-23,Germany,388.3,0.0,1,1
2011-02-23,United Kingdom,24551.24,98.84,64,50
2011-02-24,Belgium,0.0,4.9,1,1
2011-02-24,Finland,205.16,0.0,1,1
2011-02-24,Saudi Arabia,145.92,0.0,1,1
2011-02-24,Switzerland,1340.32,0.0,1,1
2011-02-24,United Kingdom,21109.49,149.10999999999999,62,53
2011-02-25,Belgium,189.9,0.0,1,1
2011-02-25,EIRE,0.0,2548.8,1,1
2011-02-25,Germany,1300.4,0.0,2,2
2011-02-25,Switzerland,179.35,0.0,1,1
2011-02-25,United Kingdom,18925.54,17.1,46,39
2011-02-27,Australia,412.54999999999995,0.0,1,1
2011-02-27,France,110.6,0.0,1,1
2011-02-27,United Kingdom,8859.56,35.45,33,29
2011-02-28,Belgium,149.95,0.0,1,1
2011-02-28,Czech Republic,549.26,0.0,1,1
2011-02-28,France,1451.51,0.0,4,4
2011-02-28,Portugal,240.25,0.0,1,1
2011-02-28,Switzerland,441.92,0.0,1,1
2011-02-28,United Kingdom,18842.4,1.95,53,41
2011-03-01,Belgium,559.12,0.0,1,1
2011-03-01,EIRE,2541.15,0.0,1,1
2011-03-01,Finland,4969.22,0.0,3,1
2011-03-01,France,1146.26,0.0,2,2
2011-03-01,Germany,762.5,0.0,1,1
2011-03-01,Norway,984.65,840.3,4,1
2011-03-01,United Kingdom,15381.78,42.95,55,45
2011-03-02,Channel Islands,828.84,0.0,1,1
2011-03-02,Japan,15.299999999999999,43.39,2,1
2011-03-02,United Kingdom,17825.8,350.95,64,56
2011-03-03,Australia,16726.84,168.7,2,1
2011-03-03,Austria,166.04,0.0,1,1
2011-03-03,Belgium,410.0,0.0,1,1
2011-03-03,EIRE,0.0,10.2,1,0
2011-03-03,France,573.16,0.0,2,1
2011-03-03,Germany,725.28,0.0,2,2
2011-03-03,Saudi Arabia,0.0,14.75,1,1
2011-03-03,United Kingdom,17765.82,367.73,75,55
2011-03-04,EIRE,1185.49,0.0,2,1
2011-03-04,France,317.25,0.0,1,1
2011-03-04,Greece,387.31,0.0,1,1
2011-03-04,Italy,463.63,0.0,1,1
2011-03-04,Japan,17.55,0.0,1,1
2011-03-04,Spain,471.8,0.0,2,2
2011-03-04,United Kingdom,16643.85,31.93,48,31
2011-03-06,United Kingdom,9959.62,409.14,35,28
2011-03-07,France,0.0,20.4,1,1
2011-03-07,Germany,817.56,0.0,3,3
2011-03-07,Japan,16.05,79.17,4,2
2011-03-07,Spain,0.0,36.5,1,1
2011-03-07,United Kingdom,31485.11,1694.9,98,67
2011-03-08,France,0.0,37.25,1,1
2011-03-08,Germany,884.63,0.0,3,3
2011-03-08,Portugal,1570.19,0.0,1,1
2011-03-08,United Kingdom,22580.3,26.9,56,38
2011-03-09,Australia,210.9,0.0,1,1
2011-03-09,Channel Islands,1576.3600000000001,0.0,1,1
2011-03-09,Netherlands,444.8,0.0,1,1
2011-03-09,Switzerland,439.28,0.0,1,1
2011-03-09,United Kingdom,19341.86,131.72,75,47
2011-03-10,Belgium,0.0,18.4,1,1
2011-03-10,Channel Islands,1104.13,0.0,1,1
2011-03-10,Cyprus,938.39,0.0,1,1
2011-03-10,EIRE,6162.0199999999995,0.0,4,1
2011-03-10,Sweden,122.39999999999999,180.0,2,1
2011-03-10,United Kingdom,17791.33,323.93,81,64
2011-03-11,EIRE,3374.34,3374.34,4,1
2011-03-11,France,712.8499999999999,0.0,1,1
2011-03-11,Germany,987.42,14.25,2,2
2011-03-11,United Kingdom,20399.32,91.31,59,43
2011-03-13,France,343.29,0.0,1,1
2011-03-13,United Kingdom,3773.93,10.5,16,15
2011-03-14,Belgium,357.07,0.0,1,1
2011-03-14,Canada,140.54,0.0,1,1
2011-03-14,EIRE,1825.25,0.0,3,1
2011-03-14,France,479.40000000000003,0.0,1,1
2011-03-14,Germany,0.0,44.85,1,1
2011-03-14,Italy,0.0,9.9,1,1
2011-03-14,Netherlands,117.92999999999999,0.0,1,1
2011-03-14,Sweden,4400.28,0.0,1,1
2011-03-14,United Kingdom,18556.16,100.21,51,41
2011-03-15,EIRE,3389.6,0.0,3,3
2011-03-15,France,565.54,15.0,2,2
2011-03-15,Hong Kong,2583.76,2583.76,2,0
2011-03-15,Poland,317.78,0.0,1,1
2011-03-15,United Kingdom,16596.66,234.70000000000002,57,39
2011-03-16,France,262.8,0.0,2,2
2011-03-16,Germany,300.7,0.0,1,1
2011-03-16,Spain,1218.95,0.0,2,2
2011-03-16,United Kingdom,20060.36,765.72,54,44
2011-03-17,Denmark,3978.9900000000002,0.0,1,1
2011-03-17,EIRE,381.78,4.95,2,2
2011-03-17,Germany,1363.2,51.75,3,3
2011-03-17,Italy,1017.68,0.0,1,1
2011-03-17,Norway,120.33,0.0,1,1
2011-03-17,United Kingdom,32990.53,1043.99,80,66
2011-03-18,EIRE,743.71,0.0,1,1
2011-03-18,Germany,2390.93,0.0,5,4
2011-03-18,United Kingdom,24973.010000000002,11401.33,70,46
2011-03-20,Belgium,226.29999999999998,0.0,1,1
2011-03-20,EIRE,197.8,0.0,1,1
2011-03-20,Finland,409.2,0.0,1,1
2011-03-20,France,316.02,0.0,1,1
2011-03-20,Germany,363.93,0.0,2,2
2011-03-20,United Kingdom,20436.43,172.85,58,51
2011-03-21,Belgium,347.35,0.0,1,1
2011-03-21,Finland,0.0,12.2,1,1
2011-03-21,France,201.27,0.0,2,1
2011-03-21,Poland,0.0,14.39,1,1
2011-03-21,United Kingdom,16130.85,318.66,64,54
2011-03-22,France,523.98,0.0,1,1
2011-03-22,Germany,1319.98,0.0,3,2
2011-03-22,Netherlands,235.71,0.0,1,1
2011-03-22,Norway,160.33,120.33,2,1
2011-03-22,Spain,1085.99,0.0,1,1
2011-03-22,United Kingdom,28142.24,82.9,75,36
2011-03-23,Austria,1542.0800000000002,0.0,1,1
2011-03-23,Belgium,614.55,0.0,2,2
2011-03-23,France,1891.28,0.0,4,3
2011-03-23,Portugal,247.60000000000002,0.0,1,1
2011-03-23,United Kingdom,19783.38,62.6,80,51
2011-03-24,Australia,286.25,0.0,1,1
2011-03-24,Belgium,837.59,0.0,2,1
2011-03-24,EIRE,415.45,0.0,1,1
2011-03-24,Germany,0.0,45.15,3,2
2011-03-24,Portugal,27.0,0.0,1,1
2011-03-24,Spain,1140.76,0.0,1,1
2011-03-24,Sweden,197.9,0.0,1,1
2011-03-24,United Kingdom,33591.84,89.89,85,61
2011-03-25,EIRE,750.37,0.0,1,1
2011-03-25,France,357.91,0.0,1,1
2011-03-25,Germany,2651.34,6.2,4,4
2011-03-25,Netherlands,1563.51,0.0,2,2
2011-03-25,Spain,628.15,0.0,1,1
2011-03-25,Switzerland,490.78000000000003,0.0,1,1
2011-03-25,United Kingdom,24920.5,591.58,57,41
2011-03-27,EIRE,0.0,24.79,1,1
2011-03-27,France,164.05,0.0,1,1
2011-03-27,Germany,0.0,3.75,1,1
2011-03-27,United Kingdom,9042.67,232.82999999999998,43,40
2011-03-28,EIRE,539.0,0.0,1,1
2011-03-28,France,1136.3,0.0,1,1
2011-03-28,Germany,1089.54,2.07,4,3
2011-03-28,Italy,325.5,18.0,3,1
2011-03-28,Portugal,400.53999999999996,0.0,1,1
2011-03-28,Spain,817.5,0.0,1,1
2011-03-28,United Kingdom,18824.85,3949.62,74,45
2011-03-29,EIRE,523.15,0.0,1,0
2011-03-29,Netherlands,18247.5,0.0,2,1
2011-03-29,United Kingdom,51941.27,180.45,92,50
2011-03-30,Finland,558.4,0.0,1,1
2011-03-30,Germany,418.7,54.65,2,2
2011-03-30,Netherlands,1807.04,0.0,1,1
2011-03-30,Switzerland,940.17,0.0,1,1
2011-03-30,United Kingdom,28097.4,341.38,113,70
2011-03-31,EIRE,168.4,0.0,1,1
2011-03-31,France,5593.59,0.0,3,2
2011-03-31,Germany,316.98,0.0,2,2
2011-03-31,Portugal,415.52000000000004,0.0,1,1
2011-03-31,United Kingdom,27773.91,3301.22,87,65
2011-04-01,Australia,350.0,0.0,1,1
2011-04-01,Czech Republic,0.0,57.51,1,1
2011-04-01,EIRE,1407.19,0.0,1,1
2011-04-01,France,390.75,7.95,3,3
2011-04-01,Germany,348.68,0.0,1,1
2011-04-01,Israel,110.0,0.0,1,0
2011-04-01,United Kingdom,22959.02,1210.27,99,61
2011-04-03,United Kingdom,6897.18,65.05000000000001,22,18
2011-04-04,Australia,0.0,13.2,1,1
2011-04-04,EIRE,2448.1200000000003,0.0,2,2
2011-04-04,France,719.55,0.0,2,2
2011-04-04,Germany,674.29,0.0,2,1
2011-04-04,Japan,0.0,1591.1999999999998,1,1
2011-04-04,Singapore,6090.84,6090.84,4,1
2011-04-04,United Kingdom,23301.68,485.98,69,49
2011-04-05,Finland,367.0,0.0,1,1
2011-04-05,France,1136.3,1136.3,2,1
2011-04-05,Germany,0.0,56.349999999999994,2,2
2011-04-05,Japan,3599.38,0.0,1,1
2011-04-05,Netherlands,2284.2,0.0,2,1
2011-04-05,Poland,705.84,0.0,1,1
2011-04-05,Singapore,2118.74,0.0,1,1
2011-04-05,United Kingdom,19841.36,598.29,86,46
2011-04-06,EIRE,955.99,0.0,1,1
2011-04-06,Germany,0.0,5.46,1,1
2011-04-06,United Kingdom,16382.37,77.55,87,40
2011-04-07,Belgium,255.36,14.48,2,2
2011-04-07,EIRE,583.41,0.0,2,1
2011-04-07,Finland,0.0,62.11,1,1
2011-04-07,France,366.2,0.0,1,1
2011-04-07,Germany,415.7,0.0,1,1
2011-04-07,Iceland,636.25,0.0,1,1
2011-04-07,Italy,482.78999999999996,0.0,1,1
2011-04-07,United Kingdom,15725.73,207.3,72,57
2011-04-08,Australia,421.6,0.0,1,1
2011-04-08,Belgium,0.0,14.850000000000001,1,1
2011-04-08,Germany,1672.01,5.41,3,3
2011-04-08,Greece,609.74,0.0,1,1
2011-04-08,Portugal,481.46000000000004,0.0,1,1
2011-04-08,United Kingdom,22055.78,1976.2399999999998,129,65
2011-04-10,Belgium,476.49,0.0,1,1
2011-04-10,United Kingdom,9403.26,550.1,36,31
2011-04-11,EIRE,998.53,0.0,2,1
2011-04-11,Finland,373.72,0.0,1,1
2011-04-11,France,0.0,38.25,1,1
2011-04-11,Germany,630.3199999999999,0.0,2,2
2011-04-11,Spain,269.95,0.0,1,1
2011-04-11,Switzerland,0.0,29.849999999999998,1,1
2011-04-11,United Kingdom,19774.31,174.85999999999999,65,52
2011-04-11,Unspecified,299.1,0.0,1,1
2011-04-12,Belgium,350.57,6.0,2,1
2011-04-12,Hong Kong,1539.64,0.0,1,0
2011-04-12,United Kingdom,23644.73,440.05,78,62
2011-04-13,Channel Islands,293.0,0.0,1,1
2011-04-13,Cyprus,0.0,35.8,1,1
2011-04-13,Portugal,1206.29,0.0,1,1
2011-04-13,United Kingdom,22950.98,550.42,76,61
2011-04-14,France,669.2,54.0,2,1
2011-04-14,Germany,3440.31,1.25,7,6
2011-04-14,Switzerland,669.25,0.0,1,1
2011-04-14,United Kingdom,31305.34,752.39,99,82
2011-04-15,Belgium,142.16,0.0,1,1
2011-04-15,Brazil,1143.6,0.0,1,1
2011-04-15,Finland,306.2,0.0,1,1
2011-04-15,Sweden,486.1,0.0,1,1
2011-04-15,Switzerland,219.0,0.0,1,1
2011-04-15,United Kingdom,26014.761,6.99,52,35
2011-04-17,EIRE,446.74,0.0,1,1
2011-04-17,France,630.22,0.0,2,2
2011-04-17,United Kingdom,11553.38,21.2,41,36
2011-04-18,Belgium,269.66,0.0,1,1
2011-04-18,France,0.0,86.0,1,1
2011-04-18,Germany,222.75,222.75,2,1
2011-04-18,Japan,2949.12,0.0,1,1
2011-04-18,United Kingdom,52542.46,23531.82,91,63
2011-04-19,EIRE,367.62,0.0,1,1
2011-04-19,Germany,2614.6,23.700000000000003,4,4
2011-04-19,Italy,255.04000000000002,0.0,1,1
2011-04-19,USA,383.95,0.0,1,1
2011-04-19,United Kingdom,20675.64,477.35,68,57
2011-04-20,France,541.2,0.0,1,1
2011-04-20,Germany,417.6,0.0,1,1
2011-04-20,Switzerland,179.0,224.9,3,1
2011-04-20,United Kingdom,27529.52,206.18,84,64
2011-04-21,Finland,642.0,0.0,1,1
2011-04-21,France,706.55,0.0,2,2
2011-04-21,Germany,382.6,0.0,2,2
2011-04-21,Spain,1079.4,0.0,1,1
2011-04-21,Switzerland,1009.69,0.0,1,1
2011-04-21,United Kingdom,28761.96,1417.03,105,62
2011-04-26,Austria,680.78,0.0,2,2
2011-04-26,European Community,191.4,0.0,1,1
2011-04-26,France,160.54,0.0,1,1
2011-04-26,Germany,0.0,37.25,1,1
2011-04-26,Japan,0.0,85.47,1,1
2011-04-26,United Kingdom,29967.16,339.17,80,56
2011-04-27,EIRE,362.9,0.0,1,1
2011-04-27,France,0.0,11.9,1,1
2011-04-27,Germany,1209.8,0.0,1,1
2011-04-27,Sweden,323.0,0.0,1,1
2011-04-27,United Kingdom,24020.45,339.98,88,60
2011-04-28,Australia,0.0,425.0,1,1
2011-04-28,Belgium,495.24,0.0,1,1
2011-04-28,France,209.10000000000002,0.0,1,1
2011-04-28,Germany,286.88,0.0,1,1
2011-04-28,Netherlands,692.36,0.0,1,1
2011-04-28,Spain,436.3,0.0,1,1
2011-04-28,United Kingdom,20370.56,834.6500000000001,95,54
2011-05-01,Germany,1094.33,0.0,1,1
2011-05-01,United Kingdom,5863.78,9.0,20,17
2011-05-03,EIRE,1164.21,0.0,2,1
2011-05-03,France,1823.34,0.0,6,3
2011-05-03,Germany,0.0,13.100000000000001,1,1
2011-05-03,Sweden,0.0,8.5,1,1
2011-05-03,Switzerland,0.0,42.8,1,1
2011-05-03,United Kingdom,32208.66,15547.15,115,55
2011-05-04,Canada,534.24,0.0,1,1
2011-05-04,Germany,822.74,0.0,4,3
2011-05-04,Spain,1380.11,0.0,1,1
2011-05-04,Sweden,0.0,8.5,1,1
2011-05-04,United Kingdom,24784.87,73.35,70,56
2011-05-05,Belgium,149.97,0.0,1,1
2011-05-05,EIRE,361.82,9.95,2,1
2011-05-05,France,236.0,0.0,1,1
2011-05-05,Germany,440.38,0.0,2,2
2011-05-05,Poland,154.8,0.0,1,1
2011-05-05,Switzerland,2388.31,0.0,1,1
2011-05-05,United Kingdom,25402.13,413.69,102,86
2011-05-06,Austria,165.85,0.0,1,1
2011-05-06,Belgium,381.08,0.0,1,1
2011-05-06,EIRE,3869.1800000000003,0.0,1,1
2011-05-06,Germany,246.07999999999998,5.1,2,2
2011-05-06,Spain,522.6,0.0,1,1
2011-05-06,United Kingdom,30938.19,406.67,107,63
2011-05-08,EIRE,862.53,0.0,1,1
2011-05-08,France,1092.43,36.0,2,1
2011-05-08,United Kingdom,16777.02,22.48,64,56
2011-05-09,Bahrain,459.4,0.0,1,1
2011-05-09,France,554.9,17.0,3,3
2011-05-09,Germany,667.11,42.63,2,2
2011-05-09,Switzerland,315.3,0.0,1,1
2011-05-09,United Kingdom,25886.75,1779.65,77,56
2011-05-10,Belgium,480.90000000000003,0.0,1,1
2011-05-10,EIRE,810.45,0.0,3,0
2011-05-10,France,489.09999999999997,0.0,1,1
2011-05-10,Germany,797.05,0.0,2,2
2011-05-10,United Kingdom,44326.35,2255.86,108,69
2011-05-10,Unspecified,852.68,0.0,1,1
2011-05-11,Denmark,515.7,0.0,1,1
2011-05-11,France,3010.33,0.0,2,2
2011-05-11,Germany,375.0,5.95,2,2
2011-05-11,Netherlands,824.4,0.0,2,1
2011-05-11,Sweden,8.5,0.0,1,1
2011-05-11,United Kingdom,28913.92,440.94,89,59
2011-05-12,Australia,475.16,0.0,1,1
2011-05-12,Belgium,181.82,0.0,1,1
2011-05-12,France,296.53000000000003,0.0,1,1
2011-05-12,Germany,12165.25,0.0,6,4
2011-05-12,Netherlands,16478.46,0.0,3,1
2011-05-12,Portugal,1160.55,557.72,3,1
2011-05-12,Sweden,2557.88,0.0,1,1
2011-05-12,United Kingdom,28513.62,1433.4,90,74
2011-05-13,France,1000.51,0.0,3,3
2011-05-13,Germany,881.1999999999999,0.0,2,1
2011-05-13,Hong Kong,1966.16,0.0,1,0
2011-05-13,Japan,1351.45,0.0,1,1
2011-05-13,United Kingdom,25480.52,5.88,70,47
2011-05-15,EIRE,603.78,0.0,1,1
2011-05-15,France,151.4,0.0,1,1
2011-05-15,United Kingdom,9156.2,0.0,29,27
2011-05-16,EIRE,4615.36,0.0,4,3
2011-05-16,France,756.62,0.0,3,3
2011-05-16,United Kingdom,34279.3,14371.51,80,48
2011-05-17,Australia,11924.800000000001,0.0,1,1
2011-05-17,Belgium,297.38,0.0,1,1
2011-05-17,Channel Islands,293.0,293.0,2,1
2011-05-17,EIRE,1216.12,51.36,3,1
2011-05-17,France,793.62,0.0,1,1
2011-05-17,Germany,760.28,18.0,2,2
2011-05-17,United Kingdom,39821.79,1185.8,111,74
2011-05-18,EIRE,1414.36,0.0,1,1
2011-05-18,France,869.53,0.0,3,3
2011-05-18,Netherlands,732.4,0.0,1,1
2011-05-18,Sweden,115.60000000000001,0.0,1,1
2011-05-18,United Kingdom,31244.37,146.15,83,60
2011-05-19,Bahrain,89.0,0.0,1,1
2011-05-19,Channel Islands,914.24,0.0,1,1
2011-05-19,EIRE,1203.8,0.0,2,1
2011-05-19,France,914.51,0.0,2,2
2011-05-19,Germany,2064.62,21.9,7,6
2011-05-19,United Kingdom,30178.35,1228.7,110,85
2011-05-19,Unspecified,203.19,0.0,1,0
2011-05-20,Australia,766.3599999999999,0.0,1,1
2011-05-20,EIRE,380.32,0.0,1,1
2011-05-20,France,1118.3999999999999,17.85,2,2
2011-05-20,Germany,0.0,29.9,1,1
2011-05-20,Netherlands,294.72,0.0,1,1
2011-05-20,United Kingdom,24020.15,413.9,84,65
2011-05-22,France,910.71,0.0,2,2
2011-05-22,Germany,1703.81,0.0,2,2
2011-05-22,United Kingdom,21487.48,25.720000000000002,58,53
2011-05-23,Australia,472.09,0.0,1,1
2011-05-23,Austria,1083.58,0.0,1,1
2011-05-23,Belgium,514.8199999999999,0.0,3,2
2011-05-23,EIRE,1007.75,0.0,1,1
2011-05-23,France,421.96,0.0,1,1
2011-05-23,Germany,1021.65,35.77,6,4
2011-05-23,Portugal,3041.6800000000003,3056.6800000000003,7,1
2011-05-23,United Kingdom,27047.11,853.6,102,63
2011-05-24,Belgium,0.0,5.4,1,1
2011-05-24,EIRE,0.0,20.3,1,1
2011-05-24,France,393.34,0.0,1,1
2011-05-24,Germany,293.25,0.0,1,1
2011-05-24,United Kingdom,36971.8,605.43,97,72
2011-05-25,Channel Islands,0.0,10.45,1,1
2011-05-25,France,1280.82,0.0,3,3
2011-05-25,Netherlands,1392.0,0.0,1,1
2011-05-25,Poland,1367.57,0.0,2,2
2011-05-25,United Kingdom,20353.51,245.39,84,53
2011-05-26,EIRE,494.04,5.8,4,1
2011-05-26,France,630.5,0.0,2,2
2011-05-26,Germany,1027.53,0.0,5,3
2011-05-26,Netherlands,8980.88,0.0,1,1
2011-05-26,Spain,48.4,0.0,1,1
2011-05-26,United Kingdom,22315.68,282.64,65,50
2011-05-27,Belgium,726.4300000000001,0.0,1,1
2011-05-27,France,403.09000000000003,0.0,1,1
2011-05-27,Germany,716.73,0.0,1,1
2011-05-27,United Kingdom,26541.68,209.84,82,60
2011-05-29,Germany,582.73,0.0,1,1
2011-05-29,United Kingdom,6756.21,186.0,24,19
2011-05-31,Australia,0.0,9.899999999999999,1,1
2011-05-31,France,458.84,16.95,2,2
2011-05-31,Germany,74.96,7.5,2,2
2011-05-31,Italy,587.45,0.0,1,1
2011-05-31,Netherlands,483.02000000000004,0.0,2,2
2011-05-31,Spain,1306.49,0.0,1,1
2011-05-31,Switzerland,906.4,0.0,1,1
2011-05-31,United Kingdom,18835.45,711.75,52,43
2011-06-01,Belgium,84.92,0.0,1,1
2011-06-01,EIRE,0.0,7.5,1,1
2011-06-01,Germany,661.6899999999999,58.4,3,2
2011-06-01,Netherlands,5422.8,0.0,2,1
2011-06-01,Poland,0.0,53.91,1,1
2011-06-01,United Kingdom,14415.78,284.68,57,49
2011-06-02,Australia,0.0,23.0,1,1
2011-06-02,Germany,1974.96,21.33,4,4
2011-06-02,Sweden,121.55,0.0,1,1
2011-06-02,United Kingdom,30703.98,279.8,80,48
2011-06-03,Cyprus,1109.32,0.0,1,1
2011-06-03,Germany,68.1,0.0,1,1
2011-06-03,Netherlands,419.8,0.0,1,1
2011-06-03,Poland,25.0,25.0,2,1
2011-06-03,Spain,264.40000000000003,0.0,1,1
2011-06-03,United Kingdom,15008.48,137.25,47,35
2011-06-05,Belgium,1296.1200000000001,0.0,2,2
2011-06-05,European Community,387.05,0.0,1,1
2011-06-05,France,3442.5099999999998,0.0,3,3
2011-06-05,Germany,1002.63,0.0,2,2
2011-06-05,United Kingdom,19295.45,119.19000000000001,62,54
2011-06-06,EIRE,958.12,0.0,1,1
2011-06-06,European Community,45.0,0.0,1,1
2011-06-06,France,371.45,0.0,1,1
2011-06-06,Germany,512.8,23.35,2,2
2011-06-06,Netherlands,427.58,0.0,1,1
2011-06-06,Spain,357.99,0.0,1,1
2011-06-06,United Kingdom,15094.18,957.33,66,59
2011-06-07,Belgium,607.5500000000001,0.0,1,1
2011-06-07,EIRE,254.31,0.0,1,1
2011-06-07,Germany,0.0,40.46,1,1
2011-06-07,Italy,159.11,0.0,1,1
2011-06-07,Portugal,243.2,0.0,1,1
2011-06-07,United Kingdom,36593.14,272.96,93,78
2011-06-08,Belgium,99.45,0.0,1,1
2011-06-08,EIRE,3351.32,0.0,2,1
2011-06-08,France,1598.08,286.34000000000003,5,3
2011-06-08,Malta,833.16,0.0,1,1
2011-06-08,Portugal,151.95000000000002,0.0,1,1
2011-06-08,Switzerland,612.68,0.0,1,1
2011-06-08,United Kingdom,36547.79,37.08,102,67
2011-06-09,Belgium,130.08,0.0,1,1
2011-06-09,Denmark,1621.25,0.0,1,1
2011-06-09,EIRE,984.27,0.0,2,1
2011-06-09,France,1030.59,0.0,2,2
2011-06-09,Germany,475.14,0.0,2,2
2011-06-09,Iceland,382.52,0.0,1,1
2011-06-09,Italy,42.96,0.0,1,1
2011-06-09,Netherlands,84.0,15.0,2,2
2011-06-09,Spain,912.66,0.0,1,1
2011-06-09,Sweden,319.95,0.0,1,1
2011-06-09,United Kingdom,40358.1,858.35,96,75
2011-06-10,European Community,0.0,8.5,1,1
2011-06-10,France,480.0,0.0,1,1
2011-06-10,Germany,627.4,0.0,1,1
2011-06-10,Switzerland,6207.08,0.0,1,1
2011-06-10,United Kingdom,54919.96,39685.28,88,47
2011-06-12,France,360.18,0.0,1,1
2011-06-12,Germany,583.2,0.0,1,1
2011-06-12,United Kingdom,11498.56,33.199999999999996,38,36
2011-06-13,EIRE,821.32,0.0,1,1
2011-06-13,France,2399.62,0.0,3,3
2011-06-13,Germany,2557.64,0.0,3,3
2011-06-13,Switzerland,0.0,21.95,1,1
2011-06-13,United Kingdom,16656.18,2062.33,79,64
2011-06-14,Austria,0.0,24.2,1,1
2011-06-14,United Kingdom,40447.53,237.88,65,44
2011-06-15,Australia,23426.81,0.0,2,1
2011-06-15,EIRE,4483.58,0.0,2,1
2011-06-15,France,1856.11,0.0,5,3
2011-06-15,Portugal,489.31,0.0,1,1
2011-06-15,United Kingdom,18718.82,2958.81,80,42
2011-06-16,EIRE,1012.86,0.0,1,1
2011-06-16,France,510.27,0.0,1,1
2011-06-16,Germany,683.35,4.2,3,2
2011-06-16,Malta,0.0,12.75,1,1
2011-06-16,Poland,318.65000000000003,0.0,1,1
2011-06-16,Spain,1137.99,0.0,1,1
2011-06-16,United Kingdom,30865.89,436.0,99,75
2011-06-17,Belgium,992.02,0.0,2,2
2011-06-17,Channel Islands,2060.0299999999997,0.0,1,1
2011-06-17,EIRE,626.13,0.0,1,1
2011-06-17,France,1359.58,40.2,2,2
2011-06-17,United Kingdom,16032.710000000001,235.25,56,33
2011-06-19,EIRE,303.3,0.0,1,1
2011-06-19,France,125.46000000000001,0.0,1,1
2011-06-19,Netherlands,5683.0599999999995,0.0,1,1
2011-06-19,Spain,564.97,0.77,4,3
2011-06-19,United Kingdom,15744.69,81.4,57,51
2011-06-20,Canada,1171.46,0.0,1,1
2011-06-20,Denmark,1125.4,0.0,1,1
2011-06-20,EIRE,3133.12,3133.12,3,0
2011-06-20,France,734.5600000000001,0.0,2,2
2011-06-20,Germany,1965.74,45.34,3,3
2011-06-20,Netherlands,154.67000000000002,0.0,1,1
2011-06-20,Norway,3316.66,0.0,2,1
2011-06-20,United Kingdom,25701.85,843.12,88,54
2011-06-20,Unspecified,185.78,0.0,1,1
2011-06-21,EIRE,147.39999999999998,1084.84,3,1
2011-06-21,France,257.3,0.0,1,1
2011-06-21,Germany,427.76,0.0,1,1
2011-06-21,Netherlands,637.72,0.0,1,1
2011-06-21,Norway,1870.2,0.0,1,1
2011-06-21,United Kingdom,21412.49,939.5200000000001,78,58
2011-06-22,Belgium,459.84,0.0,1,1
2011-06-22,EIRE,1019.1999999999999,0.0,2,2
2011-06-22,France,852.44,0.0,2,2
2011-06-22,Hong Kong,633.96,0.0,1,0
2011-06-22,Japan,1607.04,0.0,1,1
2011-06-22,Malta,30.0,0.0,1,1
2011-06-22,Norway,700.0,0.0,1,1
2011-06-22,United Kingdom,16496.84,31.05,59,49
2011-06-23,Belgium,440.94,0.0,1,1
2011-06-23,Denmark,514.5,0.0,1,1
2011-06-23,EIRE,372.3,5.7,4,1
2011-06-23,Finland,329.56,0.0,1,1
2011-06-23,Germany,276.93,0.0,1,1
2011-06-23,Sweden,390.5,0.0,1,1
2011-06-23,United Kingdom,22830.9,963.81,81,68
2011-06-24,EIRE,2084.71,542.2,5,1
2011-06-24,France,634.74,0.0,1,1
2011-06-24,Germany,185.64000000000001,0.0,1,1
2011-06-24,Portugal,0.0,4.95,1,1
2011-06-24,Switzerland,417.36,0.0,1,1
2011-06-24,United Kingdom,16193.84,10354.93,54,40
2011-06-26,Germany,44.25,0.0,1,1
2011-06-26,Spain,95.19999999999999,0.0,1,1
2011-06-26,Switzerland,667.03,0.0,1,1
2011-06-26,United Kingdom,6225.88,907.3199999999999,33,27
2011-06-27,EIRE,816.32,0.0,2,1
2011-06-27,France,201.24,0.0,1,1
2011-06-27,United Kingdom,15967.75,191.9,58,40
2011-06-28,France,134.28,0.0,1,1
2011-06-28,Netherlands,14028.46,0.0,3,1
2011-06-28,United Kingdom,21383.09,902.68,80,46
2011-06-29,Belgium,0.0,1.65,1,1
2011-06-29,EIRE,3738.9900000000002,0.0,3,2
2011-06-29,Italy,0.0,39.8,1,1
2011-06-29,United Kingdom,18348.48,271.44,62,40
2011-06-30,Australia,1760.96,0.0,2,1
2011-06-30,Belgium,163.9,0.0,1,1
2011-06-30,EIRE,756.36,0.0,1,1
2011-06-30,France,0.0,30.0,1,1
2011-06-30,Germany,1199.12,0.0,3,3
2011-06-30,United Kingdom,40883.17,932.7599999999999,72,52
2011-07-01,EIRE,1794.18,0.0,3,3
2011-07-01,France,451.86,0.0,2,2
2011-07-01,Germany,71.4,34.129999999999995,2,2
2011-07-01,Switzerland,360.8,0.0,1,1
2011-07-01,United Kingdom,10953.97,469.11,62,33
2011-07-03,United Kingdom,5972.7300000000005,55.25,27,24
2011-07-04,EIRE,1170.8,0.0,3,0
2011-07-04,France,474.36,0.0,1,1
2011-07-04,Germany,1418.1000000000001,389.68,4,3
2011-07-04,Spain,4146.34,0.0,1,1
2011-07-04,United Kingdom,37399.43,108.4,55,35
2011-07-05,EIRE,205.6,0.0,1,1
2011-07-05,Finland,632.44,0.0,1,1
2011-07-05,France,662.35,17.9,2,2
2011-07-05,United Kingdom,39254.29,405.56,84,63
2011-07-06,Belgium,719.06,0.0,1,1
2011-07-06,France,1056.6200000000001,0.0,1,1
2011-07-06,Spain,230.5,0.0,2,2
2011-07-06,Sweden,2825.1,0.0,1,1
2011-07-06,United Kingdom,21530.0,107.96,72,60
2011-07-07,Belgium,303.76,1.95,2,2
2011-07-07,Germany,1224.86,41.57,5,4
2011-07-07,Spain,463.37,46.75,3,2
2011-07-07,United Kingdom,30420.44,997.72,83,71
2011-07-08,EIRE,0.0,12.75,1,1
2011-07-08,France,1193.25,0.0,3,3
2011-07-08,Germany,1001.69,0.0,2,2
2011-07-08,Switzerland,626.88,0.0,1,1
2011-07-08,United Kingdom,23608.6,229.27,85,45
2011-07-08,Unspecified,626.93,0.0,1,0
2011-07-10,United Kingdom,5959.54,301.8,29,20
2011-07-11,Canada,1217.6399999999999,0.0,1,1
2011-07-11,France,611.08,0.0,2,2
2011-07-11,Greece,421.24,50.0,2,1
2011-07-11,Spain,308.75,0.0,1,1
2011-07-11,United Kingdom,19970.95,125.49,62,44
2011-07-12,Austria,484.86,0.0,1,1
2011-07-12,France,1223.85,0.0,4,3
2011-07-12,Germany,558.96,0.0,3,2
2011-07-12,United Kingdom,23985.18,370.51,58,46
2011-07-13,Australia,2796.36,0.0,2,1
2011-07-13,Belgium,45.599999999999994,0.0,1,1
2011-07-13,France,915.46,0.0,1,1
2011-07-13,Germany,281.71,0.0,1,1
2011-07-13,Poland,239.2,0.0,1,1
2011-07-13,Portugal,1452.2,0.0,2,2
2011-07-13,United Kingdom,16890.08,11029.89,58,46
2011-07-14,Australia,902.09,0.0,1,1
2011-07-14,EIRE,1802.07,5.9,3,2
2011-07-14,Finland,1710.39,0.0,1,1
2011-07-14,Germany,1563.28,12.450000000000001,3,3
2011-07-14,Israel,1430.75,0.0,1,1
2011-07-14,United Kingdom,25899.63,1007.82,81,61
2011-07-14,Unspecified,252.05,0.0,1,1
2011-07-15,Canada,550.94,0.0,1,1
2011-07-15,Germany,1337.1100000000001,0.0,2,2
2011-07-15,Poland,448.1,0.0,1,1
2011-07-15,Switzerland,0.0,102.0,1,1
2011-07-15,United Kingdom,12457.68,255.5,57,36
2011-07-17,France,150.1,0.0,1,1
2011-07-17,Germany,345.23,0.0,1,1
2011-07-17,Switzerland,228.10999999999999,0.0,1,0
2011-07-17,United Kingdom,16430.82,19.9,50,43
2011-07-18,EIRE,1077.53,0.0,2,1
2011-07-18,France,1866.08,0.0,2,2
2011-07-18,Singapore,3949.32,0.0,1,1
2011-07-18,United Kingdom,31921.95,10388.34,102,52
2011-07-19,Australia,641.6700000000001,158.65,3,2
2011-07-19,EIRE,13584.64,18.25,5,2
2011-07-19,Finland,653.9,0.0,1,1
2011-07-19,France,99.6,0.0,1,1
2011-07-19,Germany,2447.9,9.4,7,6
2011-07-19,United Kingdom,32739.05,679.75,71,59
2011-07-20,Germany,947.97,0.0,2,2
2011-07-20,Netherlands,26.02,0.0,1,1
2011-07-20,Portugal,835.65,0.0,1,1
2011-07-20,Spain,301.52,0.0,1,1
2011-07-20,United Kingdom,31141.17,6002.83,70,46
2011-07-21,EIRE,1338.29,0.0,3,1
2011-07-21,European Community,676.8000000000001,0.0,1,1
2011-07-21,France,0.0,46.65,1,1
2011-07-21,Germany,1905.63,0.0,2,2
2011-07-21,United Kingdom,28775.05,1812.87,99,69
2011-07-22,Germany,768.02,0.0,1,1
2011-07-22,Norway,890.0699999999999,0.0,1,1
2011-07-22,United Kingdom,18461.88,109.63,56,40
2011-07-24,Australia,505.46,0.0,1,1
2011-07-24,France,412.93,0.0,1,1
2011-07-24,Germany,612.1,0.0,1,1
2011-07-24,Japan,174.0,0.0,1,1
2011-07-24,United Kingdom,25375.97,623.26,59,51
2011-07-25,Denmark,376.24,0.0,1,1
2011-07-25,Germany,1131.18,0.0,2,2
2011-07-25,Poland,0.0,8.850000000000001,1,1
2011-07-25,Spain,1358.39,0.0,1,1
2011-07-25,Switzerland,856.0,120.0,2,1
2011-07-25,United Kingdom,23154.58,70.65,63,47
2011-07-26,Australia,118.8,38.160000000000004,2,1
2011-07-26,EIRE,396.77000000000004,12.3,2,1
2011-07-26,Germany,0.0,147.9,2,2
2011-07-26,Italy,147.1,0.0,1,1
2011-07-26,Switzerland,593.74,0.0,1,1
2011-07-26,United Kingdom,20379.151,174.6,81,51
2011-07-27,Belgium,1214.81,0.0,1,1
2011-07-27,EIRE,764.51,0.0,2,1
2011-07-27,France,204.75,0.0,1,1
2011-07-27,Germany,440.7,0.0,1,1
2011-07-27,Japan,3680.4,0.0,1,1
2011-07-27,United Kingdom,19288.57,34.480000000000004,80,35
2011-07-28,Austria,707.09,0.0,1,1
2011-07-28,Belgium,192.34,0.0,1,1
2011-07-28,EIRE,5406.15,0.0,3,1
2011-07-28,France,0.0,46.65,1,1
2011-07-28,Germany,385.14,0.0,1,1
2011-07-28,Spain,811.9,0.0,1,1
2011-07-28,United Kingdom,48200.57,516.21,115,83
2011-07-28,Unspecified,540.13,0.0,2,1
2011-07-29,EIRE,677.94,0.0,1,1
2011-07-29,France,677.9,0.0,1,1
2011-07-29,Germany,0.0,84.19,1,1
2011-07-29,United Kingdom,17360.7,612.0,67,57
2011-07-31,EIRE,14520.369999999999,0.0,2,2
2011-07-31,Sweden,3976.9900000000002,0.0,2,2
2011-07-31,Switzerland,1325.23,0.0,1,1
2011-07-31,United Kingdom,13387.09,4.25,38,32
2011-08-01,Channel Islands,759.56,0.0,1,1
2011-08-01,Germany,1089.18,0.0,1,1
2011-08-01,United Kingdom,19509.9,26.08,49,36
2011-08-02,Belgium,777.95,0.0,1,1
2011-08-02,France,85.8,0.0,1,1
2011-08-02,Germany,1135.27,0.0,3,3
2011-08-02,Iceland,584.91,0.0,1,1
2011-08-02,Switzerland,4008.62,39.0,3,3
2011-08-02,United Kingdom,19983.0,11594.33,52,44
2011-08-03,France,1202.22,0.0,1,1
2011-08-03,Germany,221.04,0.0,1,1
2011-08-03,Poland,275.88,0.0,1,1
2011-08-03,Portugal,0.0,15.0,1,1
2011-08-03,Switzerland,0.0,16.6,1,1
2011-08-03,United Kingdom,26369.06,1006.52,79,65
2011-08-04,Belgium,355.56,0.0,1,1
2011-08-04,EIRE,4345.1,4345.1,2,1
2011-08-04,Finland,360.81,0.0,1,1
2011-08-04,France,511.03,0.0,1,1
2011-08-04,Germany,1287.98,38.050000000000004,3,3
2011-08-04,Italy,12.75,44.6,3,1
2011-08-04,Spain,867.4300000000001,0.0,2,2
2011-08-04,Sweden,612.0,0.0,1,1
2011-08-04,United Kingdom,57144.13,45.81,85,69
2011-08-05,EIRE,1563.18,0.0,1,1
2011-08-05,France,830.3000000000001,0.0,2,2
2011-08-05,Germany,1079.55,13.45,3,3
2011-08-05,Italy,946.75,0.0,1,1
2011-08-05,United Kingdom,16997.35,226.83,59,44
2011-08-07,Germany,107.4,0.0,1,1
2011-08-07,United Kingdom,7436.46,111.83999999999999,32,27
2011-08-08,Austria,981.38,0.0,1,1
2011-08-08,EIRE,829.96,9.9,2,1
2011-08-08,Germany,416.65,0.0,1,1
2011-08-08,Sweden,249.10000000000002,0.0,2,2
2011-08-08,United Kingdom,20885.92,3380.6,51,44
2011-08-09,Denmark,0.0,134.54999999999998,1,1
2011-08-09,Germany,102.98,0.0,1,1
2011-08-09,Netherlands,12498.71,0.0,2,1
2011-08-09,United Kingdom,15070.55,921.69,56,48
2011-08-10,Denmark,213.15,0.0,1,1
2011-08-10,EIRE,1253.05,1121.18,2,1
2011-08-10,France,248.35,0.0,1,1
2011-08-10,Italy,721.95,0.0,1,1
2011-08-10,Norway,757.0699999999999,0.0,1,1
2011-08-10,Switzerland,292.69,0.0,1,1
2011-08-10,United Kingdom,25293.79,196.94,55,45
2011-08-11,Belgium,469.25,0.0,1,1
2011-08-11,EIRE,1672.4,0.0,2,1
2011-08-11,Finland,605.14,0.0,1,1
2011-08-11,Germany,0.0,9.95,1,1
2011-08-11,Italy,0.0,11.55,1,1
2011-08-11,Netherlands,19150.66,0.0,1,1
2011-08-11,United Kingdom,50475.44,279.5,78,65
2011-08-12,Australia,608.76,0.0,1,1
2011-08-12,Belgium,209.62,0.0,1,1
2011-08-12,EIRE,2165.63,0.0,2,1
2011-08-12,France,412.88,21.7,2,2
2011-08-12,Germany,0.0,36.050000000000004,1,1
2011-08-12,Netherlands,825.6,0.0,1,1
2011-08-12,Norway,1268.74,0.0,1,1
2011-08-12,United Kingdom,4616.000000000001,0.0,52,34
2011-08-14,EIRE,0.0,434.51,1,1
2011-08-14,France,46.65,0.0,1,1
2011-08-14,Switzerland,0.0,4.95,1,1
2011-08-14,United Kingdom,5655.22,128.93,34,28
2011-08-15,EIRE,467.42,0.0,1,1
2011-08-15,France,1161.07,0.0,1,1
2011-08-15,Germany,378.12,0.0,1,1
2011-08-15,Malta,905.5,0.0,1,1
2011-08-15,Portugal,1221.4,0.0,1,1
2011-08-15,United Kingdom,13102.44,38.43,49,43
2011-08-16,EIRE,0.0,63.94,1,1
2011-08-16,Germany,115.30000000000001,0.0,1,1
2011-08-16,Spain,200.24,0.0,2,1
2011-08-16,Sweden,185.9,0.0,1,1
2011-08-16,United Kingdom,18733.09,72.01,58,44
2011-08-17,EIRE,2198.04,0.0,3,1
2011-08-17,France,580.08,0.0,1,1
2011-08-17,Germany,748.06,0.0,2,2
2011-08-17,Spain,231.76,0.0,1,1
2011-08-17,Sweden,0.0,9.899999999999999,1,1
2011-08-17,United Kingdom,49526.82,4097.84,56,41
2011-08-18,Australia,21880.44,0.0,1,1
2011-08-18,Channel Islands,0.0,4.25,1,1
2011-08-18,EIRE,131.85,81.92,2,1
2011-08-18,France,764.79,0.0,2,2
2011-08-18,Israel,4873.81,0.0,1,1
2011-08-18,Netherlands,0.0,206.4,1,1
2011-08-18,United Kingdom,26408.21,588.6899999999999,92,76
2011-08-19,Austria,534.7,0.0,1,1
2011-08-19,Belgium,789.87,17.9,3,3
2011-08-19,EIRE,989.49,0.0,1,1
2011-08-19,France,612.29,0.0,1,1
2011-08-19,Germany,882.63,5.0,4,4
2011-08-19,Switzerland,668.58,0.0,1,1
2011-08-19,United Kingdom,12858.51,78.15,50,48
2011-08-21,Channel Islands,1432.0,0.0,1,1
2011-08-21,EIRE,458.90000000000003,0.0,1,1
2011-08-21,France,528.77,0.0,2,2
2011-08-21,Germany,324.83,0.0,1,1
2011-08-21,Spain,13.25,16.5,2,1
2011-08-21,United Kingdom,11662.52,11.15,35,31
2011-08-22,Germany,2269.37,0.0,3,3
2011-08-22,Malta,213.5,0.0,1,1
2011-08-22,United Kingdom,26631.64,1673.05,62,54
2011-08-22,Unspecified,531.03,0.0,2,2
2011-08-23,Channel Islands,2695.32,0.0,3,2
2011-08-23,EIRE,817.02,7.5,3,1
2011-08-23,Finland,0.0,4.95,1,1
2011-08-23,France,947.36,0.0,2,2
2011-08-23,Germany,487.17,44.0,4,4
2011-08-23,Hong Kong,2813.9500000000003,0.0,2,0
2011-08-23,Japan,0.0,49.79,1,1
2011-08-23,Netherlands,424.8,0.0,1,1
2011-08-23,Switzerland,0.0,27.15,1,1
2011-08-23,United Kingdom,17792.97,103.99,55,49
2011-08-24,France,428.91,0.0,2,2
2011-08-24,Germany,1709.43,18.0,8,5
2011-08-24,Spain,509.34000000000003,0.0,1,1
2011-08-24,United Kingdom,46142.04,11942.46,91,71
2011-08-25,Belgium,752.79,0.0,2,2
2011-08-25,Canada,51.56,0.0,1,1
2011-08-25,France,2169.21,0.0,4,4
2011-08-25,Germany,620.15,0.0,2,2
2011-08-25,Italy,309.5,0.0,1,1
2011-08-25,Sweden,343.36,0.0,1,1
2011-08-25,United Kingdom,19526.86,1368.58,82,69
2011-08-26,EIRE,1452.16,0.0,2,1
2011-08-26,Finland,410.55,0.0,1,1
2011-08-26,France,1130.95,0.0,1,1
2011-08-26,Germany,405.13,0.0,2,2
2011-08-26,Netherlands,7428.04,0.0,3,1
2011-08-26,United Kingdom,14783.460000000001,76.21000000000001,46,37
2011-08-28,Spain,1241.99,0.0,1,1
2011-08-28,United Kingdom,9444.57,20.25,38,35
2011-08-30,EIRE,0.0,132.23,2,1
2011-08-30,Germany,403.83,0.0,1,1
2011-08-30,Malta,0.0,15.75,1,1
2011-08-30,Poland,125.92,0.0,1,1
2011-08-30,United Kingdom,31308.02,77.43,45,24
2011-08-31,Belgium,198.98,0.0,1,1
2011-08-31,France,2150.3,0.0,4,3
2011-08-31,Germany,5436.7,32.62,3,3
2011-08-31,Netherlands,0.0,465.6,1,1
2011-08-31,Norway,0.0,41.35,1,1
2011-08-31,Spain,278.4,0.0,2,2
2011-08-31,United Kingdom,17302.84,8722.6,105,61
2011-09-01,Australia,2941.7200000000003,0.0,2,1
2011-09-01,EIRE,3880.56,0.0,2,1
2011-09-01,Germany,0.0,37.699999999999996,2,2
2011-09-01,Norway,509.01000000000005,0.0,1,1
2011-09-01,United Arab Emirates,975.54,0.0,1,1
2011-09-01,United Kingdom,29051.79,35.85,73,66
2011-09-02,Belgium,642.28,10.2,2,2
2011-09-02,EIRE,731.28,0.0,1,1
2011-09-02,Finland,230.3,0.0,1,1
2011-09-02,France,942.76,0.0,3,2
2011-09-02,Germany,465.68,86.82,3,3
2011-09-02,Portugal,317.0,0.0,1,1
2011-09-02,Sweden,309.45,0.0,1,1
2011-09-02,United Kingdom,38303.23,479.93,94,56
2011-09-02,Unspecified,284.3,0.0,1,0
2011-09-04,EIRE,629.04,0.0,1,1
2011-09-04,France,891.82,0.0,1,1
2011-09-04,Germany,2378.96,0.0,5,5
2011-09-04,United Kingdom,13140.92,101.10000000000001,46,39
2011-09-05,Australia,147.7,0.0,1,1
2011-09-05,EIRE,8343.86,145.0,4,1
2011-09-05,France,995.0,115.47,3,3
2011-09-05,Germany,0.0,19.03,1,1
2011-09-05,Poland,529.25,0.0,2,2
2011-09-05,Spain,1092.35,0.0,1,1
2011-09-05,United Kingdom,25790.19,33.6,66,51
2011-09-06,EIRE,4234.1900000000005,0.0,2,1
2011-09-06,Germany,1002.44,0.0,4,3
2011-09-06,Switzerland,200.0,0.0,1,1
2011-09-06,United Kingdom,22884.43,297.29,63,50
2011-09-07,EIRE,3415.29,0.0,4,2
2011-09-07,France,2889.7599999999998,0.0,3,3
2011-09-07,United Kingdom,28108.48,287.88,53,40
2011-09-08,EIRE,2091.06,0.0,2,0
2011-09-08,France,1461.49,0.0,2,2
2011-09-08,Germany,1253.3799999999999,18.0,4,4
2011-09-08,Netherlands,1946.68,0.0,2,1
2011-09-08,Spain,459.99,0.0,1,1
2011-09-08,United Kingdom,19843.28,469.8,79,56
2011-09-09,Belgium,1087.7,0.0,1,1
2011-09-09,EIRE,0.0,89.65,2,1
2011-09-09,France,2074.8,0.0,3,3
2011-09-09,Germany,0.0,149.03,2,2
2011-09-09,Israel,423.73,0.0,1,0
2011-09-09,Netherlands,186.56,0.0,1,1
2011-09-09,Norway,2608.11,0.0,1,1
2011-09-09,United Kingdom,23635.43,519.25,77,59
2011-09-11,France,112.38,0.0,1,1
2011-09-11,Germany,1653.89,0.0,3,3
2011-09-11,United Kingdom,33440.65,46.2,74,64
2011-09-12,United Kingdom,29526.29,699.02,96,80
2011-09-13,Finland,319.6,0.0,1,1
2011-09-13,France,94.32000000000001,0.0,1,1
2011-09-13,Germany,199.8,0.0,1,1
2011-09-13,Netherlands,8281.12,0.0,1,1
2011-09-13,Sweden,4114.08,0.0,1,1
2011-09-13,United Kingdom,42062.38,288.6,77,59
2011-09-14,EIRE,781.11,36.199999999999996,3,1
2011-09-14,France,357.32,0.0,1,1
2011-09-14,Germany,351.65,0.0,1,1
2011-09-14,Japan,112.08,0.0,1,1
2011-09-14,Switzerland,743.28,0.0,1,1
2011-09-14,United Kingdom,21233.34,196.12,86,63
2011-09-15,EIRE,693.53,14.7,3,1
2011-09-15,France,2686.16,29.849999999999998,4,4
2011-09-15,Norway,562.54,0.0,1,1
2011-09-15,Switzerland,160.0,0.0,1,1
2011-09-15,United Kingdom,74049.74,15230.59,106,85
2011-09-16,Australia,519.89,0.0,1,1
2011-09-16,France,0.0,25.5,1,1
2011-09-16,Germany,1257.0,25.03,5,4
2011-09-16,United Kingdom,25943.38,1815.6299999999999,77,44
2011-09-18,United Kingdom,15639.55,53.4,28,25
2011-09-19,Belgium,392.4,0.0,1,1
2011-09-19,Channel Islands,1062.1,0.0,1,1
2011-09-19,Cyprus,196.35,0.0,1,1
2011-09-19,EIRE,648.48,4.15,2,1
2011-09-19,France,2035.05,0.0,4,4
2011-09-19,Germany,2172.4900000000002,1.65,5,4
2011-09-19,Hong Kong,2653.95,2653.95,2,0
2011-09-19,Netherlands,15618.28,0.0,2,1
2011-09-19,Norway,4366.78,0.0,1,1
2011-09-19,Spain,971.65,0.0,1,1
2011-09-19,United Kingdom,19133.34,397.92,80,64
2011-09-20,EIRE,1798.39,42.699999999999996,3,1
2011-09-20,France,377.65999999999997,0.0,1,1
2011-09-20,Germany,138.48,10.2,2,2
2011-09-20,Italy,279.8,0.0,1,1
2011-09-20,Norway,366.25,0.0,1,1
2011-09-20,Spain,0.0,25.5,1,1
2011-09-20,United Kingdom,106593.31999999999,247.42,68,49
2011-09-21,Belgium,549.84,0.0,1,1
2011-09-21,Denmark,3850.9,0.0,1,1
2011-09-21,EIRE,381.22,0.0,1,1
2011-09-21,France,1083.76,0.0,4,4
2011-09-21,Germany,1049.04,0.0,2,2
2011-09-21,Spain,964.83,0.0,1,1
2011-09-21,Switzerland,4.95,29.9,5,2
2011-09-21,United Kingdom,40645.18,5586.71,92,72
2011-09-22,Belgium,705.8100000000001,0.0,2,2
2011-09-22,EIRE,1254.42,0.0,3,1
2011-09-22,Finland,245.55,0.0,1,1
2011-09-22,France,1679.7,18.0,5,4
2011-09-22,Germany,708.23,0.0,3,3
2011-09-22,Netherlands,904.62,0.0,1,1
2011-09-22,Portugal,777.2,0.0,1,1
2011-09-22,Switzerland,4860.64,0.0,1,1
2011-09-22,United Arab Emirates,37.5,0.0,1,1
2011-09-22,United Kingdom,48046.74,2259.96,130,96
2011-09-23,EIRE,3502.9,4.15,3,1
2011-09-23,France,790.54,0.0,1,1
2011-09-23,Germany,2569.5,0.0,4,4
2011-09-23,Spain,1037.68,0.0,2,2
2011-09-23,United Kingdom,32673.78,1171.1200000000001,88,63
2011-09-25,Australia,825.9200000000001,0.0,1,1
2011-09-25,Finland,310.0,0.0,1,1
2011-09-25,France,775.99,0.0,2,2
2011-09-25,Portugal,339.02,0.0,1,1
2011-09-25,Spain,372.24,0.0,1,1
2011-09-25,United Kingdom,28541.611,161.74,72,68
2011-09-26,Channel Islands,261.65,0.0,1,1
2011-09-26,Denmark,336.14,0.0,1,1
2011-09-26,EIRE,1156.14,0.0,2,1
2011-09-26,France,0.0,15.2,1,1
2011-09-26,Germany,704.0400000000001,0.0,1,1
2011-09-26,United Kingdom,26812.871,651.1,73,61
2011-09-27,EIRE,776.3000000000001,3.35,2,1
2011-09-27,France,189.2,25.15,3,3
2011-09-27,Germany,417.2,14.750000000000002,2,2
2011-09-27,Spain,290.5,0.0,1,1
2011-09-27,United Kingdom,34587.71,490.1,107,77
2011-09-28,Australia,671.5,75.0,4,2
2011-09-28,Belgium,829.99,0.0,1,1
2011-09-28,Channel Islands,0.0,2.1,1,1
2011-09-28,EIRE,2350.39,15.9,6,1
2011-09-28,France,644.75,0.0,1,1
2011-09-28,Germany,367.37,7.45,3,3
2011-09-28,Norway,266.25,0.0,1,1
2011-09-28,Switzerland,1810.51,0.0,1,1
2011-09-28,United Kingdom,36752.32,265.57,94,82
2011-09-29,Denmark,383.12,0.0,1,1
2011-09-29,France,1395.68,0.0,4,4
2011-09-29,Germany,1108.38,1.25,3,3
2011-09-29,Switzerland,505.48,0.0,1,1
2011-09-29,United Kingdom,42950.69,2935.87,107,88
2011-09-30,EIRE,6255.54,91.7,5,2
2011-09-30,France,1949.8999999999999,0.0,3,3
2011-09-30,Germany,281.94,0.0,1,1
2011-09-30,Sweden,151.68,0.0,1,1
2011-09-30,United Kingdom,35708.0,272.51,84,63
2011-10-02,United Kingdom,11531.56,10.95,36,32
2011-10-03,France,344.0,0.0,1,1
2011-10-03,Spain,0.0,9.95,1,1
2011-10-03,Switzerland,0.0,16.75,1,1
2011-10-03,United Kingdom,65899.94,2135.34,88,50
2011-10-04,Belgium,346.68,0.0,1,1
2011-10-04,Cyprus,196.35,196.35,2,1
2011-10-04,Finland,310.0,0.0,1,1
2011-10-04,France,357.3,0.0,2,2
2011-10-04,Germany,0.0,7.050000000000001,1,1
2011-10-04,Hong Kong,0.0,10.95,1,0
2011-10-04,Israel,132.18,0.0,2,1
2011-10-04,Spain,0.0,20.0,1,1
2011-10-04,United Kingdom,47310.03,335.46,93,66
2011-10-05,Australia,16471.77,0.0,2,1
2011-10-05,Channel Islands,1761.0,0.0,3,1
2011-10-05,France,2059.2,0.0,4,3
2011-10-05,Germany,4178.92,0.0,4,3
2011-10-05,Netherlands,91.85,0.0,1,1
2011-10-05,Switzerland,2539.56,0.0,1,1
2011-10-05,United Kingdom,48358.47,349.2,89,72
2011-10-06,Australia,678.76,0.0,2,1
2011-10-06,EIRE,421.3,0.0,1,1
2011-10-06,France,157.0,11.8,2,2
2011-10-06,Germany,3954.53,38.75,10,8
2011-10-06,Italy,0.0,48.35,1,1
2011-10-06,Netherlands,841.55,0.0,3,1
2011-10-06,Portugal,1708.32,0.0,2,1
2011-10-06,United Kingdom,55000.46,7486.01,197,139
2011-10-07,Cyprus,600.39,0.0,1,1
2011-10-07,Czech Republic,277.48,0.0,1,1
2011-10-07,Denmark,891.4,0.0,1,1
2011-10-07,EIRE,904.14,0.0,1,1
2011-10-07,France,675.36,0.0,2,2
2011-10-07,Germany,2856.85,0.0,5,5
2011-10-07,Netherlands,171.93,0.0,1,1
2011-10-07,Spain,422.8,0.0,1,1
2011-10-07,United Kingdom,46892.15,6251.23,95,67
2011-10-09,United Kingdom,12273.1,602.16,41,35
2011-10-10,Belgium,332.68,0.0,1,1
2011-10-10,EIRE,3201.28,40.50000000000001,4,2
2011-10-10,France,426.58,16.5,3,2
2011-10-10,Germany,282.58,9.6,2,2
2011-10-10,USA,1579.51,0.0,1,1
2011-10-10,United Kingdom,42299.03,3906.69,128,87
2011-10-11,Belgium,355.8,0.0,1,1
2011-10-11,Denmark,171.66,0.0,1,1
2011-10-11,EIRE,1575.79,0.0,3,1
2011-10-11,France,4279.71,36.85000000000001,2,2
2011-10-11,Germany,962.99,0.0,2,2
2011-10-11,Norway,6.0,0.0,1,1
2011-10-11,Portugal,892.47,0.0,1,1
2011-10-11,Switzerland,1527.96,0.0,1,1
2011-10-11,United Kingdom,42764.93,11918.26,93,68
2011-10-12,EIRE,2197.56,789.8000000000001,7,2
2011-10-12,Finland,954.9300000000001,18.0,3,2
2011-10-12,France,1360.29,0.0,5,5
2011-10-12,Germany,1232.91,1.45,5,5
2011-10-12,Norway,883.51,0.0,2,2
2011-10-12,Switzerland,676.37,14.450000000000001,2,2
2011-10-12,USA,0.0,1579.51,1,1
2011-10-12,United Kingdom,24777.54,453.22,85,59
2011-10-13,Belgium,1491.59,0.0,1,1
2011-10-13,Cyprus,2814.3,0.0,1,1
2011-10-13,Finland,640.5,0.0,1,1
2011-10-13,France,331.72,0.0,1,1
2011-10-13,Germany,2129.11,81.97,5,5
2011-10-13,Italy,318.06,0.0,1,1
2011-10-13,Portugal,1319.01,0.0,1,1
2011-10-13,RSA,1002.3100000000001,0.0,1,1
2011-10-13,United Kingdom,27185.87,297.04,94,67
2011-10-14,Belgium,450.86,0.0,1,1
2011-10-14,Channel Islands,862.32,0.0,2,1
2011-10-14,EIRE,406.84,0.0,1,1
2011-10-14,France,513.6,60.839999999999996,2,2
2011-10-14,Germany,2541.78,616.5,5,3
2011-10-14,Portugal,642.01,0.0,1,1
2011-10-14,Singapore,999.26,0.0,1,1
2011-10-14,Spain,3528.34,0.0,1,1
2011-10-14,Sweden,15.0,0.0,1,1
2011-10-14,United Kingdom,26334.57,444.76,73,51
2011-10-16,United Kingdom,21767.94,405.52,39,32
2011-10-17,Belgium,358.99,0.0,1,1
2011-10-17,Denmark,0.0,34.65,1,1
2011-10-17,EIRE,5449.12,0.0,7,2
2011-10-17,France,0.0,3.18,1,1
2011-10-17,Germany,3512.87,0.0,4,4
2011-10-17,Portugal,1165.45,622.04,5,2
2011-10-17,Spain,0.0,3528.34,1,1
2011-10-17,Sweden,5296.96,0.0,1,1
2011-10-17,United Kingdom,36142.22,809.85,87,74
2011-10-18,Austria,1043.78,0.0,1,1
2011-10-18,EIRE,1512.17,0.0,2,2
2011-10-18,France,0.0,2.12,2,1
2011-10-18,Germany,1315.27,0.0,3,3
2011-10-18,Hong Kong,423.42,0.0,1,0
2011-10-18,Italy,1193.32,0.0,1,1
2011-10-18,Netherlands,448.92,0.0,1,1
2011-10-18,Spain,1019.47,0.0,1,1
2011-10-18,United Kingdom,38321.57,692.2,97,69
2011-10-19,Cyprus,739.28,0.0,1,1
2011-10-19,EIRE,1588.75,0.0,1,1
2011-10-19,France,2792.96,0.0,2,2
2011-10-19,Germany,2618.61,29.75,6,5
2011-10-19,Portugal,149.75,0.0,1,1
2011-10-19,Singapore,6068.0599999999995,6068.0599999999995,2,1
2011-10-19,Spain,348.32,0.0,1,1
2011-10-19,United Kingdom,28161.99,457.27,93,75
2011-10-20,EIRE,3621.35,54.900000000000006,3,1
2011-10-20,France,1056.9,0.0,1,1
2011-10-20,Germany,1118.05,0.0,3,3
2011-10-20,Netherlands,25833.56,0.0,3,1
2011-10-20,Spain,290.81,0.0,1,1
2011-10-20,United Kingdom,29048.47,274.86,95,82
2011-10-21,Belgium,300.76,0.0,1,1
2011-10-21,Denmark,427.7,18.0,2,1
2011-10-21,EIRE,1680.03,0.0,2,2
2011-10-21,Germany,1347.05,0.0,2,2
2011-10-21,Netherlands,3325.62,0.0,3,1
2011-10-21,USA,731.6899999999999,0.0,1,1
2011-10-21,United Kingdom,55360.54,234.63,58,51
2011-10-23,Germany,0.0,15.7,1,1
2011-10-23,United Kingdom,12156.57,21.05,44,39
2011-10-24,Belgium,0.0,34.0,2,2
2011-10-24,EIRE,646.02,27.2,2,2
2011-10-24,Germany,0.0,38.449999999999996,1,1
2011-10-24,Italy,722.4000000000001,0.0,1,1
2011-10-24,Spain,401.3,0.0,1,1
2011-10-24,United Kingdom,46565.8,10245.539999999999,134,77
2011-10-25,Germany,1097.16,0.0,2,1
2011-10-25,Italy,435.09,0.0,1,1
2011-10-25,Portugal,307.21,0.0,1,0
2011-10-25,Switzerland,1635.66,0.0,1,1
2011-10-25,United Kingdom,37717.43,507.15,107,66
2011-10-26,Belgium,786.95,0.0,1,1
2011-10-26,Germany,119.74,0.0,2,1
2011-10-26,Italy,0.0,30.55,1,1
2011-10-26,Japan,1948.0400000000002,0.0,2,2
2011-10-26,Spain,449.45,0.0,1,1
2011-10-26,Switzerland,1275.64,0.0,2,2
2011-10-26,United Kingdom,33149.65,186.8,98,75
2011-10-27,EIRE,0.0,97.89999999999999,1,1
2011-10-27,Finland,701.79,0.0,1,1
2011-10-27,France,9425.910000000002,8322.12,7,4
2011-10-27,Germany,485.64,176.42999999999998,3,3
2011-10-27,Italy,160.0,0.0,1,1
2011-10-27,Netherlands,9995.22,0.0,3,1
2011-10-27,Norway,1755.06,0.0,2,2
2011-10-27,United Kingdom,34678.16,1215.12,119,100
2011-10-28,Belgium,499.16,0.0,1,1
2011-10-28,France,8990.46,0.0,3,2
2011-10-28,Germany,1088.83,8.5,3,3
2011-10-28,Hong Kong,311.1,0.0,1,0
2011-10-28,Norway,1042.66,0.0,2,1
2011-10-28,Switzerland,395.54,0.0,2,0
2011-10-28,United Kingdom,28127.51,997.73,89,60
2011-10-30,Belgium,299.06,0.0,1,1
2011-10-30,EIRE,501.66,0.0,1,1
2011-10-30,France,214.74,0.0,1,1
2011-10-30,Italy,343.0,0.0,1,1
2011-10-30,Spain,2176.45,0.0,1,1
2011-10-30,Sweden,454.2,0.0,1,1
2011-10-30,United Kingdom,30408.84,25.95,91,82
2011-10-31,Belgium,462.85,0.0,1,1
2011-10-31,EIRE,596.91,0.0,1,1
2011-10-31,Finland,214.89999999999998,0.0,1,1
2011-10-31,France,485.32,0.0,2,2
2011-10-31,Germany,785.53,0.0,4,4
2011-10-31,Iceland,1294.32,0.0,1,1
2011-10-31,Italy,317.82,0.0,1,1
2011-10-31,United Kingdom,53169.8,8893.699999999999,98,53
2011-11-01,EIRE,2047.05,0.0,2,1
2011-11-01,France,1854.81,25.0,4,4
2011-11-01,Italy,120.0,0.0,1,1
2011-11-01,United Kingdom,25070.04,388.59999999999997,98,82
2011-11-02,Australia,624.24,174.0,2,1
2011-11-02,EIRE,0.0,16.75,1,1
2011-11-02,France,633.44,0.0,1,1
2011-11-02,Germany,171.23000000000002,51.0,2,2
2011-11-02,Italy,85.92,0.0,1,1
2011-11-02,Netherlands,4486.91,0.0,3,1
2011-11-02,Poland,981.95,0.0,1,1
2011-11-02,United Kingdom,38706.39,407.53000000000003,105,79
2011-11-03,Australia,375.24,0.0,1,1
2011-11-03,France,1653.98,83.65,5,4
2011-11-03,Germany,817.97,0.0,2,2
2011-11-03,Norway,311.73,0.0,1,1
2011-11-03,Portugal,202.3,0.0,1,1
2011-11-03,Spain,372.7,0.0,1,1
2011-11-03,United Kingdom,59691.55,658.3399999999999,113,85
2011-11-04,Australia,601.44,262.73,2,2
2011-11-04,Belgium,1673.03,0.0,2,2
2011-11-04,EIRE,0.0,100.36000000000001,2,1
2011-11-04,Finland,1321.28,80.0,3,2
2011-11-04,France,430.71,62.400000000000006,3,1
2011-11-04,Germany,0.0,21.65,1,1
2011-11-04,Poland,379.28,0.0,1,1
2011-11-04,Spain,728.67,0.0,1,1
2011-11-04,United Kingdom,57460.18,2365.5099999999998,128,94
2011-11-06,Channel Islands,1303.14,0.0,2,1
2011-11-06,Germany,1184.05,0.0,3,3
2011-11-06,Norway,419.06,0.0,1,1
2011-11-06,Sweden,671.69,0.0,1,1
2011-11-06,Switzerland,6207.67,0.0,1,1
2011-11-06,United Kingdom,32727.98,33.94,96,81
2011-11-07,Belgium,754.5,15.0,2,1
2011-11-07,EIRE,1132.33,0.0,4,2
2011-11-07,France,288.67,0.0,1,0
2011-11-07,Germany,548.85,0.0,2,2
2011-11-07,Portugal,222.26000000000002,0.0,1,1
2011-11-07,Spain,140.0,128.09,2,2
2011-11-07,United Kingdom,82618.69,15737.64,103,82
2011-11-08,Belgium,506.55,0.0,2,1
2011-11-08,EIRE,0.0,37.09,3,2
2011-11-08,France,1388.77,8.5,3,3
2011-11-08,Germany,0.0,237.26,3,3
2011-11-08,Spain,573.71,0.0,1,1
2011-11-08,Sweden,0.0,20.85,1,1
2011-11-08,United Kingdom,55088.0,748.88,131,111
2011-11-09,EIRE,826.0400000000001,15.9,2,1
2011-11-09,France,1068.82,0.0,2,2
2011-11-09,Germany,449.4,1.65,2,2
2011-11-09,United Kingdom,63535.71,3510.59,121,97
2011-11-10,Belgium,0.0,19.95,1,1
2011-11-10,EIRE,1003.03,0.0,1,1
2011-11-10,France,2116.69,0.0,7,6
2011-11-10,Germany,1341.6000000000001,1046.8600000000001,7,4
2011-11-10,Netherlands,9823.12,0.0,3,1
2011-11-10,Spain,808.99,17.0,3,3
2011-11-10,United Kingdom,55774.57,968.21,162,123
2011-11-11,EIRE,2506.77,0.0,3,2
2011-11-11,France,2358.91,0.0,6,5
2011-11-11,Germany,3024.83,37.949999999999996,8,6
2011-11-11,Portugal,305.3,0.0,1,1
2011-11-11,Sweden,223.68,0.0,1,1
2011-11-11,Switzerland,292.58,0.0,1,1
2011-11-11,United Kingdom,46395.8,383.71000000000004,98,75
2011-11-13,Austria,586.85,0.0,1,1
2011-11-13,EIRE,4454.44,0.0,4,1
2011-11-13,France,123.08,0.0,1,1
2011-11-13,United Kingdom,28713.78,536.5,87,72
2011-11-14,Austria,742.9300000000001,0.0,1,1
2011-11-14,EIRE,348.21,0.0,1,1
2011-11-14,Finland,408.34000000000003,0.0,1,1
2011-11-14,France,1666.42,0.0,3,3
2011-11-14,Germany,598.38,48.269999999999996,4,3
2011-11-14,Hong Kong,326.1,326.1,2,0
2011-11-14,Italy,0.0,103.2,2,2
2011-11-14,Portugal,511.09,0.0,2,2
2011-11-14,Sweden,1238.48,0.0,1,1
2011-11-14,United Kingdom,108397.45,1801.21,135,95
2011-11-15,Australia,5355.4,0.0,2,1
2011-11-15,EIRE,2246.31,0.0,5,2
2011-11-15,France,809.22,0.0,2,2
2011-11-15,Germany,841.71,0.0,2,2
2011-11-15,Sweden,181.66,0.0,1,1
2011-11-15,United Kingdom,51179.5,213.06,130,90
2011-11-16,EIRE,4906.29,0.0,3,2
2011-11-16,France,1575.28,0.0,2,2
2011-11-16,Germany,3612.12,18.0,11,8
2011-11-16,Netherlands,232.5,0.0,1,1
2011-11-16,United Kingdom,55013.14,1531.47,143,106
2011-11-16,Unspecified,333.2,0.0,1,0
2011-11-17,Belgium,1492.31,0.0,2,2
2011-11-17,Channel Islands,211.63,0.0,1,1
2011-11-17,Denmark,1794.05,0.0,1,1
2011-11-17,EIRE,1602.42,0.0,2,1
2011-11-17,Finland,234.32999999999998,40.0,3,1
2011-11-17,France,3264.02,9.9,5,4
2011-11-17,Germany,3720.96,36.05,7,7
2011-11-17,Italy,248.2,0.0,1,1
2011-11-17,Japan,4808.48,0.0,1,1
2011-11-17,Malta,743.43,130.0,2,1
2011-11-17,Portugal,58.349999999999994,0.0,1,1
2011-11-17,Spain,1184.06,0.0,2,2
2011-11-17,United Kingdom,41539.08,557.46,142,108
2011-11-18,Belgium,1040.39,0.0,1,1
2011-11-18,Cyprus,439.66,0.0,1,1
2011-11-18,Czech Republic,0.0,61.51,2,1
2011-11-18,EIRE,785.5600000000001,102.55000000000001,3,2
2011-11-18,France,1072.68,0.0,3,3
2011-11-18,Germany,1135.37,32.65,5,4
2011-11-18,Italy,1363.16,0.0,2,2
2011-11-18,Netherlands,166.0,0.0,1,1
2011-11-18,Norway,936.64,0.0,1,1
2011-11-18,Poland,0.0,19.36,1,1
2011-11-18,Sweden,0.0,8.67,1,1
2011-11-18,Switzerland,925.64,0.0,1,1
2011-11-18,United Kingdom,43265.29,3018.85,142,110
2011-11-20,Belgium,265.83,0.0,1,1
2011-11-20,EIRE,917.54,0.0,1,1
2011-11-20,France,838.71,0.0,2,2
2011-11-20,Germany,219.0,0.0,1,1
2011-11-20,Netherlands,158.24,18.0,2,1
2011-11-20,Spain,1094.23,0.0,2,2
2011-11-20,United Kingdom,31015.66,138.56,96,83
2011-11-21,EIRE,900.6,0.0,2,1
2011-11-21,France,397.72,0.0,1,1
2011-11-21,Germany,718.7,352.25,4,3
2011-11-21,Italy,1757.55,0.0,1,1
2011-11-21,Portugal,430.48,0.0,1,1
2011-11-21,Spain,427.47999999999996,0.0,1,1
2011-11-21,United Kingdom,45042.07,1150.97,112,88
2011-11-22,Belgium,301.25,0.0,1,1
2011-11-22,EIRE,2055.2,22.880000000000003,4,1
2011-11-22,France,943.63,0.0,2,2
2011-11-22,Germany,1055.3700000000001,36.6,3,3
2011-11-22,Italy,611.19,0.0,2,2
2011-11-22,Netherlands,809.6,0.0,2,2
2011-11-22,Sweden,406.72,80.0,2,1
2011-11-22,United Kingdom,57680.52,1643.02,158,117
2011-11-23,EIRE,177.33,29.85,2,2
2011-11-23,Finland,310.0,0.0,1,1
2011-11-23,France,348.38,0.0,2,1
2011-11-23,Germany,710.36,0.0,3,3
2011-11-23,Italy,385.06,26.33,2,1
2011-11-23,Malta,0.0,30.81,1,1
2011-11-23,Netherlands,10078.64,0.0,3,1
2011-11-23,Spain,2990.0,0.0,1,1
2011-11-23,Switzerland,430.57,2.0,3,1
2011-11-23,United Kingdom,64416.66,1534.49,136,102
2011-11-24,Australia,286.40000000000003,0.0,1,1
2011-11-24,Belgium,0.0,2.55,1,1
2011-11-24,EIRE,207.14000000000001,0.0,1,1
2011-11-24,France,2222.07,259.2,3,2
2011-11-24,Germany,4244.42,0.0,8,5
2011-11-24,Portugal,817.52,0.0,2,2
2011-11-24,Spain,178.48000000000002,0.0,1,1
2011-11-24,United Kingdom,42170.63,2636.6,128,91
2011-11-24,Unspecified,632.55,0.0,1,0
2011-11-25,EIRE,293.78999999999996,0.0,1,1
2011-11-25,France,1260.31,54.0,4,3
2011-11-25,Germany,125.22,0.0,1,1
2011-11-25,Norway,2016.78,0.0,1,1
2011-11-25,United Kingdom,46994.3,326.01,91,65
2011-11-27,EIRE,829.91,0.0,1,1
2011-11-27,United Kingdom,19449.46,39.58,59,50
2011-11-28,Belgium,0.0,48.85,1,1
2011-11-28,EIRE,1878.83,0.0,2,1
2011-11-28,France,1227.34,494.07,5,3
2011-11-28,Germany,1409.88,60.48,3,3
2011-11-28,United Kingdom,52449.68,1119.77,115,94
2011-11-29,Belgium,281.9,0.0,1,1
2011-11-29,Finland,227.20000000000002,0.0,1,1
2011-11-29,France,1339.12,0.0,2,2
2011-11-29,Germany,1358.86,0.0,4,3
2011-11-29,Japan,3651.6,0.0,1,1
2011-11-29,Spain,170.74,0.0,1,1
2011-11-29,Switzerland,262.5,0.0,1,1
2011-11-29,United Kingdom,65092.9,376.73,140,106
2011-11-30,Channel Islands,0.0,19.599999999999998,1,1
2011-11-30,Denmark,905.52,0.0,1,1
2011-11-30,EIRE,1594.64,0.0,3,2
2011-11-30,Finland,569.09,0.0,1,1
2011-11-30,France,2813.59,61.529999999999994,7,7
2011-11-30,Germany,679.4,0.0,2,2
2011-11-30,Italy,0.0,197.79999999999998,2,1
2011-11-30,Netherlands,119.0,0.0,1,1
2011-11-30,Norway,2843.29,0.0,1,1
2011-11-30,Portugal,56.0,0.0,1,1
2011-11-30,United Kingdom,50445.04,697.05,144,104
2011-12-01,EIRE,1038.92,17.85,5,1
2011-12-01,Finland,890.0,0.0,1,1
2011-12-01,France,931.39,0.0,2,2
2011-12-01,Germany,695.87,0.0,2,2
2011-12-01,Malta,0.0,30.81,1,1
2011-12-01,United Kingdom,48512.45,737.64,158,142
2011-12-02,Belgium,310.32,8.3,2,2
2011-12-02,Cyprus,0.0,91.25,1,1
2011-12-02,Finland,342.76,0.0,2,2
2011-12-02,France,1579.25,208.89,5,4
2011-12-02,Germany,67.0,29.17,2,2
2011-12-02,Portugal,1436.93,0.0,1,1
2011-12-02,USA,269.96,0.0,1,1
2011-12-02,United Kingdom,53470.26,240.4,128,87
2011-12-04,EIRE,773.54,0.0,1,1
2011-12-04,France,1031.89,0.0,3,3
2011-12-04,Germany,1179.8700000000001,0.0,3,3
2011-12-04,United Kingdom,21492.170000000002,55.650000000000006,65,51
2011-12-05,Channel Islands,198.4,0.0,1,1
2011-12-05,Denmark,168.9,0.0,1,1
2011-12-05,EIRE,587.4,0.0,2,1
2011-12-05,France,797.48,0.0,2,1
2011-12-05,Germany,284.25,14.9,3,3
2011-12-05,Norway,147.01000000000002,0.0,1,1
2011-12-05,Portugal,252.25,0.0,1,1
2011-12-05,Sweden,238.0,238.0,2,1
2011-12-05,USA,615.28,0.0,1,1
2011-12-05,United Kingdom,85331.87,30737.739999999998,137,103
2011-12-06,Belgium,898.77,0.0,2,2
2011-12-06,France,1403.94,0.0,4,4
2011-12-06,Germany,0.0,36.65,2,2
2011-12-06,Greece,680.99,0.0,1,1
2011-12-06,Italy,200.45000000000002,0.0,1,1
2011-12-06,Japan,0.0,116.92999999999999,1,1
2011-12-06,Portugal,718.4300000000001,0.0,1,1
2011-12-06,Spain,172.06,0.0,1,1
2011-12-06,United Kingdom,52484.19,2295.86,136,115
2011-12-07,EIRE,3856.89,0.0,3,1
2011-12-07,Finland,0.0,2.08,1,1
2011-12-07,France,1117.6200000000001,0.0,2,2
2011-12-07,Germany,2879.2599999999998,0.0,4,3
2011-12-07,Iceland,224.82,0.0,1,1
2011-12-07,Netherlands,11477.42,0.0,2,1
2011-12-07,Portugal,400.58,6.24,2,2
2011-12-07,Spain,144.15,44.78,2,2
2011-12-07,United Kingdom,55214.81,309.84000000000003,121,88
2011-12-08,Austria,683.2,0.0,1,1
2011-12-08,Channel Islands,0.0,4.25,1,1
2011-12-08,EIRE,1084.14,0.0,1,1
2011-12-08,France,165.9,19.2,2,2
2011-12-08,Germany,1188.2,98.75,2,2
2011-12-08,Netherlands,250.6,0.0,1,1
2011-12-08,USA,0.0,269.96,1,1
2011-12-08,United Kingdom,78999.51,685.06,136,111
2011-12-09,Belgium,208.64000000000001,0.0,1,1
2011-12-09,France,267.45,0.0,1,1
2011-12-09,Germany,1689.72,0.0,4,4
2011-12-09,Norway,2638.69,0.0,2,1
2011-12-09,United Kingdom,196114.48,168789.07,41,31
